"1","원천징수에 대해 설명해 주세요.","소득 또는 수입 금액을 지급하는 자가 그 대가를 지불할 때 원천납세의무자가 내야 할 세금을 국가를 대신하여 징수하고 납부하는 것입니다. 이를 통해 국가는 세금이 누락되는 것을 방지하고, 세금 수입을 조기에 확보할 수 있습니다. 또한, 납세의무자 입장에서는 세금을 분할 납부함으로써 조세 부담을 완화하는 효과가 있습니다.","P","원천납세의무자에 대해 설명해 주세요."
"1","원천징수에 대해 설명해 주세요.","원천징수는 납세 및 신고의무의 종결 시점에 따라 예납적 원천징수와 완납적 원천징수로 구분할 수 있습니다. 예납적 원천징수란 원천징수납세의무자가 추후 확정신고를 통해 세액을 정산해야만 모든 의무가 종결되는 것을 말하며, 이 경우 미리 원천징수된 세액은 정산과정에서 ‘기납부세액’으로 공제 받습니다.","P","예납적 원천징수에 대해 설명해 주세요."
"1","원천징수에 대해 설명해 주세요.","소득이 있는 사람이 세금을 내야할 상황에 국가가 납세자가 지닌 의무를 일시적으로 면제시켜 주는 것을 말합니다.  이를 통해 납세자는 납세의 의무에 대한 부담을 덜게 되고, 국가는 누락되거나 면제되는 세금을 추가적으로 확보할 수 았다는 장점을 가지고 있습니다.","F",""
"1","원천징수에 대해 설명해 주세요.","원천 징수는 시기에 따라 예외가 발생할 수 있습니다. 저는 작은 카페를 운영하면서 그 예외 상황을 실제로 겪은 적이 있습니다. 제 경험을 바탕으로 설명하자면, 예를 들어, 월초에 원천 징수에 대한 미지급 금액이 존재한 적이 있는데, 이 경우 월 말에 지급한 것으로 고려되었던 적이 있습니다. ","F",""
"1","원천징수에 대해 설명해 주세요.","원천 징수는  분할로 납부하는 방식과 한 시점에서 전부 납부하는 방식으로 구분할 수 있습니다. 원천납세의무자는  자신의 신용등급을 통해 원천 징수 방식을 선택할 수 있습니다. 단 원천 징수는 추후 확정 신고해야만 그 의무가 소멸됩니다.  ","F",""
"1","원천징수에 대해 설명해 주세요.","원천징수의 시기는 원칙적으로 소득 금액 또는 수입 금액을 지급하는 때입니다. 다만 예외적으로 소득 금액이나 수입 금액을 미지급한 경우에도 지급한 것으로 간주하여 세금을 원천징수하는데, 1월부터 11월까지 발생한 근로소득을 해당 과세기간의 12월 31일까지 지급하지 않은 경우, 그 근로소득을 12월 31일에 지급한 것으로 의제합니다.","P","근로소득에 대해 설명해 주세요."
"2","갑종근로소득세에 대해 설명해 주세요.","근로소득 중 근로의 제공으로 인하여 받는 봉급·급료·보수·세비·임금·상여·수당과 이와 유사한 성질의 급여, 법인의 주주총회·사원총회 또는 이에 준하는 의결기관의 결의에 의하여 상여로 받는 소득, 법인세법에 의하여 상여로 처분된 금액, 퇴직으로 인하여 받는 소득으로서 퇴직소득에 속하지 않는 소득을 갑종근로소득으로 합니다.","P","퇴직소득에 대해 설명해 주세요."
"2","갑종근로소득세에 대해 설명해 주세요.","국내에서 갑종근로소득금액을 지급하는 자는 갑종근로소득 소득세를 원천징수하여, 그 징수일이 속하는 달의 다음달 10일까지 관할 세무서·한국은행 또는 체신관서에 납부하여야 합니다. 갑종근로소득세액은 갑종근로소득금액에 원천징수세율을 적용하여 계산한 금액으로 하며, 원천징수의무자가 매월분의 갑종근로소득을 지급하는 때에는 근로소득간이세액표에 따라 계산한 금액으로 합니다.","P","근로소득간이세액표에 대해 설명해 주세요."
"2","갑종근로소득세에 대해 설명해 주세요.","근로소득 중 노동자가  사용자에게 근로를 제공함으로써 받는 모든 것들에 대해서 봉급, 수당과 같은 성질을 가진 급여 전체와, 획사가 운영되면서 얻느 상여금 그리고 퇴직을 통해 발생하는 퇴직 소득 등에 속하지 않는 것들을 갑종근로소득이라고 합니다. ","F",""
"2","갑종근로소득세에 대해 설명해 주세요.","갑종근로소득세는 소득세법의 규정을 준수하여 '갑종소득세에 대한 소득세납세필증명서'가 작성되어야만 한다. 이에 납세자, 징수의무자, 증명서 사용목적 등이 필수적으로 기재되어야만 증명서의 위력이 발생되며. 해당 위력이 발생하기 전 퇴직한 경우 그 위력이 상실된다.","F",""
"2","갑종근로소득세에 대해 설명해 주세요.","국내에서 갑종근로소득금액을 지급할 의무가 있는 자는 그 소득세를 원천징수해야할 의무가 부여됩니다. 그 징수일 다음달 10일까지 이를 관할 세무서, 한국은행 또는 채신관서 중 한 곳을 선택하여 납부해야합니다. 그 갑종근로소득세액은 원천징수세율을 통해서 구해지며 매 달 세율의 변화에 따라 유동적으로 계산됩니다.","F",""
"2","갑종근로소득세에 대해 설명해 주세요.","갑종근로소득자가 연말정산에서 종합소득공제를 받고자 할 때에는 당해연도의 다음 연도 1월분의 급여액을 받기 전에 원천징수의무자에게 근로소득자소득공제신고서를 제출하여야 합니다. 원천징수를 한 원천징수의무자는 당해연도의 다음 연도 2월 말일까지 원천징수영수증을 교부하여야 합니다.","P","연말정산에 대해 설명해 주세요."
"1","과세표준에 대해 설명해 주세요.","과세물건의 가격·수량·중량·용적 등이 과세표준이 됩니다. 과세표준을 화폐단위로 표시하면 종가세가 되고, 과세물건의 수량·중량·용적 등으로 표시하면 종량세가 됩니다. 예컨대, 소득세에 있어서는 소득금액, 재산세에 있어서는 재산가액, 물품세에 있어서는 판매가격 등이 과세표준이 됩니다.","P","종량세에 대해 설명해 주세요."
"1","과세표준에 대해 설명해 주세요.","과세표준을 물건의 수량·용적·중량 등으로 표시하면, 과세는 간단하지만 그 부담이 불공평하게 될 우려가 있습니다. 과세표준은 법률에 명문규정이 있는 법정세를 제외하고는, 납세의무자의 과세표준의 신고가 있든 없든 세무관청의 인정에 의하여 확정되는데, 그 인정권은 세무관청에 있는 것이 원칙이나, 등록세와 같이 다른 기관에 있는 경우도 있습니다.","P","등록세에 대해 설명해 주세요."
"1","과세표준에 대해 설명해 주세요.","과세표준이란 과세물건이 어떤 형태를 띄느냐에 따라 결정되며 가격, 수량, 중량,용적 등이 이에 해당한다.과세표준은 주로 화폐단위로 표시하게 되면 어떤 방식으로 표시하느냐에 따라 그 과세 대상의 이름이 변경되게 된다. 즉 모든 과세에는 과세표준이 존재한다는 것이다.","F",""
"1","과세표준에 대해 설명해 주세요.","과세표준은 과세를 간단하게 하기 위해서 물건의 수량,용적,중량 등으로 표시하는 것을 말한다. 그러나 납세자가 임의로 과세표준을 변경하는 것을 사전네 방지하기 위해서 납세자는 과세물건에 대한 과세표준을 세무관청에 신고하고 세무관청의 허가가 이루어진 다음에 과세표준을 확정되고 있다.","F",""
"1","과세표준에 대해 설명해 주세요.","과세표준은 과세평가에서 중요한 요소를 차지합니다. 예를 들어 국민이 부담해야할 세금을 면하기 위해서 각종 일탈을 미연에 방지할 수 있습니다. 수량을 속이거나, 금액을 속이는 행위에 대해서 과세표준은 이를 미연에 방지하는 역할을 합니다. 납세의 의무는 고귀한 것이기에 반드시 지켜야하고 과세표준은 이를 실현하는 법 중 하나로 기능합니다.","F",""
"1","과세표준에 대해 설명해 주세요.","과세표준은 세율과 더불어 국민이 부담하여야 할 세금을 결정하므로 과세평가에서 중요한 요소를 차지합니다. 또한 과세표준은 법률에 규정되어 있는 경우를 제외하고 납세의무자의 신고 유무와 상관없이 행정관청이 일방적으로 확인하는데, 그 인정의 방법에는 과세물건의 수량에 의한 경우와 과세물건의 가격에 의하는 경우가 있습니다.","P","과세평가의 기준에 대해 설명해 주세요."
"1","부가가치세에 대해 설명해 주세요.","생산 및 유통의 각 단계에서 생성되는 부가가치에 대해 부과되는 조세로, 일반소비세임과 동시에 그 세부담의 전가를 예상하는 간접세의 일종입니다. 영업세ㆍ물품세 등 9개로 나뉜 간접세를 하나로 통합해 만든 세금입니다. 부가가치세의 납세의무자는 국내에서 영리목적에 관계없이 독립적으로 사업을 하는 자로써 개인, 법인, 수입자, 국가ㆍ지방자치단체, 법인격 없는 사단ㆍ재단, 기타 단체가 이에 포함될 수 있습니다.","P","일반소비세의 종류를 설명해 주세요."
"1","부가가치세에 대해 설명해 주세요.","부가가치세는 거래단계에서 창출한 부가가치에 과세하는 다단계 과세방식을 취하고 있으며, 신고에 의하여 납세의무가 확정되는 자기부과형 조세이므로 부가가치세의 신고는 조세채무를 확정하는 의미를 갖습니다. 1988년에는 세법 개정을 통해 기본세율을 아예 10%로 내리고 탄력운영제도를 없앴습니다.","P","자기부과형 조세의 의미를 설명해 주세요."
"1","부가가치세에 대해 설명해 주세요.","부가가치세에서 규정하는 납세의무자는 국내에서 발생하는 영리목적에 근거하여 독립적으로 사업하는 자로써 개인 법인 수입자 국가 등 법인격이 있는 자를 말합니다. 따라서 법인격이 존재하지 않는 사단,재단, 기타 단체는 부가가치세의 대상자가 될 수 없습니다.","F",""
"1","부가가치세에 대해 설명해 주세요.","부가가치세는 거래단계에서 창출한 부가가치에서 과세하는 방식으로 운영되고, 신고에 의해 납세 의무가 확정되는 자기부과형 조세로, 국세청의 허가가 필요하지 않습니다. 우리나라는 세법 개정을 통해 기본세율에 관한 탄력운영제도를 운영하였는데 그 제도 중 하나가 바로 부가가치세입니다.","F",""
"1","부가가치세에 대해 설명해 주세요.","부가가치세는 국민 중 소득이 있는 자에게 부담되는 세금이기 때문에 여타 다른 세금보다 대상이 넓습니다. 납세의무자와 세금 부담자가 동일한 직접세인 부가가치세는 소득이 많은 사람에 더 많은 과세를 하고 적은 사람에게 과세의 부담을 두어 형평성 있는 납세의 방식으로 평가됩니다. ","F",""
"1","부가가치세에 대해 설명해 주세요.","소비할 때마다 붙는 부가가치세는 연령ㆍ소득에 상관없이 전 국민이 부담하기 때문에 어느 세금보다도 파급력이 큽니다. 세금을 실제로 부담하는 사람과 납세의무자가 다른 간접세이기 때문에 소득이 많은 사람이 소득이 적은 사람보다 세금 부담률이 훨씬 낮다는 단점도 있습니다.","P","간접세에 대해 설명해 주세요."
"2","간이과세에 대해 설명해 주세요.","주로 소액으로 거래하는 영세사업자에게 세금계산서의 발행, 발급의무를 강제하기에는 현실적으로 무리가 있으며, 영세사업자들이 주로 최종소비자를 공급상대방으로 하기 때문에 전단계세액공제법에 의한 신고납부대상에서 제외하여도 부가가치세의 본질을 훼손하지 아니한다고 보아 영수증을 발급하도록 하는 특례제도로서 매출액에 업종별부가가치율을 적용하여 납부세액을 계산하는 방법입니다.","P","전단계세액공제법에 대해 설명해 주세요."
"2","간이과세에 대해 설명해 주세요.","간이과세배제업종인 광업, 제조업, 도매업, 부동산매매업, 개별소비세 과세유흥장소경영사업, 부동산임대업, 변호사업, 공인회계사업, 세무사업 등 특정 사업서비스업을 제외한 사업을 영위하는 자로서 직전 1역년의 부가가치세를 포함한 공급대가가 4천800만원 미만인 개인사업자를 간이과세자라고 합니다.","P","간이과세배제업종의 특징을 설명해 주세요."
"2","간이과세에 대해 설명해 주세요.","사업자에게 세금계산서의 발행을 강제하기 위해서 영세사업자들의 최종소비자를 대상으로 전단계세액공제법에 의한 신고납부대상에서 최종소비자를 제외함으로써 부가가치세의 영역을 넓히는 것을 간이과세라고 합니다. 간이과세의 대상은 최종매출액의 과세 전에 납부금액을 우선적으로 과세하여 적용됩니다.","F",""
"2","간이과세에 대해 설명해 주세요.","간이과세는 광업,제조업,도매업,부동산매매업, 부동산임대업 등 특정 사업서비스업을 제외한 사업을 영위하는 자에게는 적용되지 않습니다. 해당 사업 외의 사업자는 모두 간이과세의 대상자가 되지만 직전 1년의 부가가치세가 4천800만원 이상이 될 경우 간이과세 대상자에서 제외됩니다.","F",""
"2","간이과세에 대해 설명해 주세요.","소규모 사업자의 과세부담을 덜어주기 위해 간이과세는 시행되었습니다. 직전 1역년의 부가가치세를 제외한 공급대가가 4.800만원 미만인 사업자를 대상으로 하며 개인뿐 아니라 법인 역시 해당조건을 충족한다면 간이과세 대상자가 될 수 있습니다. 단 이 겨우 해당 금액에 대한 국세청의 허가가 승인되어야만 효력이 발생합니다.","F",""
"2","간이과세에 대해 설명해 주세요.","영세한 소규모 사업자의 세무신고편의 및 세 부담 경감을 위한 제도로서 직전 1역년의 부가가치세를 포함한 공급대가가 4,800만원 미만인 사업자가 이에 해당됩니다. 그러나 법인사업자의 경우에는 간이과세자가 될 수가 없습니다. 간이과세자의 1과세기간의 매출액이 1,200만원 미만인 경우에는 신고서만 제출하고 부가가치세는 납부하지 않아도 됩니다.","P","법인사업자에 대해 설명해 주세요."
"2","대손세액공제에 대해 설명해 주세요.","사업자가 부가가치세가 과세되는 재화 또는 용역을 공급하는 경우 공급을 받는 자의 파산 · 강제집행이나 그밖에 이와 유사한 사유로 인하여 그 재화 또는 용역의 공급에 대한 외상매출금이나 그 밖의 매출채권의 전부 또는 일부가 대손되어 회수할 수 없는 경우에는 대손금액에 10/110을 곱하여 계산한 금액을 그 대손이 확정된 날이 속하는 과세기간의 매출세액에서 뺄 수 있는데, 이를 대손세액공제라 합니다.","P","매출세액에 대해 설명해 주세요."
"2","대손세액공제에 대해 설명해 주세요.","대손세액공제는 거래징수하지 못한 부가가치세를 당해 사업자의 매출세액에서 차감할 수 있도록 함으로써 기업의 자금부담을 다소 완화해 주자는 데 그 의의를 두고 있으며, 그 범위는 사업자가 부가가치세가 과세되는 재화 또는 용역을 공급한 후 그 공급일부터 5년이 경과된 날이 속하는 과세기간에 대한 확정신고기한까지 확정되는 대손세액으로 합니다.","P","확정신고기한에 대해 설명해 주세요."
"2","대손세액공제에 대해 설명해 주세요.","사업자가 부가가치세가 과세되지 않은 재화를 공급하는 경우 공급대상자가 파산,강제집행 등으 사유로 인해 그 공급 재화의 일부 또는 전부를 손실하여 회수할 수 없는 경우 대손세액공제를 통해 손실된 부분을 공급에서 제외할 수 있다. 이 때 대손금액에 특정한 계수를 곱하여 계산한 금액을 기준으로 대손세액을 결정한다.","F",""
"2","대손세액공제에 대해 설명해 주세요.","대손세액공제는 거래되지 못한 부가가치세를 사업자의 매출총액에서 차감함으로써 기업의 납세부담을 완화하는데 의의가 있습니다. 그러나 그 범위는 법인격을 가진 대상으로 하기 때문에, 사단, 재단 등은 포함되지 세액공제 대상자에서 제외되며 대손이 확정된 날 다음날 이후 3년 이내 신고하지 않으면 효력이 소멸됩니다. ","F",""
"2","대손세액공제에 대해 설명해 주세요.","대손세액 공제의 범위는 사업자가 부가가치세가 가세되는 재화 또는 용역을 공급한 후 그 공급일 다음 날부터 5년이 경과된 날이 속하는 과세기간에 대해 확정신고기한까지 확정되는 대손세액으로 한다. 단, 신고기한 이후 거래징수하지 못한 부가가치세의 경우에도 재신고를 통하여 대손세액의 대상이 될 수 있다.","F",""
"1","대손충당금에 대해 설명해 주세요.","매출채권 · 대여금 · 기타 이에 준하는 채권에 대한 차감적 평가계정으로서 미래에 발생할 대손에 대비하여 설정하는 충당금입니다. 기업회계기준에서는 기말에 채권에 대하여 개별적으로 대손추산액을 산출하는 방법 또는 과거의 대손경험률에 의하여 산출하는 방법 등이 있습니다.","P","대손경험률에 대해 설명해 주세요."
"1","대손충당금에 대해 설명해 주세요.","세법에서는 대손추산의 자의성을 배제하기 위하여 법인은 기말의 외상매출금 · 대여금 또는 미수금 그 밖에 이에 준하는 채권의 장부가액의 합계액에 대하여 개인은 사업관련채권의 합계액에 대하여 100분의 1에 상당하는 금액과 대손충당금설정대상 채권금액에 대손실적률을 곱하여 계산한 금액 중 큰 금액을 한도로 하는 대손충당금을 손금으로 인정합니다.","P","장부가액에 대해 설명해 주세요."
"1","대손충당금에 대해 설명해 주세요.","매출 채권, 대여금과 같은 채권에 대해서 미래에 발생할 대손에 대비해 설정한 금액을 대손충당금이라고 합니다. 기업회계기준에서 기말에 채권에 대해서 채권 전체의 추산액을 산출하거나 과거의 대손충당금에 근거하여 산출하는 두 가지 방식으로 대손충당금을 결정할 수 있습니다.","F",""
"1","대손충당금에 대해 설명해 주세요.","세법에 의하면 대손충당금의 자의적 해석을 배제하기 위해서 법인은 채권의 장부가액 합계액으로, 개인은 사업관련채궈 합계액의 일정 금액과 대손충당금설정대상 채권금액에 대손실적률을 곱하여 계산한 금액 중 더 작은 금액을 한도로 하여 대손충당금을 설정할 수 있습니다.","F",""
"1","대손충당금에 대해 설명해 주세요.","금전채권에 한하여 이를 계약금액으로 표기했을 경우, 회수할 수 없는 금액을 대손충당금으로 표시함으로써 채권의 실절 평가액을 나타내고자 하는 것을 말한다. 기말결산 때 대손추산액에 대한 기록 이후 대손이 다시 발생하였을 경우 그 금액을 다시 신고해야만 대손충당금으로 인정받을 수 있습니다.","F",""
"1","대손충당금에 대해 설명해 주세요.","금전채권과 그에 준하는 채권을 계약금액으로 표기하였을 경우, 회수불능 추산액을 표시함으로써 채권의 실질 평가액을 나타내고자 하는 것입니다. 기말결산 때의 채권액에 대한 대손추산액을 이 계정의 대변에 기록하고 후일 실지로 대손이 발생했을 때 채권을 이 계정과 대체하여 공제합니다.","P","채권에 대해 설명해 주세요."
"1","종합소득세에 대해 설명해 주세요.","소득이 발생하는 원천에 따라 소득을 종류별로 구분하여, 각종 소득에 대해 개별적으로 원천과세하는 분류소득세와 대비됩니다. 소득과세의 이상에서 보면 개인의 소득을 종합하여 이것에 공제규정 및 누진세율을 적용하여 과세하면 개인의 사정을 고려할 수 있고, 개인의 담세력에 일치하는 과세를 할 수 있습니다.","p","원천과세에 대해 설명해 주세요."
"1","종합소득세에 대해 설명해 주세요.","분류소득세제도를 이용하면 원천별로 소득을 포착하게 되는 편리성이 있고, 징세가 비교적 간단하며, 소득세를 원천에서 징수하는 과세방법을 널리 이용할 수 있고, 탈세를 방지할 수 있습니다. 그러나 분류소득세는 개인 사정을 고려하여 담세력에 응하여 과세하는 성질을 충분히 발휘할 수 없습니다.","p","탈세에 대해 설명해 주세요."
"1","종합소득세에 대해 설명해 주세요.","소득이 발생하는 원천에 따라 소득을 종류별로 구분하는 원천과세에 대한 분류소득세와 달리 종합소득세는 개인의 소득을 종합하여 시행됩니다. 때문에 개인의 소득 크기에 관계없이 단일한 비율로 산정되어 개인의 사정을 고려할 수 없다는 단점을 가지고 있습니다.","F",""
"1","종합소득세에 대해 설명해 주세요.","종합소득은 이자소득, 배당소득, 사업소득, 근로소득 과 기타 소득으로 분류할 수 있습니다. 이 분류에 해당하는 일용근로소득, 종합소득, 퇴직소득, 양도소득 등 개인에게 발생하는 모든 소득은 종합소득에 포함되기 때문에 종합소득세는 개인의 탈세를 용이하게 방지할 수 있다는 장점을 가지고 있습니다.","F",""
"1","종합소득세에 대해 설명해 주세요.","분류소득세는 원천별로 소득이 어떻게 발생하였는지 확인할 수 있고 효율적인 징세를 할 수 있습니다.그러나 분류소득세는 개인 사정을 고려하여 과세하는 성질을 지니기 때문에 납세의 의무를 능동적으로 시행하게끔 유도하여 탈세를 방지할 수 있다는 장점을 지녀 분류소득세보다 각광받는 납세방식입니다.","F",""
"1","종합소득세에 대해 설명해 주세요.","종합소득은 이자소득·배당소득·부동산임대소득·사업소득·근로소득과 기타 소득으로 구분하고 있으나, 일부 이자소득과 배당소득은 정책목적상 분리과세되며 일용근로소득과 함께 종합과세에서 제외됩니다. 또한 퇴직소득·양도소득도 종합소득에 합산되지 않고 별도로 세액을 계산하여 소득세를 부과합니다.","P","이자소득에 대해 설명해 주세요."
"1","근로소득에 대해 설명해 주세요.","근로자가 고용계약이나 고용관계에 의하여 근로를 제공하고 받는 모든 대가를 가리킵니다. 근로기준법 제2조 1항에 따르면 '근로자란 직업의 종류와 관계없이 임금을 목적으로 사업이나 사업장에 근로를 제공하는 사람'이라고 명시하고 있습니다. 법률상으로는 근로기준법의 적용대상이 될 수 있는 모든 근로자의 소득을 근로소득이라고 할 수 있습니다.","P","근로기준법 제2조 1항에 대해 설명해 주세요."
"1","근로소득에 대해 설명해 주세요.","소득세법 제20조에는 각종 근로소득에 대하여 명시하고 있습니다. 여기에 따르면 근로소득은 근로를 제공함으로써 받는 봉급ㆍ급료ㆍ보수ㆍ세비ㆍ임금ㆍ상여ㆍ수당 등으로 그 명칭이나 지급 방법과는 상관없이 지급하는 모든 대가를 의미합니다. 그 밖에 소득세법 시행령 제38조에는 근로소득의 범위를 보다 구체적으로 명시하고 있습니다.","P","상여와 수당에 대해  설명해 주세요."
"1","근로소득에 대해 설명해 주세요.","근로자가 고용자와 계약에 의해 근로를 제공하고 받는 모든 재화를 가리킵니다. 따라서 화폐가 아닌 현물 역시 근로소득으로 정의될 수 있습니다. 단 법률상으로 근로기준법의 적용 대상이 될 수 없는 근로자 예를 들어, 외국인 근로자의 경우 근로를 제공하여 대가를 받더라도 총 근로소득에 합산되지 않습니다.","F",""
"1","근로소득에 대해 설명해 주세요.","근로소득은 근로를 제공함으로써 받는 봉급,급료,보수,세비,임금,상여,수당 등을 말합니다. 단 근로소득은 고용자와 근로자의 계약이 우선적으로 성립되어야 발생합니다. 고용자의 요구에 의해 근로를 하여 봉급을 받더라도 계약이 성립되지 않았다면 이는 근로소득에 포함되지 않습니다","F",""
"1","근로소득에 대해 설명해 주세요.","근로자가 고용자에 의해 고용된 것이 아니라 독립적인 관계에 의거한 계약을 한 경우 예를 들어, 프리랜서에게 고용자가 자신의 업무를 위탁한 경우 이 경우에 발생하는 소득 역시 근로소득으로 포함됩니다. 또한 근로소득은 국외에 발생하더라도 근로소득 대상자의 국적이 대한민국이면 국내 근로소득으로 취급됩니다.","F",""
"1","근로소득에 대해 설명해 주세요.","만약 근로자가 고용에 의한 종속적인 관계를 가지는 것이 아니라 계약에 의한 독립적인 관계에서 대가가 지급 것이라면, 이는 근로소득이 아니고 사업소득 등으로 구분합니다. 또한 근로소득 중 외국기관이나 우리나라에 주둔하는 국제연합군, 국외에 있는 외국인 및 외국법인으로부터 지급받는 급여에 대해서는 국외 근로소득으로 별도 구분합니다.","P","국외 근로소득에 대해  설명해 주세요."
"2","사업소득에 대해 설명해 주세요.","사업소득이란 개인이 계속적으로 행하는 사업에서 얻어지는 소득을 말합니다. 일반적으로 사업이란 독립적인 지위에서 영리를 목적으로 계속, 반복적으로 행하는 사회적 활동을 의미하는 바, 이러한 사업에서 발생하는 소득이 사업소득입니다. 사업소득은 사업에서 발생하는 소득인 점에서 자산소득인 이자소득, 배당소득과 구별됩니다.","P","배당소득에 대해  설명해 주세요."
"2","사업소득에 대해 설명해 주세요.","사업이란 특정인의 위험과 계산 아래 독립적으로 경영되는 영리를 목적으로 하는 업무로서 경영 주체의 의사나 사회적 · 객관적 사실관계로 보아 동종의 행위를 계속 · 반복하여 행하는 것을 말하는데, 이러한 사업에서 얻는 총수입금액에서 필요경비를 차감한 소득을 사업소득이라 합니다.","P","총수입에서 차감하는 필요경비에 대해  설명해 주세요."
"2","사업소득에 대해 설명해 주세요.","사업을 통해서 얻는 소득 외에 개인의 노동을 투입하여 얻은 소득은 근로소득과 더불어 사업소득으로도 취급될 수 있습니다. 서비스업, 자유직업, 저술업,의료업, 변호사업 등 개인이 지속적으로 위와 같은 노동을 통해 얻은 소득은 사업소득으로 구분되며 근로소득의 대상에서 제외됩니다.","F",""
"2","사업소득에 대해 설명해 주세요.","사업이란 개인이 영리를 추구하는 목적으로 하는 업무를 말하고 이에 파생되는 모든 이익을 사업소득이라고 정의합니다. 즉 개인이 출판업, 서비스업, 자유직업, 서비스업 등 어떠한 사업을 하더라도 그 행위에 의해 파생되는 수익은 모두 사업소득으로 간주합니다.","F",""
"2","사업소득에 대해 설명해 주세요.","개인이 계속적으로 행하는 사업에서 얻어지는 소득을 사업소득이라고 말합니다. 예를 들어 카페를 운영함으로써 얻는 모든 이익은 사업소득이라고 할 수 있습니다.  또한 소득이 사업소득으로 정의되기 위해서는 그 행위가 지속 반복되는 것이 중요하기 때문에 단기적인 행위는 사업소득으로 분류되지 않습니다.","F",""
"2","사업소득에 대해 설명해 주세요.","개인이 계속적으로 행하는 사업에서 얻어지는 소득입니다. 즉 저술업·변호사 기타 등의 자유직업, 교육 서비스업·의료보건업·오락 서비스업 등의 서비스업, 농림수산업·광업제조업·건설업·도매업·소매업 등의 소득으로서 연간의 총수입금액에서 필요경비를 공제한 금액이 과세대상이 됩니다.","P","공제의 의미를 설명해 주세요."
"2","지방세에 대해 설명해 주세요.","지방세는 지방자치단체에 의하여 부과·징수되며 당해 지방자치단체의 재정수요에 충당된다는 점에서 국세가 국가에 의하여 부과·징수되며 국가의 재정수요에 충당되는 것과 다릅니다. 어떠한 조세를 국세 또는 지방세로 할 것인가에 대하여는 명확한 기준이 없으며, 세원의 규모와 분포, 재정의 여건, 행정의 편의 등을 고려하여 결정됩니다.","P","국세와 지방세를 비교해서 설명해 주세요."
"2","지방세에 대해 설명해 주세요.","지방세법에 정하는 바에 의하여 지방세를 부과·징수할 수 있습니다. 지방자치단체의 세목은 특별시세와 광역시세·도세· 구세·시·군세로 합니다. 특별시세와 광역시세의 경우 보통세는 취득세·레저세·담배소비세·지방소비세·주민세·지방소득세·자동차세이며, 목적세는 지역자원시설세·지방교육세입니다.","P","담배소비세에 대해 설명해 주세요."
"2","지방세에 대해 설명해 주세요.","지방세는 지방자치단체가 행정자치부장관의 승인을 받아 간접적으로 지방에서 발생하는 국세를 원천적으로 부과,징수하는 세금을 말합니다.  그 세율은 지방의 크기와 관련없이 동일하며 천재지변 등의 특수한 사유가 생길 경우에 한하여 세율을 조정할 수 있습니다.","F",""
"2","지방세에 대해 설명해 주세요.","지방세는 지방자치단체장이 재정수요를 자치적으로 충당할 수 있게합니다. 지방자치단체의 사업 등 지방자치단체의 활동으로 인해 발생하는 수익을 제외하고 남은 제정의 여건과 행정의 편의를 고려하여 지방세율이 결정됩니다. 기타 특수한 사유가 있을 경우 지방의회의 의결을 얻어서 지방세율을 조정할 수 있습니다. ","F",""
"2","지방세에 대해 설명해 주세요.","지방자치단체의 세목은 특별시세와 공역시세,도세,구세,시군세로 합니다.지방세의 종류로는 특별시세와 광역시세의 경우 보통세는 취득세,레저세,지방소비세,주민세,지방소득세,자동차세이며, 목적세는 지역자원시설세,지방교육세입니다. 담배소비세는 그 세금이 지방에서 발생하더라도 중앙정부의 과세 대상으로 귀결됩니다.","F",""
"2","지방세에 대해 설명해 주세요.","지방자치단체는 지방세에 대하여 행정자치부장관의 허가를 얻어 조례로써 정하는 바에 따라서 공익 등의 사유로 인한 과세면제 및 불균일과세와 수익 등의 사유로 인한 불균일과세 및 일부과세를 할 수 있으며, 지방자치단체의 장은 천재·지변 기타 특수한 사유가 있을 때에는 지방의회의 의결을 얻어 지방세를 감면할 수 있습니다.","P","일부과세에 대해 설명해 주세요."
"1","확정신고에 대해 설명해 주세요.","확정신고는 부가가치세·법인세 등의 자기부과형의 조세에서는 납세의무와 조세채무를 확정하게 하지만, 소득세 등의 국가결정형의 조세에서는 과세자료가 될 뿐입니다. 그러나 어떠한 경우이든지 확정신고는 납세의무자가 과세표준과 납부세액에 대한 근거를 스스로 제출하게 함으로써 납세의무의 이행을 촉구하고 과세의 적정을 도모한다는 점에서 매우 중요한 의의를 가집니다.","P","납부세액에 대해 설명해 주세요."
"1","확정신고에 대해 설명해 주세요.","사업자는 각 과세기간에 대한 과세표준과 납부세액 또는 환급세액을 그 과세기간이 끝난 후 일정기간에 정부에 신고하여야 합니다. 예를 들어 부가가치세의 경우 과세기간이 끝난 후 25일 이내에 부가가치세 과세표준과 납부세액 또는 환급세액을 사업장관할세무서장에게 신고하여야 하며, 외국법인의 경우에는 50일 이내에 신고하여야 합니다.","P","환급세액에 대해 설명해 주세요."
"1","확정신고에 대해 설명해 주세요.","확정신고는 부가가치세가 들어간 모든 조세에서 납세의무를 확인하고 조세채무를 확정하게 하고, 소득세 등의 국가결정형 조세에서는 과세표준으로 작동합니다. 확정신고는 납세의무자가 납세 대상을 제출하는 것을 강제함으로써 납세 의무의 틈을 없애고 국가 재정의 확보를 용이하게 합니다.","F",""
"1","확정신고에 대해 설명해 주세요.","사업자는 과세기간이 끝나기 전 일정기간 내에 정부에 확정신고를 해야한다. 그렇지 않을 경우, 해당 신고 기간에 발생한 수익에 대한 과세는 다음 해로 이월됩니다. 단 신체적,육체적 한계로 인해 신고 기간을 준수하지 못할 경우 당해 신고한 것으로 인정됩니다.","F",""
"1","확정신고에 대해 설명해 주세요.","확정신고의 대상은 개인이 벌어들인 모든 수익에 해당하며 예정신고나 조기환급된 수익 역시 확정신고의 대상자로 포함됩니다. 확정신고는 납세의무자 본인이 주체적으로 신고를 해야만 효력이 발생하고, 오류,탈루가 있는 경우에는 재신고를 해야하며, 재신고를 할 경우 그 이전 신고에 대한 효력을 무효로 합니다.","F",""
"1","확정신고에 대해 설명해 주세요.","확정신고의 대상은 각 과세기간에 대한 과세표준과 납부세액 또는 환급세액이며, 예정신고 및 영세율 등 조기환급신고에서 이미 신고한 내용은 제외됩니다. 확정신고는 납세의무자인 사업자가 자신의 조세채무를 확인 · 검증하여 확정시키는 행위이므로 확정신고에 오류 · 탈루가 있는 경우에는 수정신고 또는 경정에 의하여서만 그것이 보정적으로 변경됩니다.","P","조기환급신고에 대해 설명해 주세요."
"1","간편장부에 대해 설명해 주세요.","중·소규모 개인사업자를 위하여 국세청에서 특별히 고안한 장부입니다. 간편장부는 회계지식이 없는 사람이라도 쉽고 간편하게 작성할 수 있으며 이것을 근거로 소득세 신고가 가능합니다. 간편장부는 매출 등 수입에 관한 사항, 경비지출에 관한 사항, 고정자산의 증감에 관한 사항, 기타 참고사항을 거래가 발생한 날짜 순서로 기록하고 관련 증빙서류를 보관하면 장부를 기장한 것으로 인정합니다.","P","증빙서류로 인증되는 종류를 설명해 주세요."
"1","간편장부에 대해 설명해 주세요.","복식기장의무자를 제외한 중·소규모 사업자로 다음과 같은 사업자가 간편장부 대상자입니다. 부동산임대업, 사업서비스업, 교육서비스업, 보건·의료업, 사회 및 개인서비스업의 경우는 수입이 7500만원 미만인 사업자가 해당합니다. 제조업, 음식·숙박업, 건설업, 운수·창고 및 통신업, 금융 및 보험업의 경우는 1억 5000만원 미만인 사업자가 해당합니다.","P","복식기장에 대해 설명해 주세요."
"1","간편장부에 대해 설명해 주세요.","중소규모 개인사업자 중 회계지식이 없는 사람도 간편하게 작성할 수 있는 장부를 간편장부라고 합니다. 국세청에 소득신고를 함으로써 개인사업자는 간편장부 소유를 승인받을 수 있습니다. 이를 통해 개인사업자는 소득세 신고를 면제받을 수 있습니다.","F",""
"1","간편장부에 대해 설명해 주세요.","중소규모 사업자는 모두 간편장부 대상자가 됩니다. 부동산임대업, 사업서비스업, 교육서비스업, 보건의료업, 변호사업, 음식숙박업, 건설업, 금융 및 보험업 등 모든 사업자가 간편장부 대상자에 해당됩니다. 단 이때 개인 사업자의 수익이 1억 5000만원을 초과할 경우 대상자에서 제외됩니다.","F",""
"1","간편장부에 대해 설명해 주세요.","간편장부 대상 사업자는 간편장부에 고정자산의 증감에 관한 사항, 경비지출에 관한 사항, 매출 등 수입에 관한 사항, 기타 참고사항을 날짜 순서별로 기록할 수 있습니다. 이때 간편 장부와 함께 소득세과세표준확정신고서를 함께 제출하면 소득세의 10퍼센트를 면제받을 수 있습니다.","F",""
"1","간편장부에 대해 설명해 주세요.","간편장부 대상 사업자가 간편 장부를 기장하고 간편 장부 소득금액 계산서를 작성하여 소득세과세표준확정신고서와 함께 제출하면 산출세액의 10퍼센트를 기장세액공제로 공제받을 수 있으며, 결손금의 이월공제, 감가상각비나 준비금 등을 필요경비로 인정받을 수 있습니다.","P","감가상각비에 대해 설명해 주세요."
"2","복식부기에 대해 설명해 주세요.","차변과 대변을 이용한 회계시스템에서는 회계거래가 발생하여 계정에 기록할 때 반드시 한 개 이상의 차변기입과 이에 대응하는 한 개 이상의 대변기입, 즉 적어도 상호 대응되는 두 개의 기입이 동시에 이루어집니다. 이와같은 회계시스템을 복식부기제도라 합니다. 복식부기에는 자기검증기능을 모든 기록단계에 적용시킬수 있다는 점이 특징입니다.","P","복식부기제도의 장점을 설명해 주세요."
"2","복식부기에 대해 설명해 주세요.","단식부기에 대응되는 개념으로 일관된 원리, 원칙에 의하여 조직적으로 기록하며 자산과 부채의 변동 뿐 아니라 자본의 변동과 비용, 수익의 발생원인에 관한 과목도 기록 계산합니다. 자산, 부채, 자본, 비용, 수익은 모두 계정에 분류되어 기록 계산되므로 복식부기를 계정의 학문이라고 합니다. 이것은 영리기업, 대규모 기업에서 사용되고 있습니다.","P","자산과 부채를 비교해서 설명해 주세요."
"2","복식부기에 대해 설명해 주세요.","차변과 대변을 이용한 회계시스템에 회계거래를 기록할 때 반드시 한 개 이상의 차변기입과 이에 대응하는 한 개 이상의 대변기입이 이루어지는데 이를 복식부기라고 합니다. 복식부기는 계정 기록 시작단계에서 적용되어야 하며 이후 이뤄지는 차변기입/대변기입은 이전 기입과 무관한 별도의 기입으로 간주됩니다.","F",""
"2","복식부기에 대해 설명해 주세요.","복식부기란 단식부기와 대비되는 개념으로 부채의 변동이나 자본의 변동 비용, 수익의 발생원인에 대한 기록 계산입니다. 그러나 복식부기는 자영업이나 중소기업에서는 널리사용되고 있으나, 대규모 기업 등에서는 이전의 단식부기를 아직까지 고수하고 있습니다.","F",""
"2","복식부기에 대해 설명해 주세요.","복식부기의 거래는 차변기입과 대변기입의 주종관계로 형성됩니다. 대변기입을 주, 차변기입을 종으로 하며 차변기입이 대변기입에 기입되지 않은 자산,부채,자본,비용,수익 등을 보완하여 자기통제나 자동검증 등의 기능을 수행할 수 있다는 장점을 가지고 있습니다.","F",""
"2","복식부기에 대해 설명해 주세요.","복식부기는 거래의 이중성 또는 대칭관계를 전제로 하였고, 한 거래를 계정기입법칙에 의거하여 대차 양변에 동시에 기입함으로써 대차변의 각 합계가 일치되어 대차평균의 원리가 성립되며, 이 원리에 의하여 복식부기가 자기통제기능 또는 자동검증기능을 수행할 수 있는 것입니다.","P","계정기입법칙에 대해 설명해 주세요."
"2","조세불복제도에 대해 설명해 주세요.","조세는 국가권력에 의하여 개별적인 반대급부 없이 국민으로부터 강제로 징수한다는 점에서 조세권이 남용되면 국민의 재산권을 침해할 가능성이 있습니다. 따라서 과세관청의 위법부당한 처분에 대하여 그 권리 또는 이익을 침해 받은 자는 구제를 받을 수 있는 불복절차가 필요합니다. 이 때문에 조세불복제도가 만들어진 것입니다.","P","조세권과 재산권의 관계를 설명해 주세요."
"2","조세불복제도에 대해 설명해 주세요.","조세불복제도는 법률의 근거 없이 국가는 조세를 부과 · 징수할 수 없고 국민은 조세의 납부를 요구 받지 않는다는 원칙으로써 과세요건 법정주의와 과세요건 명확주의로 요약됩니다. 과세요건 법정주의란 국가 조세 부과권의 행사와 국민조세부담의 한계를 명확하게 하기 위하여 과세요건과 납세방법 · 시기 · 징수절차 등 과세처분에 관한 모든 사항은 의회가 제정한 법률로 정하여야 한다는 것입니다.","P","과세요건 법정주의에 대해 설명해 주세요."
"2","조세불복제도에 대해 설명해 주세요.","조세는 국가권력에 의해서 국민이 강제로 징수하는 특징을 지니고 있습니다. 이 조세권이 남용되면 국민의 재산권이 침해될 수 있으므로 국민은 언제나 정부의 부당한 처분에 대해 자신의 재산권을 보호받을 수 있는 권리가 있습니다. 이를 조세불복제도라고 합니다. 단 이때, 국민의 행위는 법률에 귀속되어야 하며 법률이 정하지 않은 불복은 허용되지 않습니다","F",""
"2","조세불복제도에 대해 설명해 주세요.","조세불복제도는 법률의 근거 없이 국가가 조세를 부과 징수할 수 없고 납세의 의무를 국민에게 강요하지 않게 하기 위해 만들어진 제도입니다. 단 이때 특정 조세가 법률의 근거하에 이루어지더라도 그 과정에서 구긴이 위법부당하다고 판단되면 국민은 언제나 구제를 위한 불복절차를 시행할 수 있습니다.","F",""
"2","조세불복제도에 대해 설명해 주세요.","조세불복제도는 국민의 권익을 보호하며 국가행정의 권리남용을 방지하기 위해서 시행됩니다. 이를 통해 국민의 법적 안정성과 예측가능성을 보장할 수 있습니다. 단, 이때 조세 부과대상은 법인격을 지닌자로 한정됩니다. 따라서 단체, 집단은 조세불복제도의 절차를 수행할 수 없습니다.","F",""
"2","조세불복제도에 대해 설명해 주세요.","조세불복제도는 국가의 재정권에 대한 국민의 권익을 보호할 뿐만 아니라 조세행정의 권리남용을 방지하고 위법 · 부당한 과세처분에 대하여 국민의 권리와 이익을 구제하며 조세법 질서의 유지와 조세정의를 기하는 데 의의가 있습니다. 과세요건 명확주의란 조세규정의 내용을 상세하고 명확히 함으로서 조세행정기관의 자의적 해석과 자유재량을 배제하도록 하여 조세에 관한 국민의 법적 안정성과 예측가능성을 보장해야 한다는 것입니다.","P","조세행정의 원칙을 설명해 주세요."
"2","과세적부심사제도에 대해 설명해 주세요.","세무조사결과 등에 따른 고지처분을 하기 전에 과세할 내용을 미리 납세자에게 통지한 후 이의가 있는 경우 과세관청이 과세의 적정성 여부를 검증하여 스스로 시정하는 제도로서, 이는 부실과세를 예방하고 납세자의 권익 증진과 시간적ㆍ경제적 부담을 덜어 주는 선진ㆍ민주적인 사전권리 구제제도라 할 수 있습니다.","P","부실과세를 예방하기 위한 제도의 종류를 설명해 주세요."
"2","과세적부심사제도에 대해 설명해 주세요.","대상은 세무관서에서 세무조사나 감사결과 및 과세자료 처리 후, 세금을 부과하겠다는 세무조사 결과통지 또는 감사결과 등 과세예고통지를 받은 경우입니다. 세무조사 결과통지 또는 과세예고통지의 경우에는 조사 또는 자료 처리한 세무서장 또는 지방국세청장에게 청구합니다.","P","과세예고통지에 대해 설명해 주세요."
"2","과세적부심사제도에 대해 설명해 주세요.","세무조사결과의 고지처분을 하고 난 후 과세한 내용을 통지하게 하는데 이에 대해 납세자가 이의가 있는 경우 관청이 과세의 적정성 여부를 검증하여 이를 수정하기 위해 과세적부심사제도가 존재합니다. 이는 과세의 형평성을 보장하고 납세자의 불이익을 해소하기 위한 민주적인 사전권리 구제제도입니다.","F",""
"2","과세적부심사제도에 대해 설명해 주세요.","세무관서에서 세무조사나 감사결과 및 과세자료 처리 후 세금을 부과하겠다는 세무조사 결과통지 또는 감사결과 등 과세예고통지를 받은 경우 납세자는 과세적부심사제도를 사용할 수 있습니다. 단 납세자는 납세고지를 받고 난 후 14일 이내에 제출해야만 과세적부심사제도의 대상자가 될 수 있습니다.","F",""
"2","과세적부심사제도에 대해 설명해 주세요.","과세적부심사제도에서 과세전적부심이 받아들여지지 않으면 납세자는 납세고지를 받을 날로부터 30일 이내에 이의신청을 통해 불복을 제기할 수 있습니다. 단 이의신청을 했을 경우에도 과세전적부심이 받아들여지지 않으면 다른 구제방법이 없다는 문제가 있습니다.","F",""
"2","과세적부심사제도에 대해 설명해 주세요.","세무서 또는 지방국세청으로부터 세무조사결과통지나 감사결과 등 과세예고통지를 받은 날부터 30일 이내에 과세전적부심사청구서를 제출하여야 합니다. 과세전적부심이 받아들여지지 않으면 납세자는 납세고지를 받은 날로부터 90일 이내에 이의신청이나 심사청구, 심판청구 중 한 가지를 선택해 불복을 제기할 수 있습니다.","P","심판청구에 대해 설명해 주세요."
"1","절세방안에 대해 설명해 주세요.","세금공제혜택을 받을 수 있는 금융상품에 적극적으로 투자합니다. 특히 연금상품은 공제혜택이 크므로 반드시 가입해둘 필요가 있습니다. 예를 들어 연금저축에 가입해서 분기 공제 한도액인 300만원을 불입하면 연간 400만원 한도 내에서 소득공제 받을 수 있습니다.","P","공제한도액에 대해 설명해 주세요."
"1","절세방안에 대해 설명해 주세요.","부양가족공제란 연간 소득금액이 100만원 이하이면서 생계를 같이하는 부양가족에 대해 연말정산 때 1인당 150만원씩 공제하는 제도입니다. 부양가족공제 대상에는 자녀와 부모뿐만 아니라 장인, 장모, 외조부모, 외손자녀, 친가 형제자매, 처남, 처제, 시동생 등까지 포함됩니다.","P","부양가족에 대해 설명해 주세요."
"1","절세방안에 대해 설명해 주세요.","상속세에 대해서 너무 많은 세금이 부과되고 있습니다. 때문에 국민들은 상속세를 피하기 위해서 상속세에 대상을 양도세로 전환하여 세금을 회피하고 있습니다. 이러한 개인적 일탈 때문에 다른 이들에 대한 과세가 늘어난다고 생각합니다. 최고의 절세 방안은 이러한 일탈을 바로잡는 것에서 시작한다고 생각합니다.","F",""
"1","절세방안에 대해 설명해 주세요.","월세를 내는 1인 가구에 한하여 월세를 공제해주는 것이 절세를 위한 첫걸음일 것입니다. 현재 이뤄지는 국가 정책 내에서는 1인 가구의 월세에 관한 절세 방안이 나오지 않고 있습니다. 1인 가구가 늘어나는 시점에서 이러한 절세방안 마련은 꼭 필요하다고 생각합니다.","F",""
"1","절세방안에 대해 설명해 주세요.","맞벌이 부부의 경우 벌이가 낮은 쪽에 대해 소득공제를 하고 있습니다. 다만 소득차가 커서 과세표준이 상이할 경우 소득이 높은 쪽에서 이미 많은 세금이 부과되었기 때문에 낮은 쪽에 대한 세금을 면해주는 것이 절세효과를 높이는 대안이 될 것이라고 생각합니다.","F",""
"1","절세방안에 대해 설명해 주세요.","맞벌이 부부는 벌이가 높은 쪽이 소득공제를 받습니다. 다만 부부의 소득 차가 3,000만원 이상일 경우에만 해당됩니다. 소득차가 커서 과세표준이 다를 경우에는 소득이 높은 쪽이 이미 더 많은 세금을 냈기 때문에 환급받는 돈도 많아져서 절세효과가 크지만, 소득차가 거의 나지 않을 경우에는 공제항목을 적절히 나누는 것이 오히려 낫습니다.","P","공제항목의 종류를 설명해 주세요."
"1","비과세에 대해 설명해 주세요.","비과세는 세금을 부과하지 않는 것으로, 국가 또는 지방자치단체가 조세정책상 과세권을 포기하는 것을 말합니다. 비과세는 일정한 세액을 경감하여 주거나 면제해 주는 ‘감면’과는 차이가 있습니다. 비과세는 당초 세금 자체가 발생하지 않으므로 세금을 신고·신청·납부할 필요가 없는 것 입니다.","P","과세권의 포기가 의미하는 것을 설명해 주세요."
"1","비과세에 대해 설명해 주세요.","비과세란 세금을 면제하는 것으로 국가가 개인의 납세의 의무를 합법적으로 면제하는 것을 말합니다. 비과세는 과세표준 전체에서 일어나기 때문에 반드시 개인의 세금에 대한 신고, 신청, 납부를 해야만 발생합니다. 일정한 세액을 경감해주거나 면제해 주는 세금 관련 역시 비과세의 종류 중 하나입니다.","F",""
"1","비과세에 대해 설명해 주세요.","비과세 상품은 주로 대출에 대한 금융상품입니다. 대표적으로 주택청약대출을 예로 들 수 있습니다. 일반적으로 비과세의 경우 동산, 부동산과 관계없이 발생할 수 있으며 특수한 경우 과세 대상이어도 신고를 통해서 비과세 대상으로 전환될 수 있습니다.","F",""
"1","비과세에 대해 설명해 주세요.","비과세 소독은 세법을 준거하여 과세할 필요가 없는 소득을 말합니다. 일반적으로 예금,적금의 이자나 주식배당금 등의 금융소득, 임대료로 발생하는 소득 등에 발생하며 비과세 대상은 따로 신청,신고 등을 할 필요가 없습니다.해당 대상이 과세 대상으로 전환될 경우 15.4% 세금이 부과됩니다.","F",""
"1","비과세에 대해 설명해 주세요.","비과세 금융상품은 이자 및 배당소득에 대해 비과세하는 금융상품으로, 대표적으로 비과세종합저축이 있습니다. 일반적으로 예금·적금의 이자나 주식배당금 등의 금융소득에는 소득세와 주민세를 합해 총 15.4%의 세금이 붙지만 비과세 금융상품에는 이 세금이 붙지 않지 않습니다.","P","주민세에 대해 설명해 주세요."
"1","비과세에 대해 설명해 주세요.","비과세 소득은 세법에서 특별히 과세하지 않는 소득으로 규정한 소득입니다. 소득세법 12조에 따라 세금이 부과되지 않는 소득에는 공익신탁법에 따른 공익신탁의 이익, 논·밭을 작물 생산에 이용하게 함으로써 발생하는 소득, 1개의 주택을 소유하는 자의 주택임대소득 등 입니다.","P","소득세법 제12조에 대해 설명해 주세요."
"1","세무조사에 대해 설명해 주세요.","세무에서, 납세의무자가 신고한 내용에 오류 또는 탈루가 있을 때 세무당국이 이를 확인하는 조사입니다. 세법에 따라 납세의무자 등에게 질문이나 심문을 하고, 장부와 서류·기타 물건을 검사·조사·검색 또는 확인하는 일체의 행위를 말합니다. 세액을 정확히 계산하여 조세를 명확하게 하기 위한 것으로, 일반세무조사와 조세범칙조사로 구분됩니다.","P","일반세무조사에 대해 설명해 주세요."
"1","세무조사에 대해 설명해 주세요.","일반세무조사는 과세요건 성립 여부, 신고내용이 적정한지의 여부를 검증하기 위한 조사로 일반적으로 세무조사라고 하면 이를 말합니다. 이에 비해 조세범칙조사는 처벌을 목적으로 법원이 발부하는 수색영장을 지참하고 행하는 강제조사로 흔히 세무사찰이라고 부릅니다.","P","조세범칙조사의 특징을 설명해 주세요."
"1","세무조사에 대해 설명해 주세요.","납세의무자가 탈세, 혹은 신고 내용에 오류 혹은 탈루가 있을 경우 세무당국이 이를 확인하는 것을 세무조사라고 합니다. 납세의무자에게 청구권을 전송하고 이에 응하지 않을 경우 납세자는 형사처벌의 대상자가 됩니다. 세무조사는 조세의 종류에 따라 일반세무조사와 조세범칙조사로 구분할 수 잇습니다.","F",""
"1","세무조사에 대해 설명해 주세요.","일반세무조사의 경우 그 결과와 무관하게 납세자는 형사처벌의 대상자가 되지 아니하지만 조세범칙조사의 경우 그 결과에 오류,탈루 혹은 탈세가 확인될 경우 납세자는 처벌됩니다. 단 이때 형사적 절차를 밟기 위해서는 법원이 발부하는 수색영장이 반드시 필요합니다.","F",""
"1","세무조사에 대해 설명해 주세요.","세무조사는 중복조사를 할 수 없습니다. 법원이 수색영장을 지참하여 국세청이 납세의무자를 조사할 경우, 이상이 없으면 납세자는 납세 권익보호를 받을 권리가 있기 때문에 해당 납세에 대한 문제가 없는 것으로 판단됩니다. 단 납세자가 이전 탈루에 대한 전과가 있을 경우에는 중복조사가 허용됩니다.","F",""
"1","세무조사에 대해 설명해 주세요.","공정하고 객관적인 기준에 의해 불성실하게 신고된 것으로 인정되는 경우에 한하여 조사를 하며, 중복조사 금지, 세무사의 조력을 받을 권리, 납세자 권익보호, 납세자가 성실하며 제출한 신고서 등이 진실한 것으로 추정한다는 등의 원칙이 있습니다. 단 탈루에 대한 명백한 자료가 있거나 거래 상대방에 대한 조사가 필요할 때, 과거 2번 이상의 잘못이 있었던 납세자에게는 중복조사가 허용됩니다.","P","탈루에 대해 설명해 주세요."
"2","조세범칙조사에 대해 설명해 주세요.","조세범칙조사는 일반세무조사와 달리 피조사기관의 명백한 세금탈루 혐의가 드러났을 경우 실시하는 세무조사로, '세무사찰'이라고도 합니다. 조세범칙조사는 이중장부, 서류의 위조 ·변조, 허위계약 등 기타 부정한 방법에 의하여 조세를 포털한 자에게 조세범처벌법을 적용하여 처벌할 목적으로 실시하는 사법적 성격의 조사입니다.","P","이중장부에 대해 설명해 주세요."
"2","조세범칙조사에 대해 설명해 주세요.","범칙조사에는 임의조사와 강제조사의 방법이 있으며, 강제조사의 경우 납세자의 의사와 관계없이 압수·수색영장을 제시하고 납세자의 사무실,공장,창고,자택등을 강제로 수색하여 필요한 서류 등을 압수, 영치할 수 있습니다. 조사 결과에 따라서 벌과금의 통고처분이나 검찰고발을 하게 됩니다.","P","통고처분에 대해 설명해 주세요."
"2","조세범칙조사에 대해 설명해 주세요.","조세범칙조사란 일반 세무조사와 달리 납세자의 탈루 혐의가 의심될 경우 법원의 영장발부 유무와 관계없이 강제적으로 실시할 수 있는 세무조사로 '세무사찰'로 불리기도 합니다.조세범칙조사의 대상자는 사무실, 공장,창고,자택 등을 강제로 수색당할 수 있으며 필요한 서류 등을 압수 영치할 수 있습니다.","F",""
"2","조세범칙조사에 대해 설명해 주세요.","조세범칙조사의 대상자가 되면 납세의무자는 피의자의 신분으로 전환되며 변호사를 고용할 권리가 주어집니다. 단 해당 탈루혐의의 규모가 크거나 죄질의 성격이 형사처벌의 대상이 아닌 것으로 판명날 경우 조세범칙조사가 일반세무조사로 전환될 수 있습니다.","F",""
"2","조세범칙조사에 대해 설명해 주세요.","조세범칙조사 대상자는 조사에 참여해야할 의무가 발생하여 해당 조사에 저극적으로 참여해야합니다.  대상자가 조세범칙조사 도중 문서를 파기,위조,변조하려는 행위를 할 경우 이후 조사에서 조세 탈루 혐의가 발생하지 않더라도 형사처벌의 대상이 됩니다.","F",""
"2","조세범칙조사에 대해 설명해 주세요.","조세범칙조사 대상은 탈세정보 또는 신고내용 분석사항에 대한 사전내사결과 부정한 방법으로 조세를 탈루한 혐의가 구체적이고 명백한 자로서, 탈루혐의의 규모가 크거나 죄질의 성격으로 보아 처벌할 필요가 있는 경우에 해당합니다. 또한 일반세무조사에 착수한 후 특수한 경우에 해당하면 조세범칙조사로 전환할 수 있습니다.","P","일반세무조사가 조세범칙조사로 전환되는 특수한 경우에 대해 설명해 주세요."
"1","전표에 대해 설명해 주세요.","회계거래의 발생사실을 타인에게 전달하고 후일의 장부상의 증거자료로서 보존하는 일정한 양식의 지표를 전표라고 합니다. 이러한 전표에는 보통 거래의 발생일자, 발생사유, 거래내용, 상대방, 금액, 계정과목 등이 기재됩니다. 또한 일반적으로 전표의 종류는 입금전표, 출금전표, 대체전표로 구분하여 사용하고 있습니다.","P","대체전표에 대해 설명해 주세요."
"1","전표에 대해 설명해 주세요.","전표란 일정한 거래를 유형별로 기록하고 관리하기 위하여 회계거래에 대한 계정과목, 거래내용, 금액 등을 기재할 수 있도록 만든 서식을 말합니다. 거래에 알맞은 계정과목을 적용하여 분개하고, 다시 일정한 서식에 따라 기재해야 하는데 이때 작성하는 서식을 전표라고 합니다.","P","계정과목에 대해 설명해 주세요."
"1","전표에 대해 설명해 주세요.","회계거래의 증거자료로서 회계거래가 발생한 사실을 보존하는 일정한 양식의 지표를 전표라고 합니다. 일반적으로 전표의 종류는 입금전표,출금전표, 대체전표로 구분하여 사용하고 있지만, 해당 종류와 무관하게 보통거래에 발생하는 모든 내용이 기재되어야만 합니다. 전표에 기록된 모든 자료는 영구적으로 보관될 수 있으며 이후 전표의 서식이 바뀔 경우 이전 전표의 내용을 모두 바뀐 서식으로 이월해야만 효력이 발생합니다.","F",""
"1","전표에 대해 설명해 주세요.","전표란 거래의 내용을 보존하기 위해서 기업 자체적으로 관리하는 서식으로 회사마다 상이한 양식을 가지고 있는 지표를 말합니다. 기업마다 거래내용, 금액, 발생사유가 상이하기 때문에 전표의 양식을 통합하는 것은 상당히 어려운 일이어서 계정과목, 거래내용, 금액 위 세 사항을 포함하고 있으면 모두 전표로 간주합니다.","F",""
"1","전표에 대해 설명해 주세요.","전표를 작성하는 목적은 거래 내용의 보존 뿐 아니라 내부결재의 목적으로도 발생합니다. 따라서 전표 한 장을 통해서 거래에 관한 모든 사항을 알 수 있도록 거래의 전반적인 내용을 작성하는 것이 필요합니다. 그러나 전표만으로 회게처리를 모두 수행하기는 어려움이 있어 대부분의 기업에서는 전표를 회계거래에 대한 참고자료로만 사용하고 있습니다.","F",""
"1","전표에 대해 설명해 주세요.","전표는 장부기장이나 내부결재 목적으로 작성합니다. 즉, 거래가 발생했을 경우 전표를 작성해서 품의서, 기안지 등을 함께 첨부하면 전표 한 장으로 거래에 관한 전반적인 사항을 모두 알 수 있습니다. 따라서 올바른 전표의 작성은 올바른 회계처리를 위한 기초자료가 될 뿐만 아니라 대표자나 경영진에게도 투명한 자금집행을 위한 가장 중요한 자료가 됩니다.","P","전표처리가 투명한 자금집행에 도움이 되는 이유를 설명해 주세요."
"1","법인세에 대해 설명해 주세요.","국세·직접세·보통세에 속하며, 일정한 소득을 과세대상으로 한다는 점에서 소득세의 성격을 가집니다. 법인세법에 따라 국가·지방자치단체 이외의 내국법인과 국내 원천소득이 있는 외국법인은 법인세를 납부할 의무를 집니다. 자산 또는 사업에서 생기는 수입이 법률상 귀속되는 법인과 실질상 귀속되는 법인이 서로 다른 경우에는 그 수입이 실질상 귀속되는 법인을 납세의무자로 합니다.","P","보통세에 대해 설명해 주세요."
"1","법인세에 대해 설명해 주세요.","세대상은 법인의 각 사업연도의 소득·청산소득과 토지 등 양도소득으로 하고, 비영리 내국법인과 외국법인은 각 사업연도의 소득에 대하여만 부과합니다. 과세소득이 되는 금액의 계산에 관한 규정은 소득·수익 등의 명칭이나 형식에도 불구하고 그 실질내용에 따라 적용합니다.","P","사업연도에 대해 설명해 주세요."
"1","법인세에 대해 설명해 주세요.","법인세란 일정한 소득을 지닌 법인에게 부과되는 세금을 의미합니다. 단 이때 법인은 국내에 원천소득이 있는 법인만으로 한정하고 국내법인이더라도 원천소득이 국외에 발생할 경우 법인세의 대상에서 제외됩니다. 또한 모기업이 있는 법인의 경우 모기업에서 법인세가 발생하며 해당 법인은 법인세가 발생하지 않습니다.","F",""
"1","법인세에 대해 설명해 주세요.","법인세는 국세,직접세,보통세에 속하는 소득세의 성격을 지닙니다. 단 비영리 내국법인이나 외국법인은 일정 과세소득을 넘지 못할 경우, 법인세의 대상에서 제외됩니다. 법인세 금액 계산에 대해서는 소득 수익 등의 명칭 혹은 형식에도 불구하고 그 실질내용에 따라 달리 적용됩니다.","F",""
"1","법인세에 대해 설명해 주세요.","법인세를 결정할 때 사업연도는 중요합니다. 사업연도는 법인의 1회계기간으로 하며 회계기간은 매 분기를 의미합니다. 납세자는 내국법인의 경우 대표자의 주거지를 기준으로 합니다. 주식발행을 한 법인의 경우 해당 채권에 대해서는 법인세가 발생하지 않습니다.","F",""
"1","법인세에 대해 설명해 주세요.","사업연도는 법령 또는 법인의 정관 등에서 정하는 1회계기간으로 하되 1년을 초과하지 못합니다. 납세지는 내국법인은 해당 법인의 등기부상의 본점 또는 주사무소의 소재지, 외국법인은 국내 사업장의 소재지로 합니다. 주식발행 액면초과액, 감자차익, 합병차익, 분할차익, 자산의 평가차익, 이월익금, 지주회사의 수입배당금 등의 수익은 각 사업연도의 소득금액 계산에 있어서 익금으로 산입하지 않습니다.","P","감자차익에 대해 설명해 주세요."
"2","법인세법에 대해 설명해 주세요.","제1장 총칙에서는 납세의무와 과세소득의 범위, 실질과세, 신탁소득, 사업연도와 그 변경 및 의제, 납세지와 그 지정 및 변경, 과세관할을 규정하고 있습니다. 이에 따라 내국법인과 국내 원천소득이 있는 외국법인은 법인세를 납부할 의무를 집니다. 내국법인 및 외국법인에게 이 법에 따른 토지 등의 양도소득이 있는 때에도 법인세 납부의무가 있습니다.","P","신탁소득에 대해 설명해 주세요."
"2","법인세법에 대해 설명해 주세요.","제2장 내국법인의 각 사업연도의 소득에 대한 법인세에서는 과세표준과 각 사업연도의 소득, 익금 및 손금의 계산, 준비금 및 충당금의 손금 산입, 손익의 귀속 시기, 합병 및 분할 등에 관한 특례, 비과세 및 소득공제, 소득금액 계산의 특례, 신고 및 납부, 토지 양도소득에 대한 과세특례 등 세액의 계산, 과세표준의 결정·경정 및 징수, 세액의 징수 및 환급 등을 규정하고 있습니다.","P","익금과 손금에 대해 설명해 주세요."
"2","법인세법에 대해 설명해 주세요.","법인세법은 국내에서 수익을 발생시키는 법인에게 적용되는 법으로 1966년 제정된 뒤 13차례의 개정이 있었습니다. 6장 보칙에 따르면 비영리법인의 경우, 예를 들어 재단과 같은 법인은 법인세법의 대상에 포함되지 않았었는데 2004년 7317호 개정에 의해서 비영리법인 역시 법인세법에 포함되게 되었습니다.","F",""
"2","법인세법에 대해 설명해 주세요.","제4장 외국법인의 각 사업연도의 소득에 대한 법인세에서는 과세표준, 외국법인의 국내 원천소득 금액과 그 계산, 국내 사업장, 세율, 토지 등 양도소득과 국내 사업장에 대한 과세특례, 법인세의 신고·납부·결정·경정 및 징수, 원천징수 또는 징수의 특례 등을 규정하고 있다. 제5장 토지 등 양도에 대한 특별부가세는 2004년 개정 때 삭제되었습니다.","F",""
"2","법인세법에 대해 설명해 주세요.","내국법인 및 국내에 원천소득이 있는 외국법인은 법인세법에 의거하여 법인세를 납부할 의무를 지닙니다.  사업연도의 소득에 대한 법인세에서는 과세표준에 의거하여 법인세율이 적용됩니다. 단 이때 원천소득이 부동산,동산의 임대, 양도에 따른 수익이라면 법인세 납부 대상에서 제외됩니다.","F",""
"2","법인세법에 대해 설명해 주세요.","제3장 내국법인의 청산소득에 대한 법인세에서는 청산소득에 대한 과세표준, 법인의 조직변경으로 인한 청산소득에 대한 과세특례, 해산·합병·분할에 따른 청산소득 금액의 계산, 세율, 확정신고·중간신고 및 납부, 과세표준과 세액의 결정·경정 및 징수 등을 규정하고 있습니다.","P","과세특례에 대해 설명해 주세요."
"2","이연법인세에 대해 설명해 주세요.","이월하여 연기한 법인세란 뜻으로, 기업회계로 산정한 과세금액과 세무회계로 계산한 과세금액이 서로 다를 때 그 차이를 처리하는 회계상의 항목을 말합니다. 세무회계에서 과세소득을 산정하는 익금과 손금은 기업회계에서는 수익과 비용이라고 하는데, 익금과 수익 또 손금과 비용을 결정하는 방법이 달라 발생됩니다.","P","기업회계와 세무회계를 비교해서 설명해 주세요."
"2","이연법인세에 대해 설명해 주세요.","이연법인세차와 이연법인세대의 두 가지로 표기됩니다. 이연법인세차는 기업회계로 계산한 법인세가 세무회계의 법인세보다 작을 때 향후 세무당국에 납부할 세금에서 공제받을 수 있으므로 자산으로 잡는 것을 의미하고, 이연법인세대는 그 반대로 더 납부해야 할 의무가 있는 부채로 기재함을 뜻합니다.","P","이연법인세차에 대해 설명해 주세요."
"2","이연법인세에 대해 설명해 주세요.","이연법인세는 이월연기법인세의 준말로, 기업회계로 계산한 법인세가 세무회계의 법인세에서 차이가 발생할 경우 그 차이를 처리하는 회계상의 항목을 말합니다. 여기서 전자가 더 클 경우 부채로 기재하고 다음 분기로 금액을 이월합니다. 후자가 더 클 경우 수익으로 기재합니다.","F",""
"2","이연법인세에 대해 설명해 주세요.","이연법인세차와 이연법인세대의 두 가지로 표기될 수 있습니다. 이연법인세차는 기업회계로 계산한 법인세가 세무회계의 법인세보다 클 때 향후 세무당국에 납부할 세금에서 공제받을 수 없으므로 자산으로 잡는 것을 의미하고, 이연법인세대는 그 반대로 더 납부해야 할 의무가 있는 부채로 기재함을 뜻합니다.","F",""
"2","이연법인세에 대해 설명해 주세요.","법인세가 발생할 경우 회계의 종류에 따라서 편차가 발생할 수 있는데 이를 해결하는 것이 이연법인세라고 합니다. 이는 1998년부터 시행되었으나, 이후 수정이 되지 않아 중소기업이나 비등록 기업을 적용할 수 없다는 단점을 지니고 있어 원할한 법인세 충당을 위해서 개정되어야할 필요성이 있습니다.","F",""
"2","이연법인세에 대해 설명해 주세요.","현금주의에 근거한 세법상의 법인세 비용을 발생주의적인 재무제표에 통합하기 위한 회계방법으로, 1998년부터 시행되었습니다. 그러나 회계상 복잡한 것을 감안하여 비상장 중소기업이나 비등록 기업은 적용하지 않고 법인세법상 기업이 부담해야 할 법인세액을 손익계산서에 나타내도 무방하도록 하고 있습니다.","P","손익계산서에 대해 설명해 주세요."
"2","법인세 중간예납에 대해 설명해 주세요.","기업의 자금부담을 분산하고 균형적인 세수 확보를 위해, 납부할 법인세의 일부를 중간에 납부하는 제도입니다. 전년도 법인세의 절반을 납부하는 것이 원칙이나 상반기 영업실적을 중간결산하여 납부할 수 있습니다. 12월 결산법인의 경우 8월 31일까지 신고 · 납부해야 합니다.","P","12월 결산법인에 대해 설명해 주세요."
"2","법인세 중간예납에 대해 설명해 주세요.","법인세중간예납은 기업의 조세부담을 분산하고 균형적인 재정수입 확보를 위해 법인세의 일부를 미리 납부하는 제도입니다. 세법상 내국법인으로서 각 사업연도의 기간이 6개월을 초과하는 법인은 당해 사업연도 개시일로부터 6개월간은 중간예납기간으로 하여 중간예납기간이 지난날부터 2개월 이내에 신고, 납부하여야 합니다.","P","기업의 입장에서 조세부담을 분산하는 것이 중요한 이유를 설명해 주세요."
"2","법인세 중간예납에 대해 설명해 주세요.","법인세는 내국법인으로서 각 사업연도의 기간이 6월을 초과하는 법인은 그 사업연도개시일로부터 6월간을 중간예납기간으로 하여 직전 사업연도의 법인세로서 정부에 의하여 결정된 세액에서 일정한 금액을 공제한 금액을 직전사업연도의 월수로 나눈 금액에 자신의 사업연도를 곱하여 계산한 금액을 그 중간예납기간이 경과한 날로부터 30일 내에 납부하여야 효력이 발생합니다.","F",""
"2","법인세 중간예납에 대해 설명해 주세요.","법인세를 부과할 때 기업이 더 많은 세수를 확보하기 위해 법인세의 일부를 중간에 예비납부하는 제도를 말합니다. 단  중간예납 신고는 반드시 전반기 즉 해당 년도 6월 30일 이전에 이루어져야 효력이 발생하며 이후에 신고한 예납의 경우 무효로 처리됩니다.","F",""
"2","법인세 중간예납에 대해 설명해 주세요.","법인세중간예납은 기업의 납세 부담을 경감시키기 위해 법인세의 일부를 미리 납부하는 제도입니다. 그러나 사업연도 기간이 6개월 미만인 법인의 경우 중간예납기간을 산정할 수 없으며 사업연도가 6개월을 초과하더라도 이전에 법인세를 납부하지 않았다면 예납할 수 없습니다.","F",""
"1","국세에 대해 설명해 주세요.","국세는 국가의 재정수입을 위하여 국가가 부과·징수한다는 점에서 지방자치단체의 재정수입을 위하여 지방자치단체가 부과·징수하는 지방세와 대립됩니다. 국세는 통관절차를 거치는 물품을 대상으로 하는 관세와 관세를 제외한 조세인 내국세로 구분됩니다. 내국세는 다시 조세부담의 전가가 이루어지는가에 따라 직접세와 간접세로 나눌 수 있습니다.","P","관세에 대해 설명해 주세요."
"1","국세에 대해 설명해 주세요.","국세에 대한 일반법으로는 국세기본법과 국세징수법이 있으며, 관세와 내국세의 각 세목에 대한 단행법이 마련되어 있고, 그 밖에 조세특례제한법· 국제조세조정에관한법률·조세범처벌법 및 조세범처벌절차법 등이 국세와 관련됩니다. 국세의 부과에 대하여는 실질과세의 원칙·신의성실의 원칙·근거과세의 원칙 등이 있습니다.","P","국세기본법에 대해 설명해 주세요."
"1","국세에 대해 설명해 주세요.","국세는 국가가 국가의 운영을 위해서 부과,징수하는 세금을 의미하며 지방자치단체의 지방세를 포함합니다. 국세는 수출,수입을 거치는 모든 물픔을 대상으로 하는 관세와 이를 제외한 내국세로 분류되는데 지방세는 내국세에 포함되는 개념입니다. 내국세는 조세부담의 방식에 따라서 직접세와 간접세로 분류할 수 있습니다.","F",""
"1","국세에 대해 설명해 주세요.","국세는 당해 국가ㅖ산에 따라 세율이 유동적으로 변경되는 특징을 지닙니다. 소득세 또는 법인세의 경우 납세의무가 성립되는 순간 국회의 기준안 절차를 통과하면서 그 세액에 확정됩니다. 그러나 그 기간안에 기준안이 통과되지 못하면 전년도 기준에 의거하여 세액을 확정시킵니다.","F",""
"1","국세에 대해 설명해 주세요.","국세에 대한 일반법으로는 국세기본법과 국세징수법이 있습니다.  내국세의 경우 국세기본법의 원칙 중 실질과세의 원칙을 우선시하고  국세징수법의 경우에는 근거과세의 원칙을 우선시하는 특징을 지닙니다.  국세는  각 세목별로 상이한 특별법에 근거를 둡니다. 예를 들어, 납세의 의무에 대한 처벌을 위해 조세범처벌법이나 조세범처벌절차법 등이 이에 해당합니다. ","F",""
"1","국세에 대해 설명해 주세요.","국세는 당해 세법에 의한 절차에 따라 그 세액이 확정되지만, 인지세나 원천징수하는 소득세 또는 법인세 등은 납세의무가 성립하는 때에 특별한 절차 없이 그 세액이 확정됩니다. 국세는 제척기간이 경과하면 부과할 수 없으며, 국세징수권은 5년간 행사하지 않으면 소멸시효가 완성됩니다.","P","인지세에 대해 설명해 주세요."
"1","소득세에 대해 설명해 주세요.","국세이며, 직접세입니다. 개인소득세와 법인소득세로 나눌 수 있는데, 법인소득세는 법인세법에 따라 법인세로 부과되므로, 소득세법에 의한 소득세는 개인소득세만을 의미합니다. 소득세법에 따른 거주자와 비거주자는 소득세를 납부할 의무를 집니다. 거주자는 모든 소득에 대하여 과세하며, 비거주자는 국내원천소득에 대하여만 과세합니다.","P","국내원천소득에 대해 설명해 주세요."
"1","소득세에 대해 설명해 주세요.","일정 기간에 발생하는 소득을 그 종류에 관계 없이 합산하여 종합과세하는 것을 기본원칙으로 하되, 양도소득 및 퇴직소득에 대한 과세표준은 각각 구분하여 계산합니다. 또 비과세소득의 소득금액, 일용근로자의 급여액, 원천징수하는 이자소득·배당소득과 직장공제회 초과반환금 등은 분리과세합니다.","P","분리과세에 대해 설명해 주세요."
"1","소득세에 대해 설명해 주세요.","소득세는 개인이 일정 기간에 발생하는 소득을 종합하여 발생시키는 간접세의 일종입니다. 근로소득, 사업소득, 양도소득, 상속소득 등 모든 소득이 소득세의 적용대상이 됩니다. 단, 임대료의 경우 해당 임대업자의 사망으로 인해 대상자의 신원이 임시적으로 소멸될 경우 소득세의 적용 대상에서 제외됩니다. ","F",""
"1","소득세에 대해 설명해 주세요.","소득세는 일정 기간에 발생하는 소득 중 개인소득을 합산하여 종합과세하는 것을 기본 원칙으로 하며, 양도소득 및 퇴직소득 역시 이에 포함되어 계산됩니다. 법인세의 경우 만약 법인의 구성원이 대표자 한 명뿐이라면 법인세가 아닌 개인소득세로 귀결됩니다.","F",""
"1","소득세에 대해 설명해 주세요.","소득세의 계산 구조는 종합소득,퇴직소득,양도소득을 구분하여 계산한 뒤, 당해년도에 규정된 세율을 적용하여 계산합니다. 단 부부의 경우 종합소득을 본인과 배우자를 합산하여 계산하고 퇴직,양도소득은 구분하여 계산합니다.","F",""
"1","소득세에 대해 설명해 주세요.","계산 구조는 종합소득·퇴직소득·양도소득을 구분하여 계산하고, 소득공제를 한 과세표준에 기본세율을 적용하여 소득산출세액을 계산합니다. 여기에 다시 세액공제를 하여 소득결정세액을 계산한 뒤, 감면세액을 공제하고 가산세를 가산하여 부과세액을 계산합니다.","P","소득결정세액에 대해 설명해 주세요."
"2","세액공제에 대해 설명해 주세요.","납세의무자가 부담하는 세액 중에서 세금을 아예 빼주는 것을 말합니다. 법인세 및 소득세는 총소득에서 제공제액을 차감한 과세표준금액에 세율을 곱하여 계산되는 데 계산된 세액에서 차감이 인정되는 금액이 세액공제입니다. 법인세에 있어서 세액공제에는 외국납부세액공제, 임시투자세액공제, 화재손실에 대한 세액공제 등이 있습니다.","P","임시투자세액공제에 대해 설명해 주세요."
"2","세액공제에 대해 설명해 주세요.","세액공제는 일반적으로 국제·국내의 조세종목 간의 이중과세의 조정, 소득 종류간의 세부담 조정, 저소득층의 세부담 경감, 특정 산업의 지원육성, 근로자의 복지후생 지원 등의 목적 실현을 위해 조세의 부과징수를 일부 배제하거나 유예함으로써, 소득 간 또는 납세의무자 간의 형평을 유지하고 특정 산업의 개발이나 투자재원의 조달을 용이하게 할 수 있도록 하는 제도입니다.","P","이중과세의 조정에 대해 설명해 주세요."
"2","세액공제에 대해 설명해 주세요.","세액 공제란 납세의무자가 부담하는 세액 중에서 불필요한 부분에 대해 세금을 면제해주는 것을 말합니다. 소득세의 경우 총소득에서 제공제액을 뺀 나머지 과세표준금액에 세율을 곱하여 계산하는데 계산된 금액에서 일정 부분 면제되는 금액이 세액공제에 해당합니다. 세액공제는 법인세와 소득세 모두 동일한 세율에 따라서 적용됩니다.","F",""
"2","세액공제에 대해 설명해 주세요.","세액공제의 경우 근로자의 복지후생을 원인으로 발생하는 경우가 있습니다. 소득의 일부분의 세액을 국가가 대신 내줌으로서 근로자의 납세의 의무를 일부 면제하는 것을 말하는데 이로써 납세자는 납세의 의무 부담에서 일시적으로 자유로워 국가는 소비의 활성화를 추구할 목적으로 세액공제를 시행하기도 합니다.","F",""
"2","세액공제에 대해 설명해 주세요.","세액공제는 산출된 세금 액수에서 일정 비율을 제외하고 남은 금액을 세액공제 비율에 맞추어 면제합니다. 소득세에는 배당세액공제,외국납부세액공제,임시특별세액공제, 주택자금세액공제,  근로소득세액공제, 기장세액공제,재해손실세액공제,임시투자세액공제 등이 인정되고 있습니다.","F",""
"2","세액공제에 대해 설명해 주세요.","과세소득금액에서 공제감면되는 소득공제감면과는 달리 세액공제는 산출세액에서 실제세액을 줄여줍니다. 소득세에는 배당세액공제, 근로소득세액공제, 기장세액공제, 저축세액공제, 주택자금세액공제, 외국납부세액공제, 납세저축세액공제, 재해손실세액공제, 임시투자세액공제, 임시특별세액공제 등이 인정되고 있습니다.","P","주택자금세액공제에 대해 설명해 주세요."
"1","소득공제에 대해 설명해 주세요.","일정한 수익이 있을 경우 소득세를 제출하게 되는데, 소득공제란 과세의 대상이 되는 소득중에서 일정 금액을 공제하는 것입니다. 소득세법상 종합소득, 근로소득, 퇴직소득, 연금소득, 산림소득 등에 대한 소득공제가 개별적으로 규정되고 있습니다. 종합소득에 대하여는 거주자와 배우자 및 생계를 같이하는 부양가족에 대하여 1인당 연 100만원의 기본공제를 합니다.","P","연금소득에 대해 설명해 주세요."
"1","소득공제에 대해 설명해 주세요.","연금보험료와 기부금은 특별공제를 하고, 특별공제신청을 하지 않은 자나 근로소득이 없이 종합소득이 있는 자에 대하여는 연 60만원의 표준공제를 합니다. 근로소득에 대하여는 총급여액에 따라 일정금액을 공제하며, 일용근로자에 대한 공제액은 일 10만원으로 합니다.","P","특별공제에 대해 설명해 주세요."
"1","소득공제에 대해 설명해 주세요.","일정한 수익이 발생하면 소득세가 강제적으로 부과되는데 소득 공제는 특정 소득에 대해서 공제하는 것을 말하며 소득세법상 종합소득에 한하여 부과됩니다. 종합소득에 대해서 거주자가 배우자 및 부양가족이 있는 경우 가구당 연 100만원의 기본공제를 포함하여 계산됩니다.","F",""
"1","소득공제에 대해 설명해 주세요.","소득공제의 경우 연금보험료와 기부금 역시 일반소득공제에 포함되어 종합소득으로 분류됩니다. 이 경우 연 60만원을 기준으로 규정됩니다. 근로소득에 대해서는 총급여액의 2%로 규정되고 있으며 일용직 근로자의 경우에는 소득공제를 받을 수 없습니다.","F",""
"1","소득공제에 대해 설명해 주세요.","소득 중 과세의 대상이 되는 금액에서 일정 금액을 면제하는 것을 소득공제라고 하며 만약 납세자가 납세 부담을 과하게 지니고 있는 기초수급대상자의 경우에는 납세의 의무자체를 면제해주는 효과를 가지고 있습니다. 소득공제는 그 범위가 확장되면 국가의 재정에 큰 타격을 주기때문에 양도, 퇴직소득에 대해서는 적용되지 않습니다.","F",""
"1","소득공제에 대해 설명해 주세요.","과세의 대상이 되는 소득 중에서 일정금액을 공제하여 주는 것으로, 납세자의 세금 부담을 덜어주고 최저생계비를 보장하는 데 목적이 있습니다. 소득공제에는 근로소득공제, 연금소득공제, 퇴직소득공제, 종합소득공제, 조세특례제한법에 따른 소득공제 등이 있습니다.","P","최저생계비에 대해 설명해 주세요."
"1","누진세에 대해 설명해 주세요.","누진세는 경제력의 격차를 야기시키는 소득간 불평등을 보정하기 위한 것으로 고소득자에게는 높은 세금을, 저소득자에게는 낮은 세금을 거두자는 의도에서 실시되었습니다. 소득재분배의 효과적인 수단으로 작용한 것이 누진세율의 적용이었고 이에 따라 현재 세계 대부분의 국가에서 소득세는 누진세를 적용하고 있습니다.","P","누진세의 소득재분배 효과에 대해 설명해 주세요."
"1","누진세에 대해 설명해 주세요.","세율을 누진하는 방식에는 크게 3가지가 있습니다. 1개의 과세물건에 대해 하나의 세율을 부과하는 단순누진이 있습니다. 1개의 과세물건을 몇 단계로 분할하여 각 단계를 초과하는 부분에 점차 높은 세율을 부과하고 그 합계를 1개의 과세물건에 대한 세액으로 삼는 초과누진 또는 단계적 누진법이 있습니다.","P","초과누진에 대해 설명해 주세요."
"1","누진세에 대해 설명해 주세요.","누진세의 대표적인 예시는 전기누진세를 들 수 있습니다. 이는 전기를 많이쓰면 많이쓸수록 지불해야할 세금 금액을 상승시켜 빈부격차를 해소하는 역할을 합니다. 또한 전기를 많이 사용하면 에너지 자원이 고갈될 우려가 있기 때문에 누진세를 전기 외에도 다른 에너지 자원 산업에도 확충할 필요가 있습니다.","F",""
"1","누진세에 대해 설명해 주세요.","누진세는 소득간 불평등을 보정하기 위해 고소득자에게는 높은 세율을 적용하고 저소득자에게는 낮은 세율을 적용하는 제도를 의미합니다. 현재 대부분의 국가에서 소득세에 대해 누진세를 적용하고 있지만, 양도세에 대해서는 아직 적용되지 않고 있어 누진세의 확장 필요성에 대해 이야기가 나오고 있습니다.","F",""
"1","누진세에 대해 설명해 주세요.","누진세는 고소득자에게 더 높은 세율을 적용시킴으로써 경제를 비활성화시킬 수 있습니다. 이에 따라 경기침체나 인플레이션과 같은 부작용이 발생할 수 있기 때문에 적절한 누진세비율을 확충하는 것이 가장 중요합니다. 과세대상이 클수록 단계적으로 높은 세율을 적용하여 소득재분배의 효과가 있지만 자칫 역차별을 발생시킬 수 있기 때문입니다.","F",""
"1","누진세에 대해 설명해 주세요.","누진세는 인플레이션이나 경기침체가 발생할 때 경기를 안정시키는 효과를 가져오는데, 그 이유는 조세수입의 양이 소득의 증감에 비례해서 함께 변화되기 때문입니다. 또한 과세대상이나 과세표준이 클수록 단계적으로 높은 세율을 적용하는 조세로 소득재분배의 효과가 있습니다.","P","인플레이션에 대해 설명해 주세요."
"2","실무에서 회계처리를 할 때 현금은 지출되었는데 아직 사용처가 불분명해 임시로 처리하는 계정이 있습니다. 이 계정이 무엇인지 말하고, 이와 관련한 특성을 말해보아라.","가지급금 계정입니다. 실무에서 직원들이 출장을 갔으나, 법인카드가 없어 예상 출장비용을 먼저 지급하고 출장이 끝난 후, 정산하는 경우가 있습니다. 이 때 출장비 정산 이전까지 가지급금 계정을 임의로 사용하는 것으로 알고 있습니다. 즉, 가지급음 업무를 위해 긴급히 자금이 필요할 때 임시로 회사가 이를 먼저 지급한다는 점에서 편의성 차원에서 생긴 계정이라 할 수 있습니다.","P","가지급금 처리 시 주의해야 할 사항에 대해서 말씀해주세요"
"2","실무에서 회계처리를 할 때 현금은 지출되었는데 아직 사용처가 불분명해 임시로 처리하는 계정이 있습니다. 이 계정이 무엇인지 말하고, 이와 관련한 특성을 말해보아라.","가지급금 계정에 대한 설명입니다. 회사 임원 등 특정인이 회사 자금을 빌려간 경우에도 사용처가 불분명해 가지급금으로 처리한 뒤, 사후에 최대한 빨리 정산처리를 하는 용도로 사용되는 계정입니다. 단기적으로 처리가 불가능한 경우에, 유연한 회계처리를 위해 사용되는 항목으로 알고 있습니다.","P","가지급금 정산처리 후에는 어떻게 해야하는지 설명해주세요"
"2","실무에서 회계처리를 할 때 현금은 지출되었는데 아직 사용처가 불분명해 임시로 처리하는 계정이 있습니다. 이 계정이 무엇인지 말하고, 이와 관련한 특성을 말해보아라.","가수금 계정에 대한 설명입니다. 실제 현금의 수입은 있었지만 거래의 내용이 불분명하거나 거래가 완전히 종결되지 않아 계정과목이나 금액이 미확정인 경우에 현금의 수입을 일시적인 채무로 표시하는 계정과목을 말한다. 이와 같은 계정은 일시적 성격을 갖는 계정과목이기 때문에 늦어도 결산기말까지는 그 내역을 명확히 조사하여 확정된 계정과목으로 대체시켜 주어야 합니다.","F",""
"2","실무에서 회계처리를 할 때 현금은 지출되었는데 아직 사용처가 불분명해 임시로 처리하는 계정이 있습니다. 이 계정이 무엇인지 말하고, 이와 관련한 특성을 말해보아라.","가지급금에 대한 설명입니다. 실무 중 비용이 발생하였을 때 기업에서 그 비용을 먼저 지급하는 것을 말합니다. 단, 이 채권계정은 영구적인 성격을 갖는 계정과목이기 때문에 결산기말까지는 그 내역을 명확히 조사하여 확정된 계정과목으로 대체시켜 주지 않아도 즉시 기록되는 특징을 지닙니다. ","F",""
"2","실무에서 회계처리를 할 때 현금은 지출되었는데 아직 사용처가 불분명해 임시로 처리하는 계정이 있습니다. 이 계정이 무엇인지 말하고, 이와 관련한 특성을 말해보아라.","가지급금 계정과 관련된 설명입니다. 가지급금은 불분명한 경우가 많은데 이를 명확하기 위해서 사후적인 처리가 신속히 이루어져야 한다는 특징을 지니고 있습니다.세무상 가지급금이라 함은 명칭 여하에 불구하고 당해 법인의 업무와 관련이 있는 자금의 대여액을 말하며 지급이자손금불산입, 가지급금에 대한 인정이자 등의 불이익이 따르기 때문입니다.","F",""
"2","실무에서 회계처리를 할 때 현금은 지출되었는데 아직 사용처가 불분명해 임시로 처리하는 계정이 있습니다. 이 계정이 무엇인지 말하고, 이와 관련한 특성을 말해보아라.","가지급금 계정과 관련된 설명입니다. 가지급금은 출장비, 특정인의 자금 대여 등 불분명한 출처를 기록할 때 사용되며 어떠한 이유에서든 사후적인 처리가 신속히 이루어져야 합니다. 그리고 가지급금이 많다는 것은 매입계산서나 계약서도 없이 자금이 집행된 것이어서 회계 처리를 허위로 한다고 판단할 우려가 있는 계정이기도 합니다.","P","출장비 관련 지급에 있어서는 어떠한 원칙을 준용하는지 설명해주세요"
"2","설비장치나 건물과 같은 유형자산은 오래 사용될수록 노후화되고 경제적 가치가 떨어집니다. 이와 관련된 계정과목을 말하고, 이에 대해 설명해주세요.","감가상각비입니다. 회계에서는 유형자산이 경제적 효과를 창출해낼 수 있는 기간을 정하고, 그 정해진 기한 내에서 계속 떨어지는 유형자산의 가치만큼 매월 비용으로 처리하는데 이를 감가상가비라고 부릅니다. 감가상각을 할 때도 수익과 비용의 대응원칙을 적용해 회계처리를 해야하는 것으로 알고 있습니다.","P","수익과 비용의 대응원칙에 대해 설명해주세요"
"2","설비장치나 건물과 같은 유형자산은 오래 사용될수록 노후화되고 경제적 가치가 떨어집니다. 이와 관련된 계정과목을 말하고, 이에 대해 설명해주세요.","감가상각비에 대한 설명입니다. 감가상각은 내용연수에 따라 취득원가를 나누어 배분하는 방식을 취하며 감가상각비를 한 달에 몰아서 처리해버리면 기업의 손익이 왜곡되는 현상이 발생하는 것으로 알고 있습니다.","P","내용연수의 뜻을 설명해주세요"
"2","설비장치나 건물과 같은 유형자산은 오래 사용될수록 노후화되고 경제적 가치가 떨어집니다. 이와 관련된 계정과목을 말하고, 이에 대해 설명해주세요.","감가상각비에 대한 설명입니다. 회계에서 유형자산은 경제적 효과를 창출해낸 시간이 제한적이기 때문에 감가상각비로 이 경제적 가치를 유지합니다. 감가상각의 대상은 건물과 같은 큰 유형자산 뿐만 아니라, 사무에 필요한 모든 유현자산을 포괄합니다.","F",""
"2","설비장치나 건물과 같은 유형자산은 오래 사용될수록 노후화되고 경제적 가치가 떨어집니다. 이와 관련된 계정과목을 말하고, 이에 대해 설명해주세요.","감가상각비에 대한 설명입니다. 감가상각은 한 달에 처리된 비용을 모두 합쳐서 처리되는 방식을 취합니다. 원가를 나누어서 배분하는 방식을 취하는 경우 기업의 손익이 왜곡되는 현상이 발생할 수 있기 때문에 이를 보완하기 위해서 한 달을 기준으로 감가상각비를 종합하는 방식을 사용합니다.","F",""
"2","설비장치나 건물과 같은 유형자산은 오래 사용될수록 노후화되고 경제적 가치가 떨어집니다. 이와 관련된 계정과목을 말하고, 이에 대해 설명해주세요.","감가상각비입니다. 감가상각은 유형자산 뿐 아니라 무형자산에도 적용될 수 있습니다. 경제적 가치를 보존하기 위해서 고정 자산 대장에 등록한 무형자산의 경우 유형자산으로 취급되며 감가상각의 대상이 될 수 있습니다. 이때 처리 방법은 정액법으로 고정됩니다.","F",""
"2","설비장치나 건물과 같은 유형자산은 오래 사용될수록 노후화되고 경제적 가치가 떨어집니다. 이와 관련된 계정과목을 말하고, 이에 대해 설명해주세요.","감가상각비입니다. 감가상각은 유형자산을 내용연수에 따라 안분하여 비용처리하는 방식을 뜻하며 처리 방법에는 정액법과 정률법이 대표적입니다. 한편, 내용연수의 경우, 객관적으로 측정했을 때 인정할 수 있는 기준이 되는 것이지 절대적인 것은 아닙니다.","P","정액법과 정률법의 차이에 대해서 설명해주세요"
"2","감자차익과 감자차손이 무엇인지 설명해주세요","우선, 감자는 주식회사의 자본금을 임의로 줄일 수 없는 것이 원칙이고 특별한 경우에만 주주 총회의 결의를 통해서 예외적으로 줄일 수 있는데 이 때 행해지는 행위를 뜻합니다. 감자차익은 액면금액보다 낮게 혹은 무상으로 매입할 때 발생하며, 감자차익은 주식을 액면가보다 높은 가격에 매입해 소각하면 발생하는 손실액입니다.","P","주주총회에서 의결을 하려면 어떠한 기준을 충족해야하는지 설명해주세요"
"2","감자차익과 감자차손이 무엇인지 설명해주세요","감자차익과 감자차손은 소각주식과 관련되어 있습니다. 자기자본의 형태로 자금을 조달하는 것이 '주식'이라고 할 수 있는데 주식을 감자할 필요성이 때로 발생합니다. 감자차익은 주주들로부터 주식을 사들여서 소각할 때 발생하는 잉여금을 활용하며, 감자차손은 보통 주식수를 줄여 회사를 합병할 때 주주들의 의결권을 축소해 쉽게 합병하거나 주식의 희소성을 높여 주가를 올리기 위해 액면가보다 높게 매입하는 것을 뜻합니다.","P","자기자본과 타인자본에 대해서 설명해주세요"
"2","감자차익과 감자차손이 무엇인지 설명해주세요","감자차익과 감자차손은 주식회사의 자본금을 임의로 조정해야할 때 행해지는 것으로 주주 총회의 결의를 통해서 이뤄집니다. 이 때 주주 총회는 주주 1/2이 참석해야만 성사되며 참석한 주주 중 2/3이 찬성해야만 원칙적으로 감자를 주식회사 자본금에 적용할 수 있습니다.","F",""
"2","감자차익과 감자차손이 무엇인지 설명해주세요","감자차익과 감자차손은 주식과 관련된 개념입니다. 회사의 자본을 주식으로 전환할 때 감자할 필요성이 발생하는데 주주들이 주식을 판매, 구입할 때 발생하는 금액이 이익일 경우 감자차익으로 손해일 경우 감자차손으로 표기됩니다. 단 그 주주의 주식에 의결권이 없는 경우 감자는 발생하지 않습니다.","F",""
"2","감자차익과 감자차손이 무엇인지 설명해주세요","감자는 의결권이 있는 주식에 한하여 발생합니다. 주주들의 의결권을 확대시켜 인수,합병을 원활하게 하여 주주의 수익을 극대화하는 전략으로 사용되기도 합니다. 때문에 감자는 모든 주식에서 발생하지 않아 희소성이 있으며 감자가 발생하는 주식의 경우 주식의 액면가보다 높은 금액으로 거래되곤 합니다.","F",""
"2","IFRS 제도에 대해 설명해주세요.","재무제표의 작성 절차, 공시 시스템, 재무 정보 시스템, 경영성과 지표, 경영 의사결정 등 기업의 전반적인 재무 보고 시스템과 회계 및 자본 시장의 감독 법규, 실무 등에 대한 국제적 기준을 규정한 IFRS는 IASC가 마련한 국제회계기준을 2003년부터 확대한 것으로 세계 증권시장과 투자자들이 일반적으로 사용하는 회계기준이 되었다.","P","자본시장의 감독 법규 강화에 대해 설명해주세요"
"2","IFRS 제도에 대해 설명해주세요.","IFRS는 국제회계기준의 약자로 국제 민간회계사 단체인 '국제회계기준위원회(IASB : International Accounting Stadards Board)'에 의해 작성, 공표되는 회계기준입니다. 이 회계기준은 순수한 민간단체에의해 공표되기 때문에 각국의 상이한 회계기준에 대한 구속력은 없으나, 미국의 엔론사의 부정회계사건 이후부터 미국식 회계기준의 대안으로 잇따라 채택하면서 현재 약 150여 개국이 채택하고 있는 방식입니다.","P","회계기준이 중요한 이유에 대해 설명해주세요"
"2","IFRS 제도에 대해 설명해주세요.","IFPS는 국제회계기준으로 1973년 국제회계기준서 IAS(International Accounting Standards)를 만들어 공표했고, 1995년 EU의 다국적기업에, 2001년 전세계 기업에게 사용을 권고했다. IFRS는 2001년에 명칭을 IASB로 변경했고, 이후 국제회계기준명칭을 IASB에서 IASC로 바꾸었다.","F",""
"2","IFRS 제도에 대해 설명해주세요."," IFRS는 종속회사가 있는 경우, 연결재무제표를 기본으로 하고 있기 때문에 사업보고서 등 모든 공시서류가 연결재무제표 중심으로 작성된다. 또한 자본시장의 투자자에게 기업의 재무상태 및 내재가치에 대한 의미 있는 투자정보를 제공하기 위해 금융자산, 부채, 유형자산 등 공정가치에 대해 강제성이 있도록 하고 있지만, 무형자산 및 투자부동산에는 적용되지 아니한다.","F",""
"2","IFRS 제도에 대해 설명해주세요.","국제회계기준을 의미하며 국제적인 회계업무에 통일성을 주기 위해서 고안되었다. 우리나라는 1997년 국제회계기준을 받아들여 이를 수정하였고, 2001년 말 K-IFRS라는 명칭으로 우리나라 기준에 맞추어 국제회계기준을 수정하여 사용하고 있으며, 이로인해 대차대조표는 재무상태표로 명칭이 바뀌었다.","F",""
"2","계속기업의 가정이 무엇인지 설명해주세요","기업이 영구히 존속한다는 전제가 있어야 재무제표를 작성하는 의미가 있기 때문에 계속기업의 가정을 하게 됩니다. 모든 사업을 언제든 중단하려고 한다면 단순히 경비처리를 하는 것 이외에는 전혀 회계 기준을 적용한 회계처리가 불가능하기 때문입니다.","P","경비처리에 있어서 계속기업의 가정이 필요한 이유에 대해 자세히 설명해주세요"
"2","계속기업의 가정이 무엇인지 설명해주세요","계속기업은 사업이 영속한다는 가정으로, 자산에 대한 감가상각비 처리라던지, 영업이익과 중단된 사업의 손익 계산의 별도 처리 등에 필요한 전제에 해당합니다. 다시 말해, 기업이 지속적으로 영업활동을 한다는 가정으로 제품보증비와 같은 충당부채를 설정한느 부분, 주식/사채 발행 영역, 대출 등에 있어서 모든 의사결정을 합리화하기 위해 필요한 전제에 해당되는 것이 계속기업의 가정입니다.","P","영업이익이 무엇인지 설명해주세요"
"2","계속기업의 가정이 무엇인지 설명해주세요","기업은 그 수명의 끝을 알수 없기 떄문에 계속 존속한다는 가정하에 제무제표를 작성합니다. 이를 계속기업의 가정이라고 합니다. 단 각종 사업이 중단 되면 이때마다 계속기업 가정이 깨지기 때문에 단순히 경비 처리를 하는 것 이외의 것은 계속기업의 가정의 범위에 포함하지 않는 것을 원칙으로 진행합니다.","F",""
"2","계속기업의 가정이 무엇인지 설명해주세요","계속기업의 가정은 사업이 영구히 지속됨을 전제로 사업을 진행하는 것을 말합니다. 중단된 사업의 경우 계속 기업 가정의 범위에서 벗어난 것이기 때문에 회계 기준을 적용한 회계처리에서 제외해야 하여, 계속 기업의 가정에 포함되지 않습니다. 따라서 계속 기업의 가정은 현재 지속되고 있는 사업에 한정합니다.","F",""
"2","계속기업의 가정이 무엇인지 설명해주세요","계속기업은 사업이 영속한다는 가정으로 시작됩니다. 영업이익과 제품 보증비와 같은 충당부채를 설정하는 부분 뿐 아니라, 노동비의 지불, 임대료의 지불 등 현재의 금액을 기준으로 산정하기 때문에 미래의 물가 변동 기준에 대해 일정한 비율로서만 대비할 수 있다는 한계를 지니고 있습니다.","F",""
"2","에누리의 개념에 대해 설명해주세요","일반적으로 에누리는 물건 값을 깍아주는 것입니다. 하지만 회계에서 사용되는 매입/매출 에누리의 개념은 조금 다른데요. 매입에누리는 매입한 상품이 파손이나 결함이 있을 때 판매자가 상품대금을 할인해주는 것을 뜻합니다. 판매자 입장에서는 매출에누리, 구매자 입장에서는 매입에누리라 부릅니다.","P","상품대금을 물품을 제공받기 이전에 지불했다면 이를 상품 제공자는 어떠한 계정과목으로 처리하는지 설명해주세요"
"2","에누리의 개념에 대해 설명해주세요","에누리는 두 가지로 나뉩니다. 매출에누리와 매입에누리입니다. 매출에누리는 불량품이나 수량의 부족, 견품과의 차이로 인해 매출액에서 공제되는 금액을 뜻화고 매입에누리는 상품 거래에 있어서 수량부족, 품질불량, 파손 등의 사유로 매매대금에서 차감되는 액수를 뜻합니다.","P","매매대금을 받는 방법에는 여러가지가 있습니다. 이에 대해 설명해주세요"
"2","에누리의 개념에 대해 설명해주세요","매출에누리와 매입에누리로 나누어 설명드리겠습니다. 매출에누리는 손익계산서 작성 시, 총매출액에서 차감하는 형식으로 기재하고 법인세법 및 소득세법도 매출에누리를 기업회계기준과 동일하게 취급합니다. 한편, 매입에누리는 물품 매입에 있어, 물품의 매입 당시에 통상의 매입가액에서 일정액을 직접 공제하는 금액과 매입한 상품의 하자에 따른 직접 공제 금액을 뜻합니다.","P","손익계산서에 대해 설명해주세요"
"2","에누리의 개념에 대해 설명해주세요","에누리는 사회적으로 자주 통용되는 용어입니다. 이는 회계 용어가 사회적으로 파생된 개념으로 회계에서도 사회적 용어와 동일한 뜻으로 사용됩니다.  판매자가 제시한 금액에 구매자가 만족하지 못하여 구매자가 원하는 금액으로 협상을 진행하는 과정에서 나오는 모든 행위를 에누리라고 칭합니다.","F",""
"2","에누리의 개념에 대해 설명해주세요","에누리는 매출에누리와 매입에누리로 구별됩니다. 판매자가 구매자에게 물건을 팔았을 때, 상품이 파손이나 결함이 있을 때에 한하여 상품대금을 할인해주는 것을 뜻하며 이때의 할인율은 구매자가 원하는 비율로 정합니다. 이때 판매자 입장에서는 매출에누리 구매자입장에서는 매입에누리로 불려집니다.","F",""
"2","에누리의 개념에 대해 설명해주세요","매입에누리와 매출에누리로 에누리는 구분하여 설명할 수 있습니다. 매입에누리는 구매자가 물품 매입에 있어 물품의 매입 당시에 통상의 매입가액에서 일정액을 직접 공제하는 금액과 매입한 상품 결함에 따른 간접 공제 금액을 뜻하며 이 과정이 판매자에게 이뤄질 경우 이를 매출에누리라고 합니다.","F",""
"2","매출원가에 대해 설명해주세요","매출원가는 기업이 어떤 사업을 하느냐에 따라 상품매출원가, 제품매출원가, 용역매출원가, 공사원가 등으로 분류할 수 있으며 어떤 종류든 매출액에 사응하는 원가라는 것이 핵심입니다. 그 중, 하나 대표적인 것을 설명드리면 상품매출원가는 기초상품재고액에 당기상품매입액을 더하고 기말상품재고액을 차감하여 구하게 됩니다.","P","기초상품재고액과 기말상품재고액을 알기 위해서는 재고실사를 해야합니다. 재고실사법에 대해서 설명해주세요"
"2","매출원가에 대해 설명해주세요","매출원가는 기업의 영업비용의 대부분을 차지합니다. 판매된 상품의 생산원가 혹은 구입원가를 말하는데요. 판관비와는 다르게 매출과 거의 비례하여 오르락내리락하기 때문에 컨트롤하기 어려운 영역의 비용이라고 볼 수 있습니다.","P","판관비에 삽입되는 항목에는 무엇이 있는지 설명해주세요"
"2","매출원가에 대해 설명해주세요","매출 원가는 기업이 어떤 사업을 하느냐에 따라 다릅니다. 기초자금이라고 생각하는 편이 수월한 이해가 가능합니다. 어떤 종류든 매출액에 사용하는 원가라는 것이 핵심이며, 노동력으로만 운영되는 사업의 경우에 노동력은 원가에 포함되지 않고 사업 운영 비용으로써 고려됩니다.","F",""
"2","매출원가에 대해 설명해주세요","매출원가는 기업의 영업 비용 중 일부를 차지합니다.판매된 상품의 생산원가 혹은 구입원가 총액을 의미합니다. 어떤 종류든 매출액에 상응하는 원가라면 매출원가라고 고려됩니다. 매출원가는 전체 매출액에서 순수이익을 뺀 나머지 총액을 의미하기 때문에 비교적 수월하게 계산되어집니다.","F",""
"2","매출원가에 대해 설명해주세요","매출원가의 종류에는 제품매출, 상품매출, 용역매출원가 등으로 나뉘어집니다. 기업의 형태에 따라서 발생하는 원가의 종류가 상이하며, 각 매출원가의 종류는 한 기업에서 중복적으로 작용하지 않습니다. 예를 들어 카페를 운영하는 소상공업자의 매출원가는 일회용컵, 커피원두, 전기요금, 우유 등 제품매출에 속하게 됩니다.","F",""
"2","매출원가에 대해 설명해주세요","매출원가에는 제품매출원가, 상품매출원가, 용역매출원가 등으로 나뉘어집니다. 기업의 업태에 따라서 발생하는 원가의 세부 유형이 다르다고 볼 수 있는데요. 그 중, 제품매출원가를 계산하는 방법은 조금 복잡합니다. 재료비와 노무비 및 경비의 합인 당기 총 제조비용에서 기초재공품 재고액을 더하고 기말재공품 재고액을 빼서 구해집니다.","P","제품매출원가의 뜻은 무엇인지 설명해주세요"
"2","무형자산 회계처리와 관련된 이슈는 무엇인지 설명해주세요","무형자산은 인식, 평가시 자의성이 많이 존재해 자산의 성격상 과대계상할 개연성이 높고, 한계기업 등이 손실반영을 회피하기 위하여 손상점검을 부실하게 수행하는 등 회계오류 발생 가능성이 상존하고 있어 이슈가 되고 있습니다.","P","한계기업이 무엇인지 설명해주세요"
"2","무형자산 회계처리와 관련된 이슈는 무엇인지 설명해주세요","무형자산의 인식 요건 충족을 위해서는 합리적이고 객관적으로 입증 가능한 지출액을 자산화하고 손상평가시 합리적 가정에 근거하여 회수가능가액을 측정하여야 하는데, 현실에서는 그렇지 못한 것이 이슈로 지적되고 있습니다.","P","회수가능가액의 뜻을 설명해주세요"
"2","무형자산 회계처리와 관련된 이슈는 무엇인지 설명해주세요","유형자산과 달리 무형자산은 현물이 존재하지 않기 때문에 주관적인 판단으로 회계에 기록될 가능성이 많고 무형자산을 손실하더라도 회계장부에 명확하게 기재되지 않으면 존재 여부를 확인할 수 없어 문제가 발생하곤 합니다. 따라서 회계장부를 기록할 때 원칙적으로 무형자산을 제외하고 기록해야 합니다.","F",""
"2","무형자산 회계처리와 관련된 이슈는 무엇인지 설명해주세요","무형자산은 수량화하기 어려워 회계처리 관련된 이슈를 낳습니다. 이를 수량화하려면 합리적이고 객관적으로 입증 가능한 지출액으로 환산하여 합리적 가정에 근거하여 회수가능가액을 측정해야 하는데, 이를 위해 무형자산을 고정비용에 포함하여 기록함으로써 그 문제를 해결하고자 합니다.","F",""
"2","무형자산 회계처리와 관련된 이슈는 무엇인지 설명해주세요","무형자산은 대표적으로 개발비용에 대한 문제에서 나타납니다. 이러한 비용을 회계사가 명확히 판단하기 위해서는 미래경제적 효익을 창출할 수 있는 방법을 증명하는지가 가장 중요한데, 이를 명확하게 증명하기 어려워 무형자산을 유형자산으로 치환하는 기업이 늘고 있습니다.","F",""
"2","무형자산 회계처리와 관련된 이슈는 무엇인지 설명해주세요","무형자산 중, 개발비와 관련된 부분이 이슈인 것으로 알고 있습니다. 무형자산을 사용하여 판매할 수 있는 기업의 능력, 무형자산이 미래경제적 효익을 창출할 수 있는 방법을 증명할 수 있는지 여부 등이 충족되어야 하는 것인데요. 하지만 감사를 나오는 회계사가 이를 정확히 판단하기 자체가 어려운 것이 현실입니다.","P","개발비의 회계처리에 대해 설명해주세요"
"2","미수금과 미수수익의 차이는 무엇일까요","미수금은 당해 회사의 주 영업활동 이외의 거래에서 발생할 수 있는 미수채권을 말하며, 미수수익은 수익 발생이 계약상 확정되어 있으나, 그 회계연도에 현금으로 수입되지 않은 이익 항목을 뜻합니다.","P","미수채권과 현금의 차이에 대해 설명해주세요"
"2","미수금과 미수수익의 차이는 무엇일까요","미수금은 재화나 서비스를 상대에게 제공한 뒤, 받은 금액을 합리적으로 추정할 수 있거나 혹은 금액이 확정된 채권이며 미수수익은 수익이 기간에 비례하여 창출되는 것으로 일정 기간이 완료된 후, 현금으로 회수되는 특징을 가지고 있습니다.","P","회수가 불가능한 채권은 어떻게 회계처리하는지 설명해주세요"
"2","미수금과 미수수익의 차이는 무엇일까요","미수금이란 영업활동 이외의 거래에서 발생한 미수채권을 말하며 미수수익은 미수채권 즉 미수금에 의해 발생한 이익을 말합니다. 따라서 미수금이 발생해야만 미수이익이 존재합니다. 이 둘의 차이는 미수금이라는 원인에 의해서 발생한 결과인 미수채권임으로 원인과 결과의 차이입니다.","F",""
"2","미수금과 미수수익의 차이는 무엇일까요","미수금은 아직 수납되지 않은 금액의 총액을 의미하며 미수수익은 아직 수납되지 않은 이익을 의미합니다. 즉 미수금이 더욱 포괄적인 개념입니다. 미수수익은 수익만을 산출한 개념이지만 미수금은 그 행동에 포함된 이익과 지출을 모두 포함하는 개념이기 때문입니다.","F",""
"2","미수금과 미수수익의 차이는 무엇일까요","미수금은 재화나 서비스를 제공한 뒤에 상대방에게 받을 금액이 정해졌으나 아직 상대방에게 바디 못한 금액을 말합니다. 따라서 미수금은 추정치이기 때문에 변동 가능성을 내제하는 개념입니다. 미수수익은 수익이 창출되었으나 이를 얻기 위해서는 일정 기간 완료된 후 발생하는 것으로 꼭 현금이 아닌 재물 역시 미수수익이 될 수 있습니다.","F",""
"2","법인세 절세 방안의 대표적 방식에 대해 설명해주세요","기업부설연구소를 조직하는 방법이 있습니다. 연구조직을 효율적으로 육성하기 위해 설립되는 것으로, 인적/물적 요건을 충족한 경우 조세지원 및 관세감면, 인력지원 등의 혜택이 주어지고 있습니다.","P","기업부설연구소 조직 시 규정에 대해 설명해주세요"
"2","법인세 절세 방안의 대표적 방식에 대해 설명해주세요","실무적으로 회사에 근무하는 대표이사와 직계가족들의 적절한 급여플랜과 비용처리가 가능한 보험 등의 금융상품을 통하여 합법적인 비용을 창출하고, 직무발명보상제도 채택  등의 방법으로 법인세를 절세할 수 있습니다.","P","직무발명보상제도에 대해 설명해주세요"
"2","법인세 절세 방안의 대표적 방식에 대해 설명해주세요","창업벤처중소기업에 해당하는 방식이 있습니다. 이는 해당 사업에서 최초로 소득이 발생한 과세연도(사업 개시일부터 5년이 되는 날이 속하는 과세연도까지 해당 사업에서 소득이 발생하지 아니하는 경우에는 5년이 되는 날이 속하는 과세연도)와 그 다음 과세연도의 개시일부터 4년 이내에 끝나는 과세연도까지 해당 사업에서 발생한 소득에 대한 소득세 또는 법인세의 70%에 상당하는 세액을 감면해주는 정책으로 이에 해당하면 법인세 절세를 할 수 있습니다.","F",""
"2","법인세 절세 방안의 대표적 방식에 대해 설명해주세요","매출액과 당기순이익을 줄이는 방법이 있습니다. 법인세는 매출액과 순이익에 비례하여 상정되기 떄문에 이를 원천적으로 줄여버리면 법인세 자체가 줄어들기 때문입니다. 매출액에서 불필요한 부분을 최대한 줄이거나 당기순이익을 분할하는 방식이 있습니다. ","F",""
"2","법인세 절세 방안의 대표적 방식에 대해 설명해주세요","중소기업의 경우 중소기업특별세액감면 방식을 이용하거나 고용증대세액공제를 이용하는 방법이 있습니다. 이 방법을 통해 최초 소득발생연도와 그 후 4년간의 법인세 절반을 감면해주며, 이후 벤처기업을 인증하면 기간을 3년 더 연장할 수 있습니다.","F",""
"2","법인세 절세 방안의 대표적 방식에 대해 설명해주세요","벤처기업 인증절세 방법이 있습니다. 수도권과밀억제권역 외의 지역에서 창업중소기업이나 창업벤처중소기업의 소득에 대해서는 최초 소득발생연도와 그 후 4년간의 법인세를 50% 감면해주기 때문입니다.","P","벤처기업의 정의에 대해 설명해주세요"
"2","받을어음에 대해 설명해주세요","받을어음이란 거래처에서 상거래 대금으로 받은 어음이 현금을 받을 수 있는 권리가 있는 채권입니다. 어음을 발행한 입장에서는 받을어음의 반대인 지급어음으로 말하는 것으로 알고 있습니다.","P","채권의 개념에 대해 설명해주세요"
"2","받을어음에 대해 설명해주세요","받을어음은 상거래를 할 때 현금이 아닌 지급기일이 명시된 어음을 주고받을 때가 많아 생긴 계정과목입니다. 받을어음은 지급기일까지 기다렸다 현금으로 교환하면 제일 좋으나, 회사 자금사정이 좋지 않으면 금융기관에 일정 수수료를 지불하여 지급일보다 앞당겨서 현금으로 교환할 수도 있습니다.","P","수수료의 회계처리 과정에 대해 설명해주세요"
"2","받을어음에 대해 설명해주세요","받을어음이란 상인이 거래를 할 때, 그 어음을 현금으로 전환할 수 있는 것을 말합니다. 어음이란 돈을 주기로 약속한 표를 의미합니다. 하나의 채권으로 이해할 수 있습니다. 따라서 어음은 법적 귀속력을 지닌다고 해석할 수 있어서 채무관계의 강제성을 띄는 특징을 가지고 있습니다.","F",""
"2","받을어음에 대해 설명해주세요","받을어음은 지급어음의 반댓말을 의미합니다. 지급어음이란 거래가 성사되었을 때, 어음에 기록된 현금을 지급해야하는 것을 기록한 것을 의미합니다. 어음은 현금이 아니지만 현금을 지급한다는 약속을 함으로써 현금의 기능을 합니다.어음을 통해 현금 확보가 어려운 시점에도 거래가 성사될 수 있습니다.","F",""
"2","받을어음에 대해 설명해주세요","받을어음이란 거래에서 현금을 받을 수 있는 권리를 적어놓은 것을 의미합니다. 받을어음은 편리합니다. 기업이 현금 확보가 어려울 때 어음을 통해서 해결할 수 있기 때문입니다. 반면에 어음을 지급한 기업이 파산,부도를 통해서 사라지게 되면 어음 자체의 기능이 상실되기 때문에 안정성이 없다는 단점을 가지고 있습니다.","F",""
"2","받을어음에 대해 설명해주세요","받을어음은 위험부담의 개념과 편의성의 개념과 연결되어 있습니다. 우선, 어음을 발행한 업체가 부도가 나면 금융기관은 중개 과정에서 손해를 떠안는데 이를 감수하는 대가로 수수료를 받으며 어음 액면가에서 수수료를 차감하고 현금으로 교환하는 '할인' 개념이 있습니다. 한편, 편의성은 매번 현금거래를 하기에는 기업 현금흐름이 일정치 않으므로 지급기일까지 안정성을 확보하기 위한 장점을 지니고 있습니다.","P","위험부담의 개념과 할인을 연결지어 설명해주세요"
"2","발생주의 원칙에 대해 설명해주세요","발생주의는 현금주의와 상반된 개념으로 현금의 수수와는 관계없이 수익은 실현되었을 때 인식되고, 비용은 발생되었을 때 인식되는 개념입니다. 기업의 기간손익을 계산함에 있어서 수익과 비용을 대응시켜야 하고 이에 따라 수익과 비용을 경제가치량의 증가 또는 감소의 사실이 발생한 때를 기준으로 하여 인식하는 것을 말합니다.","P","기간손익에 대해 설명해주세요"
"2","발생주의 원칙에 대해 설명해주세요","발생주의 원칙은 말 그대로 수익이나 비용이 발생한 시점에 바로 수익과 비용으로 인식하는 것으로 현금의 입출과는 관계가 없습니다. 발생주의 회계 원칙이 도입된 이유는 현금 입출을 기준으로 수익과 비용을 인식하는 것이 거의 불가능하기 때문입니다.","P","인식주의는 어떤 것을 뜻하는지 설명해주세요"
"2","발생주의 원칙에 대해 설명해주세요","발생주의는 현금주의와 동일한 개념으로 비용이 발생되었을 때 수익이 실현된다고 보는 개념입니다. 기업이 손익을 계산함에 있어서 수익과 지출을 대응시켰을 때, 발생주의는 수익과 지출이 발생한 시점을 기준으로 이를 계산합니다. 따라서 현금이 발생한 시점이 거래가 성사된 시점과 동일하면 발생주의는 현금주의와 동일한 개념으로 간주할 수 있습니다.","F",""
"2","발생주의 원칙에 대해 설명해주세요","발생주의는 수익과 지출이 발생한 시점에 그 금액을 인식하는 것을 의미합니다. 발생주의를 기준으로 할 경우 회계장부 기록에 대한 예측가능성이 상승한다는 장점이 있습니다. 현금을 받기 전에 발생 시점에 회계장부를 기록할 수 있기 때문입니다. 단, 발생 시점에 대한 착오가 존재할 경우 회계장부에 오류가 발생할 수 있어 안정성이 떨어진다는 지적이 있습니다.","F",""
"2","발생주의 원칙에 대해 설명해주세요","발생주의 원칙은 현금과는 관련없이 거래가 발생한 시점에 모든 것을 인식하는 것을 말합니다. 그러나 발생주의의 단점은 부가가치세나 법인세 등 발생한 거래에서 내야하는 세금에 대해 인식하기가 어렵습니다. 발생 때 기록한 현금과 실제 지급된 현금 사이에 괴리가 발생할 경우가 있기 때문입니다. 따라서 발생시점에 대한 정확한 판단이 가장 중요합니다.","F",""
"2","발생주의 원칙에 대해 설명해주세요","발생주의 원칙은 현금과는 관련없이 수익과 비용이 발생한 시점에 모든 것을 인식하는 것을 뜻합니다. 그리고 발생주의의 장점은 부가가치세나 법인세를 언제 받아야 하는지 정부 차원에서 인식이 편리하다는 것에 있습니다. 그리고 구매자 입장에서도 매입한 재료는 제조가 시작되어 제조공정에 투입되고 완제품이 되면 재고자산이 되는데 대금을 지급한 뒤에 역추적해서 제조원가를 산출하기가 불가능한데 수익과 비용 발생 시점에 모든 것이 인식되면 이러한 문제에서 자유로울 수 있습니다.","P","부가가치세에 대해 설명해주세요"
"2","복리후생비란 무엇인지 설명해주세요","직원들이 좋은 환경에서 열심히 일할 수 있도록 하기 위해 기업이 집행하는 비용이 복리후생비입니다. 복리후생비는 의무적으로 집행되는 경비와 직원들이 직접 집행하는 경비가 있습니다. 의무적으로 집행되는 경비로는 국민연금과 건강보험료, 산재보험료, 고용보험료와 같은 4대 보험료가 있으며 부서단합비, 경조금, 포상비, 야식비, 학자금 등은 직원들이 스스로 집행하거나 회사의 의지에 의해서 사용되는 경비입니다.","P","국민연금과 건강보험료율에 대해 설명해주세요"
"2","복리후생비란 무엇인지 설명해주세요","복리후생비는 직원들의 근로의욕을 고취시키고 근무능률을 향상시키기 위해 집행되는 일종의 복지비용에 해당합니다. 복리후생비 지출 시, 각 항목의 사용내역과 사용목적 등을 서류로 구비해놓아야 하며 이를 토대로 비용처리에 나서야 합니다.","P","사용내역 증빙이 지출 시점에는 불필요한 비용에는 어떤 것이 있는지 설명해주세요"
"2","복리후생비란 무엇인지 설명해주세요","복리후생이란 기업이 노동자의 노동 환경의 질을 높이기 위해서 노동자에게 집행하는 비용입니다. 복리후생비는 의무적으로 집행됩니다. 국민 연금, 건강보험료, 고용보험료, 산재보험료와 같은 4대보험료가 있으며, 이러한 복리후생비를 지급하지 아니하면 노동자와 고용자의 계약관계가 부정되기 때문에 강제성을 지닙니다.","F",""
"2","복리후생비란 무엇인지 설명해주세요","복리후생비는 직원들의 근로 환경의 질을 높이기 위해 사용되는 비용입니다. 그러나 복리후생비는 기업의 이익 실현에 방해가 되는 경우가 있습니다. 이에 현재 우리나라에서는 기업의 규모별로 복리후생비의 상한선을 적용하여 기업을 보호하는 정책을 실시하고 있습니다.","F",""
"2","복리후생비란 무엇인지 설명해주세요","복리후생비란 직원에게 주는 보너스와 같은 개념입니다. 직원이 더욱 회사에 충성을 다할 수 있도록 여러 복지시설이나 복지비용을 만들어 놓는데 이를 통해서 직원에 대한 회사 이미지를 높이거나 직원의 이직확률을 막는 효과를 지니고 있습니다. 또한 중소기업의 경우 복리후생비는 국가에서 지원을 받을 수 있습니다.","F",""
"2","부문별 원가계산이란 무엇인지 설명해주세요","부문별 원가계산은 제품을 만들 때 발생하는 모든 원가를 각 부문으로 집결시킨 후 합리적인 방법으로 각 제품에 배부해 정확한 원가를 계산하는 방법입니다. 부문이란 각 제조공정을 의미하며, 크게 절단부, 가공부, 조립부 등과 같이 제조와 직접 관련된 제조부문과 동력부, 수선부 등과 같이 제조를 보조하는 보조부문으로 구분됩니다.","P","원가와 매출원가를 비교해주세요"
"2","부문별 원가계산이란 무엇인지 설명해주세요","제조간접원가를 합리적인 방법으로 배부할 수 있게 해주는 계산방법입니다. 제품원가를 부문으로 나누어서 계산하는 가장 큰 이유는 제품제조에 투입되는 원가 중 큰 비중을 차지하는 제조간접원가를 정확히 배부하기 위해서 부문별 원가계산을 하고는 합니다.","P","제조간접원가의 종류에 대해 설명해주세요"
"2","부문별 원가계산이란 무엇인지 설명해주세요","부문별 원가계산이란 제품을 생산할 때 발생하는 원가를 분류하여 게산하는 것을 말합니다. 이를 통해 원가에서 가장 큰 부분을 차지하는 비용을 명확하게 파악할 수 있고 그 부분의 비용을 낮춤으로써 원가절감을 가능케하는 기능도 가지고 있습니다. 단 원가를 분류할 수 없을 때는 기능하지 못한다는 단점이 있습니다.","F",""
"2","부문별 원가계산이란 무엇인지 설명해주세요","제조직접원가를 합리적으로 배부할 수 있게 해주는 계산방법이 부문별 원가계산입니다. 원가를 분리하여 계산하는 방법으로, 각 제조공정별로 투입되는 비용을 한 눈에 파악할 수 있습니다. 단 이 때 제조방법 중 들어가는 간접적인 비용을 확인할 수 없다는 단점을 가지고 있습니다.","F",""
"2","부문별 원가계산이란 무엇인지 설명해주세요","부문별 원가계산이란 제품원가를 절차별로 나누어서 적용하는 방법으로 제조공정 당 들어가는 원가를 한 눈에 파악할 수 있지만, 단일 공정의 경우에는 적용할 수 없다는 단점을 가지고 있습니다. 따라서 서비스업과 같이 제조간접원가만 가지고 있는 단일공정은 부문별 원가계산의 대상이 될 수 없습니다.","F",""
"2","부문별 원가계산이란 무엇인지 설명해주세요","제조간접원가는 제품을 제조하기 위해 직접 투입된 원가가 아니어서 제품에 직접 배부하기가 대단히 어렵고 모호합니다. 부문별 원가계산은 제조간접원가의 합리적인 방법으로 배부할 수 있게 해주는 계산방법으로 제조현장에서 널리 사용되며 재료비, 노무비, 경비 등을 각 부문을 통과한 제품에 직접 배부하면 되므로 계산이 어렵지 않습니다.","P","재료비와 노무비에 대해 설명해주세요"
"2","부채비율에 대해서 설명해주세요","부채비율은 기업의 재무안정성을 측정한 비율로서 자기자본으로 타인자본을 얼마나 상환할 수 있는가를 측정하는 비율입니다. 자기자본은 재무상태표으 자본총계를 뜻하며 순자산이라고도 합니다. 자기자본은 자본금, 자본잉여금, 자본조정, 기타포괄손익누계액, 이익잉여금으로 구성됩니다.","P","재무안정성을 측정하기 위해서 사용되는 비율계산법에 대해 설명해주세요"
"2","부채비율에 대해서 설명해주세요","기업은 자기자본만으로는 적극적인 영업활동을 할 수 없기 때문에 당연히 타인자본인 부채를 영업활동에 투입하게 됩니다. 즉, 타인자본을 빌려와서 지렛대처럼 활용하여 매출을 증대시키는 게 통상적입니다. 하지만 부채가 많아질 경우, 부채비율이 높아지며 이 경우, 기업의 재무건전성이 악화될 수 있습니다.","P","기업의 영업활동에 대해 설명해주세요"
"2","부채비율에 대해서 설명해주세요","부채비율은 기업의 자본 중에서 타인자본의 비율이 어느정도인지 측정하는 것을 말합니다. 따라서 부채비율은 측정 시기에 따라 유동적이라는 특징을 가지고 있습니다. 또한 부채비율은 성장가능성이 높은 기업의 경우 이를 더 높이려는 특징을 가지고 있고 기업의 규모가 클수록 부채비율을 낮추려는 특징을 지닙니다.","F",""
"2","부채비율에 대해서 설명해주세요","기업은 자기자본만으로 운영될 수 없기 때문에 반드시 타인자본이 들어오게 됩니다. 주식을 판매하는 행위도 타인자본을 가져오는 행위로 해석될 수 있습니다 .이 때 기업이 보유한 전체 자본에서 타인 자본의 비율을 부채비율이라고 합니다. 부채비율이 5할이 넘어가는 기업은 파산위기 기업으로 간주되어 국가의 보호를 받습니다.","F",""
"2","부채비율에 대해서 설명해주세요","기업은 자기자본만으로 운영되는 것이 가장 이상적인 방안이지만, 현실적으로 그럴 수 없기 때문에 타인자본인 부채를 가져오게 되고 그 부채가 얼마나 있느냐가 부채비율입니다. 부채비율이 높아지면 기업이 가지고 있는 자본의 크기가 높아지는 것을 의미하므로 기업의 규모가 커지게됩니다. ","F",""
"1","분식회계에 관하여 아시는대로 설명해주세요","분식회계는 기업 실적이 좋지 않을 때 주로 이루어집니다. 부당한 방법으로 매출을 늘리거나 비용을 축소해 기업의 자산을 증식시키고 부채를 감소시켜 재무제표상 기업의 실적을 좋게 가공하는 것이 '분식회계'입니다. 기업 실적이 좋지 않다는 것이 알려지면 자금을 융통하기가 어렵고, 상장회사라면 주가가 떨어지기 때문에 기업경영에 재무적으로 악영향을 끼칠 수 있습니다.","P","상장회사의 자금조달 방법에 대해서 설명해주세요"
"1","분식회계에 관하여 아시는대로 설명해주세요","분식회게는 주로 허위매출을 발생시키거나 재고자산액을 실제보다 높게 부풀리거나 악성 매출채권에 대해 대손처리를 하지 않는 등 다양한 형태로 이루어집니다. 분식회계로 기업의 실적을 좋게 꾸미면 외부 투자자들이 실제 기업 사정을 모르고 투자했다 큰 손해를 볼 수도 있습니다.","P","대손처리에 대해 설명해주세요"
"1","분식회계에 관하여 아시는대로 설명해주세요","분식회계는 기업이 특정한 원인이 발생하지 않았음에도 매출이 상승하거나 원가 비용이 줄어듦이 발생하였을 때, 국가가 해당 기업의 회계장부를 조사하는 것을 말합니다. 따라서 기업은 분식회계를 피하기 위해서 매출을 고의적으로 줄이거나 부채비율을 조정하는 방법을 사용합니다.","F",""
"1","분식회계에 관하여 아시는대로 설명해주세요","분식회계는 허위회계로 불립니다. 일종의 사기라고 볼 수 있습니다. 분식회계는 기업 회계의 악습 중 하나이기 때문에 반드시 없어져야한다고 생각합니다. 단 분식회계는 기업이 파산위기에 처했을 경우 어쩔 수 없는 선택이 될 수 있기 때문에 국가에서 기업이 분식회계를 하지 않을 수 있도록 적절한 보조금을 지급해야한다고 생각합니다.","F",""
"1","분식회계에 관하여 아시는대로 설명해주세요","분식회계는 허위로 매출을 상승하거나 원가 비용을 조작하여 외부적인 기업의 인식을 좋게하는 방식을 말합니다. 그러나 현재에 분식회계는 어느정도 용인되고 있습니다. 분식회계는 허위긴 하지만, 이를 통해서 기업의 이익이 활성화되어 경제 선순환이 발생되기 때문입니다.","F",""
"2","비유동부채에 대해 설명해주세요","비유동부채에는 사채, 장기차입금, 장기성매입채무, 임대보증금, 퇴직급여충당금, 이연법인세부채 등이 있습니다. 부채를 상환해야 하는 날이 1년이 넘어 예전에는 고정부채라고도 하였습니다. 회계에서의 고정은 1년 이내에는 변동이 없다는 뜻으로 유동의 반대되는 개념입니다.","P","장기차입금의 정의에 대해 설명해주세요"
"2","비유동부채에 대해 설명해주세요","비유동부채라고 영원히 비유동부채인 것은 아닙니다. 비유동부채 중에는 부채가 발생할 당시에는 상환 도래일이 1년이 넘었지만 연도가 바뀌어 당해 연도에는 1년이 안 된 경우도 있습니다. 즉, 아직 갚아야 할 부채가 남아 있다면 이 부채는 당해 연도의 재무상태표 작성일 기준으로 1년 이내에 상환일이 도래하는 유동부채로 변합니다.","P","유동부채의 종류에는 무엇이 있는지 예시를 들어 설명해주세요"
"2","비유동부채에 대해 설명해주세요","비유동부채는 고정부채와 유사하지만 비유동부채가 더 큰 개념입니다. 고정부채는 1년 이내 변동이 없는 부채를 의미하지만 비유동부채는 부채가 소멸하기 전까지 변동이 없는 부채를 말합니다. 따라서 고정부채와 달리 특정 상환기한이 존재하지 않는다는 특징을 가지고 있습니다.","F",""
"2","비유동부채에 대해 설명해주세요","비유동부채는 부채가 발생한 후 1년까지 부채의 변동이 없는 것을 의미합니다. 우리가 월세,전세 등에 임대보증금을 지급하는 것이 비유동부채의 대표적인 예시라 할 수 있습니다. 따라서 임대보증금을 올려달라는 임대업자의 행동은 명백히 불법이기 때문에 처벌받아야 된다고 생각합니다.","F",""
"2","비유동부채에 대해 설명해주세요","비유동부채는 발생 이후 1년 동안 변동되지 않는 부채를 의미합니다. 단 채무자와 채권자의 원활한 합의를 통해서 비유동부채의 성질이 변경될 수 있습니다. 계약 파기, 재계약과 같은 계약 자체의 성질이 변화할 경우 비유동부채는 그 자격을 상실하며 다른 부채로 전환될 수 있습니다.","F",""
"2","비유동자산에 대해 설명해주세요","회계에서의 유동성과 비유동성을 분류하는 기간은 1년으로 1년 안에 회계적인 사건이 일어나는 것을 '유동', 1년 이후를 '비유동'이라고 합니다. 비유동자산은 1년 이상 기업 내에 보유하면서 장가적인 수익을 올리거나 기업의 영업활동에 지속적으로 효익을 가져다주는 자산입니다.","P","손익계산서 상 영업외 수익이란 무엇을 뜻하는지 설명해주세요"
"2","비유동자산에 대해 설명해주세요","비유동자산에는 투자자산, 유형자산, 무형자산, 기타비유동자산이 있습니다. 투자자산은 장기간에 걸쳐 투자이익을 실현하거나 타기업을 지배하기 위해 보유하는 자산이며 무형자산은 식별이 가능하고 타인으로부터 통제가 가능한 보이지 않는 자산입니다. ","P","유형자산의 예시, 무형자산의 예시를 각각 하나씩 들어 이에 대해 설명해주세요"
"2","비유동자산에 대해 설명해주세요","비유동자산은 움직이지 않는 자산을 의미합니다. 이때 움직인다의 개념은 실제로 운동을 하는 것이 아니라 변동가능성이 있느냐 없느냐로 평가합니다.예를 들어 금과 같은 현물은 유동자산이지만 부동산이나 돈을 지급받기로 약속한 어음과 같은 경우는 비유동자산이라고 할 수 있습니다.","F",""
"2","비유동자산에 대해 설명해주세요","비유동자산은 영구적으로 발생합니다. 자산의 성질이 변하지 않는 이상 비유동자산은 지속적으로 비유동자산이며 유동자산으로 변화하지 않습니다. 예를 들어 승용차와 같은 경우는 가치가 변화하는 유동자산이기 떄문에 그 존재가 소멸되기 전까지 유동자산으로 취급됩니다. 이는 비유동자산도 동일합니다. ","F",""
"2","비유동자산에 대해 설명해주세요","자산이 1년안에 변동이 있으면 유동자산이라고 불리고 그 전까지 변동이 없으면 비유동이라고 합니다. 기업이 어떠한 자산을 소유하면서 그 자산을 토대로 단기적인 수익을 올리기를 기대한다면 비유동자산보다 유동자산을 가지고 있는 것이 효율적이라고 할 수 있습니다.","F",""
"2","사채에 대해서 설명해주세요","사채는 이자와 원금을 상환하는 일자가 확정되어 있는 유가증권입니다. 일반 투자자를 대상으로 발행하며 상환기한이 1년을 넘기 때문에 비유동부채에 해당합니다. 기업이 발행하는 주식과 다른 점은 주식은 상환해야 할 의무가 없는 자본의 항목이고, 사채는 상환 의무가 있는 부채라는 것에 있습니다. 반면 사채를 매입한 투자자 입장에서는 만기보유증권, 매도가능증권 등이 될 수 있으며 보유 목적에 따라 회계 처리를 하면 됩니다.","P","만기보유증권에 대해 설명해주세요"
"2","사채에 대해서 설명해주세요","사채는 자금조달을 위해 이자를 주기로 하고 발행하는 채무증권, 기업에서 발행하므로 회사채라고도 부르는 것입니다. 기업이 사채를 발행하기 위해서는 규모도 물론 중요하지만 기업의 신용도나 금융시장의 여건 등도 영향을 미칩니다. 그래서 사채를 발행할 수 있는 기업은 사실상 그렇게 많지 않습니다.","P","회사의 신용도와 이자율에 대해 설명해주세요"
"2","사채에 대해서 설명해주세요","사채란 티비 광고에서 많이 나오는 산와머니, 러쉬앤캐쉬 등 제3금융권에서 돈을 빌리는 행위를 말합니다. 사채는 제1금융권의 대출보다 연이자가 굉장히 높아서 돈을 한 번 빌리게 되면 이자가 기하급수적으로 늘어납니다. 따라서 사채를 사용하지 않는 것이 가장 중요하다고 생각합니다.","F",""
"2","사채에 대해서 설명해주세요","사채란 돈을 빌렸을 때, 그 이자가 유동적인 증권을 의미합니다. 일반 투자자가 사채를 썼을 경우, 상환기한은 대부분 1년으로 고정되는데 1년 단위로 이자가 변경됩니다. 따라서 사채는 이자의 유동성을 예측할 수 없다는 단점을 가지고 있습니다. 또한 원금과 이자를 모두 갚는다고 해도 신용등급이 하락하여 다시 사채를 쓸 수 밖에 없는 악순환에 빠지게 됩니다.","F",""
"2","사채에 대해서 설명해주세요","사채는 기업이나 개인이 자금을 빌리기 위해 타인 혹은 타 기업에게 돈을 빌리는 행위를 의미합니다. 개인과 마찬가지로 기업도 사채를 사용하기 위해서는 기업의 신용도가 굉장히 중요합니다. 대부분의 기업은 비채비율이 높은 편인데 이를 통해 대부분의 기업이 사채를 적극적으로 사용함을 알 수 있습니다.","F",""
"2","사채할인에 대해 설명해주세요","사채할인에는 사채할인발행차금과 사채할증발행차금이 있습니다. 사채할인발행차금은 액면금액보다 낮게 발행할 때 발생하는 차이액이며 액면금액보다 높게 발생할 때 생기는 차액입니다. 기업이 자금조달을 위해 사채를 발행할 때 사채의 액면이자율이 사채시장에서 형성된 시장이자율보다 낮을 경우  투자자들은 손해를 보기 때문에 사채를 매입하지는 않습니다.","P","액면이자율과 시장이자율 사이의 관계에 대해 설명해주세요"
"2","사채할인에 대해 설명해주세요","사채블 발행하는 기어은 투자자가 손해 보는 이자율만큼에 해당하는 금액을 사채의 액면금액에서 할인해주어 투자를 유도합니다. 이를 사채 할인발행이라 하며, 할인되는 금액을 사채할인발행차금이라고 합니다. 가령, 사채의 액면 이자율이 8%이고 시장이자율이 10%라면 차이가 나는 2%만큼의 이자에 해당된느 금액을 사채으 ㅣ액면가에서 할인해주는데 이 금액을 사채할인발행차금이라고 합니다.","P","주식의 액면금액은 무엇인지 설명해주세요"
"2","사채할인에 대해 설명해주세요","사채할인이란 사채에서 발생하는 이자를 할인해주는 것을 말합니다. 우리가 사채 광고에서 12개월 무이자와 같은 멘트를 볼 수 있는데 이러한 멘트가 사채할인에 해당합니다. 그러나 사채는 한 번 사용하면 신용등급이 영구적으로 훼손되기 때문에 사용해서는 안되는 것입니다..","F",""
"2","사채할인에 대해 설명해주세요","사채 발행은 투자자에 의해서 이자율이 결정되는데 투자자가 원활한 원금회수를 위해서 이자율을 의도적으로 할인하는 일이 발생합니다. 이것이 사채할인입니다. 가령, 기업이 부도,파산의 위기에 처했을 경우, 투자자는 원금회수를 못하게 될까 우려하는데 이때 사채할인을 통해 원금을 최대한 회수할 수 있게끔 합니다.","F",""
"2","사채할인에 대해 설명해주세요","사채할인에는 사채할인발행차금과 사채할증발행차금이 있습니다. 사채할인발행차금은 액면이자보다 높을 때 발생하는 차금이며 후자는 그반대의 개념입니다. 기업이 자금확보를 위해 사채를 발행할 때에는 사체시장의 이자율이 중요한데 보통의 경우 사채할증발행차금을 활용하는 것이 사체시장 이자율이 낮기때문에 기업에서 선호하고 있습니다.","F",""
"2","엔론 사태에 대해서 말씀해주세요","엔론사는 통신, 천연 가스, 전기, 제지, 플라스틱, 석유화학, 철강 등과 같은 분야에까지 손을 댄 에너지 기업이었는데 엔론은 자산과 이익 수치를 대부분 가짜로 부풀려 회계 장부에 기록하였고 빛과 손실을 교묘히 감춤으로써 투자자들을 기망하는 행위를 하여, 언론의 주목을 받았고 결국에는 파산 절차를 밟게 되었습니다.","P","기업의 파산 절차에 대해서 설명해주세요"
"2","엔론 사태에 대해서 말씀해주세요","2001년 말, 엔론의 부실한 재정상태가 일상적이며 체계적이고도 치밀하게 계획된 방식의 회계부정으로 은폐되어 왔다는 사실이 밝혀졌으며, 이것이 잘 알려진 엔론 사태입니다. 이 때부터 엔론은 계획적인 기업 사기 및 비리의 대표적인 사례로 꼽히게 되었습니다. 이 사태는 미국내 여러 회사들의 회계 상태와 관련 활동들에 대한 의문이 제기되는 계기가 되었으며, 2002년 기업에 대한 회계 사베인즈옥슬리 법안(Sarbanes?Oxley Act)의 제정에 결정적인 영향을 끼쳤습니다. ","P","사베인옥슬리 법안에 대해 설명해주세요"
"2","엔론 사태에 대해서 말씀해주세요","엔론사는 2001년에 파산한 기업인데, 회계부정으로 악명높았던 기업이었습니다. 자기가 벌어들인 수익을 과장하고 지출을 축소하여 회계장부를 조작하여 기업의 신뢰도를 위선적으로 높였으나, 정부를 통해 이 사실이 드러나서 영업정지를 당하게 되고 이후 파산했습니다. 이를 통해 회계장부의 투명한 관리의 필요성이 재조명되었다는 의의를 가지고 있는 사태입니다.","F",""
"2","엔론 사태에 대해서 말씀해주세요","2001년 옌론사의 부실한 재정상태가 체계적이고 치밀하게 조작되었음이 만천하에 드러나게되었습니다. 그러나 정부는 이를 알고 있었음에도 옌론사의 에너지 사업을 긍정적으로 생각하여 이를 은폐하는데 이 사실이 언론을 통해 드러나면서 비판에 직면하였습니다. 이를 옌론사태라고 합니다. 이 사태를 통해 미국 내  여러 회사가 옌론사와 같은 조작을 하고 있음이 밝혀지고 결국 2002년에 이를 대비하기 위한 정책이 제안되는 결과를 낳았습니다.","F",""
"2","엔론 사태에 대해서 말씀해주세요","옌론 사태는 회계부정의 대표적인 예시입니다.우리나라에서는 대우같은 기업이 옌론사와 같은 회계부정을 하여 파산한 전례가 있습니다. 이를 통해 회계부정이 대부분의 기업에서 일어남을 알 수 있습니다. 하지만 이러한 회계부정은 조사를 하기 전까지 수면 위로 떠오르기 어렵습니다 .따라서 기업의 도덕성을 최대한 높여 이를 해결하는 것이 필요하다고 생각합니다.","F",""
"2","상호배부법이 무엇인지 말씀해주세요","제조간접원가 중, 보조부문비를 보조부문의 용역수수를 전부 고려해 배부하는 방법이 상호배부법입니다. 제품을 만들 때 직접 제조에 참여하는 부문이 있는가 하면 직접 제조에 참여하지는 않지만 제조를 간접적으로 돕는 보조부문이 있습니다. 보조부문은 제조부문뿐만 아니라 다른 보조부문에도 용역을 제공하므로 이에 대해 비용을 분배하는 것이 상호배부법입니다.","P","제조간접원가를 제조에 참여하는 것을 기준으로 직접, 간접으로 나누는 것이 상호배부법인데 상호배부법의 단점에 대해 설명해주세요"
"2","상호배부법이 무엇인지 말씀해주세요","상호배부법은 보조부문 사이의 용역수수를 전부 고려해 보조부문에서 발생한 제조간접원가 중 보조부문비를 제조부문에 배부하는 방법입니다. 보조부문비를 제조부문에 배부하는 다른 방식은 직접배부법과 단계배부법이 있으며 이 방식은 보조부문간의 용역수수를 전혀 고려하지 않거나 일부만을 고려해 정확도가 떨어진다는 단점이 있습니다.","P","직접배부법과 단계배부법에 대해 설명해주세요"
"2","상호배부법이 무엇인지 말씀해주세요","제조간접 원가 중에 보조부문비에 대해서 보조부문에 있는 용역수수를 제외하고 균일하게 배부하는 것이 상호배부법입니다. 용역수수는 노동자 마다 노동력의 가치가 상이하기 떄문에 균일한 배부가 어렵다는 문제가 있어서 이를 제외하여 균이한 배부를 하는 것이 보다 효율적이라고 판단한 것이 상호배부법이라고 할 수 있습니다.","F",""
"2","상호배부법이 무엇인지 말씀해주세요","제품을 만들 때 직접 제조하지 않는 부분 즉 제조간접원가에서 보조부문의 원가를 균일하게 배부하는 것이 상호배부법이라고 합니다. 상호배부법은 직접배부법과 단계배부법으로 나뉘고 이 둘은 보조부문 원가의 기준에 따라 보조부문비를 직접 균일하게 나눌 것인지, 단계별로 나눌 것인지로 나뉩니다.","F",""
"2","상호배부법이 무엇인지 말씀해주세요","상호배부법은 보조부문 사이의 용역수수를 전부 제외하고 보조부문에서 발생한 제조간접 원가 중에서 보조부문지를 제조부문에 배부하는 방식입니다. 제품을 만들 때 직접 제조에 참여하지 않는 간접적으로 돕는 보조부문에 적용되는 것으로 이에 대한 비용을 분배하는 것이 상호배부법이라고 할 수 있습니다","F",""
"2","선급금에 대해 설명해주세요","선금금은 매출을 발생시키기 위해 상품이나 원재료를 구매하여 지불한 비용을 뜻합니다. 이처럼 영업활동을 위한 상거래가 아닌 회사의 자산을 건설하기 위해 지불한 계약금은 선급금이 아니라 건설중인자산에 해당하므로 회계 항목 상 혼동이 없도록 하여야 합니다.","P","건설중인자산으로 회계처리해야하는 항목에 대해 설명해주세요"
"2","선급금에 대해 설명해주세요","구하기 힘든 외국 제품이나 국내 생산량이 많지 않은 원재료나 상품 등은 먼저 계약금이나 전액을 주고 나중에 물품을 받는 경우가 있습니다. 원재료나 상품에 대한 우리 회사의 권리를 먼저 확보하는 것인데요. 이럴 때 상대방에게 미리 지급한 계약금이 바로 선급금에 해당합니다. 상대방의 입장에서 보면 선수금이 됩니다.","P","계약금을 회수하지 못할 때 회계처리를 어떻게 해야하는지 설명해주세요"
"2","선급금에 대해 설명해주세요","선급금은 상품이나 원재료를 구매하기 위해서 우선적으로 지불하는  계약금과 같은 개념을 의미합니다. 이는 단순히 현물 뿐만 아니라 용역비용, 서비스비용 등도 해당될 수 있습니다. 그러나 선급금의 경우 계약금이라고 고려되기 때문에 원금 이상의 금액을 지불할 수는 없습니다.","F",""
"2","선급금에 대해 설명해주세요","선급금이란 어음과 같은 개념으로 인식하면 수월합니다. 어음이 돈을 지불하겠다고 약속한 표시라고 한다면 선급금이란 돈을 지불했다는 표시라고 생각하면 수월하게 이해할 수 있습니다. 선급금은 반드시 화폐의 이동이 발생하지 않아도 계약서를 통해서 선급금의 지급할 것이라는 약속을 하면 선급금이 지급된 것으로 고려됩니다.","F",""
"2","선급금에 대해 설명해주세요","선급금이란 거래가 성사되었다고 확인되면 물품을 받기 전에 지불하는 금액을 의미합니다. 단 상대방이 선급금을 거절할 경우 계약은 파기될 수 있습니다. 상대방이 선급금으로 전액을 받았다고 하더라도 추후 상품에 이상이 생겨 거래를 취소하고 싶을 경우 계약은 파기되며 선급금은 다시 거리 대상자에게 귀속됩니다. ","F",""
"2","선급비용에 대해 설명해주세요","선근비용은 계약기간 동안 발생할 비용을 미리 지급했을 때 계약기간이 아직 경과하지 않은 부분에 대해서 처리하는 계정이며 반대되는 계정으로는 선수수익이 있습니다. 임차료나 보험료, 용역수수료 등 계약기간 동안 발생하는 비용이 선급비용에 속하게 됩니다.","P","선수수익에 대해서 설명해주세요"
"2","선급비용에 대해 설명해주세요","선급비용은 미래의 효익을 위해 기간의 비용을 미리 지급한 비용입니다. 여기서 중요한 것은 회계는 상대방에게 미리 지급한 금액의 대가에 해당하는 재화나 용역을 제공받지 못한 경우, 미리 지급한 금액을 자산으로 인식한다는 것입니다. 즉, 계약할 때 특정 기간 동안의 비용을 지불했지만 아직 하루도 사용하지 않았을 경우, 선그비용을 자산으로 처리해야 합니다.","P","기간에 따른 비용인식에 대해 설명해주세요"
"2","선급비용에 대해 설명해주세요","선급비용이란 계약이 발생했을 때 비용을 미리지급하고 계약기간이 경과한 후 남은 물품에 대해 처리하는 금액을 말하는 것으로 선수수익과 반대되는 개념입니다. 선급비용은 법률적으로 보호받기 때문에 계약 이후에 대상자가 선급비용을 지불하지 않게되면 형사처벌을 받게됩니다.","F",""
"2","선급비용에 대해 설명해주세요","선급비용은 쉽게 풀이하자면 미리낸 비용이라고 생각하셔도 좋을 것 같습니다. 단 선급비용의 경우 거래 계약에 미리 작성되지 않은 경우 법적 보호를 받지 못한다는 한계가 있습니다. 또한 거래자가 막대한 융자를 소유하고 있을 경우 선급비용 대상에서 제외되기 때문에 거래자의 융자를 확인하는 것이 중요합니다.","F",""
"2","선급비용에 대해 설명해주세요","선급비용은 기간에 대한 비용을 미리 지급하는 것을 말합니다. 여기에서 회계는 선급비용을 계약금으로 인식합니다. 따라서 물품을 지급받은 후에는 같은 비용이라도 그 의미가 달라지게 됩니다. 물픔을 지급받기 전에는 선급비용으로 인식되지만 지급받은 이후 그 금액은 선수수익으로 전환되는 특징을 지닙니다.","F",""
"2","선수금에 대해 말씀해주세요","선수금은 상품이나 제품을 인동하기 전 또는 용역이나 공사를 제공하기 전에 일부 혹은 전부를 받은 돈을 말하며 주로 계약금에 해당됩니다. 선수금은 미리 받은 돈이고 결국은 수익인데 특이하게도 부채의 항목인데요. 이는 돈은 미리 받았지만 아직 받은 만큼 재화나 용역을 제공하지 않았기 때문입니다. 반대로 선수금을 지급한 거래 상대방의 입장에서는 선급금이 됩니다. 선급금은 유동부채가 아닌 유동자산에 해당됩니다.","P","부채에 삽입되는 항목들의 예시를 3가지를 들어 설명해주세요"
"2","선수금에 대해 말씀해주세요","선수금은 상품이나 제품, 용역 등을 제공하기 전에 받은 계약금에 해당합니다.  부동산업·창고업·영화업, 기타 용역 제공을 영업목적으로 하는 기업의 영업수입 선수금 등이 해당됩니다. 선수금은 현금으로 변제되는 부채가 아니라 물품 또는 용역을 인도함으로써 그 채무가 소멸된다는 특징을 가지고 있습니다.","P","현금성자산의 종류에 대해 설명해주세요"
"2","선수금에 대해 말씀해주세요","선수금은 선급금을 받은 상대방이 받은 개념입니다. 예를 들어 자신이 아르바이트를 하기 전에 아르바이트 비용을 먼저 받았다면 이는 선수금에 해당합니다. 선수금은 법적 효력에 강제성이 없어서 선수금을 받고 난 뒤에 용역을 제공하지.않아도 형사처벌의 대상이 되지 않습니다.단지 계약이 파기될 뿐입니다.","F",""
"2","선수금에 대해 말씀해주세요","선수금은 거래가 발생한 후 제품을 제공하기 전에 미리 받은 돈을 의미합니다. 단 이 때의 제품은 현물의 개념으로써 노동력과 같은 무형자산에 대해서는 선수금이 적용되지 않습니다. 또한 선급금은 부채의 개념이기 떄문에 유동부채의 일종으로 고려되기도 합니다.","F",""
"2","선수금에 대해 말씀해주세요","선수금은 상품이나 제품을 인수하기 전에 받아야 되는 총 금액의 절반을 미리지급하는 것을 말합니다. 이를 통해 계약 당사자는 선수금을 지금받은 사람이 용역이나 물품을 지급받을 것이라는 약속을 받습니다. 현재 대한민국은 선급금에 대한 부정적인 의도를 방지하기 위해서 선급금을 비유동자산으로 분류합니다. 자금에 고정성을 띄게하여 원활한 거래가 이루어지게 하기 위함입니다.","F",""
"2","선수수익이 무엇인지 설명해주세요","선수수익에는 선수임대료, 선수이자, 선수수수료 등이 포함됩니다. 회계 상 수익은 당연히 자산이어야 하는 항모이지만 선수수익은 특이하게도 부채의 항목입니다. 회계는 상대방에게 미리 받은 금액의 대가에 해당하는 재화나 용역을 제공하지 않는 경우, 미리 받은 금액은 부채로 인식하기 때문입니다.","P","선수임대료에 대해 설명해주세요"
"2","선수수익이 무엇인지 설명해주세요","대가의 수입은 이루어졌으나 수익의 귀속시기가 차기 이후인 것을 말합니다. 선수수익은 일종의 부채이기는 하나, 원칙적으로는 금전으로 변제되는 부채가 아니라 일반적으로 계속적인 용역의 제공을 통하여 변제되는 부채인데요. 선수수익으로 처리해야 할 대상으로는 영업외수익항목인 이자수익의 선수금액 등이 있습니다.","P","영업외수익에 대해 자세히 설명해주세요"
"2","선수수익이 무엇인지 설명해주세요","선수수익이란 상대방에게 미리 받음 금액 즉 선수금에 대한 대가에 해당하는 재화나 용역의 일종입니다. 선수수익은 부채의 일종입니다. 미리 받은 금액이기 때문에 재화나 용역을 지불하지 않으면 재산이 되지 않기 때문입니다. 단 계약이 파기 될 경우에 선수수익은 부채에서 재산으로 전환됩니다.","F",""
"2","선수수익이 무엇인지 설명해주세요","선수수익은 선수금을 통해 얻는 재산을 말한다. 혹자는 선수수익이 부채라고 하지만, 부채의 경우 일반적으로 부채 상환을 금전으로 상환되지만 선수수익은 용역이나 물품으로 변제되기 떄문에 부채라고 볼 수 없다. 따라서 선수수익은 재산의 일종이지만 유동성을 가진 것으로 파악하는 것이 올바르다.","F",""
"2","선수수익이 무엇인지 설명해주세요","선수수익이란 선수금을 통해서 얻은 수익을 의미합니다. 계약 당사자가 선수금을 받게 되면 그 당사자의 개인재산으로 선수금이 귀속되게 되는데 이러한 선수금을 선수수익이라고 합니다. 선수수익은 반드시 재화일 필요가 없고 용역도 해당될 수 있습니다.","F",""
"2","선입선출법에 대해 말씀해주세요","선입선출법은 상품을 매매하는 기업이면 가장 먼저 매입한 상품이 가장 먼저 판매된 것으로 간주해 재고자산을 평가하고, 제조기업인 경우에는 가장 먼저 입고된 원재료가 가장 먼저 제조공정에 투입된다는 가정하에 재고자산을 평가하는 방법입니다.","P","재고자산 실사가 어려운 산업군의 종류를 들어 그 이유를 설명해주세요"
"2","선입선출법에 대해 말씀해주세요","선입선출법을 원가흐름을 가장 정확하게 측정하는 방법이라고 합니다. 왜냐하면 대부분 기업들은 상품을 판매하거나 제조할 때 먼저 입고된 상품을 판매하거나 먼저 입고된 원재료를 제조공정에 투입하기 때문입니다. 선입선출법으로 재고자산을 평가하면 월말재고의 평가액은 현재의 시장가치를 가장 잘 반영할 수 있습니다. 하지만 매출원가는 가장 먼저 입고된 재고자산으로 판매나 제조를 했기 때문에 현재의 시장가치와는 잘 맞지 않을 수 있다는 단점이 있습니다.","P","재고자산의 평가 과정에서 회계사의 역할에 대해 설명해주세요"
"2","선입선출법에 대해 말씀해주세요","선입선출법은 편의점에서 많이 볼 수 있습니다. 삼각김밥의 경우 가장 나중에 들어온 것을 가장 뒤로 하고 가장 오래된 삼각김밥을 가장 앞에 놓음으로써 소비자가 유통기한이 얼마 남지 않은 물품을 먼저가져갈 수 있도록하여 효율적인 유통을 할 수 있게 도와주는 것을 의미합니다.","F",""
"2","선입선출법에 대해 말씀해주세요","선입선출법은 상품을 판매하는 기업이 가장 나중에 매입한 상품을 가장 먼저 판매한 것으로 간주해서 이를 평가하고 제조기업의 경우 가장 나주에 입고된 원재료를 가장 나중에 제조공정에투입한다는 가정하에 재고자산을 평가하는 방법을 말합니다.","F",""
"2","선입선출법에 대해 말씀해주세요","선입선출법을 통해서 원가의 흐름을 가장 정확하게 파악할 수 있습니다. 단 선입선출법의 경우 매매기업이나 제조기업만 할 수 있기 때문에, 서비스업을 중심으로 하는 기업에서는 선입선출법을 할 수 없다는 단점이 있습니다. 하지만, 제조기업과 매매기업의 경우에는 판매나 제조공정에서 시간성을 보장하여 현재 시장가치를 보다 정확하게 파악할 수 있다는 장점이있습니다.","F",""
"2","세금과공과가 무엇인지 설명해주세요","기업이 영업홀동을 영위하기 위해서 납부하는 세금에는 재산세, 자동차세, 면허세, 사업소세 등이 있습니다. 공과는 공공적인 지출성격이 있는 조합비, 적십자회비, 협회비, 과태료 등을 말합니다. 하지만 전기세와 수도세 등은 세금과공과에 해당하지 않고 수도광열비에 해당합니다.","P","재산세의 예시를 들어 설명해주세요"
"2","세금과공과가 무엇인지 설명해주세요","세금과공과는 세금과 각종 공과금을 처리하는 계정과목입니다. 세금과공과와 유사한 항목이나 세금과공과가 아닌 항목 중 대표적인 것은 취등록세와 같이 취득원가로 간주되는 비용, 법인세와 같이 미지급법인세에 포함되는 비용, 부가세처럼 부가가치예수금 항목에 삽입되는 비용 등이 있습니다.","P","취등록세를 예시를 들어 설명해주세요"
"2","세금과공과가 무엇인지 설명해주세요","기업의 영업을 원활하게 하기 위해서는 납세를 하는 것은 필수불가결합니다. 공과는 이런 납세에서 기업의 공공적인 지출을 의미합니다. 적십자회비,과태료,전기세,수도세와 같은 세금을 공과로 분류하고 있습니다. 그러나 조합비와 같은 경우는 기업 구성원의 자율에 따라 발생하는 비용이기 때문에 공과에 속하지 않습니다.","F",""
"2","세금과공과가 무엇인지 설명해주세요","세금과 공과는 세금과 각종 공과금을 처리하는 항목입니다. 취등록세를 대표적인 세금과공과로 볼 수 있습니다. 취등록세는 취득원가로 간주되는 비용을 말합니다. 원가를 처리하는 것은 기업을 구성하는 기초단위이기 떄문에 공과금으로 분류하는 것이 타당합니다.","F",""
"2","세금과공과가 무엇인지 설명해주세요","저는 저번 기업에서 세금과공과를 처리하는 부서에서 일을 했기 떄문에 세금과공과에 대해서 잘 알 고 있습니다. 세금과공과는 기업의 영업활동에서 발생하는 공공적인 세금을 총칭합니다. 예를 들어 법인세나 부가세를 들 수 있습니다. 그러나 기업 활동을 하면서 개인의 부주의로 인해 발생한 과태료와 같은 항목은 공공항목이 아니기때문에 세금과공과에서 제외됩니다.","F",""
"2","소모품비가 무엇인지 설명해주세요","소모품과 반대되는 것이 유형자산입니다. 유형자산은 자산의 내구성을 측정하여 사용할 수 있는 기간을 정하고 정해진 기간 동안 자산의 취득원가를 사용기간 동안 불할해 매월 감가상각비로 비용에 반영하게 됩니다. 즉, 유형자산은 단순히 소모성으로 사용하는 것이 아니라 장기적으로 사용할 수 있는 내구성이 있으나 소모품은 그렇지 않습니다. 때문에 소모품비는 내구성이 없는 소모성 용품을 처리하는 계정이라 할 수 있습니다.","P","내구재의 내용연수와 감가상각비 처리의 관계에 대해 설명해주세요"
"2","소모품비가 무엇인지 설명해주세요","소모품과 유형자산을 구분하는 것이 중요합니다. 하지만 금액이 크거나 소모성 물품이 아니더라도 소모품인 경우가 있습니다. 가령, 커퓨터를 제조하는 회사인데 경쟁사 제품의 성능이 궁금해 경쟁사 제품을 완전 부해해서 분석하기 위해 구매했다면 이것은 소모품이라 할 수 있습니다. 컴퓨터를 장기간 사용하려고 구매한 것이 아니라 일시적으로 분해해서 분석하고 테스트한 후 폐기하기 때문입니다.","P","재고 폐기에 따른 회계처리에 대해 설명해주세요"
"2","소모품비가 무엇인지 설명해주세요","소모품비는 소모품을 기업에서 구매할 때 발생하는 비용을 말합니다. 그러나 기업은 어떤 종류를 소모품으로 볼지 난처할 때가 많습니다. 또한 소모품비의 경우 매월 유동적으로 변화한다는 단점이 있습니다. 어떤 달에는 소모품비가 많이 들때가 있고 어떤 달에는 보다 적게들 때가 있기 때문에 회계장부에 기록하는데 어려움이있습니다.","F",""
"2","소모품비가 무엇인지 설명해주세요","소모품비는 기업이 기업활동을 하는 중 소모되는 것들을 구입할 때 나는 비용입니다. 예를 들어 회사에는 사무용품이 많이 필요합니다. 펜이나 지우개 등을 예로 들 수 있습니다. 소모품비는 보통 기업에서 가장 적은 단위로 발생하기 때문에 소액으로 책정되는 경우가 많습니다.","F",""
"2","소모품비가 무엇인지 설명해주세요","소모품비는 유형자산의 종류로 볼 수 있습니다. 유형자산은 말그대로 형태가 있는 자산이기 때문에 감가상각비 등이 들고, 소모품은 사용하면 그 개수가 감소하는 것이기 때문에 새로사야하는 비용이 듭니다. 따라서 소모품비에서 소모품을 구매하는 비용은 감가상각비의 일종으로 파악할 수 있습니다.","F",""
"1","손익계산서에 대해 설명해주세요","손익계산서는 기업이 영업활동을 통해 발생시킨 매출액과 매출액을 발생시키기 위해 투입된 매출원가와 판매관리비, 영업외손익을 대응시켜 최종적으로 기업의 경영성과인 당기순이익을 산출한 보고서로써, 기업의 손실과 이익을 표현한 것입니다. 손익계산서의 최종 결과인 당기순이익에 기타포괄손익을 추가하여 총포괄손익을 산출한 것은 포괄손익계산서라 불립니다.","P","당기순이익의 과대 계상이 발생하는 이유로는 어떤 것이 있을지 설명해주세요"
"1","손익계산서에 대해 설명해주세요","손익계산서는 이익의 개념이 단계별로 계산되어 있습니다. 매출총이익, 영업이익, 단기순이익으로 구분되어 있어 외부사용자가 기업의 재무상태르 어느정도 파악하는데 도움이 되는 기초자료이기도 합니다. 결론적으로 손익계산서는 영업활동에 의한 성과를 이익별로 표시한 손익보고서라 할 수 있습니다.","P","매출총이익과 영업이익 사이의 관계에 대해 설명해주세요"
"1","손익계산서에 대해 설명해주세요","손익계산서는 이익의 개념을 단계별로 계산되어 있는 것을 말합니다. 주로 매출의 총이익 매출의 총지출 두가지로 구분하는 것이 일반적입니다. 또한 손익계산서는 기업내부 사정을 드러내는 중요한 지표이기 때문에 외부사용자가 연람할 수 없는 대외비의 성질을 가지고 있습니다","F",""
"1","손익계산서에 대해 설명해주세요","손익계산서는 기업이 매출액과 매출원가 등을 전부 적어서 순이익을 산출한 보고서로 기능합니다. 기업의 손실과 이익을 표현하기 위해 존재합니다. 손익계산서는 기업활동의 기초적인 부분이기 때문에 최대한 지표를 종합하여 보고하는 것이 중요합니다. 세부적인 내용보다 최종 지출과 수익만을 기록하는 것이 효과적입니다.","F",""
"1","손익계산서에 대해 설명해주세요","손익계산서란 기업의 영업활동에서 발생하는 손해와 이익을 기록한 것을 말합니다. 단 이때 손익이 발생할 때마다 손익계산서를 기록하게 되면 손익계산서의 관리가 어렵기 떄문에 일시적 이익과 손해는 제외하는 것이 합리적으로 장부를 적는 방법입니다. 또한이를 위해 손익계산서는 대부분 월말에 손익계산서를 작성하는 것이 일반적입니다.","F",""
"2","손익분기점에 대해 설명해주세요","손익분기점은 매출로 발생한 이익이 투입된 총비용과 같아지는 지점으로 쉽게 말해서 분전이 되는 지점입니다. 따라서 손익분기점을 산출하려면 상품이나 제품을 몇 개나 팔아야 하는지를 계산하는 손익분기점 매출수량을 산출할 수 있어야 합니다. ","P","매출 발생 시, 차변과 대변의 회게처리에 대해 설명해주세요"
"2","손익분기점에 대해 설명해주세요","손익분기점을 산출하려면 우선 변동비와 고정비를 구분해야 합니다 .변동비와 고정비를 명확하게 구분하기란 매우 어렵고 기업 내에서 여러 부서드로가 협의해 가장 합리적인 수준으로 구분하면 됩니다. 대표적인 변동비는 재료비와 외주용역비, 전력비, 포장비, 운반비 등이 있습니다. ","P","변동비에 삽입되는 항목을 설명하고 이에 대해 자세히 설명해주세요"
"2","손익분기점에 대해 설명해주세요","손익분기점은 수익이 지출을 넘기는 지점을 의미합니다. 예를 들어 수익이 오십만원일 때 지출 역시 오십만원인 지점을 손익분기점이라고 합니다. 이때 수익과 지출의 차가 0이기 때문에 이 지점을 돌파하면 수익이 더 높은 지점으로 향하고 따라서 수익이 발생합니다. ","F",""
"2","손익분기점에 대해 설명해주세요","손익분기점을 산출하기 위해서는 수익과 지출만 알 수 있으면 되어 간편한 회계지표라고 할 수 있습니다. 또한 기업이 이익을 내기 위해서는 손익분기점을 최대한 빠르게 돌파하는 것이 중요하기 때문에 단기간에 손익분기점을 돌파하는 것이 사업을 시작하는 기업의 입장에서는 최우선 과제로 작동합니다.","F",""
"2","손익분기점에 대해 설명해주세요","손익분기점은 변동비와 고정비를 구분해야만 산출됩니다. 고정비는 제품을 생산할 때 발생하는 비용이며 불변하기 때문에 쉽게 계산이 가능하지만 변동비의 경우 재료비, 노동비, 전력비, 포장비 등 유동적인 지표가 많기 때문에 변동이 있을 때마다 기록해야할 필요성이 있습니다.","F",""
"2","수수료비용이 무엇인지 설명해주세요","수수료비용은 각종 용역이나 서비스, 또는 중개 등의 대가로 지불하는 모든 수수료입니다. 지급수수료라고도 하짐나 최근에는 대부분 수수료비용이라고 하고 있으며, 쉽게 말해 내가 하지 못하는 일을 남한테 시켰을 때 발생하는 비용으로 이해하면 됩니다.","P","수수료비용 발생시 차변과 대변의 회게처리에 대해 설명해주세요"
"2","수수료비용이 무엇인지 설명해주세요","수수료비용에 해당하는 항목은 아주 많습니다. 주로 용역을 제공받고 지불하는 수수료가 많은 부분을 차지하는데요. 청소용역비, 경비용역비가 대표적이며 법무수수료, 부동산 중개수수료, 세무사나 회계사 비용, 은행 이체수수료, 사내 ERP 외주업체 활용비용 등 무수히 많습니다.","P","용역업체가 수수료를 수취했을 때 회게처리에 대해 설명해주세요"
"2","수수료비용이 무엇인지 설명해주세요","수수료비용이란 중개, 서비스,용역 등의 대가로 지불하는 수수료에 사용되는 자본을 의미합니다. 주료 용역 대가에서 수수료가 많이 발생하는데 용역의 대가로 용역자에게 주는 임금과 같은 용역소득은 수수료로 고려되며, 서비스업의 경우에도 마찬가지로 임금이 수수료를 통해 거래됩니다.","F",""
"2","수수료비용이 무엇인지 설명해주세요","수수료란 거래가 발생했을 때 타인을 거칠 경우 타인에게 부여되는 금액을 의미합니다. 대표적인 예로, 부동산의 공인중개사가 중개를 통하여 임대업자와 거래당사자를 연결했을 때 공인중개사가 받는 복비가 수수료의 개념이라고 할 수 있습니다. 단 수수료의 경우 정해진 비율이 없기 때문에 할인이 가능합니다.","F",""
"2","수수료비용이 무엇인지 설명해주세요","수수료비용에 해당하는 항목은 아주 많아 포괄적인 개념이라고 할 수 있습니다. 모든 거래에서는 제 3자가 개입할 경우 수수료가 발생하게 되는데 이 금액이 현재에 이르러 너무 상승하여서 거래를 직접적으로 거래하는 것이 활성화되고 있는 실정입니다. 직거래나 해외직접구입 역시 수수료를 피하기 위한 사회적인 행동으로 평가되어질 수 있습니다.","F",""
"2","수익비용 대응의 원칙에 대해 설명해주세요","기업은 당연히 수익을 내기 위해 비용을 지출합니다. 회계의 가장 기본은 수익과 그에 대응하는 비용의 차이를 계산해 손익을 산출하는 것입니다. 그런데 만약 수익은 당기에, 비용은 차기에 인식한다면 당해 연도 손익을 계산하는 의미가 없습니다. 그래서 수익이 발생한 시점에 수익의 원인인 비용도 같이 대응시키는데, 이것을 수익 비용 대응의 원칙이라 합니다.","P","생산단위 당 비용이 체감적으로 발생하는 것을 두고, 규모의 경제가 작동한다고 합니다. 이에 대해 설명해주세요"
"2","수익비용 대응의 원칙에 대해 설명해주세요","수익이 발생하는 시점에 수익을 내기 위해 지출한 비용을 같이 대응시키는 것을 말합니다. 수이는손익계산서에 매출이 발생한 시점에 매출원가 또는 판매관리비로 대응시킨다는 의미인데요. 하지만 수익창출에 영향을 미치지만 그 효과를 측정하기가 아주 어려운 비용들이 있기도 합니다. 광고선전비, 접대비, 마케팅비, 일반관리비와 같은 영업활동에 따른 비용인데요. 이러한 비용들은 지출했다고 반드시 수익과 대응시킬 수는 없습니다. 이처럼 기업에서 발생되는 모든 비용이 반드시 수익, 비용 대응의 원칙으로 대응되어야 하는 것은 아닙니다. 수익과 비용의 인과관계를 잘 파악해서 대응시키는 것이 중요한 이유입니다.","P","수익비용 대응의 원칙을 지키기 위해 인고관계를 잘 파악해야 하는데, 이 이유에 대해 설명해주세요"
"2","수익비용 대응의 원칙에 대해 설명해주세요","수익비용대응의 원칙이란 수익에 대응하여 지출이 발생하기 때문에 이를 분리하지 않고 동시에 고려한다는 원칙입니다. 그러나 지출이 발생한 다음에 수익이 발생했을 경우, 그 기간에 시간차가 발생할 수 있습니다. 이때 수익이 발생한 후에 기입하는 것을 원칙으로하며, 수익이 발생하지 않은 지출은 누락합니다.","F",""
"2","수익비용 대응의 원칙에 대해 설명해주세요","기업은 수익을 내기 위해 최선을 다합니다. 수익을 발생하려면 지출이 필수불가결하게 발생합니다. 수익비용 대응의 원칙이란 발생한 지출에 대해서 수익을 대응시켜서 회계에 기입하는 것을 말합니다. 단 이 때, 지출이 수익보다 더 커서 손해가 발생할 경우 회계에 기입하지 않는 것을 원칙으로 합니다.","F",""
"2","수익비용 대응의 원칙에 대해 설명해주세요","수익이 발생하고 나서 이를 정리 할때, 발생한 지출을 하단에 기입하는데 이를 수익비용대응의 법칙이라고 합니다. 수익창출에 지출이 무조건적으로 발생한다는 것을 전제로합니다. 그러나 지출이 발생하지 않았는데 수익이 발생하는 부가수익이 있을 수 있어 이런 수익을 기입하지 못한다는 단점이 있습니다.","F",""
"2","수익적 지출이 무엇인지 말씀해주세요","수익적 지출은 유형자산의 보수, 소모부품 교체 등 성능유지를 위해서 지출하는 비용으로 유형자산의 가치를 증가시키는 자본적 지출의 반대 개념이다. 수익적 지출을 한다고 유형자산의 성능이 새롭게 가치가 증가하거나 미래의 효익을 가져다주지는 않습니다.","P","수익적 지출은 유형자산의 가치가 증대되었을 대의 비용을 뜻합니다. 수익적 지출의 예시에 대해 설명해주세요"
"2","수익적 지출이 무엇인지 말씀해주세요","기업회계에서는 금전의 유출인 지출을 수익적 지출과 자본적 지출로 구별합니다. 이는 기간손익계산을 적정하게 시행하기 위해서는 거래를 손익거래와 자본거래로 구분할 필요가 있기 때문인데요. 이 경우 손익거래의 결과로 발생하는 지출이 수익적 지출이며, 자본거래에 의하여 자산이 증가되는 지출을 자본적지출이라 할 수 있습니다.","P","자본적 지출의 예시에 대해 설명해주세요"
"2","수익적 지출이 무엇인지 말씀해주세요","수익적 지출은 수익이 얻어지는 것이 확실할 경우 비용 투자의 개념으로 지불하는 지출을 의미합니다. 일종의 확정 거래의 개념으로 확정적으로 수익이 얻어지는 소비에 대해서 수익적 지출이라고 합니다. 예를 들어, 주식 투자에서 반드시 오르는 주식을 구매하는 것을 수익적 지출이라 말할 수 있습니다.","F",""
"2","수익적 지출이 무엇인지 말씀해주세요","수익적 지출은 무형자산에 적용되는 개념으로서 무형 자산을 유지시키기 위해 지출되는 비용을 뜻합니다. 무형자산은 형태가 존재하지 않기 떄문에 수익적 지출을 통해서 그 존재를 확인함으로써 유지될 수 있습니다. 유형자산에도 수익적지출이 존재하지만보통 유지비용이라는 용어를 많이 사용합니다.","F",""
"2","수익적 지출이 무엇인지 말씀해주세요","기업 회계에서 수익적 지출은 금전의 유출 개념 중 일부로 기능합니다.기간 손익계산을 적정하게 유지하기 위해서는 손익거래를 자본거래와 구분할 필요가 있는데 이경우 손익 거래의 결과로 발생하는 것은 자본적 지출이며 자본거래에 의해 발생하는 것이 수익적 지출이라고 구분합니다.","F",""
"2","순자산에 대해 설명해주세요","자산은 크게 기업의 순수한 자본으로 형성된 자산과 타인으로부터 자본을 빌려 형성된 자산 두 가지가 복합되어 있습니다. 부채로 형성된 자산을 제외한 순수한 자기자산이 그래서 순자산을 뜻한다고 할 수 있습니다.","P","순자산의 계산식에 대해 설명해주세요"
"2","순자산에 대해 설명해주세요","대차대조표의 총자산으로부터 부채를 뺀것. 즉 자본금, 자본준비금, 이익준비금, 이익잉여금등의 합계액을 말하는 것으로 자기자본이라고도 합니다. 총자산 중 순자산이 많으면 많을수록 재무 내용이 뛰어난 우량기업이라고 하는데요. 미국에서는 주식회사의 순자산은 기업의 재산이 아니고 출자자(주주)의 재산이라고 하는 생각이 지배적으로 stock holder'sequity(주주지분)라고 하는 표현이 사용되고 있습니다.","P","이익잉여금에 대해 설명해주세요"
"2","순자산에 대해 설명해주세요","순자산이란 기업이 가지고 있는 자산을 말하며 타인자본 자기자본과 관게없이 현재 기업이 어느정도의 자금을 가지고 있는지 판단하는 지표를 뜻합니다. 다만 순자산에서 부채의 비율이 절반이상 차지할 경우에는 이를 순자산이라고 부를 수 없어 부채를 제외하고 계산하는 것이 일반적입니다.","F",""
"2","순자산에 대해 설명해주세요","순자산은 부채를 제외하고 기업이 가지고 있는 자산을 뜻합니다. 순자산에 자기자본만 해당하는 것이 아니라 타인자본 역시 순자산에 포함될 수 있습니다. 다만 타인자본의 소유자가 기업의 대표주주가 아닐 경우거나 그 주주의 주식이 의결권이 없는 주식일 경우에는 순자산에서 제외됩니다.","F",""
"2","순자산에 대해 설명해주세요","순자산은 총자산에서 부채를 제외한 나머지 금액 전부를 말합니다. 그러나 미래의 가치와 같은 이익준비금, 자본준비금의 경우에는 순자산에서 제외됩니다. 순자산이 많으면 많을 수록 우량기업이라고 불리곤 합니다. 그러나 우량기업을 나누는 순자산의 기준이 모호하여 최근에는 사용되지 않는 개념이기도 합니다.","F",""
"1","실지재고조사법에 대해 설명해주세요","실지재고조사법은 상품의 입출고를 계속 기록하는 계속기록법과는 달리 상품의 입고만 기록하고 출고는 기록하지 않는 방법입니다. 따라서 기중에는 상품의 실제 재고수량이 얼마나 있는지 파악할 수 없습니다. 하지만 기말재고 수량을 정확히 알아야 정확한 매출수량을 알 수 있기 때문에 기말에 기말재고를 실제로 조사합니다. 즉, 당기 매출수량은 기초재고와 당기매입을 더한 두 기말재고를 차감하는 것이 됩니다.","P","입출고를 지속적으로 기록하는 계속기롭법의 장점에 대해 설명해주세요"
"1","실지재고조사법에 대해 설명해주세요","실지재고조사법을 사용하면 기중에 재고수량을 파악할 수없어 영업부서가 고객사에게 납기를 정확히 알려주기 어렵습니다. 또한, 기말에 기말재고수량만 파악하다 보니까 중간에 파손되거나 어떠한 이유에서 분실된 재고는 전혀 파악이 안 된다는 단점이 있습니다. 기초재고와 기말재고 수량밖에 모르니 중간에 분실된 재고도 전부 매출수량으로 기록할 수 밖에 없기도 합니다.","P","재고의 파손이나 분실 발생시, 회게처리에 대해 설명해주세요"
"1","실지재고조사법에 대해 설명해주세요","실지재고조사법은 상품의 입출고를 기록하는 기록법 중 하나입니다. 상품의 실제 재고수량이 어느정도인지 파악할 수 있는 조사법으로 분기별로 실시되고 있습니다. 이는 기업의 매출과 직접적으로 연관되는 조사여서 계속기록법과 병행하여 사용되고 있습니다.","F",""
"1","실지재고조사법에 대해 설명해주세요","실지재고조사법은 재무상태표상의 내용을 결정하는데 있어 중요한 역할을 합니다. 상품의 입출고를 명확하게 파악하여 재고자산의 수량을 결정함에 기초적인 역할을 하는 조사법으로 이 조사법을 통해 기업은 최종수랴을 확정하고 기업계획을 설립합니다.","F",""
"1","실지재고조사법에 대해 설명해주세요","실지재고조사법을 통해서 재고수량을 명확하게 파악할 수 있습니다. 따라서 대부분의 고객사는 입출고를 맡긴 기업에게 실지재고조사법을 통한 자료를 넘겨받기를 원합니다. 이 조사법과 달리 계속기록법은 일일에 한 번씩 재고를 조사하는 방법이지만, 분실된 재고를 누락할 우려가 많아 사용되지 않습니다.","F",""
"2","어음할인에 대해 설명해주세요","어음할인이란 받을어음을 금융기간에 양도할 때 할인된 수수료를 지급하고 현금으로 교환하는 것을 뜻합니다. 어음은 발행일자와 지급기한이 있으므로 약속어음이라고도 합니다. 기업은 상거래의 대가로 현금이 아닌 어음을 받기도 하는데 이 어음이 100% 현금화가 된다는 보장이 없어 어음할인을 활용해 현금화하는 방식을 활용합니다.","P","어음을 현금화하는 과정에서 할인이 발생하는 이유에 대해 설명해주세요"
"2","어음할인에 대해 설명해주세요","경제적으로는 은행이 어음할인을 통해 신용을 제공하는 방법입니다. 대상은 주로 상업어음이 되며, 화환어음 ·은행인수어음도 어음할인의 좋은 대상이 된다. 상업어음은 상품거래를 전제로 하고 있기 때문에 단기성 ·확실성 ·자동성 ·유동성 등에서 우수한 특징을 지니고 있는 어음이라 하겠으나, 일람출급(一覽出給)어음의 경우는 할인의 대상이 되는 지급기간이 없기 때문에 제외됩니다.","P","화환어음이 무엇인지 설명해주세요"
"2","어음할인에 대해 설명해주세요","어음할인이란 문자그대로 어음을 할인하는 개념입니다. 어음은 채무관계를 확인하기 위한 지표인데 어음에 기입된 금액보다 더 적은 금액을 계약을 통해 채권자가 받으면 이를 어음할인이라고 합니다. 보통의 어음할인은 대부분 구두계약으로 이루어지며 상호 간의 신뢰 하에 성사됩니다.","F",""
"2","어음할인에 대해 설명해주세요","어음할인이란 신용을 제공하는 방법 중 하나입니다. 주로 민간에서 서로 거래가 발생할 경우 상대방의 신뢰를 얻기 위해 많이 사용하는 방법으로 상업어음과 달리 상품거래가 지속적으로 발생하는 것이.아닌 일시적이기 떄문에 할인의 대상이 될 수 있는 것입니다.","F",""
"2","어음할인에 대해 설명해주세요","어음할인이란 할인된 수수료를 지급하고 어음을 할인된 만큼 현금교환하는 것을 의미합니다. 어음에는 발행일자와 지급기한이 명시되어있는데 어음할인이 발생하게되면 기재된 일자와 기한이 초기화되며 다시 어음할인의 당사자 간 새로운 기간을 설정하게 됩니다.","F",""
"1","연결재무제표에 대해 설명해주세요","지배 ·종속 관계에 있는 2개 이상의 회사를 단일실체로 보아 각 회사의 재무제표를 종합하여 작성하는 재무보고서가 연결재무제표입니다. 즉, 이는 지배기업과 종속기업의 자산, 부채, 당기손익 등을 합쳐서 하나의 재무제표를 작성하는 개념으로, 연결재무제표는 연결재무상태표, 연결포괄손익계산서, 연결자본변동표, 연결현금흐름표, 연결주석으로 구성됩니다.","P","연결자본변동표에 들어가는 항목이 무엇이 있는지 설명해주세요"
"1","연결재무제표에 대해 설명해주세요","지배기업과 종속기업이 연결재무제표를 작성하지 않으면 외부 투자자들이나 주주들은 각각의 재무제표를 볼 수 없기 때문에 재무정보가 왜곡된 경우 문제를 파악하기 어렵습니다. 지배기업과 종속기업이 따로 재무제표를 작성하면 부채와 손실, 내부거래로 발생한 매출 등이 연결고리가 없으므로 단순히 개별기업으로 판단할 수 밖에 없기 때문입니다. 따라서 연결재무제표를 작성하는 것이 상법상 의무화되었습니다.","P","내부거래의 정의에 대해 설명해주세요"
"1","연결재무제표에 대해 설명해주세요","2개 이상의 회사를 연결하기 위해 만든 제표를 연결제무제표라고 합니다. 예를 들어 삼성을 모기업으로 하는 삼성물산과 삼성중공업을 연결하는 제표를 말하는데 연결제무제표를 시행하더라도 두 기업은 독립적으로 종속하지만 제표를 동일하게 작성하는 의무가 발생한다는 특징을 지닙니다.","F",""
"1","연결재무제표에 대해 설명해주세요","2개 이상의 회사가 지배기업과 종속기업의 관계를 가질 떄 이 둘을 독립적인 실체로 보지만, 연결재무제표를 통해서 단일한 실체로 파악할 수 있습니다. 이를 통해 두기업이 단일한 실체가 되면 두 기업 간의 거래는 내부기업으로 파악되어 회계장부에 반드시 기록되어야할 의무가 소멸됩니다.","F",""
"1","연결재무제표에 대해 설명해주세요","연결재무제표는 주종관계의 기업 뿐 아니라 독립적인 두 기업 사이에서도 발생할 수 있습니다. 어떤 기업이 다른 기업과 연결되고 싶지만 합병,인수가 되기는 싫을 때 사용하는 방법으로 이때 연결재무제표를 함께 사용하더라도 두 기업은 독립적인 존재로 고려됩니다. 따라서 두 기업 간의 비정상적인 분식회계를 방지할 수 없게되는 단점이 존재합니다.","F",""
"1","연결재무제표에 대해 설명해주세요","연결재무제표를 작성하면 종속기업을 이용한 분식회계나 비정상적인 회게 거래를 차단할 수 있습니다. 연결재무제표를 작성할 때는 지배기업과 종속기업 사이에서 이루어진 내북래를 서로 상계해 없애는 작업부터 시작합니다. 기본적으로 매출액이 이중으로 반영돼 부풀려지는 것을 막고, 지배기업과 종속기업 간에 이전된 부채와 손실을 파악하기 위한 작업입니다. ","P","상계가 무엇인지 설명해주세요"
"2","영업권에 대해 설명해주세요","영업권은 영업활동을 할 때 이익을 발생시킬 수 있는 자산이나 그 권리의 가치를 객관적으로 증명할 수 있을 때 자산으로 등재할 수 있습니다. 어떤 특정 지역이나 고객층에 대한 영업 노하우, 우수한 경영층의 영업 스킬, 회사의 인지도 등은 기업 자신의 입장에서 보면 분명 가치가 있는 무형자산입니다.","P","무형자산의 종류에 대해 예시를 들어 설명해주세요"
"2","영업권에 대해 설명해주세요","기업이 동종업계의 다른 기업들에 비하여 초과수익력을 갖는 배타적 권리로, 굿윌 또는 노포권이라고도 합니다. 일반적으로 기업이 다른 기업을 매수할 때, 피매수기업의 식별가능한 순자산의 가치에 더하여 추가적인 대가를 지불하는 사례를 볼 수 있는데, 이때 지급된 추가적인 대가(프리미엄 가치)가 피매수기업의 영업권에 대한 대가라 할 수 있습니다.","P","노포권으로 인정받은 대표적인 실제 예시에 대해 설명해주세요"
"2","영업권에 대해 설명해주세요","영업권은 영업활동을 이어갈 수 있는 권리를 언급합니다. 예를 들어 한 소상공업자가 장사를 하기 위해서 상가를 임대하면 영업권은 자동적으로 발생합니다. 노점상과 같은 경우에는 그러한 임대절차가 존재하지 않기 떄문에 불법이며 영업권이 없다고 볼 수 있습니다.","F",""
"2","영업권에 대해 설명해주세요","기업이 다른 기업과 차별화되는 권리인 영업권은 일반적으로 인수 합병과정에서 발생한다고 이해하면 쉽습니다. 합병을 하게 되면 종속기업과 지배기업 관계가 형성되는데 이때 종속기업이 지배기업의 영업권을 흡수하게 되고, 종속기업은 더 이상 영업권이 없는 존재로 전락합니다.","F",""
"2","영업권에 대해 설명해주세요","영업권은 개인이 가질 수 없습니다. 영업권은 법인에 종속되는 개념으로 소상공업자라 할지라도 그가 가지고 있는 사업 그 자체에 영업권이 속할 뿐 개인이 종속적으로 가지고 있는 무형자산과는 의미가 다릅니다. 따라서 영업활동을 할 때 이익을 발생시키는 영업권의 당사자는 그 법인 자체가 됩니다.","F",""
"2","영업외수익과 비용에 대해 설명해주세요","기업이 주된 영업활동을 통해 얻은 수익은 매출이고 매출에 대응하는 원가가 매출원가이며 판매와 관리에 해당되는 비용이 판매관리비입니다. 하지만 기업이 주된 영업활동으로 발생하는 이익은 아니지만 자주 발생하는 수익과 비용들이 있는데요. 이를 영업외수익과 영업외비용이라고 합니다. 즉, 일반적인 상거래 이외에서 발생하는 수익과 비용들이라고 볼 수 있는 것입니다.","P","영업활동 외의 수익의 종류에 대해 설명해주세요"
"2","영업외수익과 비용에 대해 설명해주세요","영업외수익의 항목은 이자수익, 배당수익, 임대료, 외환차익, 외화환산이익, 지분법평가이익, 투자자산처분이익, 유형자산처분이익, 사채상환이익, 자산수증이익, 보험차익, 법인세환급액, 잡이익 등이 있습니다. 한편, 영업외비용 항목은 이자비용, 외환차손, 외화환산손실, 지분법평가손실, 투자자산처분손실, 유형자산처분손실, 사채상환손실, 법인세추납액, 재고자산평가손실, 재고자산감모손실, 잡손실 등이 있습니다.","P","투자자산처분이익에 대해 자세히 설명해주세요"
"2","영업외수익과 비용에 대해 설명해주세요","영업외수익이란 수익이 발생하였으나 정상적인 영업에서 발생하지 않은 것을 의미합니다. 예를 들어 상장기업의 경우, 주식을 추가적으로 발행할 수 있는데 추가적인 주식 발행은 그 기업의 정상적인 영업에서 발생하지 않았기 떄문에 그 주식의 평가가 상승하여 얻어지는 수익은 영업외수익으로 평가됩니다.","F",""
"2","영업외수익과 비용에 대해 설명해주세요","영업외수익은 임대료로 대표됩니다. 단 임대업자의 경우 임대업 자체가 영업수익이기 때문에 임대업자이 경우 임대료는 영업외수익이 아니게 됩니다. 이처럼 영업외수익은 한 기업 혹은 개인의 사업이 어떤 것이냐에 따라서 유동적으로 변경될 수 있는 개념입니다.","F",""
"2","영업외수익과 비용에 대해 설명해주세요","영업외수익은 매출의 종류로 기업의 주된 영업활동 이외에서 발생하는 모든 수익을 총칭하는 개념입니다. 따라서 영업외수익은 굉장히 일시적이며 기업도 영업외수익이 언제일어날지 예측할 수 없기 때문에 회계의 안정성을 위해서 장부에 기입하지 않는 것이 원칙입니다.","F",""
"2","영업이익에 대해 설명해주세요","영업이익은 기업이 순수한 판매활동과 제조활동으로 얻은 수익이어서 기업의 수익성을 평가하는 가장 중요한 항목입니다. 기업의 판매활동은 제조활동 못지 않게 중요한데요. 경쟁사와 원가율이 비슷하면 영업과 마케팅 능력에서 승부가 판가름 나기 때문입니다. 그래서 기업들은 치열한 판매 전략을 세우고 영업과 마케티 활동에 심혈을 기울이고 있습니다.","P","원가율의 산출 과정에 대해 설명해주세요"
"2","영업이익에 대해 설명해주세요","영업이익은 매출액에서 매출원가를 빼고 얻은 매출 총이익에서 다시 일반 관리비와 판매비를 뺀 것. 말 그대로 순수하게 영업을 통해 벌어들인 이익을 말합니다. 영업이익 = 매출액 - 매출원가 - (관리비+판매비)로 계산되며 이때 일반관리비와 판매비는 상품의 판매활동과 기업의 유지관리 활동에 필요한 비용으로서 인건비, 세금 및 각종 공과금, 감가상각비, 광고선전비 등을 들 수 있습니다.","P","감가상각비에 따른 회계장부 왜곡 발생 가능성에 대해 설명해주세요"
"2","영업이익에 대해 설명해주세요","영업이익이란 문자그대로 영업을 통해서 얻은 이익을 총칭하여 말하는 것입니다. 기업의 판매이익, 제조이익, 마케팅이익 등이 이에 해당하며 기업을 평가하는 주요 잣대 중 하나입니다. 그러나 영업이익이 발생하지 않는 기업도 존재하여 이를 통해 평가하면 기업의 평가가 왜곡될 가능성이 존재합니다.","F",""
"2","영업이익에 대해 설명해주세요","영업이익은 매출액에서 매출원가를 빼고 얻은 매출총이익과 같은 개념으로 순수하게 영업을 통해서 받아들인 이익 전체를 의미합니다. 단 이때 기업의 유지활동에 필요한 비용 인건비,세금 등은 영업이익에서 제외되며 감가상각비는 매출원가에 포함되기 떄문에 영업이익에 포함됩니다.","F",""
"2","영업이익에 대해 설명해주세요","영업이익은 현실적으로 적용되기에는 어려움이 있습니다. 영업이익은 매출총이익에서 관리비와 판매비를 뺀 것을 의미하는데 기업활동에는 이 외에도 유지비와 인건비 세금 및 공과금이 포함되기 때문입니다. 따라서 기업이 소비하는 모든 자본을 제외해야 순수한 영업이익을 확보할 수 있을 것입니다.","F",""
"2","예수금에 대해 설명해주세요","예수금은 종업원이나 거래처로부터 미리 돈을 받아 보관하다가 추후에 세무서나 관공서 등에 납부해야 하는 돈입니다. 제 3자에게 납부해야 하는 의무가 있으므로 유동부채에 해당됩니다. 기업에서의 예수금은 미리 종업원들한테 돈을 받아두었다가 관공서에 대납하는 경우가 대부분으로 주로 근로소득세나 4대 보험료가 해당됩니다.","P","4대 보험료에 대해 설명해주세요"
"2","예수금에 대해 설명해주세요","거래처 또는 종업원/임원들로부터 일시적으로 받은 신원보증금, 퇴직금 및 매월 지급되는 급료에서 공제된 예수금(원천세/보험료/국민연금 등의 보관액)으로서 부채에 속하는 품목입니다. 예수금은 그 내용에 따라 금액이 클 때에는 종업원예수금, 임원예수금, 신원보증예수금,보험료예수금 등으로 세분하여 기입하는 것이 원칙입니다.","P","퇴직금의 산출 규정에 대해 설명해주세요"
"2","예수금에 대해 설명해주세요","예수금이란 거래처로부터 아직 확보하지 못한 금액을 의미합니다. 추후에 거래처로부터 금액을 받게 되면 반드시 세무서나 관공서 등에 납부해야할 의무가 있으며, 제 3자에게 이 행위를 위탁할 경우 형사처벌의 대상이 됩니다. 이를 통해 대납자의 횡령을 사전에 방지할 수 있습니다.","F",""
"2","예수금에 대해 설명해주세요","예수금이란 거래처나 다른 기업으로 부터 일시적으로 받은 급료에서 공제된 것을 말하며 원천세, 보험료, 국민연금 등이 이에 해당합니다. 예수금은 그 금액이 크기가 3,000만원 이상일 경우 예수금 전체를 종합계산하여 장부에 기입하는 것을 원칙으로 합니다.","F",""
"2","예수금에 대해 설명해주세요","예수금은 유동부채의 일종으로 제 3자에게 납부해야하지만 아직 납부하지 않은 금액 전체를 의미합니다. 따라서 납부가 이뤄지는 행위 그 다음날부터 30일 이내에 납부확인을 세무서 혹은 관공서를 통해 신청해야만 효력이 발생합니다. 그렇지 않으면 부채의 효력이 상실되지 않았다고 판단합니다.","F",""
"2","외상매출금과 외상매입금에 대해 설명해주세요","외상매출금은 기업이 상거래를 통해서 확보한 매출채권 중의 하나입니다. 상품이나 제품, 용역 등을 먼저 제공하였으나 아직 대금을 수금하지 못한 상태에 있는 채권입니다. 외상매입금은 외상매출금의 반대로 발생한 우리 회사와 거래한 상대방 회사 입장에서는 외상매입금이 됩니다.","P","매출채권의 정의에 대해 설명해주세요"
"2","외상매출금과 외상매입금에 대해 설명해주세요","거래를 하고서도 바로 대금을 받지 않고 대금 수급(受給)을 후일로 미루는 것을 외상거래라고 하며, 외상거래는 판 편에서 보면 매출채권이 되므로, 그 채권액이 외상매출금입니다. 외상매출금은 이상으로 판매했음을 법적으로 인정받을 수 있는 권리가 생기는 것이며 외상매입금은 외상거래에서의 매입물품에 대한 미지급 대급을 뜻한다고 할 수 있습니다.","P","외상거래를 하는 이유에 대해 설명해주세요"
"2","외상매출금과 외상매입금에 대해 설명해주세요","외상이란 상품이나 제품, 용역 등을 먼저 제공하고 추후에 금액을 지급하는 것을 말하며 이를 통해 암묵적으로 채무관계가 형성되는 것을 말합니다. 이는 사회에서도 비일비재하게 등장하는 개념으로, 외상을 한 당사자가 지불해야할 금액이 외상매입금, 외상을 허가한 당사자가 받을 금액을 외상매출금이라고 합니다.","F",""
"2","외상매출금과 외상매입금에 대해 설명해주세요","거래를 한 뒤 대금을 수납하지 않고 추후에 받기로 약속한 것을 총합하여 외상이라고 한다. 그 채권액이 외상매출금이며 그 채무액이 외상매입금이라고 한다. 이 둘은 유동자산이며 부채의 개념 중 하나이기 때문에 외상매출금이 많은 경우 기업 신뢰도가 하락할 우려가 있다.","F",""
"2","외상매출금과 외상매입금에 대해 설명해주세요","거래를 하고 난 뒤 대금을 받지 않고 대금 수급을 후일로 미루는 것을 외상거래라고 하는데 이때 발생하는 비용을 외상매출금과 외상매입금이라고 한다. 외상거래는 상호간의 신뢰를 바탕으로 형성되는 관계이기 때문에 대금 기한을 정하지 않는 경우가 일반적이다.","F",""
"2","외화환산손익에 대해 설명해주세요","외화환산손익으 해외 판매건에 대해 매출이 인식되어 매출액은 정해졌으나 당기 기말 현재까지 수금하지 못한 경우 발생합니다. 기업은 당기 기말에는 결산하고 그 결과인 재무제표를 공시해야 합니다. 그런데 외화자산은 항상 환율이 바뀌므로 기말 현재까지 수금하지 못했다면 현재 활율을 기준으로 다시 외화채권을 환산해 결산해야 합니다.","P","상장기업의 공시의 의무에 대해 설명해주세요"
"2","외화환산손익에 대해 설명해주세요","외화로 된 매입채무에는 외화환산손익이 발생합니다. 매입채무는 결산일에 결산일 시점의 환율을 적용해 환산했을 때 채무금액과 환산금액의 차이가 발생하면 외화환산손익이 발생하게 됩니다. 외화환산손익은 결산 시 해당 항목으로 차액을 잡아 계정과목으로 기록하여야 합니다.","P","매입채무가 발생한 시점보다 환율이 상승했을 때, 결산일에 외화환산손익이 어떻게 발생하는지 설명해주세요"
"2","외화환산손익에 대해 설명해주세요","외화환산손익은 기업이 외국을 대상으로 물품을 수입,수출을 할 경우 환전 수수료로 인하여 발생하는 손익을 말한다. 우리가 해외여행을 갈 때 환전을 하듯 기업 역시 환전을 하는데 기업의 경우 금액이 개인에 비해서 월등히 크기 때문에 외화환산손익이 크며 이를 해결하기 위해서 지속적인 거래를 유지하려고 노력한다.","F",""
"2","외화환산손익에 대해 설명해주세요","외화로 된 채무를 매입할 경우에 외화환산손익이 발생합니다. 외화환산손익은 특별한 지표로서 영업이익이나 영업외이익에 포함되지 않습니다. 따라서 채무금액과 환산금액의 차이를 통해서 외화환산손익을 계산하는데 상당히 부정확하여 대부분 외화환산손익을 발생시키려하지 않는 경향이 있습니다.","F",""
"2","외화환산손익에 대해 설명해주세요","외화환산손익은 해외 판매의 경우에만 일어납니다. 예를 들어, 국내에 소재지가 있는 해외기업의 경우 그 기업이 국내기업과 거래를 하고자 했을 때는 일어나지 않습니다. 외화에대한 환산자체가 일어나지 않기 때문입니다. 단 해외기업이 그 모기업을 연결하여 세 기업이 함께 거래를 진행할 경우에는 발생할 수 있습니다.","F",""
"2","외환차익과 외환차손이 무엇인지 설명해주세요","회게에서의 외환차익과 외환차손은 매출을 인식한 일자와 매출대금을 수금한 후, 외화를 환전하는 일자와의 환율 차이에 의해서 발생한 이익과 손실입니다. 기업은 상품이나 제품 등을 판매하면 매출이 발생하는데, 통상적으로 매출일자와 매출대금을 수금하는 일자가 동일하지 않습니다.","P","매출일자와 매출대금 회수 일자가 일치하지 않는 이유는 무엇인지 설명해주세요"
"2","외환차익과 외환차손이 무엇인지 설명해주세요","환율변동에 따라 외화자산의 회수 또는 외환부채의 상환시에 발생하는 외환차손과 외환차익이 존재하며 결산일의 화폐성 외화자산 및 부채의 환산시에 발생하는 외화환산차익과 손실을 포함합니다. 다만,해외지점 또는 해외사업소의 외화표시 자산, 부채 및 손익항목을 일괄하여 원화로 환산할 경우, 환산손익을 상계한 후 환차손실이나 환자차익이 있으며 해외사업 환산차로 하여 자본의 증감 혹은 차감 항목으로 기재해야 합니다.","P","화폐성 자산의 종류에 대해 설명해주세요"
"2","외환차익과 외환차손이 무엇인지 설명해주세요","회계에서 외환차익과 외환차손은 외화를 환전함으로써 발생하는 차익과 차손을 의미합니다. 이는 환율에 따라서 유동적인 지표로써 환율이 낮을 경우 차익이 극대화되며, 반대로 환율이 높을 경우 차손이 극대화되기 때문에, 대부분의 기업은 환율이 낮기를 고대하고 있습니다.","F",""
"2","외환차익과 외환차손이 무엇인지 설명해주세요","외화자산을 회수할 때, 원화회수금액이 그 외환자산의 장부가액보다 낮은 경우와 외화부채를 상환할 때 원화상환금액이 그 장부가액보다 큰 경우에 발생하는 것입니다. 이 경우, 그 차액은 필수불가결하게 발생함으로 영업비용으로 처리하는 것이 원칙이나 영업외비용으로 처리하여도 무방합니다.","F",""
"2","외환차익과 외환차손이 무엇인지 설명해주세요","외화자산을 회수하거나 유입시킬때 환율에 따라서 차손과 차익이 생기는데 이를 외화차손,외화차익이라고 합니다. 이둘을 구분하는 방법은 간단하게 이익이되면 차익으로 손해가 되면 차손으로 표현합니다. 따라서 환율의 변동에 따라 차손은 차익이 될 수도 있으며 차익은 차손이 될 수 있으므로 유동적 지표이기 때문에 최종거래 결과에서만 기입하는 것을 원칙으로 합니다.","F",""
"1","운용리스에 대해 설명해주세요","운용리스는 임차하는 리스자산을 계약기간 동안 사용하고 반납하거나 계약기간이 만료되면 리스자산의 잔존가액을 주고 완전히 구매할 수도 있는 계약 방법입니다. 또한, 리스 이용자에게 리스자산의 소유에 따른 위험과 보상이 이전되지 않은 계약이라 할 수 있습니다.","P","잔존가액에 대해 설명해주세요"
"1","운용리스에 대해 설명해주세요","운용리스를 이용해 임차할 수 있는 자산은 자동차, 기게장치나 설비류, 전산 장비 등이 있습니다. 이 밖에도 리스회사가 대상 물건을 보유하고 있거나 공급하는 제조사와 공급계약이 가능하면 리스 계약을 할 수 있습니다. ","P","기계장치 임차 시, 발생하는 운용리스 비용은 회계상 비용처리가 가능한지 설명해주세요"
"1","운용리스에 대해 설명해주세요","운용리스는 임차에서 발생하는 개념으로 계약기간 동안 사용하고나서 계약기간에 반납하지 않고 본인 소유로 귀속시키게하는 계약 방법입니다. 이 떄문에 다른 리스계약보다 더 높은 가격으로 책정되며 대신, 계약당사자는 해당 물품에 대한 보상이나 위험을 책임지지 않습니다.","F",""
"1","운용리스에 대해 설명해주세요","운용리스는 자동차나 기계장치, 장비 등에서만 발생하지 않고 노동, 용역 부분에서도 발생합니다. 흔히 파견의 개념을 통해서 이해될 수 있는데 파견자가 일정기간 파견 업무를 하다가 파견 기간이 끝나면 운용리스 계약을 통해서 파견간 곳에 영구적인 구성원이 될 수 있습니다.","F",""
"1","운용리스에 대해 설명해주세요","리스회계 처리 규정은 소액 리스를 제외한 리스계약 전부 금용리스 방법과 동일한 방법으로 회계처리하고 있으며 이는 운용리스가 첫 시행된 1982년부터 지속적으로 수행되고 있는 방법입니다. 따라서 운용리스는 재무제표에 운용리스에 의해 발생한 부채까지 체계적으로 기록되고 있습니다.","F",""
"1","운용리스에 대해 설명해주세요","리스회계 처리규정이 바뀌어 단기간 및 소액 리스를 제외한 리스계약은 전부 금융리스와 동일한 방법으로 회게처리를 해야하는데 운용리스는 부채가 발생한 게약임에도 불구하고 재무제표에 전혀 반영이 안되어 외부 이용자가 재무상태를 파악하기가 어렵기 때문에 회계 처리 규정이 바뀌었다고 할 수 있습니다.","P","금융리스와 운용리스의 차이점에 대해 설명해주세요"
"1","원가에 대해 설명해주세요","원가는 매출을 발생시키기 위해 소요되는 비용을 뜻합니다. 즉, 원가란 제품이나 상품, 용역, 공사 등의 매출을 발생시키기 위해 소요되는 모든 제조비용이나 상품매입 비용, 인력이나 공사자재 등의 투입비용을 말한다고 볼 수 있습니다. 그러므로 매출이 증가 혹은 감소하면 원가도 매출에 연동되어 증가하거나 감소하는데요. 원가는 기업이 수행하는 사업형태에 따라 상품원가, 제조원가, 용역원가, 공사원가 등으로 나뉩니다.","P","상품원가의 정의에 대해 설명해주세요"
"1","원가에 대해 설명해주세요","원가란 말그대로 제품을 만들 때 발생하는 비용을 의미합니다. 붕어빵을 만들 경우 붕어빵과 밀가루가 붕어빵의 원가라고 할 수 있습니다. 이떄, 순수한 재료 비용만 보통 원가로 치환하여 생각하며 임대료나 노동비용은 원가에 계산되지 않고 구분하여 매출액에서 차감하여 순이익을 구하는 것이 원칙입니다.","F",""
"1","원가에 대해 설명해주세요","원가의 개념은 비용과 유사한 개념입니다. 비용이란 상품을 만들 때 발생하는 금액을 의미하기 때문에 원가와 대체적으로 유사합니다. 단, 원가는 제품을 생산, 즉 형태가 있는 제품을 생산할 때만 발생하기 때문에 서비스까지 포괄하는 비용이 더 큰개념이라고 할 수 있습니다.","F",""
"1","원가에 대해 설명해주세요","원가는 재료비 노무비 경비로 구성되며 우리가 흔히 표현하는 원가는 대부분 재료비에 해당합니다. 위 세 항목을 원가의 3요소라고 합니다. 그러나 원가를 간접비로 구분한다면 원가의 정확한 측정이 어렵기때문에 위 세항목은 모두 직접비로 취급되는게 원칙입니다.","F",""
"1","원가에 대해 설명해주세요","재료비·노무비·경비로 구성되며, 이를 원가의 3요소라고 합니다. 그것은 다시 각 제품에 직접 부과할 수 있는 직접비와 여러 제품의 생산에 대하여 공통으로 쓰이는 간접비로 세분되는데요. 직접비에 제조에 소요된 간접비를 포함한 것을 제조원가라고 하며, 일반적인 상품은 여기에 관리비용과 판매비용을 더하여 총원가라고 합니다. ","P","직접비와 간접비에 대해 설명해주세요"
"2","원가모형이 무엇인지 설명해주세요","원가모형은 유형자산의 취득원가에서 감가상각비와 손상차손을 차감한 잔존가액을 항상 장부에 기록하는 방법입니다. 장부에는 잔존가액과 함께 감가상각누계액도 표기합니다. 원가모형은 통상적으로 기업에서 사용하는 유형자산의 원가 배분 방식이라고 이해하면 편합니다.","P","감가상각누계액의 회계처리에 대해 설명해주세요"
"2","원가모형이 무엇인지 설명해주세요","원가모형은 취득원가가 변하지 않고 정액법으로 감가상각을 할 경우, 매월 금액이 일정해 계산하기가 쉽다는 장점이 있습니다. 유형자산이 손상되었을 대만 유형자산손상차손을 산출해서 반영하면 됩니다. 하지만 원가모형을 적용하면 자산의 현재 공정가치를 제대로 반영하지 못한다는 단점 또한 있습니다.","P","취득원가와 공정가치가 무엇인지 설명해주세요"
"2","원가모형이 무엇인지 설명해주세요","원가모형은 취득원가가 유동적일 경우에 감가상각이 일어날 경우, 매월 금액을 일정하게 계산할 수 없다는 단점을 가지고 있습니다. 따라서 유형자산이 손상되었을 경우에만 발생합니다. 그러나 원가모형이 적용되면 자산의 현재 공정가치를 명확하게 파악할 수 있다는 장점을 가지고 있습니다.","F",""
"2","원가모형이 무엇인지 설명해주세요","유형자산의 장부금액을 기입할 때 이를 인식하는 방법으로 원가모형과 재평가일의 공정가치를 기초로 한 재평가모형이 있는데 이 역시 원가모형의 한 종류로 고려됩니다. 이때 원가모형은 자신의 원가에서 감가상각누계액을 원가차액에서 차감한 금액으로 장부에 기입됩니다.","F",""
"2","원가모형이 무엇인지 설명해주세요","원가가 어떤 방식으로 구성되는지 파악하기 위해서 만든 것이 원가모형이라고 합니다. 구체적인 형식이 정해져있지 않기 떄문에 제품별로 상이한 형태로 존재합니다. 원가모형이 정해지게 되면, 회계장부에 원가자료와 원가모형을 함께 기입합니다. 대부분의 원가모형은 평면적으로 구성되나 종류에 따라 입체적인 방식으로 구성되기도 합니다.","F",""
"2","원가모형이 무엇인지 설명해주세요","유형자산, 무형자산, 투자부동산의 장부금액을 인식하는 방식은 취득원가를 기초로 한 원가모형과 재평가일의 공정가치를 기초로 한 재평가모형이 있습니다. 원가모형은 최초 인식 후에 자산의 원가에서 감가상각누계액과 손상차손누계액을 차감한 금액을 장부금액으로 합니다.","P"," 재평가모형에 대해 설명해주세요 "
"1","원재료에 대해 설명해주세요","원재료는 제품을 가공하기 전 상태인 모든 원료나 재료이며 재고자산입니다. 원재료는 제조를 하기 위해 구매한 재료이기 때문에 제조 기업에만 해당되는 용어입니다. 상품 판매기업이 판매를 위해 구매하는 상품은 원재료라 하지 않고 그냥 상품이라고 합니다. 즉, 상품원가인 것입니다.","P","해외에서 원재료를 구매함에 따라 발생하는 환율차이를 처리하는 계정과목에 대해 설명해주세요"
"1","원재료에 대해 설명해주세요","원재료는 원자재와 구별되는 개념입니다. 원자재란 공업생산의 원료가 되는 자재입니다. 즉, 공어생산품을 만들기 위한 가장 기본이 되는 원료인 알루미늄, 구리, 텅스텐 같은 자원이나 석유, 가스와 같은 원료를 말합니다. 결국, 원자재를 이용해 공업생산을 하면 원재료를 만들 수 있다는 뜻입니다.","P","원자재에 대해 설명해주세요"
"1","원재료에 대해 설명해주세요","원재료는 가공하기 전 상태를 의미하지만은 않습니다. 예를 들어, 의자의 원재료는 목재인데 목재는 이미 나무가 가공된 상태이기 때문에 의자의 원재료는 가공품입니다. 따라서 원재료는 단순히 제품이 생성되기 전 제품의 재료가 되는 모든 것을 총칭한다고 보아도 무방합니다.","F",""
"1","원재료에 대해 설명해주세요","원재료는 제품을 만들 때 그 제품의 원천이며, 예를 들어 스팸의 원재료는 돼지고기이며 돼지고기의 원재료는 돼지입니다. 따라서 식물과 같은 경우 예를 들어서 시금치,콩나물과 같은 경우는 제품 자체가 원재료기 때문에 유통비용만 들 뿐 제품 가공비용이 들지 않는다는 특징이 있습니다.","F",""
"1","원재료에 대해 설명해주세요","원재료는 원자재와 동일한 개념으로 어떤 제품을 생산할 때 그 제품의 산업이 공업일 경우 원자재이며 그 외의 것일 경우에 원재료라고 합니다. 상품이 생성되기 위해서는 원재료를 구하는 것이 필수적인데 원재료의 금액에 따라 제품의 가격이 유동적으로 변화하기 때문입니다.","F",""
"1","원재료에 대해 설명해주세요","원재료는 가공하기 전 상태까지만 원재료이고, 제조를 하기 위해 제조공정에 투입되면 그때부터는 재공품이 됩니다. 재공품이란 완제품이 되기 전 가공중인 미완성 제품입니다. 즉, 원재료란 제품을 제조하기 위해 구매한 원료와 재료를 의미한다고 할 수 있습니다.","P","재공품의 회게처리에 대해 자세히 설명해주세요"
"2","유가증권에 대해 설명해주세요","유가증권은 재산적 권리를 가질 수 있음과 동시에 자유롭게 매매할 수 있어 화폐와 같이 유동성을 증대시킬 수 있는 수단이 될 수 있습니다. 유가증권은 지분증권과 채무증권으로 구분됩니다. 지분증권이란 어떠한 기업 등에 나의 소유지분을 보유하기 위해 취득한 증권이며, 보통주, 우선주 등과 같은 주식과 수익 증권 등이 대표적입니다.","P","채무증권 중 유동성이 높은 것의 예시로는 무엇이 있는지 설명해주세요"
"2","유가증권에 대해 설명해주세요","유가증권은 증권시장에서 매매되는데, 여기에서 장기자금의 수요자인 기업측으로부터의 자금의 고정화 요구와 공급자측에 있어서 유동성의 요구라는 서로 모순되는 양측의 요구를 조화시킵니다. 그 결과, 개별적인 기업의 지속적인 투자 내지 가계의 지속적인 저축뿐만 아니라 일시적인 유휴자금까지도 이른바 자금의 증권화를 통해서 다른 기업의 설비자본형성에 도움을 주는 것이 가능하게 됩니다. ","P","고정화 요구가 무엇인지 설명해주세요"
"2","유가증권에 대해 설명해주세요","유가증권은 자유롭게 매매되는 증권이라는 뜻으로 유동성이 특징입니다. 유가증권은 지분증권과 채무증권으로 구분될 수 있으며 , 단 채무증권의 경우 재산적 권리를 가질 수 없으며 채무자가 제 3자에게 채권을 매매해야할 경우 채무자와 채권자 제 3자 세 명의 계약이  필요합니다.","F",""
"2","유가증권에 대해 설명해주세요","유가증권은 증권시장에서 매매되는 모든 증권을 통합하여 설명되는 개념입니다. 개별 기업은 유가증권을 많이 보유하는 것을 꺼려하는데 그 이유는 유가증권은 유동적이기 떄문에 지속적인 저축의 확신이 적고 일시적인 자금이라도 안전한 확보를 원하는 기업이 많기 떄문입니다.","F",""
"2","유가증권에 대해 설명해주세요","유가증권은 자유롭게 매매될 수 없습니다. 유동성을 증대시키는 수단이기 때문입니다. 유가증권을 제한없이 매매하게 하면 기업안정성이나 주가안정성이 침해될 우려가 있어 유가증권에 대해 적절한 제재가 필요합니다. 따라서 기업은 장기적인 수요자들에게 유가증권보다 자금을 고정하여 주는 것을 요청하곤 합니다.","F",""
