"1","환경디자인에 대해 설명해 주세요.","인간의 주변을 둘러싸고 있는 환경 전반에 관한 디자인을 의미합니다. 건축의 영역과 실내환경의 조성과 그 디자인을 지칭하는 경우, 그리고 이와 관련된 부속 설비인 자연환경의 도입인 정원, 공원, 또한 인공적 환경인 도로, 광장 등과 연계되는 외부 환경 디자인을 총칭합니다.","P","건축과 환경디자인의 관계에 대해 설명해 주세요."
"1","환경디자인에 대해 설명해 주세요.","현대인에게 환경이라는 개념은 우주공간 개념으로 확대되고 있습니다. 인구가 증가하고 자연환경이 파괴되면서 파생되는 각종 공해 때문에 인간이 살아갈 환경에 대한 문제는 심각하게 대두되기 시작했습니다. 환경에 대한 기본적인 사고는 인간이 살아가는 삶의 현장이기 때문에 인위적인 유기체로서 통합 디자인의 개념으로 받아들여져야 합니다.","P","통합디자인에 대해 설명해 주세요."
"1","환경디자인에 대해 설명해 주세요.","인간의 주변 중 자연 환경 전반에 관한 디자인을 의미합니다. 인위적인 영향을 받지 않는 산림과 초원 등을 포함합니다. 건축의 영역과 실내환경의 부속 설비인 자연환경의 도입인 정원, 공원, 또한 인공적 환경인 도로, 광장 등은 환경디자인의 영역에 포함될 수 없습니다.","F",""
"1","환경디자인에 대해 설명해 주세요.","현대인에게 환경이라는 개념은 우주공간 개념으로 확대되고 있습니다. 인구가 증가하고 자연환경이 파괴되면서 파생되는 각종 공해 때문에 인간이 살아갈 환경에 대한 문제는 심각하게 대두되기 시작했습니다. 따라서 외부 행성을 인간이 적응 할 수 있는 환경으로 변화시키는 테라포밍이 최근 환경디자인의 이슈입니다.","F",""
"1","환경디자인에 대해 설명해 주세요.","정서 안정과 능률적인 환경을 조성하기 위하여 인위적인 노력으로 생활 주변의 조경, 도시 계획 등 환경을 인간 중심적으로 꾸미는 것을 말합니다. 특히 자연을 해체하고 인공미가 두드러지도록 하며, 시설물의 능률적인 배치, 건물 상호간의 질서와 조화를 중시합니다. ","F",""
"1","환경디자인에 대해 설명해 주세요.","정서 안정과 능률적인 환경을 조성하기 위하여 생활 주변의 조경, 도시 계획 등 환경을 쾌적하고 아름답게 꾸미는 것을 말합니다. 특히 자연미와 인공미가 조화를 이루도록 하고, 시설물의 능률적인 배치, 건물 상호간의 질서와 조화를 중시합니다. 환경디자인 이라는 용어는 1960년대 이래로 환경 문제가 중시됨에 따라 일반화되었습니다.","P","환경문제와 환경디자인의 관계에 대해 설명해 주세요."
"1","정원에 대해 설명해 주세요.","정원은 주거문화의 반영일 뿐만 아니라 한 사회와 시대의 생활문화와 가치체계 및 예술이 총체적으로 결집된 장소라고 할 수 있습니다. 정원을 구성하는 요소로는 계단, 담과 울타리, 문과 창문, 구조물, 테라스, 건물, 벤치, 물, 잔디와 지피류, 수목과 화초류, 조명, 조각, 기타 장식품 등이 있습니다.","P","조각에 대해 설명해 주세요."
"1","정원에 대해 설명해 주세요.","정원은 주거문화의 반영에 국한 되어 있습니다. 그 이상의 한 사회와 시대의 생활문화와 가치체계 및 예술이 총체적으로 결집된 장소라고 보는 가설은 인간 중심적인 사고의 폐혜라고 할 수 있습니다. ","F",""
"1","정원에 대해 설명해 주세요.","정원은 대개 주택의 외부 공간을 실용적·심미적 목적으로 처리한 뜰을 의미합니다. 자연적인 요소를 최대한 반영함으로써 인공적이지 않아보이도록 하여 환경이 유용하고도 유쾌하게 조성되도록 창조하는 기술입니","F",""
"1","정원에 대해 설명해 주세요.","최근에 정의되고 있는 정원은 조경의 범위를 뛰어넘어 미국조경학회평의회의 정의처럼 토지에 관련된 설계 계획, 그리고 관리의 기술로서 자원의 보전과 관리, 경영에 관심을 가지고 문화적, 과학적 지식을 동원합니다. ","F",""
"1","정원에 대해 설명해 주세요.","정원은 대개 주택의 외부공간을 실용적·심미적 목적으로 처리한 뜰을 의미합니다. 자연적인 요소와 인공적인 요소를 적절히 배치함으로써 이와 같은 환경이 유용하고도 유쾌하게 조성되도록 창조하는 기술입니다. 이로써, 정원이라는 개념은 조경보다 축소된 개념입니다.","P","자연적 요소와 인공적 요소를 각각 설명해 주세요."
"1","정원에 대해 설명해 주세요.","정원은 단순히 집이나 궁궐·서원·사찰 등 단위적인 건물에 딸린 뜰이나 동산·못 등의 공간을 가꾸고 아름답게 꾸미는 것입니다. 이에 반하여, 조경은 미국조경학회평의회의 정의처럼 토지에 관련된 설계 계획, 그리고 관리의 기술로서 자원의 보전과 관리, 경영에 관심을 가지고 문화적, 과학적 지식을 동원합니다.","P","공간에 대해 설명해 주세요."
"1","광장에 대해 설명해 주세요.","도시 속의 개방된 장소로서 많은 사람들이 모일 수 있고 자유롭게 이용할 수 있는 넓은 공간입니다. 20세기 후반 공업화와 자동차 교통으로 도시가 황폐해지면서 광장의 필요성이 다시 대두되었습니다. 새로운 광장은 재개발되는 도심과 새로운 주택지의 중심지에 들어섰으며, 시민들의 쇼핑이나 산책을 주 목적으로 하였습니다.","P","광장의 필요성에 대해 설명해 주세요."
"1","광장에 대해 설명해 주세요.","도시 속의 개방된 장소로서 많은 사람들이 모일 수 있고 자유롭게 이용할 수 있는 넓은 공간입니다. 20세기가 시작되면서 전체주의와 공산주의의 확산으로 선동의 공간이 필요하게 되었습니다.","F",""
"1","광장에 대해 설명해 주세요.","원활한 교통처리와 시설 이용자의 편의를 포기하면서 주민의 집회, 사교, 오락, 휴식 등에 제공할 목적으로 설치되는 시설을 말합니다. 사람들의 삶에 있어서 집회, 사교, 오락, 휴식 등이 효울성으로 인해 침해받지 않아야 함의 필요성을 대표합니다.","F",""
"1","광장에 대해 설명해 주세요.","광장은 사람들이 머물면서 놀고 이야기를 나누며 쉴 수 있도록 한 만남의 공간으로서 최대한의 쾌적한 환경을 위해 도시의 주요도로 교차지점 또는 상징적 건축물인 공공청사 등으로 부터 멀리 떨어뜨려 위치시킵니다.","F",""
"1","광장에 대해 설명해 주세요.","원활한 교통처리와 시설 이용자의 편의를 도모하고 주민의 집회, 사교, 오락, 휴식 등에 제공할 목적으로 설치되는 시설을 말합니다. 광장은 사람들이 머물면서 놀고 이야기를 나누며 쉴 수 있도록 한 만남의 공간으로서 도시의 주요도로 교차지점 또는 상징적 건축물인 공공청사 등이 광장을 둘러싸고 위치하거나 가까운 곳 등에 있는 경우가 많습니다.","P","교차지점에 광장을 설치하는 이유를 설명해 주세요."
"2","건축양식과 실내디자인에 대해 설명해 주세요.","건물은 다른 어떤 생산물보다 외부공해에 더 책임이 있습니다. 선진국에서 매년 에너지 사용으로 인하여 유발되는 온실효과의 약 절반이 건물과 연관되어 있으며 다른 환경문제에도 직접적인 관련이 있습니다. 산성비를 내리게 하고 오존층의 감소를 가져오는 직접적인 원인이 건물에 있는 것입니다. ","P","건축물이 산성비에 미치는 영향을 설명해 주세요."
"2","건축양식과 실내디자인에 대해 설명해 주세요.","건물은 고대부터 있어 왔던 구조물로서 외부공해에 영향을 덜 줍니다. 하지만 후진진국에서는 매년 에너지 사용으로 인하여 유발되는 온실효과의 약 절반이 건물과 연관되어 있으며 다른 환경문제에도 직접적인 관련이 있습니다.","F",""
"2","건축양식과 실내디자인에 대해 설명해 주세요.","지역 환경에도 건물이 끼치는 영향은 부정적입니다. 건물은 서식지를 파괴하고 공해를 배출하고 토양을 오염시키고 경관을 손상시킵니다. 그러므로 건물을 최대한 짓지 않는 방향으로 도시를 디자인하는 방법은 매우 중요합니다. ","F",""
"2","건축양식과 실내디자인에 대해 설명해 주세요.","안톤 슈나이더교수에 의하여 제창된 바우비올로기는 환경에 최소한으로 영향을 미치는 재료를 사용하여 정신적으로 도움이 될 만한 건강한 환경을 가진 건물을 디자인하겠다는 목적을 갖습니다. 육체적인 불편함을 감소하고라도 정신적 건강을 중요합니다.","F",""
"2","건축양식과 실내디자인에 대해 설명해 주세요.","지역 환경에도 건물이 끼치는 영향은 부정적입니다. 건물은 서식지를 파괴하고 공해를 배출하고 토양을 오염시키고 경관을 손상시킵니다. 그러므로 건물을 디자인하는 방법은 매우 중요합니다. 건물을 개축할 것이지, 신축할 것인지와는 관계없이, 건축가와 디자이너들은 계획의 초기 단계에서부터 참여하여 그 건물이 환경에 미치는 영향을 직접 통제하는 것이 바람직합니다.","P","서식지에 대해 설명해 주세요."
"2","건축양식과 실내디자인에 대해 설명해 주세요.","안톤 슈나이더교수에 의하여 제창된 바우비올로기는 환경에 최소한으로 영향을 미치는 재료를 사용하여 육체적으로나 정신적으로 도움이 될 만한 건강한 환경을 가진 건물을 디자인하겠다는 목적을 갖습니다. 주택은 인간과 마찬가지로 일정한 통제와 규제 기능을 가진 살아있는 유기체에 비유됩니다. 즉 편안하고 안락하게 살아갈 수 있도록 조화롭고 균형잡힌, 자체 통제력이 가능한 환경을 창조하는 것이 목표입니다.","P","바우비올로기에 대해 설명해 주세요."
"2","제품디자인과 환경에 대해 설명해 주세요.","전통적인 기준으로 보면 잘 디자인된 제품이란 그 기능을 잘 수행할 수 있는 제품입니다. 즉 적절한 소재와 기술을 사용하여 쉽고도 안전하게 사용할 수 있는 제품이어야 하며 소비자가 지불한 대가를 만족시키면서도 멋있게 보이는 제품이어야 합니다. 이러한 기준은 제품에 따라 상대적일 수 있으나 새로운 기준에서 보면 우수한 디자인의 제품은 환경적 요인을 고려한 제품입니다. ","P","제품 디자인 과정에서 어떻게 환경적 요인을 고려할 수 있을지 설명해 주세요."
"2","제품디자인과 환경에 대해 설명해 주세요.","전통적인 기준으로 보면 잘 디자인된 제품이란 심미적으로 제품입니다. 즉 적절한 소재와 기술을 사용하여 아름답게 사용할 수 있는 제품이어야 하며 소비자가 지불한 대가를 만족시키면서도 멋있게 보이는 제품이어야 합니다.","F",""
"2","제품디자인과 환경에 대해 설명해 주세요.","제품의 수명주기 동안 그 제품이 환경에 미치는 영향을 최소화하도록 디자인 해야합니다. 디자이너가 이러한 가치를 지향하고자 노력한다면 거의 대부분 환경에도 긍정적인 영향을 미치면서 사용성도 좋은 제품을 디자인 할 수 있습니다. 그렇지 못한 제품은 디자이너의 노력의 부족 때문입니다.","F",""
"2","제품디자인과 환경에 대해 설명해 주세요.","디자이너는 서로 대립되는 요소를 잘 절충시켜 구매력이 있으면서도 인간친화적인 제품을 디자인하도록 노력해야 합니다. 제품은 그 본질적으로 인간을 위한 것이며 환경과는 대척점에 있을 수 밖에 없습니다. 따라서 제품 디자인이 환경영향을 고려하는 것은 불가능합니다.","F",""
"2","제품디자인과 환경에 대해 설명해 주세요.","제품의 수명주기 동안 그 제품이 환경에 미치는 영향을 최소화하도록 디자인 해야합니다. 디자이너가 이러한 가치를 지향하고자 한다고 해도 다른 요구 조건과 상충되는 경우가 발생합니다. 즉 소음과 환경오염이 적은 제품을 만들면 오히려 제품의 중량이 많이 나가거나 효율성이 떨어질 수 있습니다. 반대로 관련 부품의 중량을 최소화하면 재활용하기가 쉽지 않게 됩니다.","P","중량과 재활용의 관계에 대해 설명해 주세요."
"2","제품디자인과 환경에 대해 설명해 주세요.","디자이너는 서로 대립되는 요소를 잘 절충시켜 구매력이 있으면서도 환경친화적인 제품을 디자인하도록 노력해야 합니다. 디자이너는 기존 제품과 관련된 환경영향을 개선하는 데 심혈을 기울여야 합니다. 가장 보편화되고 널리 이용되고 있는 가정용품인 세탁기의 전력 사용을 감소시키는 것은 가장 효과적인 에너지 절약수단 중의 하나입니다.","P","환경친화적인 디자인이 무엇인지 설명해 주세요."
"1","디자인의 환경인식에 대해 설명해 주세요.","환경문제는 단순히 실용적인 문제만을 의미하는 것이 아니라 윤리적인 문제도 동시에 발생합니다. 전문적 수행 규약의 일부로서 디자인 작업 시 환경에 대한 충격을 최소화하려는 의식이 몇몇 기관에서 수용되고 있습니다. 의료 전문의들이 히포크라테스 서약을 하는 것처럼 디자이너들은 환경보호 윤리를 준수하도록 압력을 받고 있습니다.","P","환경문제에서 윤리적인 측면이 중요한 이유를 설명해 주세요."
"1","디자인의 환경인식에 대해 설명해 주세요.","환경문제의 윤리적인 문제를 해결하기 위해선 실용적인 문제를 포기할 수 밖에 없습니다. 극단적인 환경운동가들에 의해 의료 전문의들이 히포크라테스 서약을 하는 것처럼 디자이너들은 환경보호 윤리를 준수하도록 압력을 받고 있습니다.","F",""
"1","디자인의 환경인식에 대해 설명해 주세요.","환경 관련 마케팅 문제들이 재빠르게 등장하고 있으며 캠페인 단체들은 회사와 정부에게 금전적인 로비를 하여 보다 많은 정보를 소비자에게 제공하려 하고 있으며 회사는 이익을 위하여 캠페인 단체의 움직임에 동조하고 있습니다.","F",""
"1","디자인의 환경인식에 대해 설명해 주세요.","많은 분야에서 제품 디자이너들이 환경개선에 많은 부정적 영향을 미치고 있습니다. 제품 그 자체는 인위적인 노력의 부산물이며 환경에 해가 되기 때문입니다. 하지만 소비자의 선호사상은 윤리적인 문제를 디자인 프로세스에 반영해야 할 것임을 분명히 말하고 있으며 극히 비현실적인 것으로 보입니다.","F",""
"1","디자인의 환경인식에 대해 설명해 주세요.","동물보호, 개발도상국과의 공정한 무역거래, 소수민족 대우문제, 군사경비 그리고 기타 다른 마케팅 문제들이 재빠르게 등장하고 있으며 캠페인 단체들은 회사와 정부의 활동에 대한 보다 많은 정보를 소비자에게 제공하려 하고 있으며 회사는 시장에서 그들의 제품을 차별화하고자 하며 좋은 인상을 소비자에게 심어주려 하고 있습니다.","P","소비자에게 환경문제의 중요성을 전달할 수 있는 방안을 설명해 주세요."
"1","디자인의 환경인식에 대해 설명해 주세요.","많은 분야에서 디자이너들이 환경개선에 많은 영향을 미치고 있습니다. 또한 다양한 도덕적 문제들이 대중구매와 행동에 영향을 미치고 있습니다. 디자이너 자신의 도덕성과는 무관하게, 소비자의 선호사상은 윤리적인 문제를 디자인 프로세스에 반영해야 할 것임을 분명히 말하고 있으며 현실적인 것으로 보입니다.","P","디자이너들이 환경개선에 미치는 긍정적 영향을 설명해 주세요."
"1","도시디자이너의 역할을 설명해 주세요.","도시환경 색채, 도시안내 시스템, 공공시설물 등 도시공간의 다양한 요소를 디자인합니다. 도시 내부를 연결하는 길가에 건설하고 설치한 인공물을 디자인합니다. 길가에 있는 건물, 미술작품, 동상, 벤치, 우체통, 쓰레기통, 공중전화,길안내표지판 등이 대상이 될 수 있습니다.","P","공공시설물에 대해 설명해 주세요."
"1","도시디자이너의 역할을 설명해 주세요.","현재 지역환경이 처한 문제점과 미래 개선점을 지역주민에게 발표하고 설명한다. 도시환경심리 및 인간 중심의 디자인, 지역·사회의 문화와 역사, 행정 사례, 관련 법규, 도시브랜드, 도시경관 등 다양한 요소를 고려하여 도시환경 색채, 도시안내시스템, 공공시설물 등에 대한 디자인 기획안을 작성합니다.","P","도시경관에 대해 설명해 주세요."
"1","도시디자이너의 역할을 설명해 주세요.","도시의 건물, 공공시설물 등 도시공간의 다양한 요소를 디자인합니다. 건축가와 겹치는 영역으로 인해 갈등을 빚고 있기도 합니다. 건축과와 다른 영역은 미술작품, 동상, 벤치, 우체통, 쓰레기통, 공중전화,길안내표지판 등이 있습니다.","F",""
"1","도시디자이너의 역할을 설명해 주세요.","현재 지역환경이 처한 문제점과 미래 개선점을 지역주민에게 발표하고 설명하는 것인 행정관료들의 역할이며 도시 디자이너들이 취약한 영역입니다. 그럼에도 불구하고 도시환경 색채, 도시안내시스템, 공공시설물 등에 대한 디자인 기획안을 작성하려고 노력하고 있습니다.","F",""
"1","도시디자이너의 역할을 설명해 주세요.","지역환경이 처한 문제점과 미래 개선점이 중요한 문제로 대두되면서 지역자치단체는 도시 디자이너를 고위 관료로 임용하는 추세가 나타나고 있습니다. 도시 디자이너는 디자인 기획안 작성의 전문가이기 때문입니다.","F",""
"1","에코 디자인에 대해 설명해 주세요.","제품의 전 과정에서 생길 수 있는 환경피해를 줄이면서 제품 기능과 품질 경쟁력을 높이도록 하는 환경친화 디자인을 말합니다. 제품 탄생의 원천인 디자인 단계에서부터 환경에 미치는 악영향을 줄이는 것이 ‘에코디자인’의 핵심입니다. 경제적인 요소와 환경적인 요소를 합쳐 가장 실용적인 결과를 찾아야 합니다.","P","디자인의 경제적인 요소에 대해 설명해 주세요."
"1","에코 디자인에 대해 설명해 주세요.","에코디자인이란 환경적인 요소를 염두에 두고 제품을 디자인하는 것을 말합니다. 유럽의 환경 기준을 넘어서기 위해서는 에코디자인의 조건에 합당한 것을 만들어야 합니다. 제품의 사용 수명을 최적화하고 환경 배출물을 줄이고, 물질 사용량이 적어야 하고 재활용성을 높여야 합니다.","P","재활용성에 대해 설명해 주세요."
"1","에코 디자인에 대해 설명해 주세요.","제품의 전 과정에서 생길 수 있는 환경피해를 줄이는 것이 환경친화 디자인의 핵심입니다. 그것을 위해서는 제품 기능과 품질 경쟁력을 포기할 수 밖에 없습니다.경제적인 요소를 포기하며 환경적인 요소를 강조하여 반실용적인 결과를 낳고 있습니다.","F",""
"1","에코 디자인에 대해 설명해 주세요.","에코디자인이란 economic design의 줄임말로써 경제적인 요소를 염두에 두고 제품을 디자인하는 것을 말합니다. 환경적인 요소와 심미적인 요소를 모두 포기하며 극단적으로 실용성을 중시합니다.","F",""
"1","에코 디자인에 대해 설명해 주세요.","에코디자인이란 환경적인 요소를 염두에 두고 제품을 디자인하는 것을 말합니다. 환경 보호의 선두주자인 중국의 환경 기준을 넘어서기 위해서는 가장 엄격하게 에코디자인의 조건에 합당한 것을 만들어야 합니다. ","F",""
"1","조명디자이너에 대해 설명해 주세요.","도로나 건축물의 외부뿐 만 아니라 건물 자체에 조명 및 홍보기능이 첨가되고, 스스로 전기를 생산하고 사용하는 스마트한 영역으로 확장되고 있습니다. 조명디자인은 무대조명과 건축조명으로 나눌 수 있습니다. 또한 인공적인 실내조명과 건축조명 뿐만 아니라 주광도 적절하게 조절하는 것이 조명디자이너의 역할입니다.","P","주광에 대해 설명해 주세요."
"1","조명디자이너에 대해 설명해 주세요.","도로나 건축물의 외부에 부착되는 간판을 디자인하는 영역입니다. 수 많은 간판들 사이에서도 눈에 잘 띄며 간판이 담고있는 단어를 가장 잘 표현할 수 있도록 디자인하는 것이 조명디자인의 목표입니다.","F",""
"1","조명디자이너에 대해 설명해 주세요.","조명디자이너는 자연적인 빛을 이용해서 장소 및 공간의 성격에 적합한 조명을 갖추게 하는 일을 합니다.인위적으로 색깔을 입히는 것을 지양해야 합니다. 생동감을 불어넣는 등 빛을 조절하여 공간을 표현하는 일을 합니다.","F",""
"1","조명디자이너에 대해 설명해 주세요.","실용성을 추구하는 건축설계사나 고객의 불만에도 불구하고 규정에 따라 기존 건축물의 특징을 가장 잘 살릴 수 있도록 조명연출 계획을 세웁니다. 조명에 따른 법적인 문제나 사람들에게 미치는 심리적, 환경적 영향을 고려합니다.","F",""
"1","조명디자이너에 대해 설명해 주세요.","조명디자이너란 빛을 이용해서 장소 및 공간의 성격에 적합한 조명에 인위적으로 색깔을 입히고 생동감을 불어넣는 등 빛을 조절하여 공간을 표현하는 일을 하며, 또한 조명의 계획 및 설계, 시공, 감리, 감독 등의 일을 하는 사람입니다. 도로나 건축물의 조명을 디자인합니다. ","P","공간을 생동감 있게 표현하기 위한 방안에 대해 설명해 주세요."
"1","조명디자이너에 대해 설명해 주세요.","건축설계사나 고객의 요구에 맞게 또는 기존 건축물의 특징을 가장 잘 살릴 수 있도록 조명연출 계획을 세웁니다. 조명에 따른 법적인 문제나 사람들에게 미치는 심리적, 환경적 영향을 고려합니다. 연출계획에 따라 조명기구의 위치, 효과 및 통제방법 등을 도면으로 작성합니다.","P","조명연출에 대해 설명해 주세요."
"1","인테리어 디자인에 대해 설명해 주세요.","인테리어란 단어의 원뜻은 내부를 뜻하지만 여기서 인테리어란 실내 공간 디자인을 의미합니다. 실내 공간 디자인이란 실내 건축 디자인과도 유사합니다. 인테리어 디자인은 시각적인 조성물의 설계에만 머물지 않고 사용자의 심미성과 동선 그리고 참여자와의 총체적인 연관관계하에서 디자인이 이루어집니다.","P","인테리어 디자인에서 동선을 고려해야 하는 이유를 설명해 주세요."
"1","인테리어 디자인에 대해 설명해 주세요.","인테리어 디자인을 대상으로 하는 범위는 집단이 사용하는 건축물만을 대상으로 합니다. 전세계적으로 초기에는 실내장식 의미만을 갖고 있었지만, 오늘날에는 계획, 코디네이트, 디스플레이의 개념을 형성하고 있습니다.","F",""
"1","인테리어 디자인에 대해 설명해 주세요.","인테리어 디자이너는 실내공간의 목적에 따라 디자인의 기준을 적용해야 하며 심미성을 위하여 어느정도 실내공간을 이용할 대중들에게 편안한 공간은 제한되는 경향이 있습니다. 동선과 순환의 패턴, 자연광 및 인공 조명의 필요성과 정도, 음향 효과, 냉난방, 공기조절의 상태, 건물 유지 관리 부분, 실내 공간의 분위기 등이 침해받는 경우가 있습니다.","F",""
"1","인테리어 디자인에 대해 설명해 주세요.","인테리어란 단어의 원뜻은 내부를 뜻하지만 여기서 인테리어란 실내 공간 디자인을 의미합니다. 실내 공간 디자인이란 실내 건축 디자인과도 구별됩니다. 인테리어 디자인은 시각적인 조성물의 설계에만 국한되고 실내 건축 디자인은 사용자의 심미성과 동선 그리고 참여자와의 총체적인 연관관계하에서 디자인이 이루어집니다.","F",""
"1","인테리어 디자인에 대해 설명해 주세요.","오늘날 인테리어 디자인을 대상으로 하는 범위는 거의 모든 건축물을 대상으로 합니다. 주택을 비롯하여 사무실, 상점, 병원, 호텔, 레스토랑, 카페, 백화점, 미용실, 의상실, 공장, 학교 등 인간이 거주하게 되는 모든 건축물이 해당됩니다. 우리나라에서도 초기에는 실내장식 의미만을 갖고 있었지만, 오늘날에는 계획, 코디네이트, 디스플레이의 개념을 형성하고 있습니다.","P","실내장식과 실내디자인의 차이점을 설명해 주세요."
"1","인테리어 디자인에 대해 설명해 주세요.","인테리어 디자이너는 실내공간의 목적에 따라 디자인의 기준을 적용해야 하며 실내공간을 이용할 대중들에게 가장 편안한 공간을 제공해 주어야 합니다. 동선과 순환의 패턴, 자연광 및 인공 조명의 필요성과 정도, 음향 효과, 냉난방, 공기조절의 상태, 건물 유지 관리 부분, 실내 공간의 분위기 등을 염두해야 합니다.","P","자연광에 대해 설명해 주세요."
"1","수경설계디자이너에 대해 설명해 주세요.","전체 조경사업 계획을 고려해 분수가 들어갈 대상지의 환경을 분석하여 분수의 종류, 규모, 범위 등을 설정합니다. 분수의 기능에 음악이나 심미적 작용의 가능성을 더한 디자인으로 다양한 변화가 시도되고 있습니다. 연출목적에 따라 노즐의 구성, 사이즈, 관의 크기, 수압 등을 계산해 설계하는 역할을 담당합니다.","P","분수 설계 시 고려해야 하는 수압에 대해 설명해 주세요."
"1","수경설계디자이너에 대해 설명해 주세요.","분수의 설치에는 비용이 매우 많이 들어가기 때문에 전체 조경사업 계획과 별개로 분수가 들어갈 대상지의 환경을 분석하여 분수의 종류, 규모, 범위 등을 설정합니다.  허용 가능 예산에 따라 노즐의 구성, 사이즈, 관의 크기, 수압 등을 계산해 설계하는 역할을 담당합니다","F",""
"1","수경설계디자이너에 대해 설명해 주세요.","수경 설계 디자이너는 심미적 작용의 가능성을 더한 디자인으로 다양한 변화가 시도하고 있는 디자인 전문가입니다. 하지만 기술적인 지식이 부족하기 때문에 노즐의 구성, 사이즈, 관의 크기, 수압 등을 고려하여 직접 설계할 수 있는 전문적인 기술자의 보조가 필요합니다.","F",""
"1","수경설계디자이너에 대해 설명해 주세요.","분수의 설치 기술은 매우 복잡하고 어렵기 때문에 분수가 위치할 대상지에 대한 환경분석을 실시하여 분수의 종류, 규모, 범위 등을 계획합니다. 음악분수, 프로그램분수, 바닥분수, 고사분수, 인공폭포, 벽천, 계류 등의 수경시설 종류 중에서 기술 상 가능한 종류만 고려할 수 있습니다.","F",""
"1","수경설계디자이너에 대해 설명해 주세요.","전체 조경계획을 고려해 분수가 위치할 대상지에 대한 환경분석을 실시하여 분수의 종류, 규모, 범위 등을 계획합니다. 음악분수, 프로그램분수, 바닥분수, 고사분수, 인공폭포, 벽천, 계류 등의 수경시설 종류 중에서 기후, 주변의 사회적 환경 등을 고려하여 대상지에 적합한 수경시설을 결정합니다.","P","음악분수와 프로그램분수의 차이점에 대해 설명해 주세요."
"1","서비스에 대해 설명해 주세요.","서비스는 한 사람이 다른 사람에게 무형이며 아무 소유권이 발생하지 않는 행위 또는 혜택을 제공함을 뜻합니다. 이는 물리적인 제품에 제한되지 않은 굉장히 넓은 개념입니다. 제품과 차별되는 서비스의 속성은 무형성, 이질성, 불가분성, 소멸성이 있습니다. 서비스를 디자인할 때는 이 네가지 속성을 고려해야 합니다.","P","소유권에 대해 설명해 주세요."
"1","서비스에 대해 설명해 주세요.","서비스는 한 사람이 다른 사람에게 무형인 행위 또는 혜택을 제공함을 뜻합니다. 물리적인 제품에 제한되지 않은 굉장히 넓은 개념이지만 비용을 치르고 서비스를 구입하는 경우 계약 상 소유권을 부여하도록 되어있습니다. ","F",""
"1","서비스에 대해 설명해 주세요.","서비스는 기본적으로 눈에 보이지 않으며 형태가 없습니다. 제품처럼 만지거나 볼 수 없으므로 서비스의 가치를 객관적으로 표현하거나 평가하는데는 어려움이 따른다고 생각 할 수 있습니다. 하지만 서비스를 생산하는 비용과 구입하는 비용을 고려하여 객관적인 가치를 산정할 수 있습니다.","F",""
"1","서비스에 대해 설명해 주세요.","서비스는 사용자와 환경에 따라 각기 다른 특성을 가집니다. 누가 언제 어디에서 어떻게 서비스를 제공하고 사용하느냐에 따라 같은 서비스라도 품질이 일정하지 않습니다. 하지만 무인기기와 자동화 시스템 같은 표준화된 서비스를 최대한 접목시켜 서비스 품질의 동질성을 만들 수 있습니다.","F",""
"1","서비스에 대해 설명해 주세요.","서비스는 기본적으로 눈에 보이지 않으며 형태가 없습니다. 제품처럼 만지거나 볼 수 없으므로 서비스의 가치를 객관적으로 표현하거나 평가하는데는 어려움이 따릅니다. 서비스의 무형성은 실체를 보거나 만질 수 없는 객관적 의미의 무형성과 보거나 만질 수 없기 때문에 생각이 제한된다는 주관적 의미의 무형성이 있습니다.","P","주관적 무형성에 대해 설명해 주세요."
"1","서비스에 대해 설명해 주세요.","서비스는 사용자와 환경에 따라 각기 다른 특성을 가집니다. 누가 언제 어디에서 어떻게 서비스를 제공하고 사용하느냐에 따라 같은 서비스라도 품질이 일정하지 않습니다. 심지어 무인기기와 자동화 시스템 같은 표준화된 서비스를 사용할 때도 경험한 서비스이의 가치가 달라질 수 있습니다.","P","표준화된 서비스를 제공받는데도 사용자마다 다른 경험을 하는 이유를 설명해 주세요."
"2","서비스의 불가분성과 소멸성에 대해 설명해 주세요.","사용자는 서비스가 제공되는 그 시점에 존재하지 않으면 서비스를 경험할 수 없습니다. 하지만 소비자가 서비스를 경험했다면 서비스가 제공하는 가치는 소비자의 효용으로서 한시적이지 않다고 여길 수 있습니다. ","P","서비스가 한시적인 이유를 설명해 주세요."
"2","서비스의 불가분성과 소멸성에 대해 설명해 주세요.","서비스는 사용하지 않으면 사라집니다. 이를 서비스의 소멸성이라고 합니다. 사용자는 서비스가 제공되는 그 시점에 존재하지 않으면 서비스를 경험할 수 없습니다. 서비스가 제공하는 가치는 한시적입니다. 서비스는 재고와 저장이 어렵기 때문에 서비스가 소멸할 때 서비스의 편익 또한 함께 사라집니다.","F",""
"2","서비스의 불가분성과 소멸성에 대해 설명해 주세요.","서비스는 판매자와 소비자가 함께해야합니다. 이처럼 서비스의 판매자와 소비자가 분리될 수 없는 속성을 불가분성 이라고 합니다. 서비스의 제공자와 사용자는 분리될 수 없고 서비스의 제공과 사용이 같은 시점에 이루어져야 합니다.","F",""
"2","서비스의 불가분성과 소멸성에 대해 설명해 주세요.","서비스를 디자인할 때 사용자와의 접점관리가 필요하지 않습니다. 소비자가 서비스 디자이너를 만날 수 없기 때문입니다. 또한 서비스를 디자인할 때 기억에 남는 경험을 제공할 수 있는지에 대해 고민해 봐야 합니다.","F",""
"2","서비스의 불가분성과 소멸성에 대해 설명해 주세요.","제품의 경우 생산과 사용이 분리될 수 있습니다. 반면 서비스는 생산과 사용이 동시에 같은 장소에서 이루어집니다. 이처럼 서비스의 생산 시점과 사용 시점이 분리될 수 없는 속성을 불가분성 이라고 합니다. 서비스의 제공자와 사용자는 분리될 수 없고 서비스의 제공과 사용이 같은 시점에 이루어져야 합니다.","P","생산과 사용이 같은시점에 이루어진다는 서비스의 특성을 예제로 설명해 주세요."
"2","서비스의 불가분성과 소멸성에 대해 설명해 주세요.","서비스를 디자인할 때 사용자와의 접점관리가 필요합니다. 사용자와의 접점이란 사용자가 서비스를 경험하는 과정에서 개인이 거치는 물리적 인공물, 인적 상호작용, 커뮤니케이션 등의 모든 요소를 의미합니다. 또한 서비스를 디자인할 때 기억에 남는 경험을 제공할 수 있는지에 대해 고민해 봐야 합니다.","P","경험 서비스에서 커뮤니케이션이 중요한 이유를 설명해 주세요."
"1","서비스 경험 디자인에 대해 설명해 주세요.","서비스 디자인이란 고객이 무형의 서비스를 구체적으로 경험하고 평가할 수 있도록 고객과 서비스가 접촉하는 모든 경로의 유,무형 요소를 창조하는 것입니다. 또한 서비스 디자인 네트워크 학회에서는 서비스 디자인은 유용하고 편리하면서 효과적인 서비스 창출을 목적으로 한다고 정의합니다.","P","효과적인 서비스에 대해 설명해 주세요."
"1","서비스 경험 디자인에 대해 설명해 주세요.","서비스 디자인이란 고객이 무형의 서비스를 구체적으로 경험하고 평가할 수 있도록 할 수 있는 마케팅 방법을 디자인하는 것입니다. 서비스 디자인 네트워크 학회에서는 서비스 디자인은 유용하고 편리하면서 효과적인 서비스 창출을 목적으로 한다고 정의합니다.","F",""
"1","서비스 경험 디자인에 대해 설명해 주세요.","서비스 디자인에서는 비용을 중요하게 고려합니다. 서비스 경험 디자인은 서비스를 사용하는 사람이 큰 불편함을 느끼지 않는 한에서 최소한의 비용을 치르도록 구성되어야 합니다. 그럼으로써 서비스 생산에 투입되는 예산을 줄일 수 있습니다.","F",""
"1","서비스 경험 디자인에 대해 설명해 주세요.","서비스 경험 디자인과 사용자 경험 디자인 모두 사용자 중심의 디자인이라는 점과 경험을 중요하게 생각한다는 점 등에서 공통점을 갖습니다. 다만 사용자 경험 디자인은 좀 더 사용자 자체에 초점을 맞추고 정보통신 기술과 밀접하게 연관된 반면 서비스 경험 디자인은 서비스 제공자도 디자인 범위에 포함됩니다.","F",""
"1","서비스 경험 디자인에 대해 설명해 주세요.","서비스 디자인에서는 경험을 중요하게 고려합니다. 서비스 경험 디자인은 서비스를 사용하는 사람과 서비스를 제공하는 사람들에게 최적의 경험을 주기 위한 원리와 방법입니다. 그렇기에 서비스를 통해 어떤 경험을 제공할 것 인지 고려해야 하며 최적의 경험이 무엇인지 먼저 파악해야 합니다.","P","최적의 경험이 무엇인지 설명해 주세요."
"1","서비스 경험 디자인에 대해 설명해 주세요.","서비스 경험 디자인은 판매자 중심의 디자인입니다. 서비스 판매자가 최대한 효율적으로 서비스를 생산하고 판매할 수 있는 프로토콜을 디자인하는 것입니다. 서비스 이용자의 경험은 부차적으로 고려합니다.","P","사용자경험디자인이 정보통신기술과 밀접한 이유를 설명해 주세요."
"1","전시에 대해 설명해 주세요.","전시는 작품·조직·공간·관람객의 유기적인 작용으로 만들어지는 복합적인 활동의 결과물입니다. 작품이 없는 전시는 성립될 수 없으며, 이러한 작품을 연구 분석하기 위해 전시의 공급자인 인력이 필요합니다. 전시 공간은 작품과 관람객이 상호교류할 수 있는 특별한 장소이며, 관람객은 전시의 수요자입니다.","P","전시는 상호교류의 공간이라는 의미에 대해 설명해 주세요."
"1","전시에 대해 설명해 주세요.","전시는 전시자를 통해 일방적으로 만들어지는 단순한 활동입니다. 전시의 생산자가 없는 전시는 성립될 수 없으며, 이러한 생산자를 연구 분석하기 위해 전시의 공급자인 인력이 필요합니다. 전시 공간은 전시의 생산자와 관람객이 상호교류할 수 있는 특별한 장소이며, 관람객은 전시의 수요자입니다.","F",""
"1","전시에 대해 설명해 주세요.","전시는 관람객과 전시 대상물 사이의 소통 체계를 단순화하여 의미의 왜곡을 최소화하는 행위입니다. 또한 전시회란 전시의 생산자의 의도를 주로 2차원의 시각 매체를 통해 대중에게 전달하는 의사소통 방법입니다.","F",""
"1","전시에 대해 설명해 주세요.","전시와 디스플레이는 그 용어를 사용하는 기관이나 사람에 따라서 의미가 임의적으로 변화할 가능성이 있기 때문에 학자들의 긴 논의 끝에 사전적인 정의를 만들어 내었습니다. 그 용어는 ‘전시를 제작하는 단순한 행위’ 와 ‘전시 기획자의 제작 의도와 목적’ 의 포함 유무를 고려하여 정의되었습니다.","F",""
"1","전시에 대해 설명해 주세요.","전시는 관람객과 전시 대상물 사이의 새로운 소통 체계를 구축하여 의미의 공유를 유발시키는 중재적 행위입니다. 또한 전시회란 인간 역사와 주변 환경의 물질적인 증거와 연관된 정보·사고·감정을 주로 3차원의 시각 매체를 통해 대중에게 전달하는 의사소통 방법입니다.","P","전시에서 사용되는 3차원 시각매체에 대해 설명해 주세요."
"1","전시에 대해 설명해 주세요.","전시와 디스플레이는 그 용어를 사용하는 기관이나 사람에 따라서 의미가 임의적으로 변화하고, 사전적인 정의는 용어의 차이를 설명하는 데 큰 도움을 주지 못합니다. 두 가지 용어는 ‘전시를 제작하는 단순한 행위’ 와 ‘전시 기획자의 제작 의도와 목적’ 의 포함 유무에 따라 다릅니다.","P","전시와 디스플레이의 차이점을 설명해 주세요."
"1","줄눈에 대해 설명해 주세요.","돌, 벽돌, 타일 등을 짤 때의 이음새. 벽돌쌓기, 돌쌓기, 블록쌓기 등에서 접합부의 틈을 말합니다.. 줄눈에는 수평의 가로줄눈. 수직의 세로줄눈, 세로줄 눈의 상하가 막힌 막힌줄눈, 상통한 통줄눈이 있으며 벽돌벽면을 제물치장으로 할때는 모르타르를 줄눈에 바릅니다. 이것을 치장줄눈이라고 합니다.","P","세로줄눈의 특징을 설명해 주세요."
"1","줄눈에 대해 설명해 주세요.","벽돌의 구축물에서 벽돌끼리를 접합하고 있는 부분입니다. 그 접합재로는 일반적으로 벽돌과 동질의 아스팔트가 이용됩니다. 내화 벽돌의 줄눈은 상대적으로 안쪽에 있으므로 가장 침식받지 않는 부분입니다. ","F",""
"1","줄눈에 대해 설명해 주세요.","줄눈의 폭은 가능한 넓은 편이 좋습니다. 줄눈 재료의 선택과 품질도 가마에서는 중요한 인자입니다. 캐스터블 내화물 등으로 노를 구축하면 줄눈의 존재를 부각시킬 수 있습니다. 내화성을 필요로 하는 적벽돌 쌓기 등에서는 보통 시멘트 모르타르를 줄눈 재료로 합니다.","F",""
"1","줄눈에 대해 설명해 주세요.","건물을 지을 때 가장 마지막에 신경쓰는 부분입니다. 그만큼 중요도는 떨어지며 그 재료와 모양도 크게 신경쓰지 않아도 괜찮습니다. 하지만 심미적으로는 눈에 띄는 부분이기 때문에 디자인적으로는 신경을 쓰는 경향이 있습니다.","F",""
"1","줄눈에 대해 설명해 주세요.","벽돌의 구축물에서 벽돌끼리를 접합하고 있는 부분입니다. 그 접합재로는 일반적으로 벽돌과 동질의 모르타르가 이용됩니다. 모르타르를 사용하지 않는 경우를 빈 줄눈이라 합니다. 내화 벽돌의 줄눈은 피가열물로 가장 침식받기 쉬운 부분이며, 줄눈이 침해받아 벽돌이 떨어지는 사고가 종종 있습니다. ","P","모르타르에 대해 설명해 주세요."
"1","줄눈에 대해 설명해 주세요.","줄눈의 폭은 가능한 얇은 편이 좋습니다. 줄눈 재료의 선택과 품질도 가마에서는 중요한 인자입니다. 캐스터블 내화물 등으로 노를 구축하면 줄눈의 존재를 없앨 수 있습니다. 내화성을 필요로 하지 않는 적벽돌 쌓기 등에서는 보통 시멘트 모르타르를 줄눈 재료로 합니다.","P","적벽돌의 특징을 설명해 주세요."
"1","강화유리에 대해 설명해 주세요.","성형 판유리를 연화온도에 가까운 500∼600 ℃로 가열하고, 압축한 냉각공기에 의해 급랭시켜 유리 표면부를 압축변형시키고 내부를 인장변형시켜 강화한 유리입니다. 보통 유리에 비해 굽힘강도는 3∼5배, 내충격성도 3∼8 배나 강하며, 내열성도 우수합니다. 온도에도 견디며 파편에 의한 부상이 거의 없이 안전성이 있습니다.","P","연화온도에 대해 설명해 주세요."
"1","강화유리에 대해 설명해 주세요.","성형 판유리를 50∼100 ℃의 낮은 온도로 가열하고, 실온의 공기에 의해 천천히 냉각시켜 유리 표면부를 안정적으로 변형시키고 내부를 보호하여 강화한 유리입니다. 온도에도 견디며 파편에 의한 부상이 거의 없이 안전성이 있습니다.","F",""
"1","강화유리에 대해 설명해 주세요.","유리 자체가 내부에서 힘의 균형을 유지하고있기 때문에 내구성이 매우 강하다는 장점이 있습니다. 하지만 한쪽이 조금만 절단되어도 전체가 팥알 크기의 파편으로 파괴되는 단점이 있으므로 적절한 필요성이 있는 때가 아니라면 잘 사용하지 않습니다.","F",""
"1","강화유리에 대해 설명해 주세요.","고열에 의한 특수 열처리로 기계적 강도를 향상시킨 특수유리로 일반 유리에 비해 강도가 3~5배입니다. 성형 유리판을 약 600℃로 열압, 공기를 뿜어 급냉시켜서 만듭니다. 깨지더라도 조각이 모나지 않게 콩알 모양으로 부수어 집니다. 가공이 불가능하므로 제작전에 나사구멍, 절단 등의 작업을 하여야 한다. ","F",""
"1","강화유리에 대해 설명해 주세요.","유리 자체가 내부에서 힘의 균형을 유지하고있기 때문에 한쪽이 조금 절단되어도 전체가 팥알 크기의 파편으로 파괴되므로 강화처리 하기 전에 용도에 맞는 모양으로 만들어야 합니다. 용도는 자동차 ·항공기의 창유리, 도난방지용 창유리 등 건축용, 산업용으로 많이 쓰입니다.","P","강화유리의 산업용 용도를 설명해 주세요."
"1","강화유리에 대해 설명해 주세요.","초저온에 의한 특수 냉각처리로 기계적 강도를 향상시킨 특수유리로 일반 유리에 비해 강도가 3~5배입니다. 성형 유리판을 오랫동안 급냉시켜서 만듭니다. 가공이 불가능하므로 제작전에 나사구멍, 절단 등의 작업을 하여야 한다. ","P","강화유리의 경우 제작 전 작업을 해야 하는 이유를 설명해 주세요."
"2","장식에 대해 설명해 주세요.","사물의 외면을 아름답게 치장하고 꾸미는 것입니다. 건축물이나 물건에 달린 개개의 장식, 그 형식이나 모티브를 말합니다. 과거와 다르게 장식은 심리적인 면에서도 의미가 없다는 것이 밝혀져 그 의미가 많이 퇴색되었습니다.","P","오너먼트에 대해 설명해 주세요."
"2","장식에 대해 설명해 주세요.","사물의 외면을 아름답게 치장하고 꾸미는 것입니다. 건축물이나 물건에 달린 개개의 장식, 그 형식이나 모티브를 말합니다. 영어의 데코레이션과 오너먼트를 우리말로는 장식이라 번역하지만 일반적으로 데코레이션은 조직적이고 전체적인 장식을 의미합니다. 장식은 심리적인 효과라는 면에서 주시되고 있습니다. ","F",""
"2","장식에 대해 설명해 주세요.","궁전의 실내를 회화와 조각, 벽걸이와 깔개, 가구와 장식물 등으로 장식할 경우 이 치장들 전체를 오너먼크이라 합니다. 이에 대하여 특정 사물의 표면을 치장하고 꾸미는 장식 모양은 데코레이트라고 부릅니다. ","F",""
"2","장식에 대해 설명해 주세요.","사물의 외면을 아릅답게 치장하는 것을 의미합니다. 과거에는 휘황찬란한 장식이 부의 상징이라고 여겨져 중요하게 다루어 졌지만 현대에 와서는 심리적으로 혼란을 야기한다고 하여 지양는 추세입니다. ","F",""
"2","장식에 대해 설명해 주세요.","궁전의 실내를 회화와 조각, 벽걸이와 깔개, 가구와 장식물 등으로 장식할 경우 이 치장들 전체를 데코레이션이라 합니다. 이에 대하여 특정 사물의 표면을 치장하고 꾸미는 장식 모양은 오너먼트라고 부릅니다. 항아리와 같은 단일 대상의 장식인 경우는 데코레이션과 오너먼트의 구별이 애매하나 장식 모양은 그 자체가 독립하여 존재하는 것이 아니고 항상 부가되는 것입니다.","P","장식과 치장의 관계를 설명해 주세요."
"2","장식에 대해 설명해 주세요.","오너먼트의 모티브는 다양하지만, 크게 나누어 기하학적인 장식, 직선, 방형, 원, 점 등을 주제로 한 것과 자연적 장식, 그 밖의 자연물에 의한 것으로 나눌 수 있습니다. 또한 문자, 끈 따위에서 유래하는 것 등 각종의 장식이 있습니다. 르네상스 장식, 로코코 장식이라는 식으로, 나라와 시대에 따라 양식화된 것을 볼 수 있습니다. ","P","자연적 장식의 예제를 설명해 주세요."
"1","커튼에 대해 설명해 주세요.","광선의 조절, 시선의 차단, 방음, 방서, 방한 등의 목적으로 사용됩니다. 또 실용성외에 벽이나 유리의 딱딱한 감을 부드럽게 하고 색채의 배합에 따라 실내장식의 중요한 요소가 됩니다. 주거양식이 서구화됨에 따라 중요한 생활용구의 하나가 되었습니다. 한국 한옥에서 사용한 휘장이나 발 ·병풍 등이 커튼의 구실을한 것이라 볼 수 있습니다.","P","커튼의 역할 중 색채의배합에 대해 설명해 주세요."
"1","커튼에 대해 설명해 주세요.","동양에서는 광선의 조절, 시선의 차단, 방음, 방서, 방한 등의 목적으로 사용되었습니다. 그에반해 서양에서는 실용성외에 벽이나 유리의 딱딱한 감을 부드럽게 하고 색채의 배합에 따라 실내장식의 중요한 요소로 여겨졌습니다.","F",""
"1","커튼에 대해 설명해 주세요.","현대에는 아파트와 같은 단일한 디자인의 건축물이 대부분의 건물을 차지함에 따라 커튼또한 실용성을 강조하는 제품이 주로 출시됩니다. 디자인을 넣어서 개성을 표현하는 커튼은 상류층에서만 사용합니다.","F",""
"1","커튼에 대해 설명해 주세요.","과거에는 심미성을 위하여 통주름이나 2줄주름 등의 방법을 이용하여 커튼에 디자인을 넣었습니다. 하지만 현대에 와서는 주름을 잡기 위해서 낭비되는 자원을 줄이기 위하여 주름을 거의 이용하지 않습니다.","F",""
"1","커튼에 대해 설명해 주세요.","포플린 ·캘리코 ·진즈 등으로 만든 것은 경쾌하고 실용적이며, 사용장소와 목적에 따라 장중한 감을 주는 벨벳 ·다마스크 ·브로케이드 등이 있습니다. 레이스 ·레이온 등은 실루엣이 아름답지만 얇아서 두꺼운 것과 이중으로 사용합니다. 질감 ·색채와무늬 등이 다양해서 자유롭게 개성대로 선택할 수 있습니다.","P","포플린에 대해 설명해 주세요."
"1","커튼에 대해 설명해 주세요.","폭은 대략창문폭의 1.5배가 필요하지만 주름을 많이 잡으려면 2.5배 정도가 되어야 합니다. 주름잡는 방법에는 여러 가지가 있으나 일반적으로 통주름이나 2줄주름을 많이 사용합니다. 주름의 간격은 보통 15cm 정도이나, 레이스와 같이 얇은 천은 12cm 정도로 해서 부드러운 감을 충분히 살리도록 합니다.","P","폭과 주름의 관계를 설명해 주세요."
"2","회반죽에 대해 설명해 주세요.","회반죽은 파리 석고, 부분탈수 석고, 황산칼슘 반수화물 등 다양한 이름으로 통용됩니다. 석고는 설화석고의 미세한 결정체에서 투명 석고의 크고 납작한 조직에 이르기까지 다양한 결정질의 형태로 발견되는 흔한 광물입니다. 회반죽은 적어도 7,000년 전에 중동에서 건축 자재와 장식으로 최초로 사용되었습니다. ","P","파리석고의 뜻을 설명해 주세요."
"2","회반죽에 대해 설명해 주세요.","석고는 과거 화학기술이 발전하지 않았을 때 건설에 많이 이용되었지만 건강에 좋지 않은 영향을 줌이 밝혀졌기 때문에 거의 이용되지 않습니다. 화학기술이 충분히 발달한 현재에는 대체할만한 좋은 재료가 많이 발명되었기 때문입니다.","F",""
"2","회반죽에 대해 설명해 주세요."," 석고는 설화석고의 미세한 결정체에서 투명 석고의 크고 납작한 조직에 이르기까지 다양한 결정질의 형태로 발견되는 흔한 광물입니다. 회반죽은 설화석고가 많이 나는 한반도에서 건축 자재와 장식으로 최초로 사용되었습니다. ","F",""
"2","회반죽에 대해 설명해 주세요.","소석회, 모래, 여물, 해초물 등을 섞어 만든 미장용 반죽으로 목조 바탕, 콘크리트 블록, 벽돌 바탕 등에 흙손으로 발라서 벽체나 천장 등을 보호합니다. 가수량이 불충분하면 벽면에 팽창성 균열이 생깁니다. 회반죽은 내구성에서 굉장히 중요하기 때문에 미적요소를 고려할 여유가 없습니다.","F",""
"2","회반죽에 대해 설명해 주세요.","소석회, 모래, 여물, 해초물 등을 섞어 만든 미장용 반죽으로 목조 바탕, 콘크리트 블록, 벽돌 바탕 등에 흙손으로 발라서 벽체나 천장 등을 보호하며 미화하는 효과를 가지게 합니다. 가수량이 불충분하면 벽면에 팽창성 균열이 생깁니다. 회반죽은 건설뿐만 아니라 미술에서도 핵심적인 역할을 했습니다.","P","미장용 반죽에 대해 설명해 주세요."
"2","스테인에 대해 설명해 주세요.","목재 등을 착색하는 데 사용되는 착색제입니다. 염료를 물, 알코올, 기름 및 바니시 등에 용해해서 만듭니다. 각각을 수성 스테인, 알코올성 스테인, 오일 스테인이라고 합니다. 기타 화학 약품, 중크롬산칼륨, 과망간산칼륨 수용액, 질산 등 의 목재에 대한 부식성을 이용한 화학 착색제도 있습니다.","P","바니시에 대해 설명해 주세요."
"2","스테인에 대해 설명해 주세요.","수성 스테인은 재질에 대한 침투성이 작아 퇴색하기 쉽지만, 마무리칠 도료가 번질 염려는 적습니다. 알코올성 스테인은 건조가 빨라 재질을 거칠게 하지 않지만, 얼룩이나 퇴색이 되는 경우도 있습니다. 오일 스테인은 재질을 거칠게 하지 않고 침투성이 좋으며 퇴색도 적지만, 얼룩이 생기거나 마무리칠 도료가 번질 염려가 있습니다.","P","도료에 대해 설명해 주세요."
"2","스테인에 대해 설명해 주세요.","금속을 염색하는데 사용되는 착색제입니다. 염료를 물, 알코올, 기름 및 바니시 등에 용해해서 만듭니다. 각각을 수성 스테인, 알코올성 스테인, 오일 스테인이라고 합니다. 금속의 산화성을 이용한 화학 착색제도 있습니다.","F",""
"2","스테인에 대해 설명해 주세요.","수성 스테인은 재질에 대한 침투성이 작아 퇴색하기 쉽고, 마무리칠 도료가 번질 가능성이 커 잘 사용되지 않습니다. 하지만 비용이 적게 들어 단기간에 많은 양을 사용해야할 때 간의용으로 이용합니다.","F",""
"2","스테인에 대해 설명해 주세요."," 알코올성 스테인은 건조가 느려 재질을 거칠게 하지만, 얼룩이나 퇴색이 되는 경우가 없습니다. 오일 스테인은 재질을 거칠게 하지 않고 침투성이 좋으며 퇴색도 적고 마무리칠 도료가 번질 염려도 없지만 가격이 매우 비쌉니다.","F",""
"2","다운라이트에 대해 설명해 주세요.","천장에 작은 구멍을 뚫고 그 속에 광원을 매입하는 조명 방식으로, 전반조명용 외에 기능과 용도에 따라 월워셔 다운라이트, 다운스포트 등으로 구분되는데, 조명기구의 노출이 거의 없어 천장면이 잘 정돈되어 보이는 것이 이점입니다. 특징에 따라 핀홀라이트와 코퍼라이트가 있습니다.","P","코퍼라이트에 대해 설명해 주세요."
"2","다운라이트에 대해 설명해 주세요.","천장에 큰 구멍을 뚫어 볼록거울을 달고 그 사이에 광원을 매입하는 조명 방식으로, 조명기구의 노출이 크지만 거울 덕분에 천장면이 잘 정돈되어 보이는 것이 이점입니다. 특징에 따라 핀홀라이트와 코퍼라이트가 있습니다.","F",""
"2","다운라이트에 대해 설명해 주세요.","천장면이 밝아지는 특징이 있어 화사한 분위기를 내는 실내공간을 연출하기에 적합합니다. 다운라이트 방식에서는 조명기구를 선택하거나 배광을 예측할 때 설계자의 의도에 알맞은 기능을 선택하는 것이 중요합니다. ","F",""
"2","다운라이트에 대해 설명해 주세요.","빛도 어둡고 천장면도 조잡하여 큰 장점이 없는 조명 구조입니다. 그래도 많이 사용되는 이유는 설계자의 의도가 달라져 선택이 잘못되는 결과를 낳더라도 수정하기 편하고 비용이 저렴하기 때문입니다.","F",""
"2","다운라이트에 대해 설명해 주세요.","건물의 일부에 광원을 매입하여 조명과 건물을 일체화하는 건축화조명 가운데 하나로, 가장 많이 쓰이는 조명 방식입니다. 광원으로는 백열등이나 할로젠램프가 많이 사용됩니다. 매입형이므로 조명기구의 노출이 거의 없어 천장면이 잘 정돈되어 보이는 것이 큰 장점입니다. ","P","할로젠램프에 대해 설명해 주세요."
"2","다운라이트에 대해 설명해 주세요.","천장면이 어두워지는 특징이 있어 분위기 있는 실내공간을 연출하기에 적합합니다. 다운라이트 방식에서는 조명기구를 선택하거나 배광을 예측할 때 설계자의 의도에 알맞은 기능을 선택하는 것이 중요합니다. 선택이 잘못되어 광원의 위치를 이동해야 한다면 이미 천장은 손상되어 있어 수정하기가 쉽지 않기 때문입니다.","P","배광에 대해 설명해 주세요."
"1","평면도에 대해 설명해 주세요.","입체를 수평면상에 투영하여 그린 도형을 말합니다. 서있는 모습을 그대로 나타낸 그림은 입면도라고 합니다.  평면도는 수평면을 기준으로 입체를 평면상에 나타낸 것을 말합니다. 건축에서는 적당한 높이의 수평면에서 절단하고, 각층마다의 간살잡기, 평면상의 구성 등을 그린 그림을 말합니다.","P","입면도와 평면도의 차이점을 설명해 주세요."
"1","평면도에 대해 설명해 주세요.","입체를 수평면과 수직면상에 투영하여 3차원으로 그린 도형을 말합니다. 건축에서는 평면도를 필요에 따라 적당한 높이의 수평면에서 절단하고, 각층마다의 간살잡기, 평면상의 구성 등을 그리는 데에 사용합니다.","F",""
"1","평면도에 대해 설명해 주세요.","건물의 각층을 일정한 높이의 수평면에서 절단한 면을 수평 투사한 도면입니다. 각층의 방 배치, 출입구, 창 등의 위치 등 건물의 구조만을 포함해야합니다.  실내에 있어서의 기계, 기구나 가구류의 평면적인 크기나 위치 등은 평면도에 포함되어서는 안됩니다.","F",""
"1","평면도에 대해 설명해 주세요.","물체를 측면에서 수직면에 투영하여 그린 그림입니다. 건축에서는 건축물을 창의 중앙에서 수직으로 절단하였을 때의 여러층의 기둥·벽·창·출입구·계단 등을 표시하고, 설비에서는 주로 건축 평면도에 기기의 설치 장소나 배관, 덕트의 경로 등을 기입하며 기기의 형식 및 치수 등을 표시합니다.","F",""
"1","평면도에 대해 설명해 주세요.","건물의 각층을 일정한 높이의 수평면에서 절단한 면을 수평 투사한 도면입니다. 각층의 방 배치, 출입구, 창 등의 위치를 나타내기 위해 그립니다. 또, 평면도 중에 실내에 있어서의 기계, 기구나 가구류의 평면적인 크기나 위치를 나타내는 경우가 있습니다. 또, 지붕, 옥상층 등의 수평 투영도도 평면도의 일종입니다.","P","투사에 대해 설명해 주세요."
"1","평면도에 대해 설명해 주세요.","물체를 상부에서 수평면에 투영하여 그린 그림입니다. 건축에서는 건축물을 창의 중앙에서 수평으로 절단하였을 때의 기둥·벽·창·출입구·계단 등을 표시하고, 설비에서는 주로 건축 평면도에 기기의 설치 장소나 배관, 덕트의 경로 등을 기입하며 기기의 형식 및 치수 등을 표시합니다.","P","덕트에 대해 설명해 주세요."
"2","푸르킨예 현상에 대해 설명해 주세요.","어두운 곳에서 푸른 것이 밝게 느껴지는 현상을 말합니다. 이 현상의 이유는 명순응 상태에서는 파장 약 560nm의 황색광이 가장 밝게 느껴지나, 암순응 상태에서는 약 510nm의 녹색광이 가장 밝게 느껴지기 때문입니다. 따라서 중심시에는 푸르킨예 현상이 존재하지 않습니다.","P","중심시에 대해 설명해 주세요."
"2","푸르킨예 현상에 대해 설명해 주세요.","밝은 곳에서 붉은 것이 어둡게 느껴지는 현상을 말합니다. 이 현상의 이유는 명순응 상태에서는 파장 약 560nm의 황색광이 가장 밝게 느껴지나, 암순응 상태에서는 약 510nm의 녹색광이 가장 밝게 느껴지기 때문입니다.","F",""
"2","푸르킨예 현상에 대해 설명해 주세요.","색은 망막의 시세포로 감지하고 있지만, 밝은 장소에서는 파랑이 선명하게 먼 곳까지 보이고 빨강은 거무스름해져 보입니다. 한편, 어두운 장소에서는 밝은 빨강이 선명하게 먼 곳까지 보이는데 비해, 파랑은 거무스름해져 보입니다. ","F",""
"2","푸르킨예 현상에 대해 설명해 주세요.","원추이라 불리는 시세포의 기능에 의한 것으로, 사람의 눈은 어두워질수록 푸른색에 민감하게 되는 현상을 말합니다. 원추세포는 눈의 망막에 위치한 광수용 세포이며, 또 다른 타입의 광수용 세포인 간상세포와는 다르게 약한 빛을 감지합니다. 세포의 모양이 원추 모양이어서 원추세포라는 이름을 가지게 되었습니다. ","F",""
"2","푸르킨예 현상에 대해 설명해 주세요.","푸르킨예 효과는 19세기의 체코의 생리학자의 이름이 붙여진, 시감도가 어긋나는 현상을 말합니다. 색은 망막의 시세포로 감지하고 있지만, 밝은 장소에서는 빨강이 선명하게 먼 곳까지 보이고 파랑은 거무스름해져 보입니다. 한편, 어두운 장소에서는 파랑이 선명하게 먼 곳까지 보이는데 비해, 빨강은 거무스름해져 보입니다. ","P","시감도에 대해 설명해 주세요."
"2","푸르킨예 현상에 대해 설명해 주세요.","간상이라 불리는 시세포의 기능에 의한 것으로, 사람의 눈은 어두워질수록 푸른색에 민감하게 되는 현상을 말합니다. 간상세포는 눈의 망막에 위치한 광수용 세포이며, 또 다른 타입의 광수용 세포인 원추세포와는 다르게 약한 빛을 감지합니다. 세포의 모양이 원기둥 모양이어서 간상세포라는 이름을 가지게 되었습니다. ","P","간상세포에 대해 설명해 주세요."
"1","디자인 사고를 태도적 측면에서 설명해 주세요.","모호성을 인성하고 익숙해지도록 해야합니다. 디자인의 영역에서는 이런 모호성을 받아들이고 계속해서 질문해 나가는 태도가 결정론적 태도보다 선호됩니다. 그러므로 디자인 사고에서 모호성에 익숙해지는 것은 핵심적인 요소입니다. 모호성을 인정하고 익숙하게 여기게 되면 창의적인 해결방안을 내놓는 것이 수월합니다.","P","결정론적 태도에 대해 설명해 주세요."
"1","디자인 사고를 태도적 측면에서 설명해 주세요.","모호성을 경계하고 지양하도록 해야합니다. 디자인의 영역에서는 결정론적 태도가 이런 모호성에 순응하는 태도보다 우수하다고 생각됩니다. 그러므로 디자인 사고에서 모호성에 저항하는 것은 핵심적인 요소입니다.","F",""
"1","디자인 사고를 태도적 측면에서 설명해 주세요.","개인의 허영심으로 인해 가능성을 탐험해보기 위해 실패의 위험성을 부담합니다. 그것은 팀의 안정성과 팀워크에 해를 끼칩니다. 디자인은 개인이 아닌 팀워크가 중요한 영역이기 때문에 이는 부정적으로 받아들여집니다.","F",""
"1","디자인 사고를 태도적 측면에서 설명해 주세요.","제약조건들을 될수 있는 한 부정적으로 바라봅니다. 제약조건의 타파를 즐겨야 합니다. 디자인적 사고는 제한을 무시하는 도전 정신과 문제 해결 과정을 즐기는 것과 연관되어 있으니 끝까지 포기하지 말아야 합니다.","F",""
"1","디자인 사고를 태도적 측면에서 설명해 주세요.","가능성을 탐험해보기 위해 실패의 부담감을 안고 도전해 봅니다. 개인이나 팀이 지닌 능력의 한계까지 부딪혀볼 용기가 필요합니다. 기술적 한계를 넘어보려고 노력하는 자세를 갖는 것도 디자인적 사고라고 할 수 있습니다. 끊임없이 질문하고 이런 제약을 창의적으로 극복하려는 자세가 바로 디자인적 사고의 기본요소 입니다.","P","주어진 제약을 극복하기 위한 시도방안에 대해 설명해 주세요."
"1","디자인 사고를 태도적 측면에서 설명해 주세요.","제약조건들을 될수 있는 한 긍정적으로 바라봅니다. 문제 해결을 즐겨야 합니다. 적어도 하나의 잠재적인 해결 방안은 이미 존재하고 있는 다른 대안보다 나을 것이라고 믿어야 합니다. 디자인적 사고를 문제 해결과 기회 목색 과정을 즐기는 것과 연과되어 있으니 끝까지 포기하지 말아야 합니다.","P","잠재적 대안을 찾기위한 방법에 대해 설명해 주세요."
"2","파빌리온에 대해 설명해 주세요.","경기장 등의 관람석 ·선수석, 병원이나 요양소 등의 병동, 박람회의 분관·전시관 등을 말합니다. 라틴어의 파필리온을 어원으로 합니다. 파빌리온의 원뜻은 나비라는 뜻으로 텐트를 의미합니다. 건축용어로는 ‘파빌리온 시스템’ 등의 용어가 있으며, 이는 대개 이동이 가능한 가설의 작은 건축을 말합니다.","P","파빌리온의 이동가능성에 대해 설명해 주세요."
"2","파빌리온에 대해 설명해 주세요.","박람회 등의 전시관이나 국가나 지방 또는 인간이 독자적으로 사용하는 일시적인 특설 가건물 등을 말합니다. 정자또는 그에 속하는 경미한 정원건축, 다정, 휴게소 등을 의미하기도 합니다. 대규모 건조물의 분절부를 말하며 길고 큰 건물의 중앙부 또는 양쪽 끝과 한쪽 구석부분에 약간 높게 블록을 만들어 지붕, 돔 등을 붙여 강조한 것입니다.","P","특설 가건물에 대해 설명해 주세요."
"2","파빌리온에 대해 설명해 주세요.","라틴어의 파필리온을 어원으로 합니다. 파빌리온의 원뜻은 나무라는 뜻으로 건축물을 의미합니다. 건축용어로는 ‘파빌리온 시스템’ 등의 용어가 있으며, 이는 대개 이동이 불가능한 대규모의 건축을 말합니다.","F",""
"2","파빌리온에 대해 설명해 주세요.","자연적으로 형성된 인간이 쉴 수 있는 공간을 의미합니다. 약간의 인위성이 투영된 정자, 휴게소 정도도 포합됩니다. 이는 자연친화적이며 앞으로 자연과의 조화성을 위하여 인류가 지향해야할 형태의 건축입니다.","F",""
"2","파빌리온에 대해 설명해 주세요.","대규모 건조물의 중심부를 말하며  볼륨이 큰 건물의 메인 건조물을 의미합니다. 건물에 딸린 일시적인 특설 가건물, 관람석, 박람회 분관, 전시관, 병원이나 요양소 등의 병동 등과 구분하기 위하여 사용되는 단어입니다. ","F",""
"1","하중에 대해 설명해 주세요.","구조체에 걸린 힘입니다. 건물에 작용하는 하중에는 자중, 적설, 풍압력, 지진력 및 가구나 인체 등의 적재 하중이 있습니다. 건축물 등에 부여되는 중량과 압력을 말합니다. 구조물의 자중, 자동차 기차의 무게, 사람의 무게, 풍력, 수압, 눈, 지진력 등을 통틀어 구조역학에서는 구조물을 해치는 원인으로 취급, 그에 상당하는 하나의 무게로 환산하여 하중이라 칭합니다.","P","적설에 대해 설명해 주세요."
"1","하중에 대해 설명해 주세요.","구조체에 걸린 힘입니다. 건축물 등에 부여되는 중량과 압력을 말합니다. 적설, 풍압력, 지진력, 가구나 인체 등의 적재로 인한 힘은 건축물 자체적인 중량과 압력이 아니므로 배제하여 생각하여야 합니다.","F",""
"1","하중에 대해 설명해 주세요.","하중은 정하중과 동하중으로 크게 나눕니다. 물체 위에 정치된 추와 같이 움직이지 않는 하중을 정하중이라 합니다. 매우 느리게 움직여 물체에 대해서 정하중과 같은 작용을 하는 것을 정하중이라고 오해할 수 있는데 동하중이니 구별에 주의해야합니다.","F",""
"1","하중에 대해 설명해 주세요.","하중은 압력이나 자중과 같이 물체의 전체에 분포하여 작용하는 집중하중과, 반대로 거의 한 점으로 간주할 수 있을 만큼 좁은 범위에 작용하는 분포하중이 있습니다. 그 외의 경우에는 하중과 유사해보이는 힘도 하중이라고 정의하지 않습니다.","F",""
"1","하중에 대해 설명해 주세요.","하중은 정하중과 동하중으로 크게 나눕니다. 물체 위에 정치된 추와 같이 움직이지 않는 하중을 정하중이라 하고, 매우 느리게 움직여 물체에 대해서 정하중과 같은 작용을 하는 것도 정하중이라고 합니다. 구조계산에 채용하는 하중 및 외력에는 고정하중ㆍ적재하중ㆍ적설하중ㆍ풍압력 등 4종이 있습니다.","P","풍압력을 설명해 주세요."
"1","하중에 대해 설명해 주세요.","하중은 압력이나 자중과 같이 물체의 전체 또는 그 일부에 분포하여 작용하는 경우와, 반대로 거의 한 점으로 간주할 수 있을 만큼 좁은 범위에 작용하는 경우가 있습니다. 전자를 분포하중, 후자를 집중하중이라고 한다. 또, 물체에 가해지는 작용에 따라 축하중·수평하중·휨하중·비틀림하중 등으로도 나눕니다.","P","축하중에 대해 설명해 주세요."
"1","결로에 대해 설명해 주세요.","천장, 벽, 바닥 등의 표면 또는 그들 내부의 온도가 그 위치의 습공기의 노점 이하로 되었을 때 공기 중의 수증기는 액체가 됩니다. 이것을 결로라 합니다. 결로에는 표면 결로와 내부 결로가 있습니다. 결로를 방지하려면 옥내의 환기나 공기의 유통이 잘 되도록 하여 습도가 높은 공기가 정체되는 것을 피하고, 물주전자 등 수증기 발산의 근원이 되는 부분은 국부적인 배기를 합니다.","P","표면결로에 대해 설명해 주세요."
"1","결로에 대해 설명해 주세요.","공기 중에는 약간의 수증기가 포함되어 있는데, 그 양은 같은 기압 아래서 온도에 따라 최대한도가 정해져 있습니다. 어떤 온도의 공기가 그보다 차가운 벽에 접촉하여 기온이 내려갔다고 하면, 이 공기의 상대습도가 올라갑니다. 그것이 이슬점에 이르면 수증기는 물방울이 되어 벽면에 맺히는데 그것이 결로입니다. ","P","이슬점에 대해 설명해 주세요."
"1","결로에 대해 설명해 주세요.","결로에는 표면 결로와 내부 결로가 있습니다. 결로를 방지하려면 옥내의 환기나 공기의 유통을 최대한 방지하여 습도가 높은 공기가 정체되도록하고 물주전자 등 수증기 발산의 근원이 되는 부분을 중심에 배치합니다.","F",""
"1","결로에 대해 설명해 주세요.","공기 중에는 약간의 수증기가 포함되어 있는데, 그 양은 같은 기압 아래서 온도에 따라 최대한도가 정해져 있습니다. 어떤 온도의 공기가 그보다 뜨거운 벽에 접촉하여 기온이 올라갔다고 하면, 이 공기의 상대습도가 올라갑니다. 그것이 이슬점에 이르면 수증기는 물방울이 되어 벽면에 맺히는데 그것이 결로입니다. ","F",""
"1","결로에 대해 설명해 주세요.","수분을 포함한 대기의 온도가 액화점 이하로 떨어져 대기가 함유하고 있던 수분이 물체 표면에서 물방울로 맺히는 현상입니다. 건물 내부는 액화점보다 기온이 낮고, 수증기를 발산시키는 근원이 많기 때문에 안팎의 온도차가 크며, 또한 환기를 자주 하지 않는 여름철에는 결로에 의한 건물의 피해가 문제될 때가 있습니다.","F",""
"1","결로에 대해 설명해 주세요.","수분을 포함한 대기의 온도가 이슬점 이하로 떨어져 대기가 함유하고 있던 수분이 물체 표면에서 물방울로 맺히는 현상입니다. 건물 내부는 일반적으로 옥외보다 온도가 높고, 수증기를 발산시키는 근원이 많기 때문에 안팎의 온도차가 크며, 또한 환기를 자주 하지 않는 겨울철에는 결로에 의한 건물의 피해가 문제될 때가 있습니다.","P","겨울철에 결로현상에 더욱 유의해야 하는 이유를 설명해 주세요."
"2","서비스 경험 디자인의 구성요소를 설명해 주세요.","첫번째 구성요소는 접점입니다. 사용자들이 서비스를 직간접적으로 접하는 접점들을 말하는데 사용자가 서비스를 경험하는 과정에서 거치는 모든 요소를 말합니다. 접적은 물리적 위치와 같은 특정한 장소나 공간, 제품, 웹사이트, 대면 커뮤니케이션 등 다양한 형태로 나타납니다.","P","접점과 소비자의 관계에 대해 설명해 주세요."
"2","서비스 경험 디자인의 구성요소를 설명해 주세요.","첫번째 구성요소는 접점입니다. 사용자들이 서비스 디자이너를 직접적으로 접하는 접점들을 말하는데 사용자가 서비스 디자이너를 대하는 과정에서 거치는 모든 요소를 말합니다. 접점은 물리적 위치와 같은 특정한 장소나 공간, 제품, 웹사이트, 대면 커뮤니케이션 등 다양한 형태로 나타납니다.","F",""
"2","서비스 경험 디자인의 구성요소를 설명해 주세요.","접적들을 제공하기 위해 설계되고 구축된 건축물을 아키텍처라고 합니다. 아키텍처는 시스템를 담고있는 하드웨어라고 할 수 있습니다. 접점을 통해 서비스를 제공하고자 할 때 눈에 보이지 않는 서비스를 시스템을 갖춰서 제공해야 하고 시스템을 갖추려면 하드웨오의 구조가 필수적입니다.","F",""
"2","서비스 경험 디자인의 구성요소를 설명해 주세요.","모델은 서비스가 단기적으로 운영되고 유지되는데 필요한 사용자 참여 및 비즈니스 모델을 말합니다. 모델은 사용자에게 서비스를 제공했을 때 서비스를 제공하는 기업과 사용자에게 일시적으로 어떤 효과가 있는지를 의미합니다.","F",""
"2","서비스 경험 디자인의 구성요소를 설명해 주세요.","접적들을 제공하기 위해 설계되고 구축된 시스템을 아키텍처라고 합니다. 아키텍처는 시스템을 이루는 구조라고 할 수 있습니다. 접점을 통해 서비스를 제공하고자 할 때 눈에 보이지 않는 서비스를 시스템을 갖춰서 제공해야 하고 시스템을 갖추려면 시스템의 구조가 필수적입니다.","P","시스템이 필요한 이유를 설명해 주세요."
"2","서비스 경험 디자인의 구성요소를 설명해 주세요.","모델은 서비스가 지속적으로 운영되고 개선되는데 필요한 사용자 참여 및 비즈니스 모델을 말합니다. 모델은 사용자에게 서비스를 제공했을 때 서비스를 제공하는 기업과 사용자에게 어떤 효과가 있는지 나타냅니다. 비즈니스 모델의 경우 서비스를 제공했을 때 서비스 제공자인 기업이 어떤 방식을 통해 지속 가능한 서비스를 만들어낼 수 있는지 직접 보여줍니다.","P","비즈니스 모델에 대해 설명해 주세요."
"1","제품개발과 서비스 경험 디자인 프로세스의 차이점을 설명해 주세요.","전통적인 제품 개발 프로세스는 선형적인 속성을 띠며 디자이너, 엔지니어, 마케터의 역할이 나뉘어 고도로 분업화되어 작업이 진행됩니다. 사용자의 참여가 차단되거나 제한적이며 품질 보증에 민감하고 대량 생산 동일 후 문제가 발생하면 고정 비용 손실이 발생하기 때문에 유연한 반복 작업에 한계가 있습니다.","P","분업화에 대해 설명해 주세요."
"1","제품개발과 서비스 경험 디자인 프로세스의 차이점을 설명해 주세요.","전통적인 제품 개발 프로세스는 복합적인 속성을 띠며 디자이너, 엔지니어, 마케터의 역할이 나뉘지 않고 통합화되어 작업이 진행됩니다. 사용자의 참여가 자유롭고 품질 보증에 민감하고 대량 생산 동일 후 문제가 발생하면 고정 비용 손실이 발생하기 때문에 유연한 반복 작업에 한계가 있습니다.","F",""
"1","제품개발과 서비스 경험 디자인 프로세스의 차이점을 설명해 주세요.","서비스 경험 디자인 프로세스는 선형적이고 보수적인 구조를 보이며 영역 간 구분이 제품 개발 프로세스보다 훨씬 분명합니다. 서비스를 사용하거나 제공하는 사람들의 참여가 제한되어 품질 보증 단계를 사용자를 통해 간접적으로 진행하기도 합니다.","F",""
"1","제품개발과 서비스 경험 디자인 프로세스의 차이점을 설명해 주세요.","서비스는 사용자가 서비스 개발에 참여할 수 없고 사용자에게 기밀이라는 점에서 한 번 제품이 만들어지면 더 나은 형태로 제공할 수 없는 제품 개발 프로세스와 유사한 모습을 보인다고 할 수 있습니다.","F",""
"1","제품개발과 서비스 경험 디자인 프로세스의 차이점을 설명해 주세요.","서비스 경험 디자인 프로세스는 선형적이지 않고 유기적인 구조를 보이며 영역 간 구분이 제품 개발 프로세스보다 훨씬 애매합니다. 서비스를 사용하거나 제공하는 사람들의 참여가 장려되어 품질 보증 단계를 사용자와 함께 진행하기도 합니다. 또한 고정 비용의 손실이 발생하지 않습니다.","P","서비스 경험 디자인 프로세스에서 사용자의 참여가 장려되는 이유를 설명해 주세요."
"1","제품개발과 서비스 경험 디자인 프로세스의 차이점을 설명해 주세요.","제품 개발은 선형적이나 서비스 경험 디자인 프로세스는 유기적인 구조를 보입니다. 서비스는 사용자가 서비스 개발에 참여하고 도움을 줄 수 있다는 점에서 한 번 제품이 만들어지면 더 나은 형태로 제공할 수 없는 제품 개발 프로세스와 확연한 차이를 보인다고 할 수 있습니다.","P","제품 개발의 경우 한번 생산되면 더 나은 형태로 제공되기 어려운 이유를 설명해 주세요."
"2","배색에 대해 설명해 주세요.","일상생활에서 색채에 대하여는 아름다운 색, 추한 색 등으로 표현되어 개개의 색채에는 고유성이 있습니다. 그러나 실제로는 그 색채의 독자성에 의하여 지각되는 것보다도, 통상 그 색과 인접한 색과의 관계에 의하여 결정되는 경우가 많습니다. 색채가 효과적이냐 아니냐는 그 배합에 의하여 결정됩니다.","P","색채에 대해 설명해 주세요."
"2","배색에 대해 설명해 주세요.","안료의 절감을 통해 경제적 효과를 얻기 위하여, 복수의 색채를 의식적으로 짜서 맞추는 것 입니다. 효율적인 배색을 통해서 최대 30%정도의 예산 절감이 가능합니다. 일반적으로 배색은 개인 또는 그룹의 기호도에 영향을 받습니다.","F",""
"2","배색에 대해 설명해 주세요.","일상생활에서 색채에 대하여는 아름다운 색, 추한 색 등으로 표현되어 개개의 색채에는 고유성이 있습니다. 실제로도 그 색채의 독자성에 의하여 지각되며, 디지털 상에서는 그 색과 인접한 색과의 관계에 의하여 결정되는 경우가 많습니다.","F",""
"2","배색에 대해 설명해 주세요.","배색을 고려할 때 색채는 최대한 많은 색을 사용하는 것이 적게 사용하는 것보다 소구력이 있습니다. 많은 색을 사용할 때는 주조색에 대하여, 보색위치의 색상과 그 인접의 유사색상을 사용하여 훌륭한 배색을 만들수 있습니다.","F",""
"2","배색에 대해 설명해 주세요.","목적과 기능에 합치된 미적 효과를 얻기 위하여, 복수의 색채를 의식적으로 짜서 맞추는 것 입니다. 일반적으로 배색은 개인 또는 그룹의 기호도에 영향을 받습니다. 배색을 효과적으로 하기 위해서는 색채심리를 분석하여 단순히 기호도나 개인의 직감성에만 의존하지 말고, 색채이론 ·기능성에 입각한 사고를 진전시키는 일이 필요합니다.","P","색채심리에 대해 설명해 주세요."
"2","배색에 대해 설명해 주세요.","배색을 고려할 때 색채는 쓸데없이 많은 색을 사용하는 것보다 적게 사용하는 것이 소구력이 있습니다. 많은 색을 사용할 때는 주조색에 대하여, 보색위치의 색상과 그 인접의 유사색상을 사용합니다. 그러면 색수가 적은 것 같은인상을 주어 조화가 잘 됩니다. 주조색은 고명도·고채도로 합니다.","P","주조색에 대해 설명해 주세요."
"1","가구에 대해 설명해 주세요.","실외에 설치하는 기구류의 총칭으로 일과 식사를 하는 데 쓰이는 책상과 탁자, 앉는 데 쓰이는 의자, 잠자는 데 쓰이는 침대, 물건을 보관하는데 쓰이는 상자, 선반 등이 해당됩니다. 신체의 일부가 직접 가구에 닿게 되면 대물가구라 부르고 그렇지 않으면 대인가구라 합니다. ","F","대물가구의 예제를 설명해 주세요."
"1","가구에 대해 설명해 주세요.","가구는 어느 정도 항구적이어야 하므로, 소재는 주로 목재를 사용하며 돌이나 금속 등도 쓰입니다. 사용목적에 적합한 기능과 더불어 미적요소도 추구되는데, 그 형태와 장식에는 시대와 민족, 자연환경과 사용자의 취미, 사회적 위치에 따른 미적선호의 반영을 엿볼 수 있습니다.","P","가구에 목재가 많이 쓰이는 이유를 설명해 주세요."
"1","가구에 대해 설명해 주세요.","실내에 설치하는 기구류의 총칭으로 생활공간 안에 갖추어져 일과 식사를 하는 데 쓰이는 책상과 탁자, 앉는 데 쓰이는 의자, 잠자는 데 쓰이는 침대, 물건을 보관하는데 쓰이는 상자, 선반 등이 해당됩니다. 신체의 일부가 직접 가구에 닿게 되면 대인가구라 부르고 그렇지 않으면 대물가구라 합니다. ","P",""
"1","가구에 대해 설명해 주세요.","가구는 항구적이어야 하므로, 소재는 주로 목재를 사용할 수 없습니다. 돌이나 금속 등이 주로 쓰입니다. 과거에는 사용목적에 적합한 기능과 더불어 미적요소도 추구되는데, 근대의 대량생산 체제를 거치며 미적요소는 거의 사라졌습니다.","F",""
"1","가구에 대해 설명해 주세요.","가구는 심미적으로 훌륭해야 하기 때문에 소재는 목재만 사용할 수 있습니다. 이외의 소재는 장식으로만 사용할 수 있습니다. 하지만 현대에는 포스트 모더니즘의 영향으로 다른 소재의 가구도 등장하고 있습니다.","F",""
"1","가구에 대해 설명해 주세요.","가구의 분류를 건물의 용도에 따라 분류하면 침대, 장롱, 소파, 화장대 등 주거용 가구, 작업대, 벤치, 캐비닛, 사물함 등 공공용 가구, 상업용 가구로 나뉩니다. 가구구조에 따라 분류하면 가동가구, 붙박이 가구, 일정한 모듈을 적용받으며 크기의 증감을 자유로이 할 수 있고 부품 교환이 용이한 조립식 가구로 분류할 수 있습니다.","P","붙박이 가구에 대해 설명해 주세요."
"1","소음에 대해 설명해 주세요.","인간은 각자의 현재 상태라든가 주위 환경에 따라서 어떠한 소리든 소음으로 받아들일수 있습니다. 이는 개인의 주관적인 감각에 의한 것으로서 어떤 사람에게는 좋은 소리로 들리더라도 다른 사람에게는 소음이 될 수 있습니다. 일반적으로 커다란 소리, 불협화음, 높은 주파수의 음 등이 소음으로 분류될 수 있습니다.","P","높은주파수의 소리가 소음으로 여겨지는 이유를 설명해 주세요."
"1","소음에 대해 설명해 주세요.","인간은 각자의 현재 상태라든가 주위 환경에 따라서 어떠한 소리든 소음으로 받아들일수 있습니다. 이러한 주관성을 해결하기 위해 행정안전부에서 소음의 구체적인 항목을 객관적으로 규정하였습니다.","F",""
"1","소음에 대해 설명해 주세요.","소음도 소리의 일종이기 때문에, 공기의 진동을 통하여 전달되는 파동이 귀에 있는 고막을 자극하는 방식으로 인간은 소음을 느끼게 됩니다. 인간이 불쾌함을 느끼는 소음을 측정할 때 데시벨 단위를 사용하여 일정 이상 데시벨의 소리를 소음으로 규정하였습니다.","F",""
"1","소음에 대해 설명해 주세요.","소음이 가장 큰 영향을 미치는 부분은 바로 청각에 대한 영향입니다. 기본적으로 오랜 시간 동안 큰 소리에 노출되면 청각은 계속 나빠져서, 심할 경우에는 듣는 능력에 장애가 올 수 있습니다. 따라서 청각에 악영향을 주지 않는 소리는 심리적으로 거슬린다 할지라도 소음이라고 할 수 없습니다.","F",""
"1","소음에 대해 설명해 주세요.","소음도 소리의 일종이기 때문에, 공기의 진동을 통하여 전달되는 파동이 귀에 있는 고막을 자극하는 방식으로 인간은 소음을 느끼게 됩니다. 이러한 파동은 공기 압력이 변화됨으로써 고막을 울립니다. 인간이 불쾌함을 느끼는 소음을 측정할 때 단순히 데시벨 단위를 사용해서는 정확히 그 크기를 반영할 수 없습니다.","P","데시벨에 대해 설명해 주세요."
"1","소음에 대해 설명해 주세요.","소음이 가장 큰 영향을 미치는 부분은 바로 청각에 대한 영향입니다. 기본적으로 오랜 시간 동안 큰 소리에 노출되면 청각은 계속 나빠져서, 심할 경우에는 듣는 능력에 장애가 올 수 있습니다. 이러한 직접적인 영향 이외에도 사람에게 정신적인 스트레스를 지속적으로 주는 부분이 현재 큰 문제로 떠오르고 있습니다.","P","소음이 스트레스에 미치는 영향을 설명해 주세요."
"2","공공 디자인에 대해 설명해 주세요.","공공 디자인은 사적 공간의 일부와 공공 공간뿐 아니라 공공시설 등을 디자인적으로 고려해 미적, 기능적으로 꾸미는 일입니다. ‘스트리트 퍼니처’는 공공시설을 넘어 그 사회의 평균 미적 감각을 보여 주는 디자인 아이콘이기도 합니다. 도시 디자인이 사적 또는 공적 공간을 두루 포함한다면 공공 디자인은 공적 공간에 국한됩니다.","P","디자인 아이콘의 의미를 설명해 주세요."
"2","공공 디자인에 대해 설명해 주세요.","공공 디자인은 공공 공간과 공공시설 등을 디자인적으로 고려해 미적, 기능적으로 꾸미는 일입니다. 사적 공간은 공공 디자인의 영역에 포함되지 않습니다. ‘스트리트 퍼니처’는 공공시설을 넘어 그 사회의 평균 미적 감각을 보여 주는 디자인 아이콘이기도 합니다. ","F",""
"2","공공 디자인에 대해 설명해 주세요.","공공 디자인은 ‘공공성'을 표현하는 디자인입니다. 공공성이란 ‘한 개인의 효용의 합으로서의 구성원 전체와 효용성’ 입니다. 공공 디자인이 ‘공공장소의 여러 장비 · 장치를 보다 합리적으로 꾸미는 일’이라고 정의된다는 점에서 효율성이 공공 디자인의 목표라는 것을 알 수 있습니다. ","F",""
"2","공공 디자인에 대해 설명해 주세요."," 공공 디자인이 ‘공공장소의 여러 장비 · 장치를 보다 심미적으로 꾸미는 일’이라고 정의된다는 점에서 공공 디자인은 공공성을 확보할 수 있는 ‘공권력’의 개입 과정 보다는 예술가들의 개입 과정임을 알 수 있습니다.","F",""
"2","공공 디자인에 대해 설명해 주세요.","공공 디자인은 ‘공공성'을 표현하는 디자인입니다. 공공성이란 ‘한 개인이나 단체가 아닌 일반 사회 구성원 전체와 두루 관련되는 성질’ 입니다. 공공 디자인이 ‘공공장소의 여러 장비 · 장치를 보다 합리적으로 꾸미는 일’이라고 정의된다는 점에서 공공 디자인은 공공성을 확보할 수 있는 ‘공권력’의 개입 과정 또는 행위라고 할 수 있습니다.","P","사회구성원 전체를 대표하기 위해 공공 디자인이 고려해야 할 사항에 대해 설명해 주세요."
"2","공공 디자인에 대해 설명해 주세요.","공공 공간은 주요 도로와 연접 부지를 포함한 주요 가로 공간, 주차장과 광장, 공공 공지, 공원, 가로녹지 그리고 하천 및 저류지, 생태 수로 등입니다. 공공시설은 보다 세분화 됩니다. 우선공공 청사, 문화시설, 학교, 파출소, 소방서, 우체국 등 공공 건축과 특수 구조물, 옥외 가로 시설물로 나뉩니다.","P","특수구조물에 대해 설명해 주세요."
"1","스트리트 퍼니처에 대해 설명해 주세요.","스트리트 퍼니처는 길거리에서 만나는 공공 디자인이 반영된 가로 시설물들을 통칭합니다. ‘거리의 가구’라는 뜻처럼 공원이나 가로 또는 광장 등에 설치되어 있는 작은 건조물들, 예를 들면 벤치, 우체통, 안내판, 가두판매대, 공중전화 박스, 택시나 버스 정류장 및 정류장 표시물 등이 모두 여기에 해당됩니다.","P","가두판매대에 대해 설명해 주세요."
"1","스트리트 퍼니처에 대해 설명해 주세요.","스트리트 퍼니처는 길거리에서 만날 수 있는 예술가의 작품을 의미합니다. ‘거리의 가구’라는 뜻처럼 공원이나 가로 또는 광장 등에 설치되어 있는 작은 건조물들을 포함합니다. 벤치, 우체통, 안내판, 가두판매대, 공중전화 박스, 택시나 버스 정류장 및 정류장 표시물 등은 예술가의 손길이 닿지 않았다는 점에서 스트리트 퍼니처라고 할 수 없습니다.","F",""
"1","스트리트 퍼니처에 대해 설명해 주세요.","스트리트 퍼니처를 단순히 디자인이 가미된 가로 시설물 그 이상으로 봐서는 안 됩니다. 그것은 자체로 특정 도시의 미관을 보여줄 뿐 도시의 쾌적성을 의미하는 어메니티와 연관시키면 도시 설계의 합리성이 저해됩니다.","F",""
"1","스트리트 퍼니처에 대해 설명해 주세요.","가로를 장식하는 가구의 수준이 그 도시와 동시대를 사는 사람들의 평균적인 미적 감각과도 연결시킨다면 도시의 경제 수준으로 구성원의 문화적 수준을 평가하게 되는 오류를 저지를 수 있기 때문에 그것을 지양해야 합니다.","F",""
"1","스트리트 퍼니처에 대해 설명해 주세요.","스트리트 퍼니처를 단순히 디자인이 가미된 가로 시설물로 봐서는 안 됩니다. 그것은 자체로 특정 도시의 정체성을 보여 줄 뿐만 아니라 도시의 쾌적성을 의미하는 어메니티와도 연관됩니다. 스트리트 퍼니처는 가로의 경관을 결정할 뿐만 아니라 도시에서 동시대를 살아가는 시민들의 미적 감각이나 수준을 가늠하는 ‘잣대’ 역할을 합니다. ","P","스트리트 퍼니처가 쾌적성을 보여줄 수 있다는 점에 대해 설명해 주세요."
"1","스트리트 퍼니처에 대해 설명해 주세요.","거리의 ‘가로’ 역시 무언가 장식이 필요한 ‘공간’이고 그렇다면 가로 공간에 보기 좋은 장식으로 가구가 필요하다는 것인데, 가로를 장식하는 가구의 수준이 그 도시와 동시대를 사는 사람들의 평균적인 미적 감각과도 연결됩니다. 스트리트 퍼니처를 통해 특정 도시와 그 도시 안에 거주하는 시민들의 문화 수준까지 살필 수 있다는 의미기도 합니다.","P","사회구성원의 문화수준을 가늠할 수 있는 기준에 대해 설명해 주세요."
"1","설계에 대해 설명해 주세요.","건축물 ·교량 등의 구조물 또는 각종 기계 ·장치 등의 요구 조건을 만족시켜, 합리적이고 경제적으로 만들기 위하여 계획을 종합한 후 설계도를 작성하고 구체적으로 내용을 명시하는 일을 말합니다. 건축 설계업무는 기본설계 ·실시설계 ·감리 이렇게 크게 세 가지로 나뉩니다.","P","실시설계에 대해 설명해 주세요."
"1","설계에 대해 설명해 주세요.","건축물 ·교량 등의 구조물 또는 각종 기계 ·장치 등의 요구 조건을 만족시켜, 합리적이고 경제적으로 만들기 위하여 계획을 종합한 후 설계도를 작성하고 구체적으로 내용을 명시하는 일을 말합니다. 건축 설계업무는 기본설계 ·실시설계 두 가지로 나뉩니다. 감리는 사후적인 과정이기 때문에 설계에 포함되지 않습니다.","F",""
"1","설계에 대해 설명해 주세요.","감리란 공사가 설계도서대로 완성되는 과정에서 드는 비용을 감사하는 행위 입니다. 공사 계약에 관한 협력, 중간 및 최종 지불의 승인 등 법적, 회계적 업무를 포함합니다. 공사감리에는 종합공사감리 ·상주공사감리 ·일반공사감리 등이 있습니다.","F",""
"1","설계에 대해 설명해 주세요.","건조물을 실제로 실현 완성하기 위한 계획과 건축에서는 건물의 배치, 평면, 단면, 입면, 구조, 설비 등 각각의 계획을 도면에 나타내는 과정입니다. 중요한 것은 시방서에 도면으로 표현할 수 없는 것을 포함하면 안된다는 것입니다.","F",""
"1","설계에 대해 설명해 주세요.","감리란 공사가 설계도서대로 완성되도록 공사시공자를 지도하는 일을 말하며, 그 내용은 공사계약에 관한 협력, 건축상세도의 작성, 시공도 등의 검사 및 승인, 공사의 지도, 상주 현장감독자의 지휘, 변경공사의 처리, 중간 및 최종 지불의 승인 등의 각 업무로 이루어집니다. 공사감리에는 종합공사감리 ·상주공사감리 ·일반공사감리 등이 있습니다.","P","현장감독자의 역할에 대해 설명해 주세요."
"1","설계에 대해 설명해 주세요.","구조물 또는 각종 기계 ·장치 등의 요구 조건을 만족시켜, 계획을 종합한 후 설계도를 작성하고 구체적으로 내용을 명시하는 일입니다. 건조물을 실제로 실현 완성하기 위한 계획. 건축에서는 건물의 배치, 평면, 단면, 입면, 구조, 설비 등 각각의 계획을 도면에 나타내고, 또 시방서에 도면으로 표현할 수 없는 것을 기록 표현합니다.","P","시방서에 대해 설명해 주세요."
"1","옥외광고물에 대해 설명해 주세요.","일정 규격의 간판을 여러 군데 보유한 옥외광고회사가 있어서, 광고주는 그 전부 또는 일부를 일정기간 빌려서 광고합니다. 옥외광고는 광고 매체 중 가장 오래 된 매체입니다. 최근 환경과 자연보호를 강조할 수밖에 없는 세계적인 추세 때문에 옥외광고 어느 나라나 심한 규제를 가하고 있습니다.","P","옥외광물에 규제가 많은 이유를 설명해 주세요."
"1","옥외광고물에 대해 설명해 주세요.","일정 규격의 간판을 한 구간 보유한 옥외광고회사가 있어서, 광고주는 그 전부 또는 일부를 일정기간 빌려서 광고합니다. 여러 개의 옥외광고는 도시의 미관상 그리고 자연보호 상법적으로 금지되어 있습니다. ","F",""
"1","옥외광고물에 대해 설명해 주세요.","옥외 광고는 실외나 옥외에 게재, 실행되는 광고입니다. 비교적 최근 등장한 광고 형태의 하나로서, 일정한 장소에 고정되므로 건물 및 주변 환경과 조화가 요구됩니다. 따라서 과거에는 법적 규제에 의해 실행에 제한이 많았습니다.","F",""
"1","옥외광고물에 대해 설명해 주세요.","옥외 광고는 거리의 네온사인, 고속도로의 야립 간판, 와이드컬러 등에 이르기까지 다양하지만 법적 규제로 인해 크기도 같고 모양도 같습니다. 이들은 특정 지역을 거점으로 하여 불특정 다수의 사람들을 소구 대상으로 하는 광고물입니다.","F",""
"1","옥외광고물에 대해 설명해 주세요.","옥외 광고는 실외나 옥외에 게재, 실행되는 광고다. 가장 오래된 광고 형태의 하나로서, 일정한 장소에 고정되므로 건물 및 주변 환경과 조화가 요구됩니다. 따라서 광고물에 자연미와 건축미, 거리 조형미 등이 더해져야 하며, 법적 규제에 의해 실행에 제한이 많습니다.","P","거리 조형미에 대해 설명해 주세요."
"1","옥외광고물에 대해 설명해 주세요.","옥외 광고는 거리의 네온사인, 고속도로의 야립 간판, 와이드컬러 등에 이르기까지 크기도 다르고 모양도 각양각색입니다. 이들은 특정 지역을 거점으로 하여 불특정 다수의 사람들을 소구 대상으로 하는 광고물이며, 어떤 일정한 공간을 점거하여 통행인의 시계 영역에 강제적, 반복적, 시각적 자극을 전달하는 공통의 매체 특성을 갖고 있습니다.","P","옥외광고물의 강제적 특성에 대해 설명해 주세요."
"2","더블 다이아몬드 프로세스에 대해 설명해 주세요.","영국디자인위원회에서 제시한 방법으로 현재 많은 학교나 기관에서 서비스 경험 디자인 방법론으로 사용하고 있습니다. 두 개의 다이아몬드가 존재해서 더블 다이아몬드 프로세스라고 이름을 붙였지만 실제 디자인 프로세스에서는 수많은 개발 및 수렴단계를 거치기 때문에 여러 개의 다이아몬드가 반복해서 나타납니다.","P","디자인 방법론의 기능에 대해 설명해 주세요."
"2","더블 다이아몬드 프로세스에 대해 설명해 주세요.","한국디자인협회에서 제시한 방법으로 현재 세게의 많은 학교나 기관에서 서비스 경험 디자인 방법론으로 사용하고 있습니다. 두 개의 다이아몬드가 존재해서 더블 다이아몬드 프로세스라고 이름을 붙였습니다.","F",""
"2","더블 다이아몬드 프로세스에 대해 설명해 주세요.","발견단계, 정의단계, 개발단계, 전달단계로 이루어져 있습니다. 발견단계는 질보다는 양이 중요한 단계입니다. 답을 정해놓고 일정한 방향으로 진행하기 보다는 모든 가능성을 열어두고 초심자의 마음으로 최대한 다양하고 기발한 아이디어를 발전시키는 것이 중요합니다. 이 단계의 산출물로 다양한 정성 조사 결과물이 있습니다.","F",""
"2","더블 다이아몬드 프로세스에 대해 설명해 주세요.","정의단계는 발전단계에서 나온 아이디어를 분석하고 각양각색의 패턴이나 주제를 발산 하여 창의성을 발현하는 단계입니다. 이후 개발단계에서 어떤 문제에 집중해야 하고 어떤 방향으로 나아갈지 정합니다.","F",""
"2","더블 다이아몬드 프로세스에 대해 설명해 주세요.","발견단계, 정의단계, 개발단계, 전달단계로 이루어져 있습니다. 발견단계는 질보다는 양이 중요한 단계입니다. 답을 정해놓고 일정한 방향으로 진행하기 보다는 모든 가능성을 열어두고 초심자의 마음으로 최대한 다양하고 기발한 아이디어를 발전시키는 것이 중요합니다. 이 단계의 산출물로 다양한 정성 조사 결과물이 있습니다.","P","정성 조사에 대해 설명해 주세요."
"2","더블 다이아몬드 프로세스에 대해 설명해 주세요.","정의단계는 발전단계에서 나온 아이디어를 분석하고 일정한 패턴이나 주제를 도출해 낸 뒤 어떤 문제에 집중해야 하고 어떤 방향으로 나아갈지 정하는 단계입니다. 문제의 솔루션을 도출하는 것 만큼이나 어떤 문제에 집중할 것인지 정의 내리는 단계입니다. 프레임워크, 콘셉트 브리프 등이 산출물로 나옵니다.","P","콘셉트 브리프에 대해 설명해 주세요."
"1","가구 디자인에 대해 설명해 주세요.","가구에 관한 모든 디자인을 총칭하는 말로 현장제작가구도 포함합니다. 가구디자인, 실내 디자인은 넓은 의미로 볼 때 모두 건축디자인의 일부에 포함되고 오늘날 양식디자인과 현대디자인으로 구분됩니다. 가구는 17~18세기에 궁중을 중심으로 황금시대를 맞이하였는데, 이 양식의 주류는 프랑스와 영국입니다.","P","현장제작가구 즉, 빌트인 가구에 대해 설명해 주세요."
"1","가구 디자인에 대해 설명해 주세요.","가구에 관한 모든 디자인을 총칭하는 말로 현장제작가구도 포함합니다. 가구디자인, 실내 디자인은 넓은 의미로 볼 때 모두 건축디자인의 일부에 포함됩니다. 가구는 17~18세기에 과거 중국의 제국인 청나라의 궁중을 중심으로 황금시대를 맞이하였습니다.","F",""
"1","가구 디자인에 대해 설명해 주세요.","생활에 필요한 가구는 실용성 위주로 만들어지고 디자인은 일정한 특징이 있습니다. 하지만 세부적인 모양은 시대 및 민족의 문화 수준 등에 따라 다릅니다. 문화적으로 발달한 사회일수록 각진 형태의 모양을 띕니다. ","F",""
"1","가구 디자인에 대해 설명해 주세요.","고대 한국에서는 톱이 발명되면서부터 목재가공기술이 눈부시게 발전하였고, 일찍이 사자 다리 모양의 의자와 탁자 등의 가구가 만들어졌습니다. 이 기술은 외국으로 수출되어 그리스·로마의 가구 디자인에도 영향을 미쳤습니다.","F",""
"1","가구 디자인에 대해 설명해 주세요.","생활에 필요한 가구는 실용성 위주로 만들어지나 디자인과 모양은 시대 및 민족의 문화 수준 등에 따라 다릅니다. 고대 이집트에서는 톱이 발명되면서부터 목재가공기술이 눈부시게 발전하였고, 일찍이 사자 다리 모양의 의자와 탁자 등의 가구가 만들어졌습니다. 그리스·로마시대의 가구는 단순하고 균형 잡힌 것이 특징입니다. ","P","가구가 문화수준을 반영하는 이유를 설명해 주세요."
"1","도시계획에 대해 설명해 주세요.","도시 내 사람들의 주거 및 각종 활동과 관련하여 공간의 배치 및 제도 및 규칙을 세우는 일입니다. 도시계획이란, 비교적 근대 이후, 인구가 늘어나고 다양한 사회적 필요가 증가함에 따라 발생하는 문제들을 해결하고, 바람직한 사회 공간 및 문화를 만들어가기 위한 활동이라 정의할 수 있습니다.","P","도시계획이 문화를 만들어간다는 의미에 대해 설명해 주세요."
"1","도시계획에 대해 설명해 주세요.","도시 내 사람들의 주거 및 각종 활동과 관련하여 인구의 배치 및 정부 및 법률을 세우는 일입니다. 도시계획이란, 고대부터 인구가 늘어나고 다양한 사회적 필요가 증가함에 따라 발생하는 문제들을 해결하고, 바람직한 사회 공간 및 문화를 만들어가기 위한 활동이라 정의할 수 있습니다.","F",""
"1","도시계획에 대해 설명해 주세요.","현대 사회에서의 도시계획은 인간의 주거와 활동기능을 능률적이고도 효과적으로 공간에 배치하기 위한 계획으로 말할 수 있습니다. 가장 효과적인 제도를 보여준 나라를 따라 후발주자들은 일반적으로 장기·중기·단기 시점에서 동일한 계획을 수립하고 있습니다.","F",""
"1","도시계획에 대해 설명해 주세요.","도시계획의 정의를 협의와 광의로 구분할 수 있는데, 좁은 의미의 도시계획은 도시의 전역을 대상으로 하여 그것의 심미적인 예술성에 관한 계획을 수립하는 것으로, 그 물적 시설의 기능과 용도에 영향을 미치는 사회적·경제적 측면은 부차적인 대상으로 봅니다.","F",""
"1","도시계획에 대해 설명해 주세요.","현대 사회에서의 도시계획은 인간의 주거와 활동기능을 능률적이고도 효과적으로 공간에 배치하기 위한 계획으로 말할 수 있으며, 나라마다 일반적으로 장기·중기·단기 시점에서 계획이 수립되고 있습니다. 이를 위해 인구증가, 교통량, 주택수요, 문화, 교육, 산업구조, 생활양식 등에 관한 통계자료의 수집·분석이 필요합니다.","P","도시계획에 생활양식을 고려해야 하는 이유를 설명해 주세요."
"1","도시계획에 대해 설명해 주세요.","도시계획의 정의를 협의와 광의로 구분할 수 있는데, 좁은 의미의 도시계획은 도시의 물적 시설을 대상으로 하여 그것의 설치·규모·위치·조형미 등에 관한 계획을 수립하는 것으로, 그 물적 시설의 기능과 용도에 영향을 미치는 사회적·경제적 측면은 제2차적인 배려의 대상으로 봅니다.","P","도시계획을 광의의 측면에서 설명해 주세요."
"1","사용자 경험에 대해 설명해 주세요.","사용자 경험이란 제품과의 상호작용으로 얻은 경험과 느낌, 기억, 만족감 등을 모두 포함하여, 제품을 사용하면서 내재화되는 모든 것을 말합니다. 사용자 경험의 특징은 그러한 경험이 절대적이고 일반적인 것이 아니라 상대적이고 주관적이라는 것입니다. 사용자 경험 디자인은 사용자 중심 디자인의 원리에 기반하고 있어 인간공학과 관련이 깊습니다.","P","사용자 경험이 인간공학과 관련있는 이유를 설명해 주세요."
"1","사용자 경험에 대해 설명해 주세요.","사용자 경험이란 제품과의 상호작용으로 얻은 경험과 느낌, 기억, 만족감 등을 모두 포함하여, 제품을 사용하면서 느꼈던 불편한 점을 말합니다. 사용자 경험의 특징은 그러한 경험이 절대적이고 일반적인 것이라는 것입니다.","F",""
"1","사용자 경험에 대해 설명해 주세요.","일반적으로 UI가 사용자와 대상 간의 '대면 부분'에서 발생되는 요소라 한다면, UX는 이보다 훨씬 협의로 사용됩니다. UX는 제품과 관련하여 직접적인 경험뿐만 포함하기 때문입니다. UX디자인은 사용자가 제품, 서비스 혹은 시스템을 사용하거나 체험하는 불편한 것을 개선하는 분야입니다.","F",""
"1","사용자 경험에 대해 설명해 주세요.","사용자 경험(UX) 디자인의 궁극적인 목표는 사용자의 인식을 개선함으로써 사용자에게 만족감을 선사하여 제품을 지속해서 사용하도록 하는 것입니다. UX 디자인은 사용자의 인식을 제품에 적합하게 바꾸기 위해 심리학적 지식과 깊은 관련이 있습니다.","F",""
"1","사용자 경험에 대해 설명해 주세요.","일반적으로 UI가 사용자와 대상 간의 '대면 부분'에서 발생되는 요소라 한다면, UX는 이보다 훨씬 광의로 사용됩니다. UX는 제품과 관련하여 직접적인 경험뿐만이 아니라 간접적인 경험까지도 포괄하기 때문입니다. UX디자인은 사용자가 제품, 서비스 혹은 시스템을 사용하거나 체험하는 데 있어 지각하는 것이 가능한 조직적 상호교감적인 모델을 창조하고 개발하는 디자인의 한 분야입니다.","P","간접적인 경험의 예제를 설명해 주세요."
"1","사용자 경험에 대해 설명해 주세요.","사용자 경험(UX) 디자인의 궁극적인 목표는 사용자의 주위 환경을 개선함으로써 사용자에게 만족감을 선사하여 제품을 지속해서 사용하도록 하는 것입니다. UX 디자인은 인터랙션 디자인과 깊은 관련이 있습니다. 인터랙션 디자인은 주로 인간과 컴퓨터의 상호작용(HCI)을 디자인 하는 것에 초점을 맞춘 분야입니다.","P","사용자의 만족감을 극대화하는 것이 중요한 이유를 설명해 주세요."
"1","서비스 디자인을 경영 컨설팅과 비교해서 설명해 주세요.","경영 컨설팅은 과학적, 분석 태도를 필요로 하며 공급자와 공급자가 보유한 기술 중심의 관점입니다. 주요 업무는 비즈니스모델 개발, 제품 개발, 프로세스 개발, 서비스 혁신 등입니다. 아이폰처럼 성공하려면 제품 자체보다는 고객이 서비스를 이용하는 경험을 향상시켜야 합니다. ","P","경영컨설팅이 기술 중심인 이유를 설명해 주세요."
"1","서비스 디자인을 경영 컨설팅과 비교해서 설명해 주세요.","경영 컨설팅은 인문적, 분석 태도를 필요로 하며 사용자와 사용자가 보유한 철학 중심의 관점입니다. 주요 업무는 비즈니스모델 개발, 제품 개발, 프로세스 개발, 서비스 혁신 등입니다. 아이폰처럼 성공하려면 제품 자체보다는 고객이 서비스를 이용하는 경험을 향상시키기 위해 인문학적인 고민이 필요합니다.","F",""
"1","서비스 디자인을 경영 컨설팅과 비교해서 설명해 주세요.","서비스 디자인은 구별적 태도와 공급자와 공급자가 느끼는 이성, 논리 중심의 관점입니다. 주요 업무는 디자인 리서치, 디자인 개발, 비즈니스모델 개발, 제품 개발, 프로세스 개발, 서비스 혁신 등입니다. 즉  제품 소유에서 폐기에 이르기까지 상관된 전 프로세스를 디자인 합니다.","F",""
"1","서비스 디자인을 경영 컨설팅과 비교해서 설명해 주세요.","경영 컨설팅과 서비스 디자인은 모두 제품 또는 디자인에 대한 인문학적인 철학을 담기 위한 과정이며 감성적이고 사용자 친화적인 특징이 있습니다. 서비스 디자인은 사전적인 과정이고 경영 컨설팅은 사후적인 과정이라는 점에서 차이가 있습니다.","F",""
"1","서비스 디자인을 경영 컨설팅과 비교해서 설명해 주세요.","서비스 디자인은 통합적 태도와 사용자와 사용자가 느끼는 감정, 심리 중심의 관점입니다. 주요 업무는 디자인 리서치, 디자인 개발, 비즈니스모델 개발, 제품 개발, 프로세스 개발, 서비스 혁신 등입니다. 즉  제품 소유에서 폐기에 이르기까지 상관된 전 프로세스를 디자인 합니다.","P","서비스 디자인이 전 프로세스에 관여하는 이유를 설명해 주세요."
"2","인터랙션 디자인에 대해 설명해 주세요.","인간이 제품이나 서비스를 사용할 때 일어나는 상호작용을 쉽게 하는 디자인 분야입니다. 인터랙션 디자인의 개념을 정립한 빌 모그리지는 ""우리는 명사가 아니라 동사를 디자인한다.""고 말하며, 작업 대상이 고정되어 있지 않고 끊임없이 움직인다는 점을 주지시켰습니다.","P","빌 모그리지 인물에 대해 설명해 주세요."
"2","인터랙션 디자인에 대해 설명해 주세요.","인간이 제품이나 서비스를 사용할 때 일어나는 상호작용을 쉽게 하는 디자인 분야입니다. 인터랙션 디자인의 개념을 정립한 빌 모그리지는 ""우리는 동사가 아니라 명사를 디자인한다.""고 말하며, 작업 대상이 고정되어 있지 끊임없이 움직이지 않는다는 점을 주지시켰습니다.","F",""
"2","인터랙션 디자인에 대해 설명해 주세요.","인터랙션 디자인은 주로 인간과 제품의 상호작용을 디자인 하는 것에 초점을 분 분야입니다. 즉 인터랙션 디자인은 전기에 의해 작동되는 전자 제품 시스템의 구조와 사용자의 행동 간의 상호작용을 쉽게 하는 기술이자 응용 예술 분야라 할 수 있습니다.","F",""
"2","인터랙션 디자인에 대해 설명해 주세요.","많은 부분에 있어 소프트웨어 분야 보다 물리적인 디자인 영역과 같이 일하게 되었으며 무엇보다 판매자에 대한 이해가 가장 필요한 부분입니다. 기본적인 바탕학문으로는 행동경제학, 비교심리학과 관련이 깊습니다.","F",""
"2","인터랙션 디자인에 대해 설명해 주세요.","인터랙션 디자인은 주로 인간과 컴퓨터의 상호작용(HCI)을 디자인 하는 것에 초점을 맞춘 분야로, 동적인 예술 전시물을 관람객과 상호작용하게 하는 인터랙션 아트 혹은 미디어 아트와는 구분됩니다. 즉 인터랙션 디자인은 컴퓨터에 의해 작동되는 전자 제품, 시스템의 행동과 사용자의 행동 간의 상호작용을 쉽게 하는 기술이자 응용 예술 분야라 할 수 있습니다.","P","인터랙션 아트에 대해 설명해 주세요."
"2","인터랙션 디자인에 대해 설명해 주세요.","많은 부분에 있어 물리적인 디자인 영역보다는 소프트웨어와 전산학의 영역과 같이 일하게 되었으며 무엇보다 사용자에 대한 이해가 가장 필요한 부분입니다. 기본적인 바탕학문으로는 인지 심리학, 전산학과 관련이 깊으며 이러한 분야에서 나온 멘탈 모델, 매핑, 메타포, 어포던스등의 개념들이 인터랙션 디자인을 구성하는 기본이 되었습니다.","P","멘탈 모델에 대해 설명해 주세요."
"2","서비스 디자인 프로세스의 요소에 대해 설명해 주세요.","서비스 디자인 프로세스의 요소들은 서비스의 특성에 따라 조금씩 차이가 있으나, 페르소나 기반 시나리오, 서비스 블루프린트, 서비스 환경, 고객 여정 맵, 터치포인트, 경험 프로토타이핑 등이 있습니다. 서비스 환경은 서비스와 특정한 공간을 의미하는 스케이프로 이루어진 합성어로, 서비스 행위를 둘러싸고 있는 물리적·사회적 환경을 의미합니다.","P","터치포인트에 대해 설명해 주세요."
"2","서비스 디자인 프로세스의 요소에 대해 설명해 주세요.","서비스 디자인 프로세스의 요소들은 모두 동일하게 통일되어 있으며, 페르소나 기반 시나리오, 서비스 블루프린트, 서비스 환경, 고객 여정 맵, 터치포인트, 경험 프로토타이핑 등이 있습니다. 서비스 환경은 서비스 생산 행위를 둘러싸고 있는 물리적·사회적 환경을 의미합니다.","F",""
"2","서비스 디자인 프로세스의 요소에 대해 설명해 주세요.","페르소나는 실제로 인터뷰한 구체적 사용자를 일컫는 말입니다. 페르소나 기반 시나리오는 이러한 페르소나가 제품이나 서비스를 사용시키고 설문조사하여 이때 일어날 수 있는 일들을 다양한 관점에서 순서대로 나열한 것입니다. ","F",""
"2","서비스 디자인 프로세스의 요소에 대해 설명해 주세요.","서비스 블루프린트는 서비스 사이클에서 서비스 제공자의 경험을 고객이 제공한 개별적 조치들과 연관 지어 작성한 흐름도입니다. 이것은 생산과 관련된 부서들이 취하는 여러 가지 활동들을 시간의 흐름에 따라 보여주며, 그들 사이의 상호작용을 보여줍니다.","F",""
"2","서비스 디자인 프로세스의 요소에 대해 설명해 주세요.","페르소나는 가상으로 상정된 구체적 사용자를 일컫는 말입니다. 페르소나 기반 시나리오는 이러한 페르소나가 제품이나 서비스를 사용한다고 가정하고, 이때 일어날 수 있는 일들을 다양한 관점에서 순서대로 나열한 것입니다. 이 방법은 시스템의 기능만이 아니라 기능들의 우선순위와 그 기능들이 시스템에서 어떻게 이용되는지, 사용자는 시스템을 어떻게 보고 있는지 등을 알려줍니다.","P","페르소나에 대해 설명해 주세요."
"2","서비스 디자인 프로세스의 요소에 대해 설명해 주세요.","서비스 블루프린트는 서비스 사이클에서 고객의 경험을 여러 서비스 제공자가 제공한 개별적 조치들과 연관 지어 작성한 흐름도입니다. 이것은 고객과 관련된 부서들이 취하는 여러 가지 활동들을 시간의 흐름에 따라 보여주며, 그들 사이의 상호작용을 보여줍니다. 이것은 고객과 관련된 부서들이 취하는 여러 가지 활동들을 시간의 흐름에 따라 보여주며, 그들 사이의 상호작용을 보여줍니다.","P","서비스 블루프린트가 상호작용을 보여주는 방법에 대해 설명해 주세요."
"2","인간 공학에 대해 설명해 주세요.","에르고노믹스라고도 합니다. 인간공학은 인간과 기계의 관계를 합리화하기 위한 것입니다. 인간의 감각에 정보를 제공하는 것, 인간의 조작을 위한 제어, 복잡한 인간·기계계를 위한 관계 등도 포함하여 인간의 작업 설계, 인간·기계계의 설계, 인간이 조작하는 기계 부분의 설계 등을 가장 효과적으로 하기 위한 것을 포함합니다.","P","인간기계계에 대해 설명해 주세요."
"2","인간 공학에 대해 설명해 주세요.","인간공학은 인간과 서비스의 관계를 설명하기 위한 것입니다. 인간의 감각에 정보를 제공하는 것, 인간과 서비스의 상호작용 관계 등도 포함하여 인간의 경험 설계를 가장 효과적으로 하기 위한 것을 포함합니다.","F",""
"2","인간 공학에 대해 설명해 주세요.","경제학과 심리학 등이 동시에 관계하는 행동 경제학의 한 영역으로서, 최적정의 작업조건, 인간과 기계의 효을적 조직, 작업능률을 극대화할 수 있는 생산의 특성 등에 관한 문제를 다루는 학문 분야입니다. ","F",""
"2","인간 공학에 대해 설명해 주세요.","기계 공학이나 산업 공학의 입장에서 기계의 작업 능력과 그 한계, 기계가 갖는 성질이나 특성 등을 파악하여 이들에 적합하도록 기계, 설비품, 작업 등을 설계하는 과학입니다. 기계의 동작 기능이나 특성을 연구하고, 안전, 정확, 편하게 조작할 수 있는 기계의 설계, 작업 방법 빛 작업 환경의 설정 등을 목적으로 하는 학문을 말합니다.","F",""
"2","인간 공학에 대해 설명해 주세요.","산업공학·산업심리 직업심리 등이 관계하는 공학과 응용심리의 한 영역으로서, 최적정의 작업조건, 인간과 기계의 효을적 조직, 작업능률을 극대화할 수 있는 기계의 특성 등에 관한 문제를 다루는 학문 분야입니다. 인간이 사용하는 기계, 장치, 인간을 둘러싸고 있는 작업적 환경 등을 인간의 신체적, 정신적 특징이나 능력 한계에 적합하게 설계, 제작, 배치, 조정하기 위한 연구 활동입니다.","P","인간 공학과 응용심리의 관계에 대해 설명해 주세요."
"2","인간 공학에 대해 설명해 주세요.","심리학이나 생리학의 입장에서 인간의 작업 능력과 그 한계, 인간이 갖는 성질이나 특성 등을 파악하여 이들에 적합하도록 기계, 설비품, 작업 등을 설계하는 과학입니다. 인간의 동작 기능이나 특성을 연구하고, 안전, 정확, 편하게 조작할 수 있는 기계의 설계, 작업 방법 빛 작업 환경의 설정 등을 목적으로 하는 학문을 말합니다.","P","인간의 작업 능력을 파악하는것이 중요한 이유를 설명해 주세요."
"2","프로토타이핑 충실도에 다른 종류에 대해 설명해 주세요.","페이퍼 프로토타이핑은 제품이나 서비스의 형태 및 각종 정보를 종이와 같은 2차원에 사진이나 그림 형태로 제공하는 방식으로, 고객의 요구 사항 도출 과정에서, 또한 사용자 스토리를 식별 및 추정할 때 사용하는 가장 충실도가 낮은 프로토타이핑입니다. 제품이나 서비스가 없더라도 경험하게 될 사용자의 경험 자체에 초점을 맞춥니다.","P","페이퍼프로토타이핑의 장정을 설명해 주세요."
"2","프로토타이핑 충실도에 다른 종류에 대해 설명해 주세요.","페이퍼 프로토타이핑은 제품이나 서비스의 형태 및 각종 정보를 홀로그램과 같은 3차원에 동영상 형태로 제공하는 방식으로, 고객의 요구 사항 도출 과정에서, 또한 사용자 스토리를 식별 및 추정할 때 사용하는 가장 충실도가 높은 프로토타이핑입니다.","F",""
"2","프로토타이핑 충실도에 다른 종류에 대해 설명해 주세요.","비디오 프로토타이핑은 비용이 낮고 신속하게 제작할 수 있지만 충실도가 낮아 장단점이 명확한 커뮤니케이션 도구입니다. 이 방식은 개발자에게 개발에 필요한 스펙을 제공해 줍니다. 또한 완성된 인터페이스가 태스크를 수행할 때 어떻게 사용될 수 있는지 비디오를 통해 자세한 설명이 가능합니다.","F",""
"2","프로토타이핑 충실도에 다른 종류에 대해 설명해 주세요.","오즈의 마법사 프로토타이핑은 사용자와의 상호작용을 실제로 구현합니다. 사용자가 보거나 듣거나 만지는 부분을 정교하고 감각적인 프로토타입으로 제작할 수 있는데다가, 만들기 쉽고 시간도 적게 걸려 가장 우수한 프로토타이핑 종류 입니다. ","F",""
"2","프로토타이핑 충실도에 다른 종류에 대해 설명해 주세요.","비디오 프로토타이핑은 비용이 낮고 신속하게 제작할 수 있어서 가장 좋은 커뮤니케이션 도구입니다. 이 방식은 개발자에게 개발에 필요한 스펙을 제공해 줍니다. 또한 인터페이스 디자인이 실제로 어떻게 사용되는지 확인할 수 있으며, 완성된 인터페이스가 태스크를 수행할 때 어떻게 사용될 수 있는지 비디오를 통해 자세한 설명이 가능합니다.","P","개발 스펙에 대해 설명해 주세요."
"2","프로토타이핑 충실도에 다른 종류에 대해 설명해 주세요.","오즈의 마법사 프로토타이핑은 사용자와의 상호작용을 가상으로 구현합니다. 사용자가 보거나 듣거나 만지는 부분을 정교하고 감각적인 프로토타입으로 제작할 수 있다는 점은 장점이나, 만들기 어렵고 시간이 오래 걸립니다. 다시 말하면 이 방법은 코딩 없이 인터랙티브한 애플리케이션을 만드는 방법으로, 프로젝터를 사용하여 원격에서 인터페이스를 컨트롤할 수 있습니다.","P","오즈의마법사프로토타이핑의 특징을 설명해 주세요."
"1","목업에 대해 설명해 주세요.","목업은 신제품 개발에 필수적인 과정으로, 제품의 컨셉을 충실히 반영하여 제작된, 예측되는 실물과 동일한, 혹은 적당한 비율로 확대 또는 축소한 제품을 말합니다. 즉, 예상 모형을 구축하고, 그 모형에 따라 사용자가 이용할 경우 봉착하게 될 문제점을 분석하는 방법입니다.","P","목업을 통해 문제점을 어떻게 파악할 수 있는지 설명해 주세요."
"1","목업에 대해 설명해 주세요.","목업은 구제품 개선에 필수적인 과정으로, 제품의 컨셉을 충실히 반영하되 구제품을 적당한 비율로 확대 또는 축소한 제품을 말합니다. 즉, 과거 모형을 구축하고, 그 모형에 따라 사용자가 이용할 경우 봉착하게 될 문제점을 분석하는 방법입니다.","F",""
"1","목업에 대해 설명해 주세요.","목업의 장점은 시스템이 완성되고 나서 제품을 평가할 수 없고, 대략적인 부분을 신속히 검사하는 것이 가능하다는 것입니다. 하지만 단점도 존재합니다. 사용성에 초점을 두어 분석적인 면이나 예술성에 대한 평가는 어렵다는 것입니다.","F",""
"1","목업에 대해 설명해 주세요.","목업은 형상, 기능, 생산성, 양산성 등을 사후 평가하기 위해 사용하며, 생산자 비용을 검토하기 위한 시장 조사용, 선주문 창출을 위한 전시용 제품, 양산을 위한 금형 제작, 발명, 실용신안, 의장 특허 등록 등의 필요성에 의해 제작됩니다. ","F",""
"1","목업에 대해 설명해 주세요.","목업의 장점은 시스템이 완성되기 전에 제품을 평가할 수 있고, 세밀한 부분을 자세히 검사하는 것이 가능하다는 것입니다. 하지만 단점도 존재합니다. 사용성에 초점을 두어 감성적인 면이나 유용성에 대한 평가는 어렵다는 것입니다. 또한 비전문가들은 모형을 만들기 어렵습니다.","P","감성적인 부분을 미리 파악하는 것이 왜 중요한지 설명해 주세요."
"1","목업에 대해 설명해 주세요.","목업은 형상, 기능, 생산성, 양산성 등을 사전 검토하기 위해 사용하며, 소비자 반응을 측정하기 위한 시장 조사용, 선주문 창출을 위한 전시용 제품, 양산을 위한 금형 제작, 발명, 실용신안, 의장 특허 등록 등의 필요성에 의해 제작됩니다. 디지털 목업 도구에는 연필, 워크샵, CAD, 3D 프린팅이 있습니다.","P","목업의 선주문창출 목적에 대해 설명해 주세요."
"2","서비스 경험 디자인의 특징에 대해 설명해 주세요.","대부분의 서비스에서는 사용자의 경험이 시간의 흐름에 따라 차례로 배열됩니다. 그래서 서비스를 구성하는 가장 중요한 축은 바로 시간 입니다. 시간의 흐름에 따라 서비스를 제공하는 사람과 받는 사람의 경험 요소를 어떻게 배치할지 생각하는 것이 바로 서비스 경험을 디자인하는 과정입니다.","P","서비스에서 시간의 흐름이 의미하는 바가 무엇인지 설명해 주세요."
"2","서비스 경험 디자인의 특징에 대해 설명해 주세요.","대부분의 서비스에서는 사용자의 경험이 공간의 구분에 따라 병렬로 배열됩니다. 그래서 서비스를 구성하는 가장 중요한 축은 바로 공간 입니다. 공간의 구분에 따라 서비스를 제공하는 사람과 받는 사람의 경험 요소를 어떻게 배치할지 생각하는 것이 바로 서비스 경험을 디자인하는 과정입니다.","F",""
"2","서비스 경험 디자인의 특징에 대해 설명해 주세요.","고객이 서비스 공급자와 상호작용하는 동안 겪는 경험에 초점이 맞춰져 있는 것을 경험적 서비스라고 합니다. 경험적 서비스는 서비스 공급자 별로 따라 고객이 어떤 경험을 하였는지를 중요하게 생각합니다. 공급자와 고객이 마주치는 모든 접점이 모여 하나의 경험이 되는 것입니다.","F",""
"2","서비스 경험 디자인의 특징에 대해 설명해 주세요.","한순간에 끝나는 극히 예외적인 서비스를 제외하고는 대부분의 서비스는 경험적입니다. 서비스 경험 디자인의 대상이 되기에 적합한 서비스들은 대개 기간이 조금 긴 편입니다. 여행적인 서비스란 시간이 오래 걸리는 서비스이며 동시에 사람들의 감정이나 생각, 행동이 많이 관여되어 있는 서비스를 말합니다.","F",""
"2","서비스 경험 디자인의 특징에 대해 설명해 주세요.","고객이 서비스 시스템과 상호작용하는 동안 겪는 경험에 초점이 맞춰져 있는 것을 경험적 서비스라고 합니다. 경험적 서비스는 시간 흐름에 따라 고객이 어떤 경험을 하였는지를 중요하게 생각합니다. 시간이 흐르며 고객이 마주치는 모든 접점이 모여 하나의 경험이 되는 것입니다.","P","경험적 서비스에 대해 설명해 주세요."
"2","서비스 경험 디자인의 특징에 대해 설명해 주세요.","극히 예외적인 서비스를 제외하고는 대부분의 서비스는 순간적입니다. 하지만 서비스 경험 디자인의 대상이 되기에 적합한 서비스들은 대개 기간이 긴 편입니다. 때문에 이론과 다르게 대부분의 서비스에 서비스 경험 디자인이 적용이 될 수 없습니다.","P","여행적인 서비스에 대해 설명해 주세요."
"1","서비스에 관련된 이해관계자를 설명해 주세요.","서비스 제공자가 있습니다. 서비스 제공자가 서비스를 제공하는 과정에서 좋은 경험을 해야 서비스를 받는 사람도 좋은 경험을 할 수 있습니다. 하나의 서비스에는 다양한 제공자가 존재합니다. 서비스 성격에 따라 이해관계자끼리의 상호작용이 많은 경우에는 이해관계자를 만족하게 하는 일이 곧 사용자를 만족시키는 수단이 됩니다.","P","서비스제공자가 만족해야 사용자가 만족할 수 있다는 의미에 대해 설명해 주세요."
"1","서비스에 관련된 이해관계자를 설명해 주세요.","서비스 제공자가 있습니다. 서비스 제공자가 서비스를 제공하는 과정에서 불편함을 최대한 감수해야 서비스를 받는 사람이 좋은 경험을 할 수 있습니다. 하나의 서비스에는 다양한 제공자가 존재합니다. 서비스 성격에 따라 이해관계자끼리의 상호작용이 많은 경우에는 이해관계자들도 불편함을 감수해야 사용자를 만족시키는 수단이 됩니다.","F",""
"1","서비스에 관련된 이해관계자를 설명해 주세요.","사람들이 큰 테이블에 모여 저녁을 먹는다고 가정하면 사람들이 각자 자리에 앉아 식사하지만 그 과정에서 식사 외의 행위가 개입합니다. 이러한 서비스 외의 행위는 서비스를 경험하는데 방해됩니다. 때문에 서비스에 관련된 이해관계자를 최소화하는 것이 서비스 경험에 도움이 됩니다.","F",""
"1","서비스에 관련된 이해관계자를 설명해 주세요.","서비스 경험 디자인에서는 수많은 이해관계자들을 서비스 생태계라고 표현합니다. 생태계에는 강자와 약자가 있습니다. 자연과 마찬가지로 약육강식의 세계이고 보통 강자의 위치에있는 서비스 경험 디자이너 위주로 서비스는 제작됩니다. ","F",""
"1","서비스에 관련된 이해관계자를 설명해 주세요.","주변고객이 있습니다. 사람들이 큰 테이블에 모여 저녁을 먹는다고 가정하면 사람들이 각자 자리에 앉아 식사하지만 그 과정에서 옆에 앉아 있는 사람과 이야기를 나누기도 하고 옆 테이블에 앉아 있는 사람과 이야기를 나누기도 합니다. 저녁 시간 동안 내가 한 경험에 단순히 저녁 식사를 제공한 사람과 상호작용에서 끝이 아니라 같이 식사를 한 사람들까지 모두 포함됩니다.","P","주변고객이 이해관계자에 포함되는 이유를 설명해 주세요."
"1","서비스에 관련된 이해관계자를 설명해 주세요.","서비스 경험 디자인에서는 수많은 이해관계자들을 서비스 생태계라고 표현합니다. 서비스 제공자는 서비스 전면과 서비스 후면으로 나눌 수 있습니다. 서비스에 영향을 미치는 정도에 따라 원 중심에서 거리를 다르게 표현함으로써 다양한 이해관계자를 지도 위에 그려낼 수 있습니다.","P","서비스 생태계에 대해 설명해 주세요."
"1","조명에 대해 설명해 주세요.","직접조명이 있습니다. 실링 라이트는 천장에 딱 붙게 설치하는 조명으로 방 전체를 밝혀주는 데 쓰입니다. 천장에 붙는 조명이므로 대부분 심플한 디자인입니다. 펜던트는 부분적인 공간에 포인트를 주는 조명으로 천장에 달아 늘어뜨려 원하는 공간을 비추도록 설치합니다. 플로어 스탠드는 키가 큰 디자인으로 거실이나 침실 등 넓은 공간에 사용합니다.","P","플로어스탠드의 특징에 대해 설명해 주세요."
"1","조명에 대해 설명해 주세요.","직접조명은 방 전체를 밝히기 위해서 천장에서 떨어뜨려 매달아 사방으로 빛이 퍼질 수 있도록 설치합니다. 천장에 떨어뜨려져 있기 때문에 다양한 디자인이 가능합니다. 광원이 직접 빛을 밝히는 방식이므로 직접조명이라고 불립니다.","F",""
"1","조명에 대해 설명해 주세요.","펜던트와 플로어 스탠드처럼 부분적인 공간에만 밝히는 간접조명이 있습니다. 플로어 스탠드는 부분적인 공간에 포인트를 주는 조명으로 천장에 달아 늘어뜨려 원하는 공간을 비추도록 설치합니다. 펜던트는 키가 큰 디자인으로 거실이나 침실 등 넓은 공간에 사용합니다.","F",""
"1","조명에 대해 설명해 주세요.","스포트라이트처럼 벽면에 미적 효과를 위해 빛을 이용하는 기구가 있습니다. 방향과 각도를 자유자재로 조절하며 비추고 싶은 물건에 스포트라이트 효과를 줍니다. 하지만 빛을 이용해서 밝기를 올리는 용도가 아니므로 조명이라고 부를 수 없습니다.","F",""
"1","조명에 대해 설명해 주세요.","간접조명이 있습니다. 스포트라이트는 노출식 할로겐 조명으로 벽면의 그림이나 특정한 곳의 물체를 비추는 데 쓰이는 정식 조명입니다. 할로겐은 주로 부분적인 조명 효과를 위해 많이 사용합니다. 방향과 각도를 자유자재로 조절하며 비추고 싶은 물건에 스포트라이트 효과를 줍니다.","P","간접조명의 종류를 설명해 주세요."
"2","브래킷 조명에 대해 설명해 주세요.","벽등이라고도 불리는 브래킷은 샹들리에 등의 메인 조명 보조 역할을 하거나 벽에 장식적인 효과를 주기 위해 사용합니다. 은은한 간접 조명으로 분위기 있는 벽을 연출하기에 좋습니다. 침실에서는 조광을 할 수 있는 것, 옥외나 욕실에서는 방습 ·방청이 된 것을사용하며, 현관이나 응접실 등에는 디자인적인 효과를 고려한 것을 사용합니다. ","P","샹들리에에 대해 설명해 주세요."
"2","브래킷 조명에 대해 설명해 주세요.","브래킷 조명의 첫번째 종류는 메인 조명의 역할을 하는 샹들리에입니다. 은은한 효과를 주기에 적당한 밝기를 낼 수 있으므로 샹들리에를 사용할 때는 다른 조명을 함께 쓰지 않는 것이 대부분입니다.","F",""
"2","브래킷 조명에 대해 설명해 주세요.","브래킷 조명의 두번째 조명은 벽에 장식적인 효과를 주기 위한 조명들 입니다. 장식을 주기 위해 대부분의 경우 노출식 할로겐 조명을 사용하며 침실에는 디자인적인 효과를 줄 수 있는 것, 현관이나 응접실에는 조광을 할 수 있는 것을 사용합니다.","F",""
"2","브래킷 조명에 대해 설명해 주세요.","백열전구를 사용하는 경우도 있지만 주로 형광등을 사용합니다. 빛의 밝기가 약한 편이기 때문에 가리개를 덮을 수는 없습니다. 설치의 제약이 많기 때문에 사용목적에 따라 붙이는 위치를 선정하기 힘든 한계가 있습니다.","F",""
"2","브래킷 조명에 대해 설명해 주세요.","형광등을 쓰기도 하지만, 대개 갓이 없는 둥근 공 모양이나 촛불형의 백열전구를 사용합니다. 천이나 종이, 유리섬유제 가리개로 덮인 것, 또는 유리나 플라스틱제 커버가 달린 것이 많이 있습니다. 브래킷은 그 사용목적에 따라서 기구나 붙이는 위치를 선정할 필요가 있습니다.","P","백열전구에 대해 설명해 주세요."
"1","콘셉트 브리프의 구성요소에 대해 설명해 주세요.","기억하기 쉬운 문구, 문구에 대한 부연 설명, 서비스 구상 스토리, 간단한 스케치가 있습니다. 광고에서 슬로건과 마찬가지로 콘셉트 브리프는 기억하기 쉬운 문구를 포함하여 읽는 사람에게 인상을 남겨야 합니다. 문구에 대한 부연설명도 필요합니다. 슬로건은 기억하기 쉬운데 서비스와 관련이 적을 수 있습니다.","P","슬로건에 대해 설명해 주세요."
"1","콘셉트 브리프의 구성요소에 대해 설명해 주세요.","콘셉트 브리프는 설명을 위한 것이기 때문에 최대한 내용을 자세하게 넣어야 합니다. 서비스의 콘셉을 모두 포괄해야하기 때문입니다. 반면에 완성된 서비스가 아니기 때문에 굳이 기억하기 쉬워야 할 필요가 없고 디자인에 신경쓰지 않아도 괜찮습니다.","F",""
"1","콘셉트 브리프의 구성요소에 대해 설명해 주세요.","콘셉트 브리핑은 그 자체로 하나의 완성체이기 때문에 도출하는 과정에서의 프로세스나 그 이유, 구체적인 스토리는 들어갈 필요가 없습니다. 너무 방대한 분량은 읽는 이가 콘셉을 이해하는데 방해가 됩니다.","F",""
"1","콘셉트 브리프의 구성요소에 대해 설명해 주세요.","광고의 슬로건과 최대한 비슷하게 작성할수록 훌륭한 콘셉트 브리프입니다. 그 이미지를 연상시킬 수 있는 강렬하고 기억하기 쉬운 문구이어야 합니다. 이미지를 연상시킬 수만 있다면 서비스의 내용은 충분히 담고 있지 않더라도 괜찮습니다.","F",""
"1","콘셉트 브리프의 구성요소에 대해 설명해 주세요.","해당 내용을 도출한 디자인 팀의 프레임워크나 도식화된 프로세스, 또는 다른 사유를 콘셉트 브리프에서 제시해 주어야 합니다. 서비스를 구상하게 된 구체적인 스토리나 프로세스를 명시해주면 보는 이가 콘셉트 방향에 수긍이 가고 다음에 피드백을 줄 때 참고할 수 있습니다.","P","사용자의 피드백의 중요성에 대해 설명해 주세요."
"2","전시의 유형에 대해 설명해 주세요.","전시는 정보의 특성, 전시 공간의 물리적 특성, 목적에 의해 분류됩니다. 정보의 특성에 따라 주제전시와 교육전시로 나뉘고, 전시의 공간성에 따라 관내전시·관외전시, 시간성에 상설전시·기획전시·특별전시로 구분됩니다. 또한 전시 목적에 따라 전시·연구·교육 기능 중 어느 부분에 더 비중을 두는가에 따라 유형이 결정됩니다.","P","교육전시에 대해 설명해 주세요."
"2","전시의 유형에 대해 설명해 주세요.","전시는 정보의 특성에 따라 전시, 연구, 교육 기능 중 한가지로 정해질 수 있습니다. 정보는 그 지향점이 명확해야 하기 때문에 위의 3가지 기능 중 한 가지를 선택하여 최대한 그 기능에 맞는 정보만 담아야합니다.","F",""
"2","전시의 유형에 대해 설명해 주세요.","교육 전시는 성격상 사물지향적인 전시에 가깝습니다. 관객은 전시품을 보고 가능한 많은 창의력을 발휘하는 과정에서 교육이 극대화 되기 때문에 100% 사물만을 전시합니다. 정보는 관객을 정해진 개념으로 구속할 뿐입니다.","F",""
"2","전시의 유형에 대해 설명해 주세요.","전시에서는 프레젠테이션을 이용하여 메시지를 전달해야 합니다. 프레젠테이션은 전시물에 대한 정보가 담겨 있기 때문입니다. 따라서 프레젠테이션은 사람들이 보기쉽게 최대한 눈에 잘 띌수 있도록 제작해야합니다.","F",""
"2","전시의 유형에 대해 설명해 주세요.","주제 전시는 성격상 사물지향적인 전시에 가까운데, 주제별로 소장품을 전시하고 레이블과 같은 가장 기본적인 정보만을 제공하며, 교육전시 혹은 개념전시는 주제전시와 마찬가지로 사물지향적인 전시의 성격을 띠고 있지만 약 60%의 정보와 40%의 사물을 결합시킵니다.","P","레이블에 대해 설명해 주세요."
"2","전시의 유형에 대해 설명해 주세요.","전시에서 프레젠테이션이 지나치게 부각되면 메시지가 결여되어 마치 수장고를 열어서 보여주는 듯한 인상만 주게 됩니다. 대체로 이러한 목적을 위해 전시물이라는 오브제가 중심이 되지만, 전시 기획 의도를 전달하기 위해서는 설명판, 텍스트, 비디오 등의 각종 보조 매체를 활용합니다.","P","오브제에 대해 설명해 주세요."
"2","몰딩에 대해 설명해 주세요.","조형으로, 건축 장식의 일종. 가로?세로?사선?곡선이 연속된 요철띠로, 그림자를 만드는 것에 따라 평면 장식에 변화를 줍니다. 또한, 모든 종류의 자연적 혹은 기하학적인 모티프가 충만하며, 그 속에서 주된 것으로 달걀과 화살, 달걀과 혀, 잎과 혀, 구슬과 실패, 아칸서스의 꽃과 잎 모티프 등이 이용됩니다.","P","기하하적 모티프의 예제에 대해 설명해 주세요."
"2","몰딩에 대해 설명해 주세요.","선을 두르는 장식법의 하나로 여러 가지 패턴이 있으나, 일반적으로 건축물의 띠 모양으로 연속된 돌출부 요철면의 단면을 말합니다. 중세까지만 해도 기술의 부족으로 인해 이루어지지 않았으며 현대에 와서야 개척이 된 건축 양식입니다.","F",""
"2","몰딩에 대해 설명해 주세요.","과거에는 자연의 모습을 본따 몰딩을 하는 것이 주류였습니다. 하지만 현대에 와서는 자연을 본따는 형태의 몰딩은 구시대의 산물이고 거의 대부분 사선, 곡선을 사용한 기하학적인 모티프를 바탕으로 몰딩을 합니다.","F",""
"2","몰딩에 대해 설명해 주세요.","몰딩은 평면적인 건출물에 입체적 효과를 주어 화려하게 하는 목적입니다. 하지만 안정감을 주어야 할 벽면에 몰딩을 하는 것은 심리적인 불안정성을 야기한다는 연구에 따라 지양하고 있는 추세입니다.","F",""
"2","몰딩에 대해 설명해 주세요.","선을 두르는 장식법의 하나로 여러 가지 패턴이 있으나, 일반적으로 건축물의 띠 모양으로 연속된 돌출부 요철면의 단면을 말합니다. 고대 그리스건축에서 발전하여 중세를 거쳐 현대로 이어졌으며, 현대에 와서는 단순하고 기능적인 디자인이 많이 사용되고 있습니다.","P","요철면에 대해 설명해 주세요."
"1","빛의 종류에 따라 달라지는 분위기에 대해 설명해 주세요.","방의 분위기나 밝기는 공간을 어떤 빛으로 마무리하느냐에 따라 그 이미지가 많이 달라집니다. 부드럽고 편안한 방으로 만들고 싶은 경우 바닥과 벽, 천장에 고르게 빛이 퍼지도록 하고, 안정된 분위기를 원할 때는 바닥과 벽에, 방이 넓어 보이기를 원한다면 천장과 벽에 빛이 향하도록 하면 효과적입니다.","P","공간을 넓어 보이게 하는 빛의 종류에 대해 설명해 주세요."
"1","빛의 종류에 따라 달라지는 분위기에 대해 설명해 주세요.","방의 분위기나 밝기는 빛의 방향에 따라 달라질 수 있습니다. 부드럽고 편안한 방으로 만들고 싶은 경우 천장에 빛이 모아주도록 하고, 안정된 분위기를 원할 때는 바닥과 빛을 깔아주고, 방이 넓어 보이기를 원한다면 모든 방향으로 빛이 퍼지도록 하면 효과적입니다.","F",""
"1","빛의 종류에 따라 달라지는 분위기에 대해 설명해 주세요.","편안함이 중요한 거실이나 침시리에는 인간에게 가장 친숙한 한낮의 태양 빛과 같은 형광램프가 적합하고, 공부방이나 작업 공간에는 집중력을 올려주는 석양과 같은 붉은빛의 백열램프나 전구형 형광램프가 좋습니다. ","F",""
"1","빛의 종류에 따라 달라지는 분위기에 대해 설명해 주세요."," 가장 화려한 조명으로 손꼽히는 샹들리에도 공간을 변화시키는 데 활용하기 좋은 조명 아이템입니다. 하지만 샹들리에는 워낙 화려함이 특징이기 때문에 심신의 평안을 주어야 할 집의 인테리어에는 전혀 적적하지 않습니다.","F",""
"1","빛의 종류에 따라 달라지는 분위기에 대해 설명해 주세요.","공부방이나 부엌 등의 작업 공간에는 한낮의 태양 빛과 같은 형광램프가 적합하고, 심신을 편히 쉴 수 있는 거실이나 침실에는 석양과 같은 붉은빛의 백열램프나 전구형 형광램프가 좋습니다. 전구형 형광등은 백열등과 비슷한 느낌이지만 백열등이 좀 더 따뜻합니다.","P","전구형 형광등에 대해 설명해 주세요."
"1","빛의 종류에 따라 달라지는 분위기에 대해 설명해 주세요.","그 밖에 조명의 꽃이자 가장 화려한 조명으로 손꼽히는 샹들리에도 공간을 변화시키는 데 활용하기 좋은 조명 아이템입니다. 샹들리에를 돋보이게 하기 위해 레스토랑 안의 가구를 심플한 모던 스타일로 배치해 놓은 것도 인상적입니다. 샹들리에는 화려함이 특징이지만 집의 인테리어 스타일과 분위기에 맞는 디자인 선택이 중요합니다.","P","모던 스타일에 대해 설명해 주세요."
"1","강화마루에 대해 설명해 주세요.","상부의 라미네이트층과 중간의 바탕재층 및 밑바닥에서부터의 습기를 차단하기 위한 하층부로 구성되어 있습니다. 라미네이트 마루 또는 복합재마루라고도 합니다. 목재에서 섬유질을 분리 채취하여 방수수지를 첨가한 뒤 고온·고압으로 압축성형시킨 HDF를 바탕재로 하고 표면은 HPL 또는 LPL로 강화 처리한 제품입니다.","P","HDF에 대해 설명해 주세요."
"1","강화마루에 대해 설명해 주세요.","상부의 습기를 차단하기 위한 라미네이트층과 중간의 바탕재층 및 밑바닥에서부터의 냉기를 차단하기 위한 하층부로 구성되어 있습니다. 라미네이트 마루 또는 복합재마루라고도 합니다. 목재에서 섬유질을 분리 채취하여 방수수지를 첨가한 뒤 초저온에서 냉각시킨 HDF를 바탕재로 합니다.","F",""
"1","강화마루에 대해 설명해 주세요.","박판상이지만 표면이 강화되고 복합재 구조로 되어 있어 현가식 시공법이 사용됩니다. 현가식 시공법은 마루와 마루 사이의 홈에 시멘트를 칠하여 결합하는방식으로 차음성과 보행성이 좋지만 시공이 어렵고 공사기간이 길다는 단점이 있습니다.","F",""
"1","강화마루에 대해 설명해 주세요.","원목 위에 합판 무늬필름을 코팅한 바닥 마감재로, 조립식으로 설치하기 때문에 시공이 편리하지만 강마루에 비해 비싸다는 단점이 있습니다. 강화마루는 모양지의 종류에 따라 색상이나 디자인을 다양하게 꾸밀 수 있습니다.","F",""
"1","강화마루에 대해 설명해 주세요.","박판상이지만 표면이 강화되고 복합재 구조로 되어 있어 현가식 시공법이 사용됩니다. 현가식 시공법은 마루와 마루 사이의 홈에 접착제를 칠하여 결합하는방식으로 시공이 간단하고 공사기간이 짧을 뿐 아니라 차음성과 보행성이 좋습니다. 표면을 라미네이팅 코팅 처리하여 유지 관리가 편리한 것이 특징입니다.","P","차음성과 보행성에 대해 설명해 주세요."
"1","강화마루에 대해 설명해 주세요.","합판 위에 원목 무늬필름을 코팅한 바닥 마감재로, 조립식으로 설치하기 때문에 시공이 편리하고 강마루에 비해 저렴하다는 장점이 있습니다. 강화마루는 모양지의 종류에 따라 색상이나 디자인을 다양하게 꾸밀 수 있습니다. 그러나 모양지의 한계와 표면의 멜라닌 라미네이팅 등으로 목재의질감이 원목마루나 합판마루에 견주어 다소 떨어집니다.","P","강마루와 강화마루를 비교해 설명해 주세요."
"1","시트지와 도장에 대해 설명해 주세요.","시트지는 원목 느낌을 내기 위해 가공 목재 표면에 붙이는 비닐시트입니다. 가격이 저렴하고 가공이 쉽고 스티커와 같이 뒷면에 접착제가 있어 사용이 편리합니다. 가구마감재, 바닥재, 벽지 등 다양한 용도로 사용됩니다. 물과 열에 약하며, 표면이 얇아 스크래치가 쉽게 생깁니다.","P","스크래치가 내구성에 미치는 영향에 대해 설명해 주세요."
"1","시트지와 도장에 대해 설명해 주세요.","시트지는 대리석 느낌을 내기 위해 가공 석재 표면에 붙이는 비닐시트입니다. 가격이 저렴하고 가공이 쉽고 스티커와 같이 뒷면에 접착제가 있어 사용이 편리합니다. 가구마감재, 바닥재, 벽지 등 다양한 용도로 사용됩니다. 물과 열에 약하지만 강도가 좋아 스크래치가 잘 생기지 않습니다.","F",""
"1","시트지와 도장에 대해 설명해 주세요.","도장은 물체의 표면에 도장재료를 칠하여 피막을 형성시키는 것을 말합니다. 도장은 물체의 충해, 부식, 마멸을 방지하고 내구성을 높이지만 색채나 광택효과에 의해 물체의 표면은 지저분해질 수 밖에 없습니다. ","F",""
"1","시트지와 도장에 대해 설명해 주세요.","도장은 실내 디자인 시공 시 마감하는 전통적이고 보편적인 방법으로 무색의 재현만이 가능합니다. 안료를 용해하는 방법에 따라 수성, 유성, 에나멜, 아크릴, 방부 도료 등으로 구분합니다. 무색의 재현만이 가능하므로 미적 효과는 떨어질 수 밖에 없습니다.","F",""
"1","시트지와 도장에 대해 설명해 주세요.","도장은 물체의 표면에 도장재료를 칠하여 피막을 형성시키는 것을 말합니다. 도장은 물체의 충해, 부식, 마멸을 방지하고 내구성을 높이며 색채나 광택효과에 의해 물체의 표면을 아름답게 하는데 목적이 있습니다. 전기의 절연과 방열, 살균, 방음, 빛의 반사, 방화등의 목적도 있습니다.","P","도장재료에 대해 설명해 주세요."
"1","시트지와 도장에 대해 설명해 주세요.","도장은 실내 디자인 시공 시 마감하는 전통적이고 보편적인 방법. 무색부터 원하는 거의 모든 색의 재현이 가능합니다. 안료를 용해하는 방법에 따라 수성, 유성, 에나멜, 아크릴, 방부 도료 등으로 구분합니다. 재료의 표면을 보호 혹은 미화하기 위해서 페인트나 래커 등의 도료를 바르거나 뿜어서 도막을 형성하는 것을 말합니다.","P","에나멜에 대해 설명해 주세요."
"1","페인트에 대해 설명해 주세요.","안료를 전색제 또는 결합제와 섞어서 만든 유색의 도료의 총칭입니다. 유성페인트·에나멜페인트·수성페인트 등이 있습니다. 유성페인트는 콩기름·삼씨기름·들기름 등으로부터 만든 보일유와 안료를 서로 잘 혼합한 유색 불투명한 도료로서, 혼합비율에 따라 된반죽페인트와 조합페인트로 구분합니다.","P","수성페인트에 대해 설명해 주세요."
"1","페인트에 대해 설명해 주세요.","백색 페인트는 가장 중요한 된반죽페인트로서, 체질안료를 함유한 것과 함유하지 않은 것이 있습니다. 백금페인트가 그 대표적인 것으로서, 백금페인트는 바탕칠이나 패킹 등 특수용도에 사용되지만 가격으로 인해 꼭 필요한 곳에만 사용해야합니다.","F",""
"1","페인트에 대해 설명해 주세요.","조합페인트는 사용할 수 있기 위해서는 그 때 그 때 조합해야하는 것으로서, 용해할 필요없이 용도에 적합하도록 조합할 수 있는 것이 특색입니다. 목적과 용도에 따라 겉칠용 조합페인트, 무광택 조합페인트, 목재초벌칠용 페인트로 구분됩니다.","F",""
"1","페인트에 대해 설명해 주세요.","원유에서 뽑아낸 천연의 유색 도료의 총칭입니다. 유성페인트·에나멜페인트·수성페인트 등이 있습니다. 유성페인트는 휘발유 등으로부터 만든 경유와 안료를 서로 잘 혼합한 유색 불투명한 도료로서, 혼합비율에 따라 된반죽페인트와 조합페인트로 구분합니다.","F",""
"1","페인트에 대해 설명해 주세요.","백색 페인트는 가장 중요한 된반죽페인트로서, 체질안료를 함유한 것과 함유하지 않은 것이 있습니다. 백아연페인트가 그 대표적인 것으로서, 백연페인트는 바탕칠이나 패킹 등 특수용도에 사용됩니다. 또한 착색안료 함유량이 많아서 착색력이 큰 것을 종페인트라 하고 합니다.","P","체질안료에 대해 설명해 주세요."
"1","페인트에 대해 설명해 주세요.","조합페인트는 그대로 바로 사용할 수 있게 배합된 것으로서, 용해할 필요없이 용도에 적합하도록 완성품으로서 제조되는 것이 특색입니다. 목적과 용도에 따라 겉칠용 조합페인트, 무광택 조합페인트, 목재초벌칠용 페인트로 구분됩니다. 겉칠용은 가장 보편적인 것으로서, 단지 조합페인트라고 하면 바로 이것을 말합니다.","P","겉칠용 조합페인트에 대해 설명해 주세요."
"1","타일에 대해 설명해 주세요.","바닥 ·벽 등의 표면을 피복하기 위하여 만든 평판상의 점토질 소성제품으로, 내장타일 ·외장타일 ·모자이크타일 ·내산타일 ·바닥타일 ·염전타일 ·쿼리타일 등이 있는데, 시공이 간단하고 시공후에 균열을 일으키거나 변색하는 일이 거의 없고 특히 내구성이 있어 주방 ·화장실 ·목욕탕 ·세면장 등에 사용됩니다.","P","쿼리타일에 대해 설명해 주세요."
"1","타일에 대해 설명해 주세요.","바닥 ·벽 등의 표면을 피복하기 위하여 만든 평판상의 석조재질 소성제품입니다. 시공이 간단하고 시공후에 균열을 일으키거나 변색하는 일이 없지만 내구성이 약해 자주자주 교체를 해주어야 안전하게 사용할 수 있습니다.","F",""
"1","타일에 대해 설명해 주세요.","보통은 표면적에 비하여 적당히 두투마며 시유 또는 무유로 제조공정 중에 초저온의 온도에서 소성하여 특별한 물리적 성질 및 특징을 가지게 한 것을 말합니다. 원래 타일이란 라틴어에서 유래된 것으로 바닥 ·벽 ·지붕 등을덮는 널판 모양의 재료를 뜻하지만 한국에서는 주로 지붕에 사용됩니다.","F",""
"1","타일에 대해 설명해 주세요.","타일은 여러 가지 성능을 가지고 있으며 비교적 시공도 간단할 뿐 아니라 시공후에 균열을 일으키거나 변색하는 일이 거의 없고 특히 내구성이 있으므로 구조물의 표면을 피복 보호하는 데 가장 좋은 재료입니다. 하지만 위생적인 점이 부족하여 주방 ·화장실 ·목욕탕 ·세면장 등에는 사용해서는 안됩니다.","F",""
"1","타일에 대해 설명해 주세요.","보통은 표면적에 비하여 매우 얇으며 시유 또는 무유로 제조공정 중에 적열이상의 온도에서 소성하여 특별한 물리적 성질 및 특징을 가지게 한 것을 말합니다. 원래 타일이란 라틴어에서 유래된 것으로 바닥 ·벽 ·지붕 등을덮는 널판 모양의 재료를 뜻하지만 한국에서는 주로 바닥 ·벽 등에 사용됩니다.","P","적열이상의 온도에 대해 설명해 주세요."
"1","타일에 대해 설명해 주세요.","타일은 여러 가지 성능을 가지고 있으며 비교적 시공도 간단할 뿐 아니라 시공후에 균열을 일으키거나 변색하는 일이 거의 없고 특히 내구성이 있으므로 구조물의 표면을 피복 보호하는 데 가장 좋은 재료입니다. 위생적인 점이 요구되는 주방 ·화장실 ·목욕탕 ·세면장 등에 없어서는 안 되는 재료입니다.","P","타일이 내구성이 좋은 이유를 설명해 주세요."
"1","리모델링에 대해 설명해 주세요.","주거공간의 리모델링은 효율적인 공간확보와 생활동선을 편리하게 하기 위해 한정된 주거공간을 리모델링하는 일로, 바뀐 생활문화 욕구를 충족할 수 있는 새로운 디자인으로 구성원의 편의를 도모하는 공간을 만드는 데 주안점을 둡니다. 부동산가치를 보존하기 위한 재테크수단으로도 활용되고 있습니다.","P","리모델링과 부동산 가치에 대해 설명해 주세요."
"1","리모델링에 대해 설명해 주세요.","주거공간의 리모델링은 효율적인 공간확보와 생활동선을 편리하게 하기 위해 한정된 주거공간을 리모델링하는 일에 주안점을 두어야하지만 부동산가치를 높이기 위해 오히려 효율성이 떨어지더라도 미적 효과를 위해 하는 것으로 변질되었습니다.","F",""
"1","리모델링에 대해 설명해 주세요.","바뀐 생활문화 욕구를 충족할 수 있는 새로운 디자인으로 구성원의 편의를 도모하는 공간을 만들기 위해 건축물의 뼈대부터 다시 고쳐 지어서 효율적인 공간으로 재탄생시키는 과정을 의미합니다. ","F",""
"1","리모델링에 대해 설명해 주세요.","주거공간의 리모델링은 낡고 오래된 주택을 도소매 상가건물로 재탄생시키기 위해 트랜드에 맞게 개조하는 일입니다. 건물주가 원한다면 어떤 주택도 리모델링을 통해 상업공간의 건물로 리모델링 할 수 있습니다.","F",""
"1","리모델링에 대해 설명해 주세요.","상업공간의 리모델링은 낡고 오래된 임대용 건물이나 도소매 상가건물 등 주로 상업용 건물을 현대감각에 맞춰 개조하는 일입니다. 새로운 디자인과 건축마감재로 리모델링함으로써 건물의 효과를 최대화할 수 있는 재테크수단으로 활용되고 있으며, 특히 건축물의 뼈대를 전혀 건드리지 않고 시공하므로 신축건물에 비해 공사비가 훨씬 적게 드는 장점이 있습니다.","P","건축마감재에 대해 설명해 주세요."
"1","조경에 대해 설명해 주세요.","조경은 회화·조각·산업디자인·건축·토목·도시계획 등의 분야와 밀접한 관계를 갖습니다. 또한 조경은 예술이자 기술이고 사회적 수요의 산물이며, 심미성과 기능성과 공공성은 조경의 기본적 특성이자 조경이 지향해야 할 이념이라고 할 수 있습니다. 서구에 있어서 조경은 산업혁명과 도시화의 악영향이었던 도시 위생문제에 대처하고 노동계층의 여가공간을 마련해 주기 위한 개념으로 시작되었습니다.","P","조경이 사회적 수요의 산물이라는 이유를 설명해 주세요."
"1","조경에 대해 설명해 주세요.","조경은 주거문화의 반영일 뿐만 아니라 한 사회와 시대의 생활문화와 가치체계 및 예술이 총체적으로 결집된 장소라고 할 수 있습니다. 정원을 구성하는 요소로는 계단, 담과 울타리, 문과 창문, 구조물, 테라스, 건물, 벤치, 물, 잔디와 지피류, 수목과 화초류, 조명, 조각, 기타 장식품 등이 있습니다.","F",""
"1","조경에 대해 설명해 주세요.","조경은 도시문화의 반영하는 과학 기술의 총체입니다. 이를 넘어서서 한 사회와 시대의 생활문화와 가치체계 및 예술이 총체적으로 결집된 장소로 인식한다면 효율성의 측면에서 그 질적인 측면이 현저하게 떨어질 수 밖에 없습니다.","F",""
"1","조경에 대해 설명해 주세요.","환경은 인간에게 선험적으로 주어진 생존조건의 총화이며, 인간은 유사 이래로 환경과의 상호관계를 지속해왔습니다. 이러한 관계 속에서 인간은 환경을 의도적으로 변화시켜왔는데, 이러한 변화의 결과물 혹은 그러한 변화를 일으키는 인간행위를 광의의 조경이라고 볼 수 있습니다.","P","조경을 의도적인 인간행위라고 보는 이유를 설명해 주세요."
"1","조경에 대해 설명해 주세요.","환경은 인간에게 선험적으로 주어진 극복해야할 대상입니다. 인간은 유사 이래로 환경과의 지배관계를 극복해왔습니다. 이러한 관계 속에서 인간은 환경을 의도적으로 변화시켜왔는데, 이러한 변화의 결과물 혹은 그러한 변화를 일으키는 인간행위를 광의의 조경이라고 볼 수 있습니다.","P",""
"2","환경심리학에 대해 설명해 주세요.","환경심리학은 인간과 인간이 처한 환경 간의 관계를 탐색하여 공공장소, 사회요건, 환경건립 등 여러 다양한 분야에 적용하고자 설계 및 고안한 학문입니다. 환경심리학의 목적은 여러 분야의 전문가들이 협력하여 인간이 처한 환경 제반을 개선시킴으로써 인간 삶의 질을 향상시키는 데 있다. 이는 미시적 관점과 거시적 관점으로 나뉩니다.","P","환경심리학의 미시적 관점에 대해 설명해 주세요."
"2","환경심리학에 대해 설명해 주세요.","환경심리학은 환경이 인간에게 일방적으로 끼치는 심리적 영향을 탐색하여 공공장소, 사회요건, 환경건립 등 여러 다양한 분야에 적용하고자 설계 및 고안한 학문입니다. 환경심리학의 목적은 여러 분야의 전문가들이 협력하여 인간이 처한 자연 환경을 극복하도록 함으로써 인간 삶의 질을 향상시키는 데 있다. ","F",""
"2","환경심리학에 대해 설명해 주세요.","경제문제에 대한 관심이 커지면서 개인의 범주를 벗어나 개인이 처한 환경적 요인의 개선에 대한 요구가 확대되었고 자연환경이 인간에게 미치는 부정적 영향에 대한 연구가 급속도로 진행되면서 환경심리학이 급성장하고 있습니다.","F",""
"2","환경심리학에 대해 설명해 주세요.","환경심리학은 심리학, 사회과학, 생태학, 경제학, 지리학, 건축, 조경, 설계 등 여러 분야가 결합된 이론으로, 건축가, 조경사, 설계사 등이 경쟁적으로 우위를 점하기 위해 갈등하며 실행됩니다. 이는 인간의 행위 및 태도가 환경적 요인과 관련이 있다는 것을 전제로 어떤 요인이 더 중요한지, 학제 간 경쟁을 통해서 광범위한 논쟁이 진행되고 있습니다.","F",""
"2","환경심리학에 대해 설명해 주세요.","복지에 대한 관심이 커지면서 개인의 범주를 벗어나 개인이 처한 환경적 요인의 개선에 대한 요구가 확대되었고 자연환경, 사회적 조건, 인공환경, 정보환경 등이 인간에게 미치는 영향에 대한 연구가 급속도로 진행되면서 환경심리학이 급성장하고 있습니다.  제2차 세계 대전이 끝나면서 인간이 환경에 얼마나 큰 영향을 받는지에 관한 연구와 필요성이 대두되었습니다.","P","정보환경에 대해 설명해 주세요."
"2","환경심리학에 대해 설명해 주세요.","환경심리학은 심리학, 사회과학, 생태학, 경제학, 지리학, 건축, 조경, 설계 등 여러 분야가 결합된 이론으로, 건축가, 조경사, 설계사 등이 복합적인 공조체제를 유지하면서 실행됩니다. 이는 인간의 행위 및 태도가 환경적 요인과 관련이 있다는 것을 전제로 하고 있으며, 학제 간 협력을 통해서 광범위한 연구가 진행되고 있습니다.","P","환경심리학에 생태학과 지리학이 연계되어 있는 이유를 설명해 주세요."
"1","서비스 경험 디자인 프로토타이핑의 원칙을 설명해 주세요.","콘셉트가 주고자 하는 가치와 사용자의 특성을 명확하게 이해하는 것은 프로토타이핑의 가장 기본입니다. 콘셉트를 명확하게 알지 못하면 무엇을 만들어야 하는지 감이 잡히지 않습니다. 또한 사용자를 이해하지 못하면 프로토타이핑 과정에서 초점을 잃게 될 것입니다. 이에 콘셉트와 사용자를 명료하게 이해해야 합니다.","P","프로토타이핑을 위해 사용자를 이해하는  방안에 대해 설명해 주세요."
"1","서비스 경험 디자인 프로토타이핑의 원칙을 설명해 주세요.","콘셉트가 주고자 하는 가치와 사용자의 어느 하나에 국한시키지 않고 광범위하게 바라보는 것이 프로토타이핑의 가장 기본입니다. 콘셉트를 특정한 것에 국한시키면 관성에 젖을 수 밖에 없습니다. 또한 사용자를 이해하지 못하면 프로토타이핑 과정에서 초점을 잃게 될 것입니다.","F",""
"1","서비스 경험 디자인 프로토타이핑의 원칙을 설명해 주세요.","계획하는데 시간을 많이 써서 만드는데에 드는 시간을 줄여야 합니다. 로토타이핑은 빨리 만들고 개선하는 일을 없에는 것이 중요합니다. 프로토타입을 만드는 이유가 서비스를 구체화하고 개발하기 위함인데 그 과정을 소횰히 하는 것은 비용과 시간만 소모시킬 수 있습니다.","F",""
"1","서비스 경험 디자인 프로토타이핑의 원칙을 설명해 주세요.","이상적인 결과물이 어떠해야 하는지를 계속해서 생각하며 프로토타입을 만들어야 합니다. 완성된 모습을 계속해서 상상할수록 그에 가까워 지기 때문입니다. 프로토타이핑은 회화 작품이나 조각 예술품에 가까워야 합니다. 모양이 예쁘거나 멋있어야 훌륭한 프로토타입이 될 수 있다는 점을 염두해 두어야 합니다.","F",""
"1","서비스 경험 디자인 프로토타이핑의 원칙을 설명해 주세요.","계획하는데 시간을 많이 쓰지 말고 일단 만들기 시작해야 합니다. 프로토타이핑은 빨리 만들고 개선하는 것이 중요합니다. 프로토타입을 만드는 이유가 서비스를 구체화하고 개발하기 위함인데 그 과정을 길게 잡는 것은 비용과 시간만 소모시킬 수 있습니다. 원하는 접점의 모습이 아니더라도 흉내낼 수 있는 물건이면 무엇이든 사용합니다.","P","프로토타이핑의 목적을 설명해 주세요."
"1","서비스 경험 디자인 프로토타이핑의 원칙을 설명해 주세요.","이상적인 결과물이 어떠해야 하는지를 계속해서 생각하며 프로토타입을 만들어야 합니다. 완성된 모습을 계속해서 상상할수록 그에 가까워 지기 때문입니다. 프로토타이핑은 회화 작품이나 조각 예술품이 아닙니다. 모양이 예쁘거나 멋있지 않아도 충분히 훌륭한 프로토타입이 될 수 있다는 점을 염두해 두어야 합니다.","P","프로토타입과 결과물의 관계를 설명해 주세요."
"1","경험 프로토타이핑의 목적에 대해 설명해 주세요.","디자인하고자 하는 제품 혹은 서비스를 사용하는 경험이 어떨지 이해하고 소통하고 체험해보기 위해 다양한 방법으로 묘사하는 것 입니다. 경험을 재현하는데 필요 없는 부분은 과감하게 제외하고 실행합니다. 현재 사람들이 특정 서비스나 제품을 이용하고 있는 경험을 잘 이해하기 위해 경험 프로토타이핑을 활용합니다.","P","경험을 이해하기 위한 방법에 대해 설명해 주세요."
"1","경험 프로토타이핑의 목적에 대해 설명해 주세요.","디자인되었던 제품 혹은 서비스를 사용하는 경험이 어떠하였는지 이해하고 소통하고 체험해보기 위해 다양한 방법으로 실험하는 것 입니다. 경험을 재현하는데 필요 없는 부분까지 최대한 포괄하여 실행합니다. ","F",""
"1","경험 프로토타이핑의 목적에 대해 설명해 주세요.","여러 디자인 아이디어중 가장 우수한 것을 채택하기 위함입니다. 문제를 해결하는데 가능한 대안들 중 부족한 것을 하나씩 제외해나갑니다. 디자인 팀이 사용자의 경험을 만들어가는데 손에 만져지는 요소들을 활용하여 더욱 의미 있는 상상을 할 수 있게 해줍니다. ","F",""
"1","경험 프로토타이핑의 목적에 대해 설명해 주세요.","서비스 사용자들이 실제로 서비스를 이용하며 어떤 경험을 하였는지 조사하는 과정입니다. 정성적인 경험 정보를 정량적으로 변화시키기 위해서 복합적인 통계적 응용기술을 사용하여야 훌륭한 경험 프로토타이핑을 할 수 있습니다.","F",""
"1","경험 프로토타이핑의 목적에 대해 설명해 주세요.","여러 디자인 아이디어를 시도해 보기 위함입니다. 문제를 해결하는데 가능한 대안들을 모색하고 개발시킵니다. 디자인 팀이 사용자의 경험을 만들어가는데 손에 만져지는 요소들을 활용하여 더욱 의미 있는 상상을 할 수 있게 해줍니다. 즉 디자인 아이디어 탐색을 위해 진행하는 것 입니다.","P","가능한 대안들을 모두 시도해 보는 것이 왜 중요한지 설명해 주세요."
"1","서비스 경험 디자인의 스토리보드에 대해 설명해 주세요.","스토리보드는 사용자 여정 지도와 프로토타입을 합친 것 입니다. 사용자 여정 지도를 더 구체적으로 만들고 그 지도에서 나타나는 접점들에 눈으로 보이는 프로토타입을 넣으면 스토리보드가 됩니다. 스토리보드가 만들어지고 나면 전체적 흐름과 사용자가 겪게 되는 서비스의 흐름을 이해할 수 있습니다.","P","사용자 여정 지도에 대해 설명해 주세요."
"1","서비스 경험 디자인의 스토리보드에 대해 설명해 주세요.","스토리보드는 사용자 여정 지도와 프로토타입을 분리시키는 것 입니다. 사용자 여정 지도를 더 구체적으로 만들고 그 지도에서 나타나는 접점들에 속지 않고 눈에 보이지 않는 프로토타입을 뽑아내면 스토리보드가 됩니다. 스토리보드가 만들어지고 나면 전체적 흐름과 사용자가 겪게 되는 서비스의 흐름을 이해할 수 있습니다.","F",""
"1","서비스 경험 디자인의 스토리보드에 대해 설명해 주세요.","스토리보드는 하나의 컷이 한 장면을 나타내고 하나의 스토리를 쪼개어 하나의 에피소드를 그리고 그 에피소드를 다시 쪼개어 하나의 컷을 분리해내는 마치 만화같은 구성을 적용하는 것 입니다. 스토리보드의 한 컷은 사용자가 서비스의 물리적 접점과 마주하거나 제공자와 이야기하는 등 시스템이 진행되는 한 번의 작업을 표현합니다.","F",""
"1","서비스 경험 디자인의 스토리보드에 대해 설명해 주세요.","스토리텔링을 할 때 서비스 전체에 관한 스토리를 만들면 가장 좋겠으며 기술발전으로 시간 또는 예산의 문제도 효율적으로 해결할 수 있습니다. 따라서 스토리보드에 어떤 이야기를 담을 것인가를 선정하는 것은 더 이상 필요로 하지 않습니다.","F",""
"1","서비스 경험 디자인의 스토리보드에 대해 설명해 주세요.","스토리보드는 하나의 컷이 한 장면을 나타내고 몇 개의 컷이 모여 하나의 에피소드를 그리고 그 에피소드가 모여 큰 이야기를 이루는 마치 만화같은 구성을 적용하는 것 입니다. 스토리보드의 한 컷은 사용자가 서비스의 물리적 접점과 마주하거나 제공자와 이야기하는 등 시스템이 진행되는 한 번의 작업을 표현합니다.","P","시스템의 전체 진행을 스토리보드에 나타내는 이유를 설명해 주세요."
"1","서비스 경험 디자인의 스토리보드에 대해 설명해 주세요.","스토리텔링을 할 때 서비스 전체에 관한 스토리를 만들면 가장 좋겠지만 시간 또는 예산의 한계 때문에 현실적으로 어려운 경우가 많습니다. 따라서 스토리보드에 어떤 이야기를 담을 것인가를 선정하는 것이 좋습니다. 선정할 때는 먼저 서비스 여정에서 사용자 경험의 가장 핵심이 되는 요소와 연관된 이야기를 선정합니다.","P","사용자 경험의 가장 핵심이 되는 요소를 스토리보드에 담는 이유를 설명해 주세요."
"2","수익지대 모형에 대해 설명해 주세요.","수익 지대란 어떻게 고객에게서 대가를 받을 것 인가에 초점을 맞춘 이윤 창출 과정을 말합니다. 과거엔 시장점유율을 비즈니스 모델 설계의 가장 중요한 목표로 삼았지만 빠른 기술 발전으로 진입 장벽이 낮아지고 서비스 생산 원가가 낮아지는 등 시대가 변화면서 이윤 가능성이 더욱 중요해 졌습니다.","P","시장점유율과 이윤가능성을 설명해 주세요."
"2","수익지대 모형에 대해 설명해 주세요.","수익 지대란 어떤 고객에게서 대가를 받을 것 인가에 초점을 맞춘 이윤 창출 과정을 말합니다. 과거엔 시장점유율을 비즈니스 모델 설계의 가장 중요한 목표로 삼았지만 현대에는 어떤 고객이 가장 큰 비용을 치를 의지가 있는지를 분석하기 시작했습니다.","F",""
"2","수익지대 모형에 대해 설명해 주세요.","비즈니스 모델 자체의 이윤보다 시장에서의 점유울에서의 이윤 가능성이 중요한 시대가 도래했습니다. 이렇게 시장에서의 점유율에 주목한 비즈니스 모델이 수익 지대 모형입니다. 수익 지대 모형을 설계하기 위한 선결 조건으로는 시장의 관점으로 문제에 접근하는 시장 중심적 사고가 필요합니다.","F",""
"2","수익지대 모형에 대해 설명해 주세요.","에이드리언은 저서 수익지대에서 일반적으로 기업들이 가질 수 있는 22가지 수익 지대 모형을 정리하였습니다. 수익 지대 모형은 시장을 꼼꼼히 분석하는 과정에서 어떠한 방식으로 수익 지대를 만들 것인지 여러 방법을 제시해 주는 하나의 템플릿으로 단독으로 사용하는 것이 좋습니다.","F",""
"2","수익지대 모형에 대해 설명해 주세요.","시장에서의 점유율보다 비즈니스 모델 자체의 이윤 가능성이 중요한 시대가 도래했습니다. 이렇게 이윤 가능성에 주목한 비즈니스 모델이 수익 지대 모형입니다. 수익 지대 모형을 설계하기 위한 선결 조건으로는 고객의 관점으로 문제에 접근하는 고객 중심적 사고가 필요합니다.","P","이윤 가능성을 높이기 위해 왜 고객 중심적 사고를 해야 하는지 설명해 주세요."
"2","수익지대 모형에 대해 설명해 주세요.","에이드리언은 저서 수익지대에서 일반적으로 기업들이 가질 수 있는 22가지 수익 지대 모형을 정리하였습니다. 수익 지대 모형은 서비스를 디자인하는 과정에서 어떠한 방식으로 수익 지대를 만들 것인지 여러 방법을 제시해 주는 하나의 템플릿으로 혼합 및 변형하여 사용하면 좋습니다.","P","22가지 수익 지대 모형을 설명해 주세요."
"1","서비스 브랜딩에 대해 설명해 주세요.","서비스 브랜딩이란 서비스를 이용하면서 향후 계속될 수 있는 경험 및 편익에 관한 약속입니다. 브랜딩 과정은 기업, 서비스 제공자, 사용자라는 세 주체간에 이루어 집니다. 기업은 사용자에게 어떤 가치를 제공할 것인지 약속하고 기업은 서비스 제공자에게 가치의 제공이 가능하도록 지원하게 됩니다.","P","서비스제공자와 사용자 간의 상호작용에 대해 설명해 주세요."
"1","서비스 브랜딩에 대해 설명해 주세요.","서비스 브랜딩이란 서비스를 이용하면서 과거 지속해왔던 경험 및 편익에 관한 역사입니다. 브랜딩 과정은 기업, 서비스 제공자, 사용자라는 세 주체간에 이루어 집니다. 기업은 사용자에게 어떤 가치를 제공하였는지 재확인하고 기업은 서비스 제공자에게 가치의 제공이 가능하도록 지원하게 됩니다.","F",""
"1","서비스 브랜딩에 대해 설명해 주세요.","기업과 독립적으로 서비스 제공자는 자체적으로 사용자가 기대하는 약속의 내용을 이행합니다. 그렇기 때문에 서비스 브랜딩에서 이 세 주체는 독립적인 관계를 맺고 있습니다. 결국 서비스 브랜딩이란 고객과의 약속을 이행하기 위한 서비스 제공자들과의 기업과의 경쟁 입니다.","F",""
"1","서비스 브랜딩에 대해 설명해 주세요.","일반적인 브랜딩에서는 중요하게 고려되는 서비스의 제공자가 가치 전달 과정에 포함되지 않으면서 기업과 서비스 제공자의 내부 의사소통이 분절된다는 특징이 있습니다. 서비스 제공자의 역량이 서비스의 가치를 좌우하기 때문입니다.","F",""
"1","서비스 브랜딩에 대해 설명해 주세요.","기업, 서비스 제공자, 사용자 사이의 약속입니다. 기업의 지원을 바탕으로 서비스 제공자는 사용자가 기대하는 약속의 내용을 이행합니다. 그렇기 때문에 서비스 브랜딩에서 이 세 주체는 불가분의 관계를 맺고 있습니다. 결국 서비스 브랜딩이란 고객과의 약속을 이행하기 위한 주체들간의 상호작용 입니다.","P","기업과 서비스제공자의 약속에 대해 설명해 주세요."
"1","서비스 브랜딩에 대해 설명해 주세요.","일반적인 브랜딩에서는 고려되지 않는 서비스의 제공자가 가치 전달 과정에 포함되면서 기업과 서비스 제공자의 내부 의사소통이 매우 중요해진다는 점이 있습니다. 서비스 제공자의 역량이 서비스의 가치를 좌우하기 때무닙니다. 사용자에게 명확한 가치를 전달하고 싶다면 서비스 제공자와 가치를 공유하는 것이 우선되어야 합니다.","P","서비스제공자의 역량이 서비스의 가치를 좌우한다는 의미를 설명해 주세요."
"1","서비스 브랜드를 이루는 구성요소에 대해 설명해 주세요.","서비스 브랜드의 구성요소는 브랜드이름, 로고, 가격, 서비스의 핵심내용, 서비스 경험에 대한 느낌, 서비스 제공자, 서비스 환경, 서비스 개성, 구전 효과, 홍보, 광고 등 입니다. 이 구성요소들이 중요한 이유는 브랜드에 관한 사용자들의 만족도 측정의 지표가 되어주기 때문입니다. ","P","구전효과에 대해 설명해 주세요."
"1","서비스 브랜드를 이루는 구성요소에 대해 설명해 주세요.","서비스 브랜드의 구성요소는 브랜드이름, 로고, 가격, 서비스의 핵심내용, 서비스 경험에 대한 느낌, 서비스 제공자, 서비스 환경, 서비스 개성, 구전 효과, 홍보, 광고 등 입니다. 이 구성요소들이 중요한 이유는 브랜드에 관한 사용자들의 객관적 효용의 정량적 지표가 되어주기 때문입니다. ","F",""
"1","서비스 브랜드를 이루는 구성요소에 대해 설명해 주세요.","성공적인 사업 확장을 위해서는 서비스의 일관된 서비스 품질을 일부 포기하면서까지 브랜드 특유의 이질성을 확보해야합니다. 제품 브랜딩은 제품의 가시적인 속성이 브랜드에 반영되어 만족도 측정이 수월한 반면 서비스 브랜드는 대부분의 과정을 눈으로 볼 수 없기에 더 직관적인 이미지 메이킹이 필요합니다.","F",""
"1","서비스 브랜드를 이루는 구성요소에 대해 설명해 주세요.","서비스 브랜드의 구성요소에는 서비스 경험에 대한 느낌 서비스 환경, 구전 효과 등은 포함되서는 안됩니다. 위의 요소들은 정성적 요소들로 객관적인 측량이 불가능한 특징이 있기 때문입니다. 서비스 브랜드는 측정 가능한 정량적 가치가 중요합니다.","F",""
"1","서비스 브랜드를 이루는 구성요소에 대해 설명해 주세요.","성공적인 사업 확장을 위해서는 서비스 특유의 이질성을 유지하면서도 일관된 서비스 품질을 달성해야 합니다. 제품 브랜딩은 제품의 가시적인 속성이 브랜드에 반영되어 만족도 측정이 수월한 반면 서비스 브랜드는 대부분의 과정을 눈으로 볼 수 없기에 더 세심한 측정이 필요합니다.","P","서비스 브랜드가 더 세심한 측정이 필요한 이유를 설명해 주세요."
"2","지속 발전이 가능한 서비스 경험 디자인을 위한 방안에 대해 설명해 주세요.","서비스가 실행되면 사용자에게 계속해서 정보를 수집하고 피드백을 받아야 합니다. 서비스를 매일 운영하면서 향후 서비스를 업데이트하거나 개선하기 위한 요건들을 체계적으로 수집하기 위한 내부 프로세스와 추적 시스템이 필요합니다. 주요 정량 지표의 경우 매일 점검하여 주 또는 월 단위로 당시 동향과 시사점을 확인해야 합니다.","P","주요 정량지표에 대해 설명해 주세요."
"2","지속 발전이 가능한 서비스 경험 디자인을 위한 방안에 대해 설명해 주세요.","서비스를 매일 운영하면서 향후 서비스를 업데이트하거나 개선하기 위한 요건들을 체계적으로 수집하기 위한 내부 프로세스와 추적 시스템이 필요합니다. 주요 정량 지표의 경우 매일 점검하여 실시간 초단위로 기업의 모든 자원을 총동원하여 당시 동향과 시사점을 확인해야 합니다.","F",""
"2","지속 발전이 가능한 서비스 경험 디자인을 위한 방안에 대해 설명해 주세요.","서비스가 실행된 뒤 얻을 수 있는 정보로는 투자대비수익과 같은 정량 지표가 있을 수 있습니다. 사용자가 직접 요청하는 경우는 사람마다 주관적인 요소가 개입되기 때문에 모아서 정리하는 것이 불필요합니다.","F",""
"2","지속 발전이 가능한 서비스 경험 디자인을 위한 방안에 대해 설명해 주세요.","불만 요청이 많은 서비스의 경우 여러가지 상반된 불만 요청이 중첩되면서 불필요한 혼란을 가중시킵니다. 차라리 반응이 없는 서비스가 개선 및 혁신 작업에서 유리한 측면이 있습니다. 혼란보다는 서비스 제공자의 창의력이 우위에 있기 때문입니다.","F",""
"2","지속 발전이 가능한 서비스 경험 디자인을 위한 방안에 대해 설명해 주세요.","서비스가 실행된 뒤 얻을 수 있는 정보로는 투자대비수익과 같은 정량 지표와 사용자의 직접적인 요청이 있을 수 있습니다. 사용자가 직접 요청하는 경우는 서비스 개선의 직접적인 단초가 되므로 착실하게 모아서 정리해야 합니다. 불만 요청이 많은 서비스의 경우 오히려 반응이 없는 서비스보다 개선 및 혁신에 유리합니다.","P"," 불만 요청이 많은 서비스를 개선하기 위한 방안에 대해 설명해 주세요."
"2","서비스 경험 디자인의 자기 복제 플랫폼 구축에 대해 설명해 주세요.","자기복제는 하나의 기본 구조를 다양한 상황에서 복제하여 응용할 수 있다는 말입니다. 여기서 기본 구조는 플랫폼이라고 할 수 있습니다. 플랫폼이란 다양한 상품을 생산하거나 판매하기 위해 공통으로 사용하는 기본 구조 입니다. 플랫폼은 상품 거래나 응용 프로그램을 개발할 수 있는 인프라가 됩니다.","P","플랫폼의 중요성에 대해 설명해 주세요."
"2","서비스 경험 디자인의 자기 복제 플랫폼 구축에 대해 설명해 주세요.","자기복제는 여러가지 기본 구조를 동일한 상황에서 복제하여 응용할 수 있다는 말입니다. 여기서 기본 구조는 플랫폼이라고 할 수 있습니다. 플랫폼이란 하나의 상품을 생산하거나 판매하기 위해 공통으로 사용하는 기본 구조 입니다.","F",""
"2","서비스 경험 디자인의 자기 복제 플랫폼 구축에 대해 설명해 주세요.","서비스의 플랫폼화는 서비스를 구성하는 다양한 기술적 요소 일부를 외부의 조직이나 서비스가 활용할 수 없도록 폐쇄하는 것에서 시작합니다. 이후 확장 가능성 있는 네트워크를 구축하고 나서야 일부분을 개방해야 합니다.","F",""
"2","서비스 경험 디자인의 자기 복제 플랫폼 구축에 대해 설명해 주세요.","서비스의 플랫폼화를 통해 서비스 사용자, 제공자, 핵심 이해관계자들은 서로 분절되며 모두 서비스의 가치를 지속해서 증가하는데 배제됩니다. 서비스 제공자의 별다른 개입 없이는 플랫폼상에서 사용자 간의 공동 경험 및 창작이 불가능합니다.","F",""
"2","서비스 경험 디자인의 자기 복제 플랫폼 구축에 대해 설명해 주세요.","서비스의 플랫폼화는 서비스를 구성하는 다양한 기술적 요소 일부를 외부의 조직이나 서비스가 활용할 수 있도록 개방하는 것에서 시작합니다. 이후 확장 가능성 있는 네트워크를 구축하고 해당 서비스 중심의 생태계를 조성하는 것을 말합니다. 이를 두고 오픈 API 라고 합니다. ","P","오픈 API에 대해 설명해 주세요."
"2","서비스 경험 디자인의 자기 복제 플랫폼 구축에 대해 설명해 주세요.","서비스의 플랫폼화를 통해 서비스 사용자, 제공자, 핵심 이해관계자들은 서로 유기적으로 연결되며 모두 서비스의 가치를 지속해서 증가하는데 참여할 수 있습니다. 서비스 제공자의 별다른 개입 없이도 플랫폼상에서 사용자 간의 공동 경험 및 창작으로 자가 증식할 수 있는 서비스는 진정한 서비스의 진화라고 할 수 있습니다.","P","플랫폼상에서 사용자 간의 공동경험 공유가 서비스의 진화에 미치는 영향을 설명해 주세요."
"1","공공 서비스 경험 디자인에 대해 설명해 주세요.","기존 상황을 더욱 바람직한 상황으로 바꾸는 것이 디자인이라면 결국 디자인은 전보다 나은 사회를 꿈꾸고 있다고 볼 수 있습니다. 사실 공공 경험 디자인이라는 개념은 최근에 생겨난 것 입니다. 우리가 모르는 사이에도 계속해서 공공 서비스 경험 디자인은 다른 형태로 계속해서 이루어졌습니다.","P","디자인에 사회에 미치는 영향을 설명해 주세요."
"1","공공 서비스 경험 디자인에 대해 설명해 주세요.","기존 상황을 더욱 바람직한 상황으로 바꾸는 것이 디자인이라면 현실에 없는 이상을 좇고 있다고 볼 수 있습니다. 사실 공공 경험 디자인이라는 개념은 최근에 생겨난 것 입니다. 우리가 모르는 사이에 이상주의자끼리의 합이 이루어져 있었던 것입니다.","F",""
"1","공공 서비스 경험 디자인에 대해 설명해 주세요.","공공 정책 개발에 서비스 경험 디자인이 제공할 수 잇는 가치들이 있습니다. 정책 목표를 더 공동체주의 적이고 이상적인 지향점으로 삼을 수 있습니다. 하지만 효과적이고 효율적으로 달성할 수 없다는 것이 그 한계입니다.","F",""
"1","공공 서비스 경험 디자인에 대해 설명해 주세요.","서비스 경험 디자인을 통해 서비스 제공자와 수요자 간 상호 이해와 신뢰성을 높일 수 있습니다. 서비스 경험 디자인의 여러 단계는 제공자의 독자적인 권한입니다. 독립적인 활동 보장을 통해 제공자는 수요자가 원하는 사항들이 무엇인지 더욱 잘 이해할 수 있습니다.","F",""
"1","공공 서비스 경험 디자인에 대해 설명해 주세요.","공공 정책 개발에 서비스 경험 디자인이 제공할 수 잇는 가치들이 있습니다. 정책 목표를 효과적이고 효율적으로 달성할 수 있다는 것이 그 첫번째 입니다. 실제 정책 수요자들과의 공동 창작 활동을 진행하며 실제 서비스 사용자들의 요구사항에 맞는 서비스를 생성할 수 있습니다.","P","서비스 제공자와 수요자의 공동 창작의 의미를 설명해 주세요."
"1","공공 서비스 경험 디자인에 대해 설명해 주세요.","서비스 경험 디자인을 통해 서비스 제공자와 수요자 간 상호 이해와 신뢰성을 높일 수 있습니다. 서비스 경험 디자인의 여러 단계는 제공자 뿐 아니라 수요자도 함께 진행합니다. 협업 활동을 통해 제공자는 수요자가 원하는 사항들이 무엇인지 더욱 잘 이해할 수 있습니다.","P","서비스 개발 단계에 수요자가 참여하는 방안에 대해 설명해 주세요."
"1","감리에 대해 설명해 주세요.","건물을 지을 때 관계되는 사람들이 설계하고 시공하는 일을 법령이나 규정에 따라 잘 하는지 공사나 안전 혹은 품질 등을 감독하고 지도하는 것을 말합니다. 감리는 건축법에 정하는 감리가 있고 건설기술관리법에 정하는 감리가 있습니다. 이러한 일을 하는 자를 공사감리자라고 합니다.","P","건축법에서 의미하는 감리에 대해 설명해 주세요."
"1","감리에 대해 설명해 주세요.","건물을 지을 때 관계되는 사람들이 설계하고 시공하는 일에 법령이나 규정이 효과적이고 현실적인지 확인하고 법령 개정안을 제안하는 것을 말합니다. 감리는 건축법에 정하는 감리가 있고 건설기술관리법에 정하는 감리가 있습니다. 이러한 일을 하는 자를 공사감리자라고 합니다.","F",""
"1","감리에 대해 설명해 주세요.","적정한 공사 계약의 체결에 따라 공사의 시공이 계약에 합치하도록 건설사의 입장에 서서 공사 시공자를 지도하는 것을 말합니다. 감리는 공사 시공자의 선정 및 계약 방식의 결정에 선택권을 가지고 공사 시공자가 제출한 공사비 내역 명세서의 내용을 체크해서 예산에 합치도록 요청하는 역할을 합니다.","F",""
"1","감리에 대해 설명해 주세요.","감리는 노동자의 입장에서 건설공사의 실제 공사 과정과 기업의 준비 과정이 관계 법령 등의 건설공사설계기준 및 건설공사시공기준 등이 품질과 안전을 확보하여 시행될 수 있도록 제청하는 것을 말합니다.","F",""
"1","감리에 대해 설명해 주세요.","적정한 공사 계약의 체결에 따라 공사의 시공이 계약에 합치하도록 공정한 입장에 서서 공사 시공자를 지도하는 것을 말합니다. 감리는 공사 시공자의 선정 및 계약 방식의 결정에 도움을 주고 공사 시공자가 제출한 공사비 내역 명세서의 내용을 체크해서 예산에 합치도록 조정하는 역할을 합니다.","P","감리와 시공자의 관계에 대해 설명해 주세요."
"1","감리에 대해 설명해 주세요.","건축공사과정에 개재되는 감리는 설계감리, 검측감리, 시공감리, 책임감리가 있습니다. 설계감리는 건설공사의 계획·조사 또는 설계가 관계 법령 등의 건설공사설계기준 및 건설공사시공기준 등에 따라 품질과 안전을 확보하여 시행될 수 있도록 관리하는 것을 말합니다. 시공관리는 품질관리·시공관리·안전관리 등에 대한 기술지도와 검측감리를 하는 것을 말합니다. ","P","검측관리에 대해 설명해 주세요."
"1","로코코 양식에 대해 설명해 주세요.","로코코란 경복궁의 정원에 만들어진 토기와 암석을 이용한 해태 모형을 로카유라 부른 것에서 유래한 것이라 하며 해태 모양의 곡선에서 모티프를 얻기도 하였습니다. 로코코는 인조석이라는 뜻으로 이시대는 인조석을 사용한 화려한 궁을 많이 지었습니다. 가구는 흐르는 듯한 곡선을 주체로 한 구성을 보입니다. ","P","로코코 양식이 부드러운 곡선을 잘 보여주는 예제를 설명해 주세요."
"1","로코코 양식에 대해 설명해 주세요.","로코코는 바위라는 뜻으로 과거 중세 유럽은 바위를 이용한 위엄있는 궁전을 많이 지었습니다. 건물과 정원, 가구 등 대부분의 물체는 꺽어지는 직선과 직각을 주체로 한 성격의 구성을 많이 보입니다.","F",""
"1","로코코 양식에 대해 설명해 주세요.","의자는 캐브리올이라는 기하학적인 무늬을 사용하고 팔걸이에서 등받이에 이르는 사선구성 등 의자전체가 현대적인 포스트 모더니즘의 형태를 나타내었습니다. 또한 침대의 종류가 많았으며, 그외에 실내벽면을 장식하는 콘솔형 탁자, 식탁, 화장테이블, 사무용 책상, 옷장 등 상류계급의 생활수준이 높아짐에 따라 가구의 종목이 많아지게 되었습니다.","F",""
"1","로코코 양식에 대해 설명해 주세요.","로코코란 베르사유 궁전의 정원에 만들어진 조개껍질과 암석을 이용한 무덤을 로카유라 부른 것에서 유래한 것이라 하며 조개껍질 모양의 곡선에서 모티프를 얻기도 하였습니다. 로코코는 인조석이라는 뜻으로 이시대는 인조석을 사용한 화려한 궁전을 많이 지었습니다. 가구는 흐르는 듯한 곡선을 주체로 한 구성을 보입니다. ","P","모티프에 대해 설명해 주세요."
"1","로코코 양식에 대해 설명해 주세요.","의자는 캐브리올이라는 곡선각을 사용하고 팔걸이에서 등받이에 이르는 곡선구성 등 의자전체가 여체와 같이 아름다운 형태를 나타내었습니다. 또한 침대의 종류가 많았으며, 그외에 실내벽면을 장식하는 콘솔형 탁자, 식탁, 화장테이블, 사무용 책상, 옷장 등 상류계급의 생활수준이 높아짐에 따라 가구의 종목이 많아지게 되었습니다.","P","곡선각에 대해 설명해 주세요."
"1","바로크 양식에 대해 설명해 주세요.","르네상스 뒤 16세기에서 18세기 초에 걸쳐 이탈리아, 스페인, 네덜란드에서 유행하고 프랑스에서 루이 14세식으로 결실한 예술 양식입니다. 어원은 포르투갈어의 진주 세공상의 용어로 비뚤어진 진주라든가 변칙, 이상한 모양, 기묘 등의 뜻을 가졌습니다. 르네상스에 의하여 재현되고 충실된 고전미와 대립하는 것에 대한 경멸의 언어로 사용된 말입니다.","P","르네상스에 대해 설명해 주세요."
"1","바로크 양식에 대해 설명해 주세요.","르네상스 전 13세기에서 15세기 초에 걸쳐 독일, 러시아, 폴란드에서 유행하고 독일에서 비스마르크식으로 결실한 예술 양식입니다. 어원은 포르투갈어의 진주 세공상의 용어로 비뚤어진 진주라든가 변칙, 이상한 모양, 기묘 등의 뜻을 가졌습니다. 르네상스에 영향을 미치는 충실된 고전미와 대립하는 것에 대한 경외의 언어로 사용된 말입니다.","F",""
"1","바로크 양식에 대해 설명해 주세요.","정확한 원형과 규칙적인 곡선을 사용해서 명암의 효과를 살리고 전체적으로 강한 정적인 미를 이상적으로 하고 있습니다. 특징은 단정한 고전주의에 비해서 기하학적 구조에 의해서 감각에 호소하는 극적인 효과 달성에 있습니다. 이태리에서 발흥된 바로크 디자인은 독일, 오스트리아를 비롯한 유럽 전지역에서 폭넓게 수용되었습니다.","F",""
"1","바로크 양식에 대해 설명해 주세요.","바로크의 예술적 표현 양식은 양차대전 이후 20세기에서 21세기에 걸쳐 전세계의 미술, 음악, 건축에서 잘 나타나고 있습니다. 양식의 변천에 따라 바로크의 시대는 전기, 중기 그리고 후기로 나뉩니다. 예술적 경향에서 보면 후기 바로크 시대는 곧 포스트 모더니즘 시대로 넘어가는 과도기라고 볼 수 있습니다.","F",""
"1","바로크 양식에 대해 설명해 주세요.","타원형과 자유로운 곡선을 사용해서 명암의 효과를 살리고 전체적으로 강한 동적인 변화를 이상적으로 하고 있습니다. 특징은 단정한 고전주의에 대해서 복잡하고 종합적 구조에 의해서 감각에 호소하는 극적인 효과 달성에 있습니다. 이태리에서 발흥된 바로크 디자인은 독일, 오스트리아를 비롯한 유럽 전지역에서 폭넓게 수용되었습니다.","P","바로크에서 명암을 강조한 이유를 설명해 주세요."
"1","바로크 양식에 대해 설명해 주세요.","바로크의 예술적 표현 양식은 르네상스 이후 17세기에서 18세기에 걸쳐 서양의 미술, 음악, 건축에서 잘 나타나고 있습니다. 양식의 변천에 따라 바로크의 시대는 전기, 중기 그리고 후기로 나뉩니다. 예술적 경향에서 보면 후기 바로크 시대는 곧 로코코 시대로 넘어가는 과도기라고 볼 수 있습니다.","P","바로크 중기에 대해 설명해 주세요."
"2","인테리어의 적산에 대해 설명해 주세요.","적산이란 공사에 필요한 모든 경비를 계산, 누적한 것을 말합니다. 일반적으로는 시방ㆍ적산이라 하지만, 도면이나 공사 내용과 경비 계산서를 일괄하는 일을 말합니다. 공사가격이 예측계산. 공사에 소요되는 재료, 노무의 수량, 단가, 품의 수량 등을 계산하는 것 입니다. ","P","노무의 수량에 대해 설명해 주세요."
"2","인테리어의 적산에 대해 설명해 주세요.","적산이란 공사에 필요한 원료 경비를 계산, 분기별로 분할한 것을 말합니다. 일반적으로는 시방ㆍ적산이라 하지만, 도면이나 공사 내용과 경비 재무재표를 일괄하는 일을 말합니다. 공사가격의 원료를 계산하는 것을 ","F",""
"2","인테리어의 적산에 대해 설명해 주세요.","건축 공사에 있어서 설계 도서 등에서 공사비를 예측하는 작업으로 좁은 뜻으로는 금액 산출을 의미하고, 수량 산출에 중점을 둔 견적과 대비하는 경우도 있습니다. 또 건축비 계량 분석을 뜻하기도 합니다.","F",""
"2","인테리어의 적산에 대해 설명해 주세요.","건설물을 생산하는데 소요되는 비용 즉, 공사비를 산출하는 공사관리회계 계산 과정을 말합니다. 공사량과 단위단가를 구하여 공사를 하는 과정에서 그것을 관리하는 백도어에 들어가는 비용을 합산한 것을 말합니다.","F","적산과 견적을 비교해서 설명해 주세요."
"2","인테리어의 적산에 대해 설명해 주세요.","건축 공사에 있어서 설계 도서 등에서 공사비를 예측하는 작업으로 좁은 뜻으로는 수량 산출을 의미하고, 금액 산출에 중점을 둔 견적과 대비하는 경우도 있습니다. 또 건축비 예측을 뜻하기도 합니다. 넓은 의미로는 사용자재의 종별, 수량 및 품질, 소요시간등을 조사하고 각각의 단가에 자재량 및 노동량을 곱하여 건축물 등 전체의 이른바 추정공사 가격을 계산하는 일 입니다. ","P",""
"2","인테리어의 적산에 대해 설명해 주세요.","건설물을 생산하는데 소요되는 비용 즉, 공사비를 산출하는 공사원가계산 과정을 말합니다. 공사설계도면과 시방서, 현장설명서 및 시공계획에 의거하여 시공하여야 할 재료 및 품의 수량 즉, 공사량과 단위단가를 구하여 재료비, 노무비, 경비를 산출하고 여기에 기타 소요되는 비용을 가산합니다. ","P","기타 소요되는 비용에 대해 설명해 주세요."
"1","거푸집에 대해 설명해 주세요.","콘크리트 구조물을 소정의 형태 및 치수로 만들기 위하여 일시 설치하는 구조물 입니다. 기둥, 바닥, 벽 등 콘크리트를 부어 만들 모양의 틀을 짠 후 콘크리트를 부어 넣고 굳은 뒤 이 틀을 떼어내는데 이것을 거푸집이라고 합니다. 일반층에서는 콘크리트를 부어 넣은 후 4주, 지붕이나 옥상 등은 2주 후에 거푸집을 제거하는데 떼어낸 거푸집은 재사용이 가능합니다.","P","거푸집이 재사용이 가능한 이유를 설명해 주세요."
"1","거푸집에 대해 설명해 주세요.","콘크리트 구조물을 소정의 형태 및 치수로 만들기 위하여 영구적으로 설치하는 구조물 입니다. 기둥, 바닥, 벽 등 콘크리트를 부어 만들 모양의 틀을 짠 후 콘크리트를 부어 넣고 굳은 뒤 이 틀을 그대로 붙여놓는데 이것을 거푸집이라고 합니다.","F",""
"1","거푸집에 대해 설명해 주세요.","콘크리트에 직접 접하는 지지틀과 이것을 정확한 위치로 유지하는 거푸집 널의 총칭입니다. 콘크리트 부어넣기의 작업과 응결ㆍ경화에 필요한 수분의 누출을 방지하고, 외기의 영향을 방비하는 목적으로 쓰이는 가설물입니다.","F",""
"1","거푸집에 대해 설명해 주세요.","거푸집 널 두께나 보강재의 간격을 정하는 기준은 거푸집에 작용하는 철골구조의 두께인데 이것은 철골의 종류에 따라 달라집니다. 일반적으로 거푸집으로는 콘크리트 거푸집용 합판을 사용하는데 공사에 따라 경질섬유판, 합성수지, 알루미늄 패널, 강판 등을 쓰기도 합니다.","F",""
"1","거푸집에 대해 설명해 주세요.","콘크리트에 직접 접하는 거푸집 널과 이것을 정확한 위치로 유지하는 지지틀의 총칭입니다. 콘크리트 부어넣기의 작업과 응결ㆍ경화에 필요한 수분의 누출을 방지하고, 외기의 영향을 방비하는 목적으로 쓰이는 가설물이다. 콘크리트를 부어 굳히기 위한 목적으로 만든 임시 구조물 입니다.","P","임시구조물에 대해 설명해 주세요."
"1","거푸집에 대해 설명해 주세요.","거푸집 널 두께나 보강재의 간격을 정하는 기준은 거푸집에 작용하는 생콘크리트의 측압인데 이것은 콘크리트의 종류에 따라 달라집니다. 일반적으로 거푸집으로는 콘크리트 거푸집용 합판을 사용하는데 공사에 따라 경질섬유판, 합성수지, 알루미늄 패널, 강판 등을 쓰기도 합니다.","P","거푸집 널에 대해 설명해 주세요."
"1","용적률에 대해 설명해 주세요.","대지면적에 대한 연면적의 비율을 말합니다. 용적률을 산정할 때에는 지하층의 면적, 지상층의 주차용으로 쓰는 면적, 주민공동시설의 면적, 초고층 건축물의 피난안전구역의 면적은 제외합니다. 용적률은 부지면적에 대한 건축물 연면적의 비율로서, 건폐율과 함께 해당 지역의 개발밀도를 가늠하는 척도로 활용합니다.","P","건폐율에 대해 설명해 주세요."
"1","용적률에 대해 설명해 주세요.","대지면적에 대한 높이의 비율을 말합니다. 용적률을 산정할 때에는 지하층의 높이, 지상층의 높이를 계산합니다. 용적률은 부지면적에 대한 건축물 높이의 비율로서, 건폐율과 함께 해당 지역의 개발밀도를 가늠하는 척도로 활용합니다.","F",""
"1","용적률에 대해 설명해 주세요.","용적률이 높을수록 대지면적에 비해 건축물 연면적의 비율이 낮다는 뜻이며, 용적률이 높다는 것은 그 만큼 건물을 높게 지을 수 없다는 말입니다. 그러므로 용적률이 높은 토지가 낮은 대지에 비해 가격이 낮습니다. 구체적인 개별토지의 용적률은 해당 지방자치단체가 법률로 정해놓았습니다.","F",""
"1","용적률에 대해 설명해 주세요.","바닥면적이나 연면적은 그 자체로도 건축법 적용을 위한 기준으로 작용하기도 하지만, 부동산 가격의 기준이라는 중요한 의미가 있습니다. 용적률은 대지면적에 대한 연면적의 비율로 산정됩니다. 헌법에서 용적률의 최대 한도를 규정하는 것은 지상 부분 토지의 적정 이용밀도를 규정하기 위함입니다.","F",""
"1","용적률에 대해 설명해 주세요.","용적률이 높을수록 대지면적에 비해 건축물 연면적의 비율이 높다는 뜻이며, 용적률이 높다는 것은 그 만큼 건물을 높게 지을 수 있다는 말입니다. 그러므로 용적률이 높은 토지가 낮은 대지에 비해 가격이 높습니다. 구체적인 개별토지의 용적률은 해당 지방자치단체가 도시계획조례로 정해놓았습니다.","P","용적률과 건물의 관계에 대해 설명해 주세요."
"1","용적률에 대해 설명해 주세요.","바닥면적이나 연면적은 그 자체로도 건축법 적용을 위한 기준으로 작용하기도 하지만, 용적률 산정의 기준이라는 중요한 의미가 있습니다. 용적률은 대지면적에 대한 연면적의 비율로 산정됩니다. 국토계획법에서 용적률의 최대 한도를 규정하는 것은 지상 부분 토지의 적정 이용밀도를 규정하기 위함입니다.","P","용적률과 토지의 적정 이용밀도에 대해 설명해 주세요."
"2","철골 구조에 대해 설명해 주세요.","철골구조는 형강 ·강판 ·평강 등의 강재를 사용하여 이들을 리벳이나 볼트 또는 용접 등에 의해 접합하여 조립하는 구조를 말합니다. 철재로 조립한 주요골조를 철골이라 하며 철골조 ·강구조라고도 합니다. 철근콘크리트와 철골을 함께 사용하는 구조를 철골 철근 콘크리트구조라고 합니다.","P","철골 철근 콘크리트에 대해 설명해 주세요."
"2","철골 구조에 대해 설명해 주세요.","철골구조는 토기나 석재 등의 강재를 사용하여 이들을 틀맞춤에 의해 접합하여 조립하는 구조를 말합니다. 석재로 조립한 주요골조를 철골이라 하며 철골조 ·강구조라고도 합니다. 철근콘크리트와 철골을 함께 사용하는 구조를 철골 철근 콘크리트구조라고 합니다.","F",""
"2","철골 구조에 대해 설명해 주세요.","건축물의 외관로 쓰이는 구조재로 여러 가지 종류의 철강 재료를 이용하고, 리벳, 볼트 또는 용접 등의 방법으로 조립하는 구조입니다. 가벼우면서도 부식되지 않고 건축 속도가 빠르고 내구성이 좋아 최근의 고층 건물은 대부분 철골 구조를 사용합니다.","F",""
"2","철골 구조에 대해 설명해 주세요.","주요 뼈대가 철재로 구성된 구조로 여러 단면형으로 된 형강과 강판을 짜맞추어 리벳 이음, 보울트 또는 용접으로 조립되는 구조입니다. 장점으로는 아름다운 외관이 될 수 있고 장점으로는 내구력, 내진력의 부족, 실용적이지 못함, 시공이 불편한 점입니다.","F",""
"2","철골 구조에 대해 설명해 주세요.","건축물의 뼈대로 쓰이는 구조재로 여러 가지 종류의 철강 재료를 이용하고, 리벳, 볼트 또는 용접 등의 방법으로 조립하는 구조입니다. 철근 콘크리트와 함께 사용되는 것을 철골 철근 콘크리트 구조라고 합니다. 가벼우면서도 큰 하중에 견딜 수 있고 건축 속도가 빠르고 내구성이 좋아 최근의 고층 건물은 대부분 철골 구조를 사용합니다.","P","철골구조가 건축속도가 빠른 이유를 설명해 주세요."
"2","철골 구조에 대해 설명해 주세요.","주요 뼈대가 철재로 구성된 구조로 여러 단면형으로 된 형강과 강판을 짜맞추어 리벳 이음, 보울트 또는 용접으로 조립되는 구조입니다. 철골 구조는 순철골조와 철골 피복조로 나뉩니다. 장점으로는 내구력, 내진력의 우수, 실용적 강력 구조, 시공이 용이한 점입니다.","P","철골 구조가 내진력이 우수한 이유를 설명해 주세요."
"2","연귀맞춤에 대해 설명해 주세요.","주로 문얼굴의 맞춤에 쓰입니다. 액자틀처럼 모서리부분을 45도로 맞춤하는 것을 연귀맞춤이라고 하는데 트인장부를 기본으로 하여 바깥쪽 장부만을 45도로 만들어 맞추는 것이 보편적입니다. 반만 45도로 한 것을 반연귀맞춤이라고도 합니다. 반연귀맞춤은 문얼굴과 머름 어미동자 맞춤에 많이 사용합니다.","P","반연귀맞춤에 대해 설명해 주세요."
"2","연귀맞춤에 대해 설명해 주세요.","주로 문얼굴의 맞춤에 쓰입니다. 액자틀처럼 모서리부분을 직각으로로 맞춤하는 것을 연귀맞춤이라고 하는데 트인장부를 기본으로 하여 안쪽 장부만을 90도로 만들어 맞추는 것이 보편적입니다. 반만 90도로 한 것을 반연귀맞춤이라고도 합니다. ","F",""
"2","연귀맞춤에 대해 설명해 주세요.","두재의 끝맞춤에 있어서 나무 마구리가 보일 수 있도록 귀를 45도로 펼처서 맞추는 것입니다. 모서리 구석 등에 쓰이는 맞춤이고, 창호 수장재 등의 표면 마구리를 감추는데 쓰입니다. 반연귀, 턱솔연귀, 단순연귀, 안촉연귀, 바깥쪽연귀, 안팎촉연귀, 사개연귀 등이 있습니다.","F",""
"2","연귀맞춤에 대해 설명해 주세요.","울거미재나 판재를 틀짜기가 상자짜기를 할 때 끝 부분을 30도로 깎고 시작부분을 60도로 깎아 이것을 맞대어 접합하는 것을 말합니다. 실리를 중시할 경우에 사용됩니다. 모서리 부분에서의 부재 접합법의 하나로 각각의 부재 마구리가 보이지 않도록 하는 접합법으로 표면에 보이는 이음은 모서리의 2등분선이 됩니다.","F",""
"2","연귀맞춤에 대해 설명해 주세요.","두재의 끝맞춤에 있어서 나무 마구리가 보이지 않게 귀를 45도로 로 접어서 맞추는 것입니다. 모서리 구석 등에 쓰이는 맞춤이고, 창호 수장재 등의 표면 마구리를 감추는데 쓰입니다. 반연귀, 턱솔연귀, 단순연귀, 안촉연귀, 바깥쪽연귀, 안팎촉연귀, 사개연귀 등이 있습니다.","P","나무 마구리에 대해 설명해 주세요."
"2","연귀맞춤에 대해 설명해 주세요.","울거미재나 판재를 틀짜기가 상자짜기를 할 때 끝 부분을 45도로 로 깎고 이것을 맞대어 접합하는 것을 말합니다. 외관을 중시할 경우에 사용됩니다. 모서리 부분에서의 부재 접합법의 하나로 각각의 부재 마구리가 보이지 않도록 하는 접합법으로 표면에 보이는 이음은 모서리의 2등분선이 됩니다.","P","연귀맞춤에서 45도 각도를 이용하는 이유를 설명해 주세요."
"2","캔틸레버에 대해 설명해 주세요.","한쪽 끝이 고정되고 다른 끝은 받쳐지지 않은 상태로 되어 있는 보로, 외관은 경쾌하나 같은 길이의 보통 보에 비해 4배의 휨 모멘트를 받아 변형되기 쉬우므로 강도설계에 주의를 요합니다. 주로 건물의 처마끝, 현관의 차양, 발코니 등에 많이 사용됩니다. 외팔보라고도 합니다.","P","보에 대해 설명해 주세요."
"2","캔틸레버에 대해 설명해 주세요.","양쪽 끝이 고정되어 있는 상태로 되어 있는 보로, 외관은 경쾌하나 같은 길이의 보통 보에 비해 4배의 휨 모멘트를 받아 변형되기 쉬우므로 휨을 감안하고 건설합니다. 주로 건물의 처마끝, 현관의 차양, 발코니 등에 많이 사용됩니다. 외팔보라고도 합니다.","F",""
"2","캔틸레버에 대해 설명해 주세요.","외팔보의 어떤 부분에도 보의 상단은 밀어붙이고 하단은 잡아당겨지는 상태로 되어 있습니다. 이 때문에 철근 콘크리트의 외팔보에서는 보의 하단에 반드시 철근을 배치합니다. 외팔보에 생기는 힘은 보의 하단에서 위으로 향할수록 강해지기 때문에 보의 단면을 위에서 크게 하고 하단부에서는 적게 하는 경우가 많습니다.","F",""
"2","캔틸레버에 대해 설명해 주세요.","모자의 창과 같이 중심만 지지되고 가장자리는 돌출한 구조물 형식입니다. 발코니나 처마 등의 돌출부에 구조적으로 채택됩니다. 중심만 고정시키고 가장자리는 돌출시켜 그 위에 하중을 지지하도록 한 구조로 공중에 떠있는 듯한 동적인 공간 효과와 햇빛을 막거나 경쾌하게 보이기 위해 사용합니다.","F",""
"2","캔틸레버에 대해 설명해 주세요.","외팔보의 어떤 부분에도 보의 상단은 잡아당겨지고 하단은 압축을 받는 상태로 되어 있습니다. 이 때문에 철근 콘크리트의 외팔보에서는 보의 상단에 반드시 철근을 배치합니다. 외팔보에 생기는 힘은 보의 선단에서 밑으로 향할수록 강해지기 때문에 보의 단면을 밑에서 크게 하고 선단부에서는 적게 하는 경우가 많습니다.","P","상단에 철근을 배치해야 하는 이유를 설명해 주세요."
"2","캔틸레버에 대해 설명해 주세요.","모자의 채양과 같이 한쪽만 지지되고 한쪽 끝은 돌출한 구조물 형식입니다. 발코니나 처마 등의 돌출부에 구조적으로 채택됩니다. 한쪽만 고정시키고 다른 끝은 돌출시켜 그 위에 하중을 지지하도록 한 구조로 공중에 떠있는 듯한 동적인 공간 효과와 햇빛을 막거나 경쾌하게 보이기 위해 사용합니다.","P","캔틸레버가 경쾌해 보이는 이유를 설명해 주세요."
