"1","마케팅의 등장 배경에 대해 설명해 주세요.","마케팅은 19세기 후반 혹은 20세기 초반에 미국을 중심으로 탄생한 학문으로, 물리적인 시장에 현재 진행형인 동명사 ing를 붙여 만든 신조어 입니다. 마케팅은 자사의 제품이나 서비스가 경쟁사의 그것보다 소비자에게 우선적으로 선택될 수 있도록 하기 위해 행하는 모든 제반 활동들을 의미합니다.","P","마케팅과 소비자의 관계를 설명해 주세요."
"1","마케팅의 등장 배경에 대해 설명해 주세요.","가장 기본적으로 갖는 개념은 소비자의 니즈와 원츠입니다. 즉, 마케팅은 소비자의 니즈와 원츠를 파악하여 이를 충족시켜주기 위한 기업의 제반 활동을 다루고 있는 학문입니다. 기업은 자본을 동원하여 이를 상품으로 만들며, 상품을 판매하여 수익을 창출하는 여러 가지 활동을 합니다.","P","니즈와 원츠를 비교해서 설명해 주세요."
"1","마케팅의 등장 배경에 대해 설명해 주세요.","마케팅은 이러한 기업의 여러 가지 활동 중의 하나로 종종 판매와 동일한 개념으로 이해되기도 합니다. 하지만 엄밀히 구분하면 판매와 마케팅은 동일한 개념이 아니고 마케팅이 판매를 포함하는 상위 개념입니다. 판매는 판매하고자 하는 대상에 최우선적으로 초점을 맞추고 있으나, 마케팅은 고객이나 소비자의 니즈와 원츠가 무엇인지에 대해 다루고 있기 때문에 그 근본부터 다릅니다.","P","마케팅과 판매의 차이점을 설명해 주세요."
"1","마케팅의 등장 배경에 대해 설명해 주세요.","마케팅은 17세기 유럽에서 탄생한 학문으로, market에 ing를 붙여 만든 신조어 입니다. 마케팅은 자사 제품이나 서비스가 소비자에게 경쟁사보다 우선적으로 선택되도록하는 모든 과정을 의미합니다.","F",""
"1","마케팅의 등장 배경에 대해 설명해 주세요.","마케팅은 소비자의 니즈와 원츠와는 별개로, 기업이 자본을 동원하여 상품을 만들고, 그 상품을 유통단계의 도매업자에게 판매하여 최대의 수익을 창출하기 위한 방법론에만 초점을 둡니다.","F",""
"1","마케팅의 등장 배경에 대해 설명해 주세요.","마케팅은 종종 판매와 혼동되지만 이 둘은 동일한 개념이 아니며, 판매가 마케팅을 포함합니다. 판매는 제품 생산부터 판매까지의 전 과정을, 마케팅은 고객이나 소비자의 니즈와 원츠에 대해서만 다룹니다.","F",""
"1","마케팅의 정의에 대해 설명해 주세요.","마케팅은 학자에 따라 다양하게 정의되고 있으나 오늘날 가장 일반적으로 인정되고 있는 것은 미국 마케팅학회의 정의입니다. 미국 마케팅학회는 1948년에 마케팅의 정의를 다음과 같이 내렸습니다. 마케팅은 생산자로부터 소비자 또는 사용자에게로 제품 및 서비스가 흐르도록 관리하는 제반 기업 활동의 수행입니다.","P","마케팅의 관점에서 생산자와 소비자에 대해 설명해 주세요."
"1","마케팅의 정의에 대해 설명해 주세요.","마케팅은 기업의 입장에서 보면 경영자의 관리 이념 혹은 철학이 기저에 존재하게 됩니다. 이러한 관점에서 현대적 마케팅의 관리 이념을 재 정의해보면 소비자 지향성, 기업 목적 지향성, 전사적 마케팅 지향성, 그리고 사회적 책임 지향성으로 집약될 수 있습니다.","P","사회적 책임 지향성 마케팅에 대해 설명해 주세요."
"1","마케팅의 정의에 대해 설명해 주세요.","한국 마케팅학회에서 정의하는 마케팅에 대한 정의는 다음과 같습니다. 마케팅은 조직이나 개인이 자신의 목적을 달성시키는 교환을 창출하고 유지할 수 있도록 시장을 정의하고 관리하는 과정입니다. 일반적으로 마케팅은 조직과 이해관계자들에게 이익이 되도록 고객 가치를 창출하고 의사소통을 전달하며, 고객 관계를 관리하는 조직 기능이자 프로세스의 집합입니다.","P","마케팅의 이해관계자들에 대해 설명해 주세요."
"1","마케팅의 정의에 대해 설명해 주세요.","오늘날 가장 일반적으로 인정되는 마케팅에 대한 정의는 영국 마케팅학회의 정의로, 생산자로부터 소비자 또는 사용자에게로 제품 및 서비스가 흐르도록 관리하는 제반 기업 활동의 수행입니다.","F",""
"1","마케팅의 정의에 대해 설명해 주세요.","현대적 마케팅의 관리 이념은 소비자 지향성, 기업 목적 지향성, 전사적 마케팅 지향성, 그리고 사회적 책임 지향성으로 집약되며, 경영자의 관리 이념 혹은 철학과는 관련이 없습니다.","F",""
"1","마케팅의 정의에 대해 설명해 주세요.","한국 마케팅학회에서 정의하는 마케팅에 의하면, 마케팅은 조직이나 개인이 자신의 목적을 달성시키는 교환을 창출하고 유지할 수 있도록 시장을 정의하고 관리하는 과정입니다. 일반적으로 마케팅은 조직과 이해관계자들의 이익과는 관련이 없습니다.","F",""
"2","마케팅의 발전 단계에 대해 설명해 주세요.","제품에 비해 공급이 부족하여 소비자들이 제품을 구매하기 어려운 경우, 소비자들의 관심은 주로 그들이 지불할 수 있는 가격으로 그 제품을 구매하는 데 있게 됩니다. 이러한 경우의 시장 상황을 판매자 시장이라고 하는데, 기업은 생산만 하면 쉽게 판매할 수 있으므로 생산성을 높이고 생산량을 증가시키는 데 관심을 쏟게 됩니다. ","P","판매자 시장의 특징을 설명해 주세요."
"2","마케팅의 발전 단계에 대해 설명해 주세요.","생산 개념 하에서의 기업은 생산성의 향상에 주력하게 됩니다. 이에 따라 공급량이 증대되고 제품 간 차별화는 도외시 됩니다. 결과적으로 기업 간에 제품은 유사해지고 판매하기 위한 경쟁은 점차 치열해집니다. 공급이 증대됨에 따라 경쟁이 심화되면서 기업은 자사의 제품에 기능을 더하거나 개성 있는 디자인 등으로 경쟁 제품과의 차별화를 기하게 됩니다.","P","경쟁이 치열해지는 환경적 이유를 설명해 주세요."
"2","마케팅의 발전 단계에 대해 설명해 주세요.","제품 개념만으로는 시장에 대처할 수 없을 정도로 초공급과잉 시장이 되면서 기업 간의 경쟁이 한층 더 치열해짐에 따라 어떻게든 판매량을 최대화하기 위한 전략이 필요하게 되었습니다. 이 시기에 등장한 마케팅 개념이 판매 개념의 마케팅 시대입니다. 즉, 제품의 판매나 촉진 활동을 마케팅의 주개념으로 하던 시대의 마케팅 개념을 말합니다.","P","초공급과잉 시장에 대해 설명해 주세요."
"2","마케팅의 발전 단계에 대해 설명해 주세요.","제품에 비해 공급이 부족하여 소비자들이 제품을 구매하기 어려운 경우, 소비자들의 관심은 주로 그들이 지불할 수 있는 가격으로 그 제품을 구매하는 데 있게 됩니다. 이러한 경우의 시장 상황을 구매자 시장이라고 하는데, 기업은 생산만 하면 쉽게 판매할 수 있으므로 생산성을 높이고 생산량을 증가시키는 데 관심을 쏟게 됩니다. ","F",""
"2","마케팅의 발전 단계에 대해 설명해 주세요.","생산 개념 하에서의 기업은 생산성의 향상에 주력하게 됩니다. 이에 따라 공급량이 감소하고 제품 간 차별화는 도외시 됩니다. 결과적으로 기업 간 제품은 유사해지고 판매하기 위한 경쟁은 점차 치열해집니다. 공급이 증대됨에 따라 경쟁이 심화되면서 기업은 자사의 제품에 기능을 더하거나 개성 있는 디자인 등으로 경쟁 제품과의 차별화를 기하게 됩니다.","F",""
"2","마케팅의 발전 단계에 대해 설명해 주세요.","제품 개념만으로는 시장에 대처할 수 없을 정도로 초공급과잉 시장이 되면서 기업 간의 경쟁이 한층 더 치열해짐에 따라 어떻게든 수요를 늘리기 위한 전략이 필요하게 되었습니다. 이 시기에 등장한 마케팅 개념이 소비 촉진 개념의 마케팅 시대입니다. 즉, PR이나 프로모션 위주의 마케팅의 주개념으로 하던 시대의 마케팅 개념을 말합니다.","F",""
"1","마케팅의 기본적인 개념인 니즈, 원츠, 제품에 대해 설명해 주세요.","마케팅에서 다루는 니즈는 근본적 욕구인 니즈와 구체적 욕구인 원츠로 구분합니다. 근본적 니즈는 음식, 의복, 가옥, 존경, 안전, 편안함 등 본원적인 욕구를 말합니다. 구체적 욕구는 근본적 니즈를 실현시킬 수 있는 수단에 대한 욕구입니다. 예를 들면 배고픔은 근본적 니즈이고 배고픔을 해소하기 위해 원하는 다양한 음식의 종류는 구체적 욕구를 의미합니다.","P","마케팅에서 니즈 파악이 중요한 이유를 설명해 주세요."
"1","마케팅의 기본적인 개념인 니즈, 원츠, 제품에 대해 설명해 주세요.","원츠는 니즈를 충족시키기 위해 구체적으로 원하는 어떤 것을 말합니다. 예를 들면 배가 고플 때 이를 해소하기 위해 식사를 하고자 하는 욕구를 의미하는 것입니다. 이 때, 식사를 무엇으로 할 것인가가 마케터가 알고자 하는 것입니다. 배고픔이라는 니즈를 충족시키는 수단으로 다양한 원츠가 존재하기 때문에 마케터는 소비자가 다양한 원츠 중 어떤 것을 원하는지를 파악해야 합니다.","P","마케터가 고객의 욕구를 파악하는 방안에 대해 설명해 주세요."
"1","마케팅의 기본적인 개념인 니즈, 원츠, 제품에 대해 설명해 주세요.","사람들은 제품을 소비·사용함으로써 자신들의 욕구를 충족시킵니다. 이때의 제품에는 물리적 형태를 가진 유형의 제품부터 무형의 서비스까지 포함됩니다. 마케터는 소비자가 어떤 것을 원하는지를 파악하여 이를 어떻게 효율적으로 제공함으로써 소비자의 만족을 높일 수 있을 것인가에 대해 연구합니다.","P","소비자의 만족도 향상 방안에 대해 설명해 주세요."
"1","마케팅의 기본적인 개념인 니즈, 원츠, 제품에 대해 설명해 주세요.","마케팅에서 다루는 니즈는 근본적 욕구인 원츠와 구체적 욕구인 니즈로 구분합니다. 근본적 원츠는 음식, 의복, 가옥, 존경, 안전, 편안함 등 본원적인 욕구를 말합니다. 구체적 니즈는 근본적 원츠를 실현시킬 수 있는 수단에 대한 욕구입니다. ","F",""
"1","마케팅의 기본적인 개념인 니즈, 원츠, 제품에 대해 설명해 주세요.","니즈는 원츠를 충족시키기 위해 구체적으로 원하는 어떤 것을 말합니다. 예를 들어 배고픔이라는 원츠를 충족시키는 수단으로 다양한 니즈가 존재하기 때문에 마케터는 소비자가 다양한 니즈 중 어떤 것을 원하는지를 파악해야 합니다.","F",""
"1","마케팅의 기본적인 개념인 니즈, 원츠, 제품에 대해 설명해 주세요.","사람들은 제품을 소비·사용함으로써 자신들의 욕구를 충족시킵니다. 이때 제품이란 물리적 형태를 가진 유형의 제품만 의미합니다. 마케터는 소비자가 어떤 것을 원하는지를 파악하여 이를 어떻게 효율적으로 제공함으로써 소비자의 만족을 높일 수 있을 것인가에 대해 연구합니다.","F",""
"1","마케팅의 4P중 제품에 대해 설명해 주세요.","제품이란 시장이나 소비자의 욕구를 충족시킬 수 있기 때문에 주의, 획득, 사용 혹은 소비해야 할 대상물로 정의됩니다. 제품은 형태에 따라 형태가 있는 유형적 제품과 서비스 등과 같이 형태가 없는 무형적 제품으로 분류됩니다. 또한 사용처 혹은 누가 사용하느냐에 따라 소비자가 사용하는 소비재와 회사가 사용하는 산업재로 구분됩니다.","P","산업재의 종류를 설명해 주세요."
"1","마케팅의 4P중 제품에 대해 설명해 주세요.","소비재는 편의품과 선매품, 전문품으로 구분합니다. 편의품은 음료수, 비누, 사탕, 햄버거 등 일상적인 각종 잡화로 고객이 필요할 때 언제든지 구입이 가능한 제품적 특성을 가지고 있습니다. 선매품이란 비교적 가끔 구매되는 제품으로 고객이 제품을 구매할 때 편의품 보다는 조금 더 노력을 기울여서 구매하는 제품을 말합니다.","P","전문품의 종류를 설명해 주세요."
"1","마케팅의 4P중 제품에 대해 설명해 주세요.","제품은 소비재와 산업재로 나뉩니다. 소비재중 전문품이란 많은 고민과 노력을 기울여 구매하는 제품으로 고가의 디지털 카메라나 자동차 등 내구성이 높은 제품을 의미합니다. 산업재는 흔히 산업용품으로 사용되는 제품으로 크게 원자재와 부품과 자본재, 소모용품과 비즈니스 서비스로 구분합니다.","P","원자재의 특징을 설명해 주세요."
"1","마케팅의 4P중 제품에 대해 설명해 주세요.","제품이란 욕구를 충족시키는 수단입니다. 형태가 있는 무형적 제품과 형태가 없는 유형적 제품으로 분류되거나, 사용자에 따라 소비자가 사용하는 소비재와 회사가 사용하는 산업재로 구분됩니다.","F",""
"1","마케팅의 4P중 제품에 대해 설명해 주세요.","소비재는 선매품과 편의품으로 구분합니다. 선매품은 일상적인 각종 잡화로 필요할 때 언제든 구입 가능합니다. 편의품이란 비교적 가끔 구매되는 제품으로 선매품보다보다 더 노력을 기울여 구매되는 제품입니다.","F",""
"1","마케팅의 4P중 제품에 대해 설명해 주세요.","제품은 소비재와 산업재로 나뉩니다. 산업재는 일상 생활에서 쓰이는 제품을, 소비재는 산업용품으로 사용되는 제품으로 크게 원자재와 부품과 자본재, 소모용품과 비즈니스 서비스로 구분합니다.","F",""
"2","산업재 마케팅에 대해 설명해 주세요.","일반 개인 소비자가 아닌 조직 구매자들 예를 들어 제조업자, 유통업자, 정부기관, 사회단체 등을 대상으로 하는 모든 마케팅 활동을 뜻하는 말입니다. 이러한 산업마케팅의 무대인 산업재 시장에서 거래되는 제품이나 서비스를 일반 소비재와 구별하여 산업재라 부릅니다.","P","제조업자에 대해 설명해 주세요."
"2","산업재 마케팅에 대해 설명해 주세요.","산업재 마케팅의 가장 대표적인 주체는 제품 제조업자와 원료 및 부품 공급업자이며, 일반적으로 전체 산업재 시장의 규모는 많은 국가의 경우 소비재 시장의 규모를 능가하는 경우가 많을 정도로 그 중요성을 더해가고 있습니다. 산업재 마케팅이 소비재 마케팅에 비해 수월한 것이 아닌가 하는 편견을 가지고 있는 경우가 많습니다.","P","산업재 마케팅과 소비재 마케팅을 비교해서 설명해 주세요."
"2","산업재 마케팅에 대해 설명해 주세요.","산업재 마케팅의 경우 광고 등의 중요성은 다소 떨어지나 구매자가 전문가일 가능성이 많으므로 대인설득력 등 또 다른 측면에서 어려운 점이 많습니다. 따라서 이에 따른 적절한 대응이 필요하며, 이러한 이유로 마케팅의 경우 소비재인가 산업재인가의 구분은 대단히 중요합니다.","P","전문가를 상대로 하는 마케팅에 대해 설명해 주세요."
"2","산업재 마케팅에 대해 설명해 주세요.","일반 개인 소비자가 아닌 제조와 유통단계에 속하는 구매자들, 즉 제조업자와 유통업자를 대상으로 하는 마케팅 활동을 뜻하는 말입니다. 이러한 산업마케팅의 무대인 산업재 시장에서 거래되는 제품이나 서비스를 일반 소비재와 구별하여 산업재라 부릅니다.","F",""
"2","산업재 마케팅에 대해 설명해 주세요.","산업재 마케팅의 가장 대표적인 주체는 제품 제조업자와 원료 및 부품 공급업자이지만, 일반적으로 전체 산업재 시장의 규모는 많은 국가의 경우 소비재 시장의 규모보다 현저히 작아 그 중요성은 미미합니다. 하여 산업재 마케팅이 소비재 마케팅에 비해 수월한 것이 아닌가 하는 편견을 가지고 있는 경우가 많습니다.","F",""
"2","산업재 마케팅에 대해 설명해 주세요.","산업재 마케팅의 경우 구매자가 전문가일 가능성이 많으므로 대인설득력을 중요하게 고려하여야합니다. 따라서 이에 따른 적절한 대응이 필요하며, 이러한 이유로 대외적 PR과 광고가 산업재 마케팅의 가장 중요한 부분입니다.","F",""
"1","마케팅의 4P중 가격에 대해 설명해 주세요.","기업이 특정 제품이나 서비스의 가격을 결정하기 위해서는 제품의 원가나 고객이 인식하고 있는 제품이나 서비스의 가격수준을 고려하여 가격을 결정해야 합니다. 단순히 기업이 얻고자 하는 최대 이익만을 고려하여 가격을 결정하면 시장에서의 실패를 초래할 확률이 커지게 됩니다.","P","원가와 가격의 관계를 설명해 주세요."
"1","마케팅의 4P중 가격에 대해 설명해 주세요.","가격은 본질적으로 어떤 한 재화가 다른 재화와 교환되는 비율이라고 정의할 수 있습니다. 가격 결정은 크게 비용 지향적 방법과 경쟁 지향적 방법, 수요 지향적 방법의 3가지로 구분됩니다. 비용 지향적 방법은 원가 가산법, 목표 수익률법, 손익분기 분석법으로 나누어집니다. 경쟁 지향적 방법은 경쟁자의 가격기준과 비교하여 결정하는 방법입니다.","P","수요 지향적 방법에 대해 설명해 주세요."
"1","마케팅의 4P중 가격에 대해 설명해 주세요.","수요 지향적 방법은 소비자의 반응을 우선적으로 고려하는 방법으로 지각된 가치를 기준으로 결정하는 방법과 가격 계열화 방법이 있습니다. 예를 들면 라면은 500원이라는 지각에 기초해 신제품을 출시할 때 500원으로 가격을 결정하는 것은 전자의 방법입니다. 그리고 가격 계열화 방법이란 한 제품의 여러 가지 기능을 다르게 하여 가격을 다르게 받는 방법입니다.","P","가격 계열화 방법에 대해 설명해 주세요."
"1","마케팅의 4P중 가격에 대해 설명해 주세요.","기업이 특정 제품이나 서비스의 가격을 결정하기 위해서는 제품의 원가나 고객이 제품 및 서비스에 대해 인식하고 있는 가격 수준을 고려하여야 하지만, 기업이 얻고자 하는 최대 이익을 최우선적으로 고려하여야 합니다. ","F",""
"1","마케팅의 4P중 가격에 대해 설명해 주세요.","가격은 본질적으로 어떤 한 재화가 다른 재화와 교환되는 비율이라고 정의할 수 있습니다. 가격 결정 방법에는 비용 지향적 방법과 경쟁 지향적 방법 2가지가 있습니다. 비용 지향적 방법은 원가 가산법, 목표 수익률법, 손익분기 분석법으로 나누어지며, 경쟁 지향적 방법은 경쟁자의 가격기준과 비교하여 결정하는 방법입니다.","F",""
"1","마케팅의 4P중 가격에 대해 설명해 주세요.","가격 결정에 있어 소비자의 반응을 우선적으로 고려하는 방법으로 지각된 가치를 기준으로 결정하는 방법과 가격 계열화 방법이 있습니다. 예를 들면 라면은 500원이라는 지각에 기초해 신제품을 출시할 때 500원으로 가격을 결정하는 것은 전자의 방법입니다. 그리고 가격 계열화 방법이란 한 제품을 여러가지 디자인으로 출시하여 가격을 다르게 받는 방법입니다.","F",""
"2","시장가격에 대해 설명해 주세요.","시장은 소비자와 판매자 간에 재화나 서비스가 거래되면서 가격이 결정되는 장소입니다. 재화와 서비스에 대한 시장가격은 수요와 공급의 관계에 따라 결정됩니다. 수요란 소비자가 어떤 가격으로 재화나 서비스를 구매하고자 하는 욕구로, 일정한 가격에서 구매하고자 하는 상품의 양은 수요량이라 합니다.","P","수요와 공급이 시장에 미치는 영향을 설명해 주세요."
"2","시장가격에 대해 설명해 주세요.","시장에서 소비자와 판매자는 모두 자신의 이익을 극대화하는 방향으로 움직입니다. 만약 시장에서 수요가 공급보다 많은 상황이면 판매자는 상품의 가격을 올리더라도 수요가 있을 것으로 판단하고 상품 가격을 올립니다. 반대로 공급이 수요보다 많은 상황이면 판매자는 가격을 내려서라도 상품을 팔고자 하기 때문에 가격이 내려갑니다.","P","수요와 가격의 관계를 설명해 주세요."
"2","시장가격에 대해 설명해 주세요.","수요와 공급 간의 관계에 변화가 생김에 따라 그때그때 시장에서 실제로 형성되는 상품의 가격을 시장가격이라고 합니다. 시장가격은 재화와 서비스에 대하여 시장에서 소비자가 원하는 수요량과 판매자가 원하는 공급량이 일치하여 균형을 이루는 지점이라는 측면에서 균형가격이라고도 합니다.","P","균형가격에 대해 설명해 주세요."
"2","시장가격에 대해 설명해 주세요.","시장가격이란 시장에서 공급자가 재화와 서비스에 대해 지불 받고자하는 가격을 의미합니다. 이와 반대되는 개념으로, 균형가격이란 소비자와 공급자가 각각 원하는 가격이 균형을 이루는 일치점을 의미합니다.","F",""
"2","시장가격에 대해 설명해 주세요.","시장에서 소비자와 판매자는 모두 자신의 이익을 극대화하는 방향으로 움직입니다. 만약 시장에서 공급이 수요보다 많은 상황이면 판매자는 상품의 가격을 올리더라도 수요가 있을 것으로 판단하고 상품 가격을 올립니다. 반대로 수요가 공급보다 많은 상황이면 판매자는 가격을 내려서라도 상품을 팔고자 하기 때문에 가격이 내려갑니다.","F",""
"2","시장가격에 대해 설명해 주세요.","수요와 공급 간의 관계에 변화가 생김에 따라 그때그때 시장에서 실제로 형성되는 상품의 가격을 시장가격이라고 합니다. 시장가격은 재화와 서비스에 대하여 시장에서 소비자가 원하는 수요량과 판매자가 원하는 공급량이 일치하는 지점이라는 측면에서 일치가격이라고도 합니다.","F",""
"1","원가에 대해 설명해 주세요.","어떠한 목적으로 소비된 경제가치를 화폐액으로 표시한 것입니다. 재료비·노무비·경비로 구성되며, 이를 원가의 3요소라고 합니다. 그것은 다시 각 제품에 직접 부과할 수 있는 직접비와 여러 제품의 생산에 대하여 공통으로 쓰이는 간접비로 세분됩니다. 직접비에 제조에 소요된 간접비를 포함한 것을 제조원가라고 합니다.","P","간접비의 종류를 설명해 주세요."
"1","원가에 대해 설명해 주세요.","일반적인 상품은 제조원가에 관리비용과 판매비용을 더하여 총원가라고 합니다. 원가의 측정 기준과 내용은 산출목적에 따라 여러 가지로 나누어지는데, 공통되는 것은 급부단위마다 각 가치희생을 집약하여 인식한다는 점입니다. 원가 중에는 보통 이상적인 원인에서 초래된 것은 포함하지 않습니다.","P","제조원가에 대해 설명해 주세요."
"1","원가에 대해 설명해 주세요.","재무회계를 목적으로 하는 경우, 원가는 취득원가기준, 즉 급부의 조달시점에서의 지급대가로 측정됩니다. 원가계산 및 손익계산상 쓰이는 주요한 원가개념으로는 매입원가·제조원가·매출원가, 그리고 제품원가·기간원가와 관리회계에서 주로 쓰이는 실제원가·표준원가 등이 있습니다.","P","손익계산상 사용하는 원가에 대해 설명해 주세요."
"1","원가에 대해 설명해 주세요.","어떠한 목적으로 소비된 경제가치를 화폐액으로 표시한 것입니다. 재료비와 노무비로 구성되며, 이를 원가의 2요소라고 합니다. 그것은 다시 각 제품에 직접 부과할 수 있는 직접비와 여러 제품의 생산에 대하여 공통으로 쓰이는 간접비로 세분됩니다. 직접비에 제조에 소요된 간접비를 포함한 것을 제조원가라고 합니다.","F",""
"1","원가에 대해 설명해 주세요.","일반적인 상품은 제조원가에 판매비용을 더하여 총원가라고 합니다. 원가의 측정 기준과 내용은 산출목적에 따라 여러 가지로 나누어지는데, 공통되는 것은 급부단위마다 각 가치희생을 집약하여 인식한다는 점입니다. 원가 중에는 보통 이상적인 원인에서 초래된 것은 포함하지 않습니다.","F",""
"1","원가에 대해 설명해 주세요.","재무회계를 목적으로 하는 경우, 원가는 취득원가기준, 즉 급부의 조달시점에서의 지급대가로 측정됩니다. 원가계산 및 손익계산상 쓰이는 주요한 원가개념으로는 실제원가·표준원가, 그리고 제품원가·기간원가와 관리회계에서 주로 쓰이는  매입원가·제조원가·매출원가 등이 있습니다.","F",""
"1","마케팅의 4P중 유통의 개념에 대해 설명해 주세요.","유통은 마케팅 활동의 일환으로 자사의 제품이나 서비스를 어떤 유통경로를 통해 표적 시장이나 고객에게 제공할 것인가를 결정하고 새로운 시장기회와 고객 가치를 창출하는 일련의 활동입니다. 또한 유통은 생산과 소비를 잇는 경제활동으로 공급업체로부터 최종 소비자로 이어지는 하나의 유통시스템은 새로운 가치와 소비를 창출하는 토대가 됩니다.","P","표적시장에 대해 설명해 주세요."
"1","마케팅의 4P중 유통의 개념에 대해 설명해 주세요.","기업의 유통 활동은 상품이나 서비스가 생산자나 서비스 제공자로부터 최종 고객에게 이르는 과정에 개입되는 다양한 조직들 사이의 거래 관계를 설계하고 운영하며, 그것을 통해 협상, 주문, 촉진, 물적 흐름, 금융, 대금 결제 등과 같은 유통 기능의 흐름을 촉진시키는 활동을 의미합니다.","P","유통 과정 중 대금결제에 대해 설명해 주세요."
"1","마케팅의 4P중 유통의 개념에 대해 설명해 주세요.","기업 경영에 있어 장기적인 유통 관리의 성공 여부는 상품이 생산자 혹은 공급자로부터 최종 고객에게로 원활히 흐르도록 하는 경로 구성원들, 즉 제조, 도매, 소매, 물류 기관 및 거래 조성 기관들이 유통 기능을 어떻게 효과적이며 효율적으로 수행하느냐에 달려 있습니다.","P","도매와 소매의 관계를 설명해 주세요."
"1","마케팅의 4P중 유통의 개념에 대해 설명해 주세요.","유통은 마케팅 활동과는 별개로 자사의 제품이나 서비스를 어떤 유통경로를 통해 표적 시장이나 고객에게 제공할 것인가를 결정하고 새로운 시장기회와 고객 가치를 창출하는 일련의 활동입니다. 또한 유통은 생산과 소비를 잇는 경제활동으로 공급업체로부터 최종 소비자로 이어지는 하나의 유통시스템은 새로운 가치와 소비를 창출하는 토대가 됩니다.","F",""
"1","마케팅의 4P중 유통의 개념에 대해 설명해 주세요.","기업의 유통 활동은 상품이나 서비스가 생산자나 서비스 제공자로부터 최종 소비자에게 이르기 전까지의 중간 단계에 개입되는 다양한 조직들 사이의 거래 관계를 설계하고 운영하며, 그것을 통해 협상, 주문, 촉진, 물적 흐름, 금융, 대금 결제 등과 같은 유통 기능의 흐름을 촉진시키는 활동을 의미합니다.","F",""
"1","마케팅의 4P중 유통의 개념에 대해 설명해 주세요.","기업 경영에 있어 장기적인 유통 관리의 성공 여부는 상품이 생산자 혹은 공급자로부터 최종 고객에게로 원활히 흐르도록 하는 경로 구성원들이 유통 기능을 어떻게 효과적이며 효율적으로 수행하느냐보다는 유통 단계에서의 마진 최소화에 달려있습니다.","F",""
"2","유통경로의 기능에 대해 설명해 주세요.","교환 과정의 촉진이 있습니다. 중간상의 개입으로 교환 과정을 보다 단순화시킬 수 있으므로 보다 많은 거래를 효율적으로 이루어낼 수 있는 기능입니다. 제조업자가 소수의 제품라인을 대량생산하고 소비자는 소수의 다양한 제품을 구매할 시 양자의 욕구 차이에서 발생하는 제품 구색과 생산 및 구매량 간의 불일치를 유통경로가 완화시켜주는 기능입니다.","P","대량생산이 유통에 미친 영향을 설명해 주세요."
"2","유통경로의 기능에 대해 설명해 주세요.","소비자와 제조업자를 연결해 줍니다. 제조업자는 중간상 이용을 통해 적은 비용으로 더 많은 잠재 고객에 도달할 수 있고, 소비자들의 탐색비용도 절약시켜 주는 기능을 합니다. 유통경로가 제조업자를 대신하여 소비자에게 애프터서비스의 제공과 제품의 배달, 설치, 사용방법 교육 등의 서비스를 제공하는 기능 등이 있습니다.","P","유통경로가 제공하는 애프터서비스에 대해 설명해 주세요."
"2","유통경로의 기능에 대해 설명해 주세요.","교환 과정의 촉진이 있습니다. 중간상의 개입으로 교환 과정을 보다 다양화시킬 수 있으므로 보다 많은 거래를 효율적으로 이루어낼 수 있는 기능입니다. 제조업자가 소수의 제품라인을 대량생산하고 소비자는 소수의 다양한 제품을 구매할 시 양자의 욕구 차이에서 발생하는 제품 구색과 생산 및 구매량 간의 불일치를 유통경로가 완화시켜주는 기능입니다.","F",""
"2","유통경로의 기능에 대해 설명해 주세요.","소비자와 제조업자를 분리해 줍니다. 제조업자는 중간상을 통해 적은 비용으로 더 많은 잠재 고객에 도달할 수 있고, 소비자들의 탐색비용도 절약시켜 주는 기능을 합니다. 유통경로가 제조업자를 대신하여 소비자에게 애프터서비스의 제공과 제품의 배달, 설치, 사용방법 교육 등의 서비스를 제공하는 기능 등이 있습니다.","F",""
"1","유통채널의 진화 과정을 설명해 주세요.","제조업체와 소매업체 모두 소규모 형태이고 특정 시장 안에서 차지하고 있는 업체별 점유율도 매우 낮은 수준의 시장입니다. 제조업체 우위 단계가 있습니다. 특히 소비재시장의 경우에 미국 등 선진국 시장에서는 1960년대 초까지, 한국의 경우는 1980년대 후반까지의 시장을 말합니다.","P","소비재시장의 특성을 설명해 주세요."
"1","유통채널의 진화 과정을 설명해 주세요.","소매업체 성장과 제조업체 국제화가 동시에 또는 연이어 나타나는 단계가 있습니다. 제조업의 국제화가 진전됨에 따라 각 시장의 소매업체들도 연합하여 제조업체의 세력과 균형을 이루게 되면서 소매업체가 국제화되는 단계, 즉마트의 성장, 카테고리킬러의 성장 등이 있습니다.","P","카테고리킬러에 대해 설명해 주세요."
"1","유통채널의 진화 과정을 설명해 주세요.","한국의 유통업은 제조업의 산업화가 먼저 이루어지고 나서 유통업의 산업화가 시작되었습니다. 1990년대에 들어서 한국의 유통부문은 대규모 자본이 유통업에 대거 투입됨에 따라 유통의 산업화가 빠르게 나타났습니다. 한국 유통 산업의 초기에는 대부분의 소매점이 소규모 자영 단독 점포로서 저소득, 미숙련 고용자가 대다수였습니다.","P","유통의 산업화에 대해 설명해 주세요."
"1","유통채널의 진화 과정을 설명해 주세요.","제조업체와 소매업체 모두 대규모 형태이고 특정 시장 안에서 차지하고 있는 업체별 점유율도 매우 높은 수준의 시장입니다. 제조업체 우위 단계가 있습니다. 특히 소비재시장의 경우에 미국 등 선진국 시장에서는 1960년대 초까지, 한국의 경우는 1980년대 후반까지의 시장을 말합니다.","F",""
"1","유통채널의 진화 과정을 설명해 주세요.","소매업체의 성장과 제조업체 국제화는 항상 순차적으로 이루어집니다. 소매업체가 먼저 성장함에 따라 각 시장의 제조업체들도 연합하여 소매업체의 세력과 균형을 이루게 되면서 소매업체가 국제화되는 단계, 즉마트의 성장, 카테고리킬러의 성장 등이 있습니다.","F",""
"1","유통채널의 진화 과정을 설명해 주세요.","한국의 유통업은 유통업의 산업화가 먼저 이루어지고 나서 제조화의 산업화가 시작되었습니다. 1980년대에 들어서 한국의 유통부문은 대규모 자본이 유통업에 대거 투입됨에 따라 유통의 산업화가 빠르게 나타났습니다. 한국 유통 산업의 초기에는 대부분의 소매점이 소규모 자영 단독 점포로서 저소득, 미숙련 고용자가 대다수였습니다.","F",""
"2","현대의 유통 산업 변화에 대해 설명해 주세요. ","하이퍼마켓과 슈퍼센터, 카테고리킬러 등 파워 소매상을 중심으로 인수·합병이 활발히 이루어지고 있으며, 이들의 강력한 교섭력은 재래시장과 중소 소매상은 물론 제조업체까지 크게 위협하고 있습니다. 특히 최근에는 파워 소매상의 중소형 슈퍼마켓 체인인 슈퍼슈퍼마켓이 골목상권에 진출하면서 중소상인의 반발을 가져오고 사회·정치적으로 큰 파장을 일으키기도 하였습니다.","P","하이퍼 마켓에 대해 설명해 주세요."
"2","현대의 유통 산업 변화에 대해 설명해 주세요. ","유통환경의 변화는 기업에게 디지로그 혹은 하이테크와 하이터치의 양면성을 지닐 것을 요구하고 있습니다. 최근 들어 효과적인 유통 관리를 하는 데 그 중요성이 부각되는 RFID, 온라인/오프라인 유통 관리, 유통업체 브랜드, SSM과 같은 새로운 유통업태 등 유통 산업의 새로운 흐름을 이해하는 것이 중요합니다.","P","RFID에 대해 설명해 주세요."
"2","현대의 유통 산업 변화에 대해 설명해 주세요. ","현실적으로 SCM, ECR, ERP, CRM 등 다양한 정보기술은 점포 운영에서부터 고객과의 상호작용에 이르기까지 모든 가치사슬 활동을 고도화하고 있으며 이를 통해 새로운 부가가치를 창출하고 있습니다. 뿐만 아니라 미래의 유통은 제품의 생산·마케팅·서비스 활동을 통합적으로 관리할 수 있는 기업이 경쟁력 우위를 차지할 것입니다.","P","ECR에 대해 설명해 주세요."
"2","현대의 유통 산업 변화에 대해 설명해 주세요. ","하이퍼마켓과 슈퍼센터, 카테고리킬러 등 파워 소매상을 중심으로 인수·합병이 활발히 이루어지고 있어 재래시장과 중소 소매상을 크게 위협하고 있지만, 그 영향력이 아직 제조업체까지 미치지는 못했습니다. 특히 최근에는 파워 소매상의 중소형 슈퍼마켓 체인인 슈퍼슈퍼마켓이 골목상권에 진출하면서 중소상인의 반발을 가져오고 사회·정치적으로 큰 파장을 일으키기도 하였습니다.","F",""
"2","현대의 유통 산업 변화에 대해 설명해 주세요. ","유통환경의 변화는 기업에게 점점 더 인간성, 감성보다는 기술적 발전에만 초점을 두어 하이테크로 발전할 것을 요구하고 있습니다. 최근 들어 효과적인 유통 관리를 하는 데 그 중요성이 부각되는 RFID, 온라인/오프라인 유통 관리, 유통업체 브랜드, SSM과 같은 새로운 유통업태 등 유통 산업의 새로운 흐름을 이해하는 것이 중요합니다.","F",""
"2","현대의 유통 산업 변화에 대해 설명해 주세요. ","현실적으로 SCM, ECR, ERP, CRM 등 다양한 정보기술은 점포 운영 단계의 활동을 고도화하고 있으며 이를 통해 새로운 부가가치를 창출하고 있습니다. 하여 미래의 유통은 제품의 생산 및 유통 활동에만 집중하여 해당 단계를 효율적으로 관리하는 기업이 경쟁력에서 우위를 차지할 것입니다.","F",""
"1","유통 관리를 접근 시각별로 나누어 설명해 주세요.","고객 지향적 접근은 먼저 최종 고객이 원하는 구매 서비스가 무엇인지를 고객의 관점에서 이해하는 것에서 출발합니다. 그 다음으로 구매 욕구를 충족시킬 수 있는 소매상을 선정합니다. 무엇보다 유통은 흐름의 관리라는 점을 명확히 인식하고, 그 흐름의 시작도 끝도 고객이라는 것을 명심해야 합니다.","P","고객의 관점을 이해하기 위한 방안을 설명해 주세요."
"1","유통 관리를 접근 시각별로 나누어 설명해 주세요.","유통서비스에 있어 고객이 느끼는 가치는 고객이 실제 거래 시 받는 경제적, 사회적, 심리적 혜택과 그에 대해 지불하는 경제적, 사회적, 심리적 비용의 차이로 나타나기 때문에 고객 가치 극대화와 가치 창출을 위해 끊임없이 노력해야 합니다. 원점 접근은 고객 지향적 접근 사고를 바탕으로 한 전략 수립과 의사결정의 기초로써 고객의 욕구 및 가치 제고의 차원에서 우선적으로 접근하는 것입니다.","P","고객이 받는 사회적 혜택에 대해 설명해 주세요."
"1","유통 관리를 접근 시각별로 나누어 설명해 주세요.","유통 관리는 각 경로 구성원이 시스템 전체의 유통 목표를 명확히 인식하고 각자의 부가가치를 극대화시키기 위해 노력할 때 효율성과 효과성이 최고조에 이릅니다. 시스템적 접근은 과거 수직적 차원의 통합 형태에서 가치 창출을 극대화시키기 위한 수평적 통합 형태인 공생적 마케팅 및 유통 관리의 개념을 도입한 것입니다.","P","수평적 통합 형태의 특징을 설명해 주세요."
"1","유통 관리를 접근 시각별로 나누어 설명해 주세요.","고객 지향적 접근은 먼저 최종 고객이 원하는 구매 서비스가 무엇인지를 공급자의 관점에서 이해하는 것에서 출발합니다. 그 다음으로 구매 욕구를 충족시킬 수 있는 소매상을 선정합니다. 무엇보다 유통은 흐름의 관리라는 점을 명확히 인식하고, 그 흐름의 시작도 끝도 고객이라는 것을 명심해야 합니다.","F",""
"1","유통 관리를 접근 시각별로 나누어 설명해 주세요.","유통서비스에 있어 고객이 느끼는 가치는 고객이 실제 거래 시 받는 경제적, 사회적, 심리적 혜택과 그에 대해 지불하는 경제적, 사회적, 심리적 비용의 합으로 나타나기 때문에 고객 가치 극대화와 가치 창출을 위해 끊임없이 노력해야 합니다. 원점 접근은 고객 지향적 접근 사고를 바탕으로 한 전략 수립과 의사결정의 기초로써 고객의 욕구 및 가치 제고의 차원에서 우선적으로 접근하는 것입니다.","F",""
"1","유통 관리를 접근 시각별로 나누어 설명해 주세요.","유통 관리는 각 경로 구성원이 시스템 전체의 유통 목표를 명확히 인식하고 각자의 부가가치를 극대화시키기 위해 노력할 때 효율성과 효과성이 최고조에 이릅니다. 시스템적 접근은 과거 수평적 차원의 통합 형태에서 가치 창출을 극대화시키기 위한 수직적 통합 형태인 공생적 마케팅 및 유통 관리의 개념을 도입한 것입니다.","F",""
"1","Private Brand 에 대해 설명해 주세요.","유통업체가 제조사와 공동 기획하고 개발해서 자사 점포에만 출시하는 상품으로 NPB 또는 PL이라고도 합니다. 선진국에서는 일반화된 방식으로 영국의 막스앤스펜서의 경우 자체 브랜드 비중이 100퍼센트입니다. 2004년 11월 불황으로 라면 판매가 줄어들자 편의점들이 직접 라면제품 개발에 나서 가격을 낮춘 컵라면을 PB로 선보인 바 있습니다.","P","막스앤스펜서의 자체 브랜드에 대해 설명해 주세요."
"1","Private Brand 에 대해 설명해 주세요.","소매업의 대규모화가 진행되어 판매력이 강화된 소매업자, 시장 지배력을 강화해 가려고 하는 과점적 대규모 제조업자에 대항하기 위해, 자신의 상표를 만들어 사용한 데서 비롯된 것입니다. 현대는 제조업자와의 대항보다는 경쟁이 격화되고 있는 소매업자 사이에 상품 차별화와 자주적인 MD력 제고를 목적으로 PB의 개발 및 통합 관리를 강력히 추진하고 있습니다.","P","PB의 상품 차별화 전략에 대해 설명해 주세요."
"1","Private Brand 에 대해 설명해 주세요.","제조설비를 갖추지 않은 백화점과 할인점 등 유통업체가 독자적으로 개발한 고유 브랜드 상품입니다. 로열티와 중간마진, 광고비, 판촉비가 추가로 들지 않아 10∼30%의 원가절감이 가능하고 판매가격도 그만큼 저렴합니다. 유통업체가 자기매장의 특성과 고객의 성향에 맞춰 패션 상품에서부터 식품·음료·잡화에 이르기까지 다양한 자체상표상품을 판매하고 있습니다.","P","원가절감이 브랜드의 성장에 미치는 영향을 설명해 주세요."
"1","Private Brand 에 대해 설명해 주세요.","유통업체가 제조사와 공동 기획하고 개발해서 자사 점포 및 타 유통채널에 출시하는 상품으로 NPB 또는 PL이라고도 합니다. 선진국에서는 일반화된 방식으로 영국의 막스앤스펜서의 경우 자체 브랜드 비중이 100퍼센트입니다. 2004년 11월 불황으로 라면 판매가 줄어들자 편의점들이 직접 라면제품 개발에 나서 가격을 낮춘 컵라면을 PB로 선보인 바 있습니다.","F",""
"1","Private Brand 에 대해 설명해 주세요.","소매업의 대규모화가 진행되어 판매력이 강화된 소매업자, 시장 지배력을 강화해 가려고 하는 과점적 대규모 제조업자에 대항하기 위해, 자신의 상표를 만들어 사용한 데서 비롯된 것입니다. 현대는 경쟁이 격화되고 있는 소매업자보다는 제조업자들 간의 상품 차별화와 자주적인 MD력 제고를 목적으로 PB의 개발 및 통합 관리를 강력히 추진하고 있습니다.","F",""
"1","Private Brand 에 대해 설명해 주세요.","제조설비를 갖춘 유통업체가 독자적으로 개발한 고유 브랜드 상품입니다. 로열티와 중간마진, 광고비, 판촉비가 추가로 들지 않아 10∼30%의 원가절감이 가능하고 판매가격도 그만큼 저렴합니다. 유통업체가 자기매장의 특성과 고객의 성향에 맞춰 패션 상품에서부터 식품·음료·잡화에 이르기까지 다양한 자체상표상품을 판매하고 있습니다.","F",""
"1","마케팅의 4P중 촉진의 개념에 대해 설명해 주세요.","촉진이란 ‘밀어붙이다’ 라는 뜻으로, ‘기업이 소비자에게 원하는 반응을 얻기 위해 의도된 설득 메시지를 인적 혹은 비인적 매체를 통해 소비자에게 커뮤니케이션 하는 행위’ 라고 정의됩니다. 제품이나 서비스의 유통을 빠르게 확산시키는 기능을 가지고 있습니다. 홍보는 언론을 통해 자사의 긍정적 활동을 알리는 활동입니다. ","P","비인적 매체의 종류를 설명해 주세요."
"1","마케팅의 4P중 촉진의 개념에 대해 설명해 주세요.","촉진은 광고와 인적판매, 판매촉진, 홍보으로 구성됩니다. 광고는 특정 광고주가 대가를 지불하고 제품, 서비스, 아이디어 등을 사람이 아닌 다른 매체를 통해 널리 알려 구매를 촉진시키는 활동입니다. 인적판매는 판매자가 직접 구매자를 찾아 제품을 판매하는 행위를 말합니다. 이때 판매자는 구매자를 설득하는 메시지를 직접 전하는 역할을 담당합니다.","P","인적판매의 특징을 설명해 주세요."
"1","마케팅의 4P중 촉진의 개념에 대해 설명해 주세요.","판매촉진은 정보의 제공을 통하여 소비자와 판매업자를 동시에 자극, 설득함으로써 판매고와 이윤을 증대하려는 모든 기업활동을 의미하며, 그 내용에는 판매원 활동, 광고, 판매촉진 등이 포함됩니다. 판매촉진은 현재 제품차별화 및 가격결정과 함께 대기업의 경쟁활동의 3대 주요영역의 하나로 되어 있습니다.","P","이윤 증대 방안에 대해 설명해 주세요."
"1","마케팅의 4P중 촉진의 개념에 대해 설명해 주세요.","촉진이란 ‘밀어붙이다’ 라는 뜻으로, ‘기업이 소비자에게 원하는 반응을 얻기 위해 의도된 설득 메시지를 인적 매체를 통해 소비자에게 커뮤니케이션 하는 행위’ 라고 정의됩니다. 제품이나 서비스의 유통을 빠르게 확산시키는 기능을 가지고 있습니다. ","F",""
"1","마케팅의 4P중 촉진의 개념에 대해 설명해 주세요.","촉진은 구매가 일어나는 현장에서의 판매촉진만을 의미합니다. 그렇기에 실질적으로 구매로 연결될 수 없는 광고 및 홍보는 촉진에 포함되지 않으며, 판매자가 직접 구매자를 찾아 제품을 판매하는 행위인 인적판매만을 의미합니다. 이때 판매자는 구매자를 설득하는 메시지를 직접 전하는 역할을 담당합니다.","F",""
"1","마케팅의 4P중 촉진의 개념에 대해 설명해 주세요.","판매촉진은 정보의 제공을 통하여 소비자와 판매업자를 동시에 자극, 설득함으로써 판매고와 이윤을 증대하려는 모든 기업활동을 의미하며, 그 내용에는 판매원 활동, 광고, 판매촉진 등이 포함됩니다. 판매촉진은 현재 제품차별화와 함께 대기업의 경쟁활동의 2대 주요영역의 하나로 되어 있습니다.","F",""
"1","포지셔닝에 대해 설명해 주세요.","포지션이란 제품이 소비자들에 의해 지각되고 있는 모습을 말하며, 포지셔닝이란 소비자들의 마음 속에 자사제품의 바람직한 위치를 형성하기 위하여 제품효익을 개발하고 커뮤니케이션하는 활동을 말합니다. 1972년 광고회사 간부인 앨리스와 잭 트로우트가 도입한 용어입니다.","P","포지셔닝과 제품효익의 관계를 설명해 주세요."
"1","포지셔닝에 대해 설명해 주세요.","포지셔닝 전략은 소비자가 원하는 바를 준거점으로 하여 자사제품의 포지션을 개발하려는 '소비자 포지셔닝 전략'과 경쟁자의 포지션을 준거점으로 하여 자사제품의 포지션을 개발하려는 '경쟁적 포지셔닝 전략'으로 구분됩니다. 또한소비자들이 원하는 바나 경쟁자의 포지션이 변화함에 따라 기존제품의 포지션을 바람직한 포지션으로 새롭게 전환시키는 전략을 리포지셔닝 이라고 합니다.","P","리포지셔닝에 대해 설명해 주세요."
"1","포지셔닝에 대해 설명해 주세요.","소비자 포지셔닝 전략은 자사제품 효익을 결정하고 커뮤니케이션하는 활동으로 커뮤니케이션 방법에 따라 구체적 포지셔닝과 일반적 포지셔닝, 정보 포지셔닝과 심상 포지셔닝으로 구분됩니다. 소비자가 원하는 바에 대하여 구체적인 제품효익을 근거로 제시하는 구체적 포지셔닝과 애매하고 모호한 제품효익을 근거로 제시하는일반적 포지셔닝이 있습니다.","P","심상 포지셔닝에 대해 설명해 주세요."
"1","포지셔닝에 대해 설명해 주세요.","포지션이란 제품이 소비자들에 의해 지각되고 있는 모습을 말하며, 포지셔닝이란 소비자들의 마음 속에 자사제품의 바람직한 위치를 형성하기 위하여 제품효익을 개발하고 커뮤니케이션하는 활동을 말합니다. 1972년 광고회사 간부인 데이비드 오길비가 도입한 용어입니다.","F",""
"1","포지셔닝에 대해 설명해 주세요.","포지셔닝 전략은 소비자가 원하는 바를 준거점으로 하여 자사제품의 포지션을 개발하려는 '소비자 포지셔닝 전략'과 경쟁자의 포지션을 준거점으로 하여 자사제품의 포지션을 개발하려는 '경쟁적 포지셔닝 전략'으로 구분됩니다. 또한 소비자들이 원하는 바나 경쟁자의 포지션이 변화함에 따라 기존제품의 포지션을 바람직한 포지션으로 새롭게 전환시키는 전략을 포지셔닝리부트라고 합니다.","F",""
"1","SWOT 전략에 대해 설명해 주세요.","기업의 환경분석을 통해 강점과 약점, 기회와 위협 요인을 규정하고 이를 토대로 마케팅 전략을 수립하는 기법입니다. 어떤 기업의 내부환경을 분석하여 강점과 약점을 발견하고, 외부환경을 분석하여 기회와 위협을 찾아내어 이를 토대로 강점은 살리고 약점은 죽이고, 기회는 활용하고 위협은 억제하는 마케팅 전략을 수립하는 것을 말합니다.","P","기업의 외부환경에 대해 설명해 주세요."
"1","SWOT 전략에 대해 설명해 주세요.","강점은 경쟁기업과 비교하여 소비자로부터 강점으로 인식되는 것은 무엇인지, 약점은 경쟁기업과 비교하여 소비자로부터 약점으로 인식되는 것은 무엇인지, 기회는 외부환경에서 유리한 기회요인은 무엇인지, 위협은 외부환경에서 불리한 위협요인은 무엇인지를 찾아냅니다.","P","기업의 기회요인에 대해 설명해 주세요."
"1","SWOT 전략에 대해 설명해 주세요.","SWOT는 Strength, Weakness, Opportunities, Threats 의 4가지 요인별로 분석하여 전략을 세우는 방법론입니다. SWOT 환경분석은 이 4가지 요인별 분석을 통해 전략 수립 과정에서 기업 내외부의 환경적 요소를 파악하기 위해 활용되는 분석방법론이라고 할 수 있습니다.","P","Threat 분석 방법에 대해 설명해 주세요."
"1","SWOT 전략에 대해 설명해 주세요.","기업의 환경분석을 통해 강점과 약점, 기회와 위협 요인을 규정하고 이를 토대로 마케팅 전략을 수립하는 기법입니다. 어떤 기업의 외부환경을 분석하여 강점과 약점을 발견하고, 내부환경을 분석하여 기회와 위협을 찾아내어 이를 토대로 강점은 살리고 약점은 죽이고, 기회는 활용하고 위협은 억제하는 마케팅 전략을 수립하는 것을 말합니다.","F",""
"1","SWOT 전략에 대해 설명해 주세요.","경쟁기업과 비교하여 외부환경에서 강/약점과 기회 그리고 위협을 찾아내는 전략입니다. 경쟁 기업과 비교하여 외부환경에서 강점 및 약점으로 인식되는 것이 무엇인지 파악하고, 경쟁 기업 대비 자사만이 갖고있는 기회와 위협을 찾아냅니다.","F",""
"1","SWOT 전략에 대해 설명해 주세요.","SWOT는 Strength, Weakness, Opportunities, Threats 의 4가지 요인별로 분석하여 전략을 세우는 방법론입니다. SWOT 환경분석은 이 4가지 요인별 분석을 통해 전략 수립 과정에서 기업 외부의 환경적 요소를 파악하기 위해 활용되는 분석방법론이라고 할 수 있습니다.","F",""
"2","BCG 매트릭스에 대해 설명해 주세요.","보스턴컨설팅그룹에 의해 1970년대 초반 개발된 것으로, 기업의 경영전략 수립에 있어 하나의 기본적인 분석도구로 활용되는 사업포트폴리오 분석기법입니다. 이는 자금의 투입, 산출 측면에서 사업이 현재 처해있는 상황을 파악하고, 이 상황에 적합한 처방을 내리기 위한 분석도구 입니다.","P","사업포트폴리오에 대해 설명해 주세요."
"2","BCG 매트릭스에 대해 설명해 주세요.","BCG 매트릭스는 X축을 '상대적 시장점유율'로 하고, Y축을 '시장성장률'로 합니다. 미래가 불투명한 사업을 물음표, 점유율과 성장성이 모두 좋은 사업을 스타, 투자에 비해 수익이 월등한 사업을 캐시카우, 점유율과 성장률이 둘 다 낮은 사업을 도그로 구분합니다.","P","캐시카우 사업에 대해 설명해 주세요."
"2","BCG 매트릭스에 대해 설명해 주세요.","성장-점유율 매트릭스라고도 불리며, 산업을 '점유율'과 '성장성'으로 구분해 4가지로 분류하고 있습니다. BCG 매트릭스는 사업의 성격을 단순화, 유형화하여 어떤 방향으로 의사결정을 해야 할지를 명쾌하게 제시하는 반면, 사업의 평가요소가 상대적 시장점유율과 시장성장률뿐이어서 지나친 단순화의 오류에 빠지기 쉽다는 단점이 있습니다.","P","시장성장률에 대해 설명해 주세요."
"2","BCG 매트릭스에 대해 설명해 주세요.","보스턴컨설팅그룹에 의해 1990년대 초반 개발된 것으로, 기업의 경영전략 수립에 있어 하나의 기본적인 분석도구로 활용되는 사업포트폴리오 분석기법입니다. 이는 자금의 투입, 산출 측면에서 사업이 현재 처해있는 상황을 파악하고, 이 상황에 적합한 처방을 내리기 위한 분석도구 입니다.","F",""
"2","BCG 매트릭스에 대해 설명해 주세요.","BCG 매트릭스는 X축을 '시장성장률'로 하고, Y축을 '상대적 시장점유율'로 합니다. 미래가 불투명한 사업을 물음표, 점유율과 성장성이 모두 좋은 사업을 스타, 투자에 비해 수익이 월등한 사업을 캐시카우, 점유율과 성장률이 둘 다 낮은 사업을 도그로 구분합니다.","F",""
"2","BCG 매트릭스에 대해 설명해 주세요.","성장-점유율 매트릭스라고도 불리며, 산업을 '점유율'과 '성장성'으로 구분해 총 2가지로 분류하고 있습니다. BCG 매트릭스는 사업의 성격을 단순화, 유형화하여 어떤 방향으로 의사결정을 해야 할지를 명쾌하게 제시하는 반면, 사업의 평가요소가 상대적 시장점유율과 시장성장률뿐이어서 지나친 단순화의 오류에 빠지기 쉽다는 단점이 있습니다.","F",""
"2","GE/Mckinsey 매트릭스에 대해 설명해 주세요.","GE/Mckinsey 매트릭스는 산업의 매력도와 개별산업단위의 강점이라는 두 차원에서 전략사업단위를 평가하는 기법입니다. 이 두 차원은 여러 요인들을 종합적으로 고려하여 결정되기 때문에 BCG 매트릭스보다 발전된 기법이라 할 수 있습니다. GE/Mckinsey 매트릭스 상에 수직축에는 산업의 매력도를 수평축에는 사업의 강점을 나타냅니다.","P","산업의 매력도에 대해 설명해 주세요."
"2","GE/Mckinsey 매트릭스에 대해 설명해 주세요.","매트릭스 안에 9개 영역이 나타나는데 이중 좌상의 세 영역은 바람직한 지역, 우하의 세 영역은 바람직하지 못한 지역, 대각선상의 세 영역은 불확실한 지역이 됩니다. 이때 각 사업단위의 위치를 찾아 원으로 표시하는데 원의 크기는 산업전체의 규모를 나타내고, 각 사업단위의 점유율을 원안에다 빗금 형태로 구분하여 표시합니다.","P","원의 크기가 의미하는 것을 설명해 주세요."
"2","GE/Mckinsey 매트릭스에 대해 설명해 주세요.","GE/Mckinsey 매트릭스는 산업의 매력도와 개별산업단위의 강점이라는 두 차원에서 전략사업단위를 평가하는 기법입니다.  GE/Mckinsey 매트릭스의 수직축에는 산업의 매력도를, 수평축에는 사업의 강점을 나타냅니다. 하지만 BCG 매트릭스보다는 고려요소가 적어 BCG 매트릭스가 더 발전된 형태의 기법으로 평가되고 있습니다.","F",""
"2","GE/Mckinsey 매트릭스에 대해 설명해 주세요.","매트릭스 안에 9개 영역이 나타나는데 이중 우상의 세 영역은 바람직한 지역, 좌하의 세 영역은 바람직하지 못한 지역, 대각선상의 세 영역은 불확실한 지역이 됩니다. 이때 각 사업단위의 위치를 찾아 원으로 표시하는데 원의 크기는 산업전체의 규모를 나타내고, 각 사업단위의 점유율을 원안에다 빗금 형태로 구분하여 표시합니다.","F",""
"1","STP 마케팅에 대해 설명해 주세요.","STP마케팅이란 마케팅 전략과 계획수립시 소비자행동에 대한 이해에 근거하여 시장을 세분화하고, 이에 따른 표적시장의 선정, 그리고 표적시장에 적절하게 제품을 포지셔닝하는 일련의 활동을 말하는 것으로 이러한 각 단계의 활동의 첫 글자를 따서 부르는 말입니다.","P","소비자행동을 파악하기 위한 방안을 설명해 주세요."
"1","STP 마케팅에 대해 설명해 주세요.","STP마케팅은 단계별로 다음의 절차를 따르는데, 우선 세분화 단계에 있어서는 세분화 변수의 규명과 시장세분, 세분시장의 프로필 개발, 2단계인 시장표적화 단계에 있어서는 각 세분시장의 매력 평가, 표적세분시장의 선정, 3단계인 시장 위치화 단계에 이르러서는 표적세분 시장에 대한 가능한 위치화 개념의 규명, 선정된 위치화 개념에 대한 의사소통, 개발, 선택 등의 절차를 거칩니다.","P","세분시장의 프로필 개발에 대해 설명해 주세요."
"1","STP 마케팅에 대해 설명해 주세요.","마케팅 전략과 계획을 수립하는 데 있어 소비자 패턴에 따라 시장을 세분화하고, 이에 따라 목표 시장을 선정하며, 이에 따른 표적시장의 선정, 그리고 표적시장에 적절한 제품을 설정하는 것을 말합니다. 이 STP마케팅은 보통 창업할 때 많이 필요한 전략입니다.","P","STP마케팅에 창업에 많이 쓰이는 이유를 설명해 주세요."
"1","STP 마케팅에 대해 설명해 주세요.","STP마케팅이란 제품 출시 이전의 마케팅 전략 및 계획 수립 시 소비자행동에 대한 이해에 근거하여 시장을 세분화하고, 이에 따른 표적시장의 선정, 그리고 표적시장에 적절하게 제품을 포지셔닝하는 일련의 활동을 말하는 것으로 이러한 각 단계의 활동의 첫 글자를 따서 부르는 말입니다.","F",""
"1","STP 마케팅에 대해 설명해 주세요.","STP마케팅은 단계별로 다음의 절차를 따르는데, 우선 시장표적화 단계에서는 세분화 변수의 규명과 시장세분, 세분시장의 프로필 개발, 2단계인 세분화 단계에 있어서는 각 세분시장의 매력 평가, 표적세분시장의 선정, 3단계인 시장 위치화 단계에 이르러서는 표적세분 시장에 대한 가능한 위치화 개념의 규명, 선정된 위치화 개념에 대한 의사소통, 개발, 선택 등의 절차를 거칩니다.","F",""
"1","STP 마케팅에 대해 설명해 주세요.","마케팅 전략과 계획을 수립하는 것에 있어 공급자 패턴에 따라 시장을 세분화하고, 이에 따라 목표 시장을 선정하며, 이에 따른 표적시장의 선정, 그리고 표적시장에 적절한 제품을 설정하는 것을 말합니다. 이 STP마케팅은 보통 창업할 때 많이 필요한 전략입니다.","F",""
"1","마케팅 전략에 대해 설명해 주세요.","마케팅 목표를 달성하기 위해서 다양한 마케팅 활동을 통합하는 가장 적합한 방법을 찾아 실천하는 일입니다. 마케팅 전략은 장기적이며 전개 방법이 혁신적이며 계속적 개선을 노리는 점에서 마케팅 전술과 다릅니다. 전개의 폭은 통합적이어야 하고, 반드시 모든 마케팅 기능을 가장 적합하게 조정·구성하여야 합니다.","P","마케팅 전략과 마케팅 전술의 차이점을 설명해 주세요."
"1","마케팅 전략에 대해 설명해 주세요.","마케팅 전략은 전술에 대립되는 개념으로서, 수요·경쟁·유통기구 마케팅 관계법규 및 비마케팅 비용 등과 같이 기업으로서 통제가 불가능하거나 사회적·경제적·문화적 요인으로 구성된 동태적인 마케팅 환경의 변동에 대해서 창조적으로 적응하기 위해 보다 장기적이고 대국적인 관심에서 설정하는 주요방침을 말합니다.","P","비마케팅 비용에 대해 설명해 주세요."
"1","마케팅 전략에 대해 설명해 주세요.","마케팅 목표를 달성하기 위해서 다양한 마케팅 활동을 분리하는 가장 적합한 방법을 찾아 실천하는 일입니다. 마케팅 전략은 단기적이며 전개 방법이 한시적 개선을 노린다는 점에서 마케팅 전술과 다릅니다. 전개의 폭은 통합적이어야 하고, 반드시 모든 마케팅 기능을 가장 적합하게 조정·구성하여야 합니다.","F",""
"1","마케팅 전략에 대해 설명해 주세요.","마케팅 전략은 전술과 동일한 개념으로서, 수요·경쟁·유통기구 마케팅 관계법규 및 비마케팅 비용 등과 같이 기업으로서 통제가 불가능하거나 사회적·경제적·문화적 요인으로 구성된 동태적인 마케팅 환경의 변동에 대해서 창조적으로 적응하기 위해 보다 단기적이고 국소적인 관점에서 설정하는 주요방침을 말합니다.","F",""
"1","시장 세분화에 대해 설명해 주세요.","비슷한 선호와 취향을 가진 소비자를 묶어서 몇 개의 고객집단으로 나누고 이 중에 특정 집단을 골라 기업의 마케팅 자원과 노력을 집중하는 것을 말합니다. 기업의 한정된 자원을 효율적으로 집행하는데 필요한 전략입니다. 시장세분화를 위해서는 다수의 소비자를 소수 그룹으로 분류할 수 있는 기준이 필요합니다.","P","고객집단을 분류하는 기준에 대해 설명해 주세요."
"1","시장 세분화에 대해 설명해 주세요.","소비자 나이, 소득수준, 교육수준 등의 인구통계학적 특성, 라이프스타일, 성격 등의 심리적 특성, 이외에도 소비패턴, 주거지역, 문화 등 다양한 소비자 특성 변수를 활용해 시장세분화를 할 수 있습니다. 마케팅에서 종종 사용하는 시장세분화 방법 중 하나가 코호트 분석 입니다.","P","코호트 분석에 대해 설명해 주세요."
"1","시장 세분화에 대해 설명해 주세요.","수요층별로 시장을 분할화 또는 단편화하여 각 층에 대해 집중적으로 마케팅 전략을 펴는 것입니다. 제품의 생산에서부터 유통, 프로모션에 이르기까지 일관된 마케팅 전략을 집행하기 위해 잠재소비자의 성격을 명확히 하는 것입니다. 기업이 마케팅 전략 수립시 시장 세분화를 하는 목적은 시장기회를 탐색하기 위하여, 소비자의 욕구를 정확하게 충족시키기 위하여 등 다양합니다.","P","잠재소비자의 특징을 설명해 주세요."
"1","시장 세분화에 대해 설명해 주세요.","비슷한 선호와 취향을 가진 소비자를 묶어서 몇 개의 고객집단으로 나누고 이 모든 집단들에 기업의 마케팅 자원과 노력을 집중하는 것을 말합니다. 기업의 한정된 자원을 효율적으로 집행하기 위해서는 다수의 소비자를 소수 그룹으로 분류할 수 있는 기준이 필요합니다.","F",""
"1","시장 세분화에 대해 설명해 주세요.","소비자 나이, 소득수준, 교육수준 등의 인구통계학적 특성만으로 시장세분화를 할 수 있습니다. 마케팅에서 종종 사용하는 시장세분화 방법 중 하나가 코호트 분석 입니다.","F",""
"1","시장 세분화에 대해 설명해 주세요.","수요층별로 시장을 분할화 또는 단편화하여 각 층에 대해 집중적으로 마케팅 전략을 펴는 것입니다. 제품의 생산에서부터 유통, 프로모션에 이르기까지 각각 다른 마케팅 전략을 집행하기 위해 잠재소비자의 성격을 명확히 하는 것입니다. 기업이 마케팅 전략 수립시 시장 세분화를 하는 목적은 시장기회를 탐색하기 위하여, 소비자의 욕구를 정확하게 충족시키기 위하여 등 다양합니다.","F",""
"1","노이즈 마케팅에 대해 설명해 주세요.","상품의 품질과는 상관없이 오로지 상품을 판매할 목적으로 각종 이슈를 요란스럽게 치장해 구설수에 오르도록 하거나, 화젯거리로 소비자들의 이목을 현혹시켜 판매를 늘리는 마케팅 기법을 말합니다. 곧 소음이나 잡음을 뜻하는 '노이즈'를 일부러 조성해 그 상품에 대한 소비자들의 호기심만을 부추겨 상품의 판매로 연결시키는 판매 기법입니다.","P","호기심을 상품의 판매로 연결하기 위한 방안을 설명해 주세요."
"1","노이즈 마케팅에 대해 설명해 주세요.","이러한 기법은 주로 텔레비전의 오락 프로그램이나 새로 개봉하는 영화 등을 홍보할때 많이 이용됩니다. 예를 들어 텔레비전 오락 프로그램의 경우 프로그램의 질과는 상관없이 시청자들의 호기심을 자극해 논쟁이나 시비 등 사회적 이슈가 될 만한 내용들을 의도적으로 방영함으로써 시청자들의 관심도를 높이는 것으로, 결과적으로 해당 프로그램의 시청률을 끌어올리기 위한 수단으로 이용됩니다.","P","영화에서 노이즈 마케팅을 많이 사용하는 이유를 설명해 주세요."
"1","노이즈 마케팅에 대해 설명해 주세요.","영화에서도 영화사들이 자사의 영화를 홍보하기 위해 의도적으로 최근의 민감한 사회 상황과 연계시켜 영화의 인지도를 높이기도 하는데, 이러한 마케팅은 비판을 받을지라도 상품만 잘 팔리면 그만이라는 식입니다. 이러한 마케팅 기법은 비록 얼마간은 소비자들의 관심이나 호기심을 자극할수 있을지 몰라도 지속적으로 반복할 경우에는 최소한의 신뢰성마저도 얻지 못하고소비자들의 불신만 조장하게 되는 한계를 지니고 있습니다.","P","노이즈 마케팅의 한계를 극복하기 위한 방안을 설명해 주세요."
"1","노이즈 마케팅에 대해 설명해 주세요.","각종 이슈를 요란스럽게 치장해 구설수에 오르도록 하거나, 화젯거리로 소비자들의 이목을 현혹시키는 마케팅 기법을 말합니다. 소음이나 잡음을 뜻하는 '노이즈'를 일부러 조성해 그 상품에 대한 소비자들의 호기심을 불러일으키는 것으로, 판매와는 관련 없이 단지 상품에 대한 관심을 유도하는 것만이 목적입니다. ","F",""
"1","노이즈 마케팅에 대해 설명해 주세요.","이러한 기법은 주로 텔레비전의 오락 프로그램이나 새로 개봉하는 영화 등에 대한 소비자의 관심을 다른 곳으로 돌리고 싶을 때 많이 이용됩니다. 예를 들어 텔레비전 오락 프로그램의 경우 프로그램의 질과는 상관없이 시청자들의 호기심을 자극해 논쟁이나 시비 등 사회적 이슈가 될 만한 내용들을 의도적으로 방영함으로써 시청자들의  관심을 저하시키는 것으로, 결과적으로 해당 프로그램의 시청률을 끌어내리기 위한 수단으로 이용됩니다.","F",""
"1","노이즈 마케팅에 대해 설명해 주세요.","영화에서도 영화사들이 자사의 영화를 홍보하기 위해 의도적으로 최근의 민감한 사회 상황과 연계시켜 영화의 인지도를 높이기도 하는데, 이러한 마케팅 기법은 저비용으로 소비자들의 관심이나 호기심을 자극하는 것에 효과적이라는 점에서 우수한 마케팅 기법으로 여겨지고 있습니다.","F",""
"1","PPL에 대해 설명해 주세요.","영화나 드라마 속에 소품으로 등장하는 상품을 일컫는 것으로 브랜드명이 보이는 상품뿐만 아니라 이미지, 명칭 등을 노출시켜 관객들에게 홍보하는 일종의 광고마케팅 전략입니다. PPL마케팅은 대표적인 간접광고의 일종인데, TV나 영화 속에서 특정기업의 제품이나 브랜드 등을 삽입하여 부지불식간에 그런 제품들에 대해 소비자들의 잠재의식 속에 자연스럽게 상품의 이미지를 심고 갖고 싶다는 욕망을 불러일으키도록 하는 것입니다.","P","간접광고의 종류를 설명해 주세요."
"1","PPL에 대해 설명해 주세요.","채널을 돌려버리면 그만인 상업광고에 비해 영화나 드라마 속의 PPL은 시청자들에게 큰 저항감 없이 무의식적으로 제품 이미지를 심어줄 수 있다는 큰 장점을 갖고 있습니다. 최근에는 온라인게임을 통해 게임콘텐츠에 기업의 광고를 자연스럽게 심는 기법까지 등장해 PPL마케팅은 단순히 영화나 드라마에 국한되는 것이 아니라 각종 현장 이벤트와 온라인 등으로 급속하게 영역을 확장하고 있습니다.","P","PPL이 저항감이 적은 이유를 설명해 주세요."
"1","PPL에 대해 설명해 주세요.","영화나 드라마 속에 소품으로 등장하는 상품을 일컫는 것으로 브랜드명이 보이지 않게 상품 또는 상품의 이미지를 노출시켜 관객들에게 홍보하는 일종의 광고마케팅 전략입니다. PPL마케팅은 대표적인 간접광고의 일종인데, TV나 영화 속에서 특정기업의 제품이나 브랜드 등을 삽입하여 부지불식간에 그런 제품들에 대해 소비자들의 잠재의식 속에 자연스럽게 상품의 이미지를 심고 갖고 싶다는 욕망을 불러일으키도록 하는 것입니다.","F",""
"1","PPL에 대해 설명해 주세요.","채널을 돌려버리면 그만인 상업광고에 비해 영화나 드라마 속의 PPL은 시청자들에게 큰 저항감 없이 무의식적으로 제품 이미지를 심어줄 수 있다는 큰 장점을 갖고 있습니다. 하지만 PPL마케팅은 단순히 영화나 드라마로 그 활용 분야가 엄격히 제한된다는 한계가 있습니다.","F",""
"2","디마케팅에 대해 설명해 주세요.","기업들이 자사의 상품을 많이 판매하기보다는 오히려 고객들의 구매를 의도적으로 줄임으로써 적절한 수요를 창출하고, 장기적으로는 수익의 극대화를 꾀하는 마케팅전략입니다. 수요를 줄인다는 점에서 이윤의 극대화를 꾀하는 기업의 목적에 어긋나는 것 같지만, 사실은 그렇지 않습니다.","P","의도적으로 수요를 줄이는 방법에 대해 설명해 주세요."
"2","디마케팅에 대해 설명해 주세요.","수익에 도움이 되지 않는 고객을 밀어내는 마케팅으로, 즉 돈이 안 되는 고객과는 거래를 끊고 우량고객에게 차별화된 서비스를 제공해 인력과 비용을 절감하고, 수익은 극대화하려는 모든 유형의 마케팅 기법으로 범위가 확대되었습니다. 수익에 도움이 별로 안되는 체리피커들은 의도적으로 줄이는 것은 디마케팅 입니다","P","체리피커에 대해 설명해 주세요."
"2","디마케팅에 대해 설명해 주세요.","무분별하게 고객을 늘리기보다 실제로 수익에 도움이 되는 고객에게만 집중적인 서비스를 제공하여 수익을 증대하는 것이 목적입니다. 초과수요의 상태에서 제품을 획득하려는 잠재고객들의 경쟁을 수수방관하기 보다는 고객만족을 보장하고 장기적인 고객관계를 유지, 개선하기 위하여 수요를 적정수준으로 감축하고 가용한 제품을 합리적으로 할당하려는 것입니다.","P","초과수요 상태에 대해 설명해 주세요."
"2","디마케팅에 대해 설명해 주세요.","기업들이 자사의 상품을 많이 판매하기보다는 오히려 고객들의 구매를 의도적으로 줄임으로써 수요와 수익을 축소하는 전략입니다. 수요를 줄인다는 점에서 이윤의 극대화를 꾀하는 기업의 목적에 어긋납니다.","F",""
"2","디마케팅에 대해 설명해 주세요.","수익에 도움이 되지 않는 고객까지 끌어들이는 마케팅으로, 즉 돈이 안 되는 고객에게도 우량고객과 같은 서비스를 제공해 수익을 극대화하려는 모든 유형의 마케팅 기법으로 범위가 확대되었습니다. ","F",""
"2","디마케팅에 대해 설명해 주세요.","실제로 수익에 도움이 되는 고객에게만 집중적인 서비스를 제공하기보다, 무분별하게 고객을 늘려 수익을 증대하는 것이 목적입니다. 초과수요의 상태에서 제품을 획득하려는 잠재고객들의 경쟁을 수수방관하여 고객만족과 장기적인 고객관계를 유지하기보다는 오로지 수익을 증대시키는 것이 목적입니다. ","F",""
"1","시장 조사에 대해 설명해 주세요.","상품이나 서비스의 판매촉진을 위해 사용될 자료를 체계적으로 수집하여 분석하는 것입니다. 체계적인 사실 규명을 통해 이루어지는 마케팅 조사는 특정한 문제에 따라 달리 진행되며, 개별사안에 대하여 프로젝트별로 진행되는 경우가 많습니다. 시장조사는 시장분석, 시장실사, 동기조사, 시장실험으로 나누어지는데 이 중에서 시장실사가 사회조사의 범주에 속합니다.","P","시장분석 방안에 대해 설명해 주세요."
"1","시장 조사에 대해 설명해 주세요.","보통 새로운 제품이나 서비스를 개발하기 이전에 사람들이 요구하고 필요로 하는 것을 찾기 위하여 시장의 크기나 특성, 그리고 잠재력을 조사하는 것을 말합니다. 미국 마케팅 협회는 상품 및 서비스 마케팅의 여러 문제에 대한 자료를 조직적으로 수집하고 기록하고 분석하는 일이라 정의하고 있습니다.","P","시장의 잠재력을 조사하는 이유를 설명해 주세요."
"1","시장 조사에 대해 설명해 주세요.","상품이나 서비스의 판매촉진을 위해 사용될 자료를 체계적으로 수집하여 분석하는 것입니다. 마케팅 조사는 개별사안에 대하여 프로젝트별로 진행되기 보다는 이미 진행된 조사로 얻어진 데이터를 재활용하여 다른 차원에서 분석해보는 경우가 많습니다. 시장조사는 시장분석, 시장실사, 동기조사, 시장실험으로 나누어지는데 이 중에서 시장실험이 사회조사의 범주에 속합니다.","F",""
"1","시장 조사에 대해 설명해 주세요.","보통 새로운 제품이나 서비스를 개발한 이후에 사람들이 요구하고 필요로 하는 것을 찾기 위하여 시장의 크기나 특성, 그리고 잠재력을 조사하는 것을 말합니다. 미국 마케팅 협회는 상품 및 서비스 마케팅의 여러 문제에 대한 자료를 조직적으로 수집하고 기록하고 분석하는 일이라 정의하고 있습니다.","F",""
"2","니치마케팅에 대해 설명해 주세요.","니치란 틈새를 의미하는 말로서 '남이 모르는 좋은 낚시터'라는 은유적인 뜻을 가지고 있습니다. 대중시장 붕괴 후의 세분화한 시장 또는 소비상황을 설명하는 말이기도 합니다. 특히 요즘 한국 식품업계의 유가공 제품 분야에서 세제에 이르기까지 그 기능과 용도를 달리하는 세분화한 다양한 제품들을 생산하여 특정 소비계층을 상대로 활발한 판촉활동을 벌이고 있습니다.","P","특정 소비계층만을 타겟하는 판촉활동의 특징을 설명해 주세요."
"2","니치마케팅에 대해 설명해 주세요.","니치 마케팅은 특정한 성격을 가진 소규모의 소비자를 대상으로 판매목표를 설정하는 것입니다. 남이 아직 모르고 있는 좋은 곳, 빈틈을 찾아 그 곳을 공략하는 것으로, 예를 들면 건강에 높은 관심을 지닌 여성의 건강음료를 기획, 대성공을 거둔 것이 대표적인 사례로 꼽힙니다.","P","빈틈 시장을 공략하기 위한 방안에 대해 설명해 주세요."
"2","니치마케팅에 대해 설명해 주세요.","니치'란 '이미 모두가 알아 건질 게 없는 낚시터'라는 뜻으로, 한마디로 레드오션과 같은 개념이라 할 수 있습니다. 니치마케팅은 이미 수요에 비해 공급과잉이 일어나고 있는 시장에서 타 제품과 차별화를 하기 위한 전략을 일컫습니다.","F",""
"2","니치마케팅에 대해 설명해 주세요.","니치 마케팅은 특정한 성격을 가진 대규모의 소비자를 대상으로 판매목표를 설정하는 것입니다. 남이 아직 모르고 있는 좋은 곳, 빈틈을 찾아 그 곳을 공략하는 것으로, 예를 들면 건강에 높은 관심을 지닌 여성의 건강음료를 기획, 대성공을 거둔 것이 대표적인 사례로 꼽힙니다.","F",""
"2","MGM 마케팅에 대해 설명해 주세요.","MGM은 ‘멤버스 겟 멤버스’의 머리글자로, 고객이 고객을 끌어온다는 뜻입니다. MGM 마케팅이란 기존 고객이 다른 고객에게 자신이 이용하는 상품을 권유하여 판매로 이루어지면 기존 고객 또는 기존·신규 고객 양자에게 다양한 형태의 인센티브를 제공함으로써 새로운 고객을 유치하는 방식입니다.","P","MGM에서 이용하는 인센티브의 종류를 설명해 주세요."
"2","MGM 마케팅에 대해 설명해 주세요.","일종의 네트워크 마케팅으로, 권유마케팅 또는 추천마케팅, 소개마케팅이라고도 부릅니다. 고객을 일종의 유통망으로 이용하는 판매기법입니다. 보험업계와 다단계판매회사 등 네트워크 마케팅을 추구하는 유통업체의 신규 고객 확보수단으로 보편화된 방식으로, 은행·주택업계·유통업계에서도 널리 사용되고 있습니다.","P","보험업계에서 MGM 마케팅을 많이 이용하는 이유를 설명해 주세요."
"2","MGM 마케팅에 대해 설명해 주세요.","은행의 경우 주로 대출·프라이빗뱅킹 등의 영업분야에서 활용됩니다. 신규 고객을 소개해주는 기존 고객에게 금리 및 수수료 우대, 선물 등의 혜택이 제공되는데 은행의 입장에서는 기존 고객을 통하여 신규 고객의 성향 및 재무상태 등에 대한 정보 수집비용 등의 거래비용을 크게 들이지 않고 고객을 확보할 수 있고, 기존 고객의 충성도도 높이는 이점도 있습니다.","P","기존 고객의 충성도를 높이기 위한 방안을 설명해 주세요."
"2","MGM 마케팅에 대해 설명해 주세요.","MGM은 ‘멤버스 겟 멤버스’의 머리글자로, 고객이 고객을 끌어온다는 뜻입니다. MGM 마케팅이란 기존 고객이 다른 고객에게 자신이 이용하는 상품을 권유하여 판매로 이루어지는 방식으로 새로운 고객을 유치하는 방식입니다. 하지만 기존 고객과 신규 고객에게 별다른 인센티브는 제공되지 않습니다.","F",""
"2","MGM 마케팅에 대해 설명해 주세요.","일종의 네트워크 마케팅으로, 권유마케팅 또는 추천마케팅, 소개마케팅이라고도 부릅니다. 고객을 일종의 유통망으로 이용하는 판매기법입니다. 보험업계와 다단계판매회사 등 네트워크 마케팅을 추구하는 유통업체의 신규 고객 확보수단으로 보편화된 방식이지만, 은행·주택업계·유통업계에서는 사용되지 않고 있습니다.","F",""
"2","MGM 마케팅에 대해 설명해 주세요.","은행의 경우 주로 대출·프라이빗뱅킹 등의 영업분야에서 활용됩니다. 신규 고객을 소개해주는 기존 고객에게 금리 및 수수료 우대, 선물 등의 혜택이 제공되는데 은행의 입장에서는 기존 고객을 통하여 신규 고객의 성향 및 재무상태 등에 대한 정보 수집비용 등의 거래비용을 크게 들이지 않고 고객을 확보할 수 있지만, 기존 고객의 충성도는 낮아지는 단점이 있습니다.","F",""
"1","시장 점유율에 대해 설명해 주세요.","시장점유율은 어떤 산업의 독점도를 나타내는 유력한 지표로 이용됩니다. 기업이 점유율을 중시하는 이유는 점유율이 그 기업의 시장에서의 평가를 반영한다고 생각하고, 점유율의 저하가 금융기관의 경계를 초래하여 경영자의 지위를 약화시킬 우려가 있다는 등의 이유 때문입니다.","P","점유율이 기업을 평가하는 척도로 사용되는 이유를 설명해 주세요."
"1","시장 점유율에 대해 설명해 주세요.","일정 기간에 있어서 금액 또는 수량에 의한 가능치나 실제치에 바탕을 둔 총매상고에 대한 어떤 회사의 매상비율입니다. 시장점유율을 늘리기 위해 회사는 때때로 지속적인 광고 캠페인을 실시하거나 판매조직을 확장하고 있습니다. 또한 더 많은 시간과 자금을 투입하거나 경쟁회사의 신제품에 대항하여 쉽게 소비될 수 있는 신제품을 출시해야 합니다.","P","신제품 출시가 점유율에 미치는 긍정적 효과를 설명해 주세요."
"1","시장 점유율에 대해 설명해 주세요.","시장점유율은 어떤 산업의 독점도를 나타내는 유력한 지표로 이용됩니다. 기업이 점유율을 중시하는 이유는 점유율이 그 기업의 시장에서의 평가를 반영한다고 생각하기 때문입니다. 하지만 점유율의 저하가 금융기관의 경계를 초래하여 경영자의 지위를 약화시키는 일은 없습니다.","F",""
"1","시장 점유율에 대해 설명해 주세요.","일정 기간에 있어서 금액 또는 수량에 의한 가능치나 실제치에 바탕을 둔 총매상고에 대한 어떤 회사의 매상비율입니다. 시장점유율을 늘리기 위해 회사는 때때로 단발적인 광고 캠페인을 실시하거나 판매조직을 감소하고 있습니다. ","F",""
"2","미디어 믹스에 대해 설명해 주세요.","광고계획은 다른 마케팅 활동과의 관련하에 입안되며, 그 광고목적을 달성하기 위한 전략으로는 미디어믹스와 광고표현이 핵심을 이룹니다. 양자는 함께 동시 병행적으로 진행될 뿐만 아니라, 상호관련을 유지해가면서 소비자의 심리상태를 어떻게 하면 광고내용에 대하여 유리하게 변화시킬 수 있는가의 관점에서 최종으로 결정됩니다.","P","광고표현에서 유의할 점을 설명해 주세요."
"2","미디어 믹스에 대해 설명해 주세요.","미디어믹스에서는 각 광고매체의 양적 ·질적 특성과 기능을 검토할 수 있는 자료가 필요합니다. 구체적으로, 어떤매체의 광고에 접한 구매 대상자가 최대로 근접한 시점에 이르렀을 때, 다른 매체의 광고에 접할 수 있도록 하는 것이 바람직합니다. 이것은 곧 각종 매체의 유기적 통합이 광고의 상승효과를 가져온다는 것을 의미합니다.","P","미디어믹스를 통한 광고의 상승효과에 대해 설명해 주세요."
"2","미디어 믹스에 대해 설명해 주세요.","광고계획에서 광고 메시지가 구매자에게 가장 효율이 높은 매체로 도달할 수 있도록 광고편성을 결정하는 일입니다. 미디어믹스를 결정하는 방식으로는, 최대의 효과와 최소의 비용이라는 2원칙에 기초한 모델이 구축되어 있습니다. 현재 개발된 수학적 어프로치의 모델로는 리니어프로그래밍, 휴어리스틱 프로그래밍, 시뮬레이션 및 반복 등의 모델이 있습니다.","P","리니어프로그래밍에 대해 설명해 주세요."
"2","미디어 믹스에 대해 설명해 주세요.","광고계획은 다른 마케팅 활동과의 관련하에 입안되며, 그 광고목적을 달성하기 위한 전략으로는 미디어믹스와 광고표현이 핵심을 이룹니다. 양자는 함께 동시 병행적으로 진행되지는 않지만, 상호관련을 유지해가면서 소비자의 심리상태를 어떻게 하면 광고내용에 대하여 유리하게 변화시킬 수 있는가의 관점에서 최종으로 결정됩니다.","F",""
"2","미디어 믹스에 대해 설명해 주세요.","미디어믹스에서는 각 광고매체의 양적 ·질적 특성과 기능을 검토할 수 있는 자료가 필요합니다. 구체적으로, 어떤매체의 광고에 접한 구매 대상자가 최대로 근접한 시점에 이르렀을 때, 다른 매체의 광고에 접하지 못하도록 하는 것이 바람직합니다. 이것은 곧 각종 매체의 분리가 광고의 상승효과를 가져온다는 것을 의미합니다.","F",""
"2","미디어 믹스에 대해 설명해 주세요.","광고계획에서 광고 메시지가 구매자에게 가장 효율이 높은 매체로 도달할 수 있도록 광고편성을 결정하는 일입니다. 미디어믹스를 결정하는 방식으로는, 최소의 효과와 최대의 비용이라는 2원칙에 기초한 모델이 구축되어 있습니다. 현재 개발된 수학적 어프로치의 모델로는 리니어프로그래밍, 휴어리스틱 프로그래밍, 시뮬레이션 및 반복 등의 모델이 있습니다.","F",""
"2","MOT 마케팅에 대해 설명해 주세요.","소비자와 접촉하는 극히 짧은 순간들이 브랜드와 기업에 대한 인상을 좌우하는 극히 중요한 순간이라는 것을 강조하며 전개하는 마케팅입니다. MOT란 투우사가 소의 급소를 찌르는 순간을 의미하는 스페인 투우 용어 ‘모멘트 드 라 베르다드’의 영문인 모멘트 오브 트루스의 머리글자 입니다. 말 그대로 ‘진실의 순간’ 또는 ‘결정적 순간’이라는 의미입니다.","P","기업의 인상이 소비자에 미치는 영향을 설명해 주세요."
"2","MOT 마케팅에 대해 설명해 주세요.","소비자에게 있어 MOT는 제품 또는 서비스를 제공하는 조직과 어떤 형태로 접촉하든 발생하는데, 이런 결정적 순간들이 모여 소비자는 품질에 대한 만족도와 기업에 대한 이미지를 평가하게 됩니다. MOT 마케팅은 소비자들이 제품 또는 서비스에 접촉하게 되는 극히 짧은 시간 동안이라도 브랜드와 기업에 대한 좋은 인상을 가질 수 있도록 만드는 마케팅기법이라 할 수 있습니다.","P","소비자와 제품의 접촉이 무엇을 의미하는지 설명해 주세요."
"2","MOT 마케팅에 대해 설명해 주세요.","MOT 마케팅은 고객이 여러 번에 걸쳐 최상의 서비스를 경험했다 하더라도 단 한 번의 불만족스러움을 느낀다면 결국 전체 서비스에 대한 만족도를 0으로 만들어버린다는 곱셈의 법칙에 따라 고객과의 접점의 순간에서 최상의 서비스를 제공할 것을 강조합니다. 스웨덴의 마케팅 전문가인 리차드 노만이 처음 사용하였습니다.","P","곱셈의 법칙에 대해 설명해 주세요."
"2","MOT 마케팅에 대해 설명해 주세요.","소비자와 접촉하는 극히 짧은 순간들이 브랜드와 기업에 대한 인상을 좌우하는 극히 중요한 순간이라는 것을 강조하며 전개하는 마케팅입니다. MOT란 Moment of transaction의 약자로 구매가 일어나는 순간을 의미합니다.","F",""
"2","MOT 마케팅에 대해 설명해 주세요.","소비자에게 있어 MOT는 제품 또는 서비스를 제공하는 조직과 어떤 형태로 접촉하든 발생합니다. 이러한 순간에 소비자가 제품 또는 서비스에 대해 받는 인상은 품질에 대한 만족도 혹은 기업에 대한 이미지와 관련은 없지만, MOT 마케팅은 소비자들이 제품 또는 서비스에 접촉하게 되는 극히 짧은 시간 동안이라도 브랜드와 기업에 대한 좋은 인상을 가질 수 있도록 만드는 마케팅기법이라 할 수 있습니다.","F",""
"2","MOT 마케팅에 대해 설명해 주세요.","MOT 마케팅은 고객이 여러 번에 걸쳐 최상의 서비스를 경험했다 하더라도 단 한 번의 불만족스러움을 느낀다면 결국 전체 서비스에 대한 만족도를 0으로 만들어버린다는 곱셈의 법칙에 따라 고객과의 접점의 순간에서 최상의 서비스를 제공할 것을 강조합니다. 영국의 마케팅 전문가인 리차드 노만이 처음 사용하였습니다.","F",""
"1","원가우위전략에 대해 설명해 주세요.","미국 하버드대학교의 마이클 포터 교수가 제시한 기업의 경쟁전략 중 하나로, 낮은 원가로 재화 또는 서비스를 생산해 소비자들에게 타사보다 저렴한 가격에 제공함으로써 비교우위를 확보하는 전략입니다. 이 전략은 기업 운영의 효율화를 통해 제품의 원가를 시장의 최저치로 설정하여 경쟁사보다 낮은 가격으로 고객에게 어필하는 데 초점을 맞추고 있습니다.","P","원가를 시장의 최저치로 설정하기 위해 필요한 사항을 설명해 주세요."
"1","원가우위전략에 대해 설명해 주세요.","일반적으로 원가 우위를 확보하기 위해서는 대규모의 자본투자로 생산 공정을 자동화하여 인건비를 절감하거나 원가 절감에 유리한 원자재를 발굴하는 방법이 있습니다. 또한 규모의 경제를 활용하여 원가를 인하할 수가 있는데, 대형마트와 같은 유통업체가 대표적인 예 입니다.","P","규모의 경제에 대해 설명해 주세요."
"1","원가우위전략에 대해 설명해 주세요.","경쟁기업보다 낮은 원가로 재화 또는 용역을 생산하여 제공함으로써 경쟁자에 대해 비교우위를 확보하려는 전략입니다. 이 전략은 저원가를 무기로 원가선도기업으로 시장을 주도해 나갈 수 있으며, 특히 산업이 성숙기에 있을 때 가격경쟁이 시작되면 원가선도기업은 유리한 위치에 서게 됩니다.","P","산업의 성숙기에 대해 설명해 주세요."
"1","원가우위전략에 대해 설명해 주세요.","영국 이튼스쿨의 마이클 포터 교수가 제시한 기업의 경쟁전략 중 하나로, 낮은 원가로 재화 또는 서비스를 생산해 소비자들에게 타사보다 저렴한 가격에 제공함으로써 비교우위를 확보하는 전략입니다. 이 전략은 기업 운영의 효율화를 통해 제품의 원가를 시장의 최저치로 설정하여 경쟁사보다 낮은 가격으로 고객에게 어필하는 데 초점을 맞추고 있습니다.","F",""
"1","원가우위전략에 대해 설명해 주세요.","일반적으로 원가 우위를 확보하기 위해서는 대규모의 자본투자로 생산 공정을 수동화하여 인건비 예산을 확대하거나 원가 인상에 유리한 원자재를 발굴하는 방법이 있습니다. 또한 규모의 경제를 활용하여 원가를 인상할 수가 있는데, 소형마트와 같은 유통업체가 대표적인 예입니다.","F",""
"1","원가우위전략에 대해 설명해 주세요.","경쟁기업보다 높은 원가로 재화 또는 용역을 생산하여 제공함으로써 경쟁자에 대해 비교우위를 확보하려는 전략입니다. 이 전략은 고원가를 무기로 원가선도기업으로 시장을 주도해 나갈 수 있으며, 특히 산업이 성숙기에 있을 때 가격경쟁이 시작되면 원가선도기업은 유리한 위치에 서게 됩니다.","F",""
"2","스키밍 가격전략에 대해 설명해 주세요.","신제품을 시장에 처음 내놓을 때 진출가격을 고가로 책정한 후 점차적으로 가격을 내리는 전략으로 초기 고가 전략이라고도 합니다. 저가의 대체품들이 출시되기 전 빠른 시간 안에 초기 투자금을 회수하고 이익을 확보하기 위해 사용합니다. 초기 고가격에 제품을 사용할 의사가 있는 얼리 어답터들의 유보가격을 기준으로 제품을 출시한 뒤, 가격을 내려 소비자층을 확대하는 식으로 이윤을 극대화한다는 개념입니다.","P","얼리어답터에 대해 설명해 주세요."
"2","스키밍 가격전략에 대해 설명해 주세요.","시장이 가격에 민감하지 않을 때 유효한 전략이며 경쟁사가 모방이 어려울 정도로 해당 제품의 기술력이나 차별성이 뛰어날 경우, 혹은 브랜드 충성도가 있을 경우 이 전략이 적합합니다. 대표적인 예로 새로운 모델의 핸드폰을 출고할 때 처음에는 높은 가격을 책정하다가 점차적으로 가격을 인하하는 가격정책이 이에 해당합니다. 이와 대비되는 개념으로 침투가격전략이 있습니다.","P","브랜드 충성도가 기업에 미치는 영향을 설명해 주세요."
"2","스키밍 가격전략에 대해 설명해 주세요.","신제품을 시장에 처음 내놓을 때 진출가격을 저가로 책정한 후 점차적으로 가격을 올리는 전략으로 초기 저가 전략이라고도 합니다. 고가의 대체품들이 출시되기 전 빠른 시간 안에 초기 투자금을 회수하고 이익을 확보하기 위해 사용합니다. 초기 저가격에 제품을 사용할 의사가 있는 얼리 어답터들의 유보가격을 기준으로 제품을 출시한 뒤, 가격을 올려 소비자층을 가두는 식으로 이윤을 극대화한다는 개념입니다.","F",""
"2","스키밍 가격전략에 대해 설명해 주세요.","시장이 가격에 민감할 때 유효한 전략이며 경쟁사가 모방이 어려울 정도로 해당 제품의 기술력이나 차별성이 뛰어날 경우, 혹은 브랜드 충성도가 있을 경우 이 전략이 적합합니다. 대표적인 예로 새로운 모델의 핸드폰을 출고할 때 처음에는 높은 가격을 책정하다가 점차적으로 가격을 인하하는 가격정책이 이에 해당합니다. 이와 대비되는 개념으로 침투가격전략이 있습니다.","F",""
"1","수요예측에 대해 설명해 주세요.","산업 전체의 수요가 질적·양적으로 어떤 경향을 나타내고 어떤 상태에 있는가를 과거 및 현재의 자료를 기초로 하여 예측합니다. 기업의 성과 및 성장을 규정하는 주요인은 개개 기업이 제공하는 제품 및 서비스와 시장수요입니다. 따라서 제품이나 서비스의 개량·개발과 함께 시장수요의 변동을 정확하게 파악하는 일은 중요합니다.","P","시장수요를 파악하는 방안을 설명해 주세요."
"1","수요예측에 대해 설명해 주세요.","수요예측은 단지 일정기간에 있어서의 기업의 전제품 또는 한 제품의 매상 전망, 즉 개별기업의 범위 내에서의 예측에 국한하지 않고, 널리 다른 산업과의 관련, 경제 전체의 추세로까지 그 범위를 확대하는 것이 바람직합니다. 왜냐하면 수요예측은 현재로부터 장래에 걸친 기업활동을 위한 의사결정의 기초의 하나를 구성하기 때문입니다.","P","수요예측 시 경제 추세도 참고해야 하는 이유를 설명해 주세요."
"1","수요예측에 대해 설명해 주세요.","일반적으로 예측의 기술적 문제 때문에 외부 환경요인 및 수단적 요인의 현상을 주어진 것으로 하여 예측하는 경우가 많습니다. 따라서 이들 요인에 어떤 변동이 나타나면 예측값을 재검토하지 않으면 안 되며, 또 기업활동의 의사결정 결과를 분석·평가하는 경우에도 수요예측 단계까지 피드백되지 않으면 안 됩니다.","P","수요예측의 재검토가 중요한 이유를 설명해 주세요."
"1","수요예측에 대해 설명해 주세요.","산업 전체의 수요가 질적·양적으로 어떤 경향을 나타내고 어떤 상태에 있는가를 과거 및 현재의 자료를 기초로 하여 예측합니다. 기업의 성과 및 성장을 규정하는 주요인은 대개 기업이 제공하는 제품 및 서비스와 시장수요이지만, 제품이나 서비스의 개량·개발과 시장수요의 변동을 파악하는 일은 관련이 없습니다.","F",""
"1","수요예측에 대해 설명해 주세요.","수요예측은 현재로부터 장래에 걸친 기업활동을 위한 의사결정의 기초의 하나를 구성하나, 주로 일정기간에 있어서의 기업의 전제품 또는 한 제품의 매상 전망, 즉 개별기업의 범위 내에서의 예측에만 국한되며, 다른 산업과의 관련, 경제 전체의 추세로까지 그 범위를 확대하지는 않습니다.","F",""
"1","수요예측에 대해 설명해 주세요.","일반적으로 예측의 기술적 문제 때문에 외부 환경요인 및 수단적 요인의 현상을 주어진 것으로 하여 예측하는 경우가 많습니다. 따라서 이들 요인에 어떤 변동이 나타나면 예측값을 재검토하지 않으면 안되지만, 기업활동의 의사결정 결과를 분석·평가하는 경우에는 수요예측 단계를 피드백할 필요가 없습니다.","F",""
"1","플래그십 마케팅에 대해 설명해 주세요.","강력한 기업 인지도를 바탕으로 통합된 이미지를 앞세워 마케팅을 하는 토털브랜드 기법과 반대되는 개념입니다. 다국적기업이나 대기업 등 초일류 이미지를 가지고 있는 회사와 정면대결을 피하기 위해 후발 군소업체들이 주로 사용하는 마케팅 전략으로, 시장에서 성공을 거둔 특정 브랜드를 대표로 내세워 이 브랜드를 중심으로 마케팅 활동을 집중하는 것을 말합니다.","P","군소업체들이 플래그십 마케팅을 사용하는 이유를 설명해 주세요."
"1","플래그십 마케팅에 대해 설명해 주세요.","한 회사에서 여러 브랜드를 시장에 출시한 뒤, 그 가운데서 가장 인기를 끈 특정 브랜드를 중심으로 판촉활동을 집중하고, 이 브랜드에 대한 소비자들의 긍정적인 이미지를 다른 관련 상품으로 확대 전파함으로써, 결과적으로는 전체 상품의 매출을 극대화하는 데 목적이 있습니다.","P","인기를 끈 특정 브랜드가 전체상품 매출에 미치는 영향을 설명해 주세요."
"1","플래그십 마케팅에 대해 설명해 주세요.","강력한 기업 인지도를 바탕으로 통합된 이미지를 앞세워 마케팅을 하는 토털브랜드 기법과 유사한 개념입니다. 다국적기업이나 대기업 등 초일류 이미지를 가지고 있는 회사와 정면대결을 피하기 위해 후발 군소업체들이 주로 사용하는 마케팅 전략으로, 시장에서 성공을 거둔 특정 브랜드를 대표로 내세워 이 브랜드를 중심으로 마케팅 활동을 집중하는 것을 말합니다.","F",""
"1","플래그십 마케팅에 대해 설명해 주세요.","한 회사에서 여러 브랜드를 시장에 출시한 뒤, 그 가운데서 가장 인기를 끈 특정 브랜드를 중심으로 판촉활동을 집중하고, 이 브랜드에 대한 소비자들의 긍정적인 이미지를 확보한 후 해당 브랜드에 모든 마케팅 자원을 투입하는 것입니다.","F",""
"2","게릴라 마케팅에 대해 설명해 주세요.","잠재적 고객이 많이 모여 있는 장소에 마치 게릴라가 적을 기습공격하듯이 갑자기 나타나 상품을 선전하거나 판매를 촉진하기 위한 행위를 펼치는 것입니다. 대개 후발 기업이 시장 경쟁력을 확보하기 위하여 선발 기업들이 진입하지 않은 틈새시장을 공략하거나 적은 비용으로 고객에게 밀착한 마케팅을 펼치기 위한 방법으로 이용됩니다.","P","틈새시장에 대해 설명해 주세요."
"2","게릴라 마케팅에 대해 설명해 주세요.","세부적으로 스텔스마케팅이나 래디컬마케팅, 앰부시마케팅 등도 모두 게릴라마케팅 전략의 일환입니다. 스텔스마케팅이란 마치 레이더에 포착되지 않는 스텔스기처럼 소비자의 생활 속에 파고들어 그들이 알아채지 못하는 사이에 제품을 홍보하는 기법입니다. 예컨대 지하철 안에서 홍보요원들이 제품에 관한 이야기를 자연스럽게 나눔으로써 듣는 사람들로 하여금 은연중에 구매욕구를 일으키도록 하는 방식으로 이루어집니다.","P","구매욕구를 자연스럽게 일으킬 수 있는 마케팅 방안에 대해 설명해 주세요."
"2","게릴라 마케팅에 대해 설명해 주세요.","래디컬마케팅은 일반적인 시장조사에 의존하지 않고 고객들이 있는 현장에 뛰어들어 연대감을 구축함으로써 장기적인 효과를 노리는 전략입니다. 앰부시마케팅은 게릴라의 매복 공격을 활용한 것으로, 예컨대 어떤 이벤트와 관련하여 공식적으로는 권리가 없지만 교묘하게 규제를 피하여 마치 공식 스폰서인 것처럼 포장함으로써 성과를 올리는 기법입니다.","P","공식 스폰서의 혜택에 대해 설명해 주세요."
"2","게릴라 마케팅에 대해 설명해 주세요.","잠재적 고객이 많이 모여 있는 장소에 마치 게릴라가 적을 기습공격하듯이 갑자기 나타나 상품을 선전하거나 판매를 촉진하기 위한 행위를 펼치는 것입니다. 대개 후발 기업이 시장 경쟁력을 확보하기 위하여 선발 기업들이 진입하지 않은 틈새시장을 공략하거나 비용이 많이 들어도 고객에게 밀착한 마케팅을 펼치기 위한 방법으로 이용됩니다.","F",""
"2","게릴라 마케팅에 대해 설명해 주세요.","스텔스마케팅이나 래디컬마케팅, 앰부시마케팅 등과는 전혀 다른 개념입니다. 게릴라 마케팅이란 마치 레이더에 포착되지 않는 스텔스기처럼 소비자의 생활 속에 파고들어 그들이 알아채지 못하는 사이에 제품을 홍보하는 기법입니다. 예컨대 지하철 안에서 홍보요원들이 제품에 관한 이야기를 자연스럽게 나눔으로써 듣는 사람들로 하여금 은연중에 구매욕구를 일으키도록 하는 방식으로 이루어집니다.","F",""
"2","게릴라 마케팅에 대해 설명해 주세요.","래디컬마케팅은 일반적인 시장조사에 의존하지 않고 고객들이 있는 현장에 뛰어들어 연대감을 구축함으로써 단기적인 효과를 노리는 전략입니다. 앰부시마케팅은 게릴라의 매복 공격을 활용한 것으로, 예컨대 어떤 이벤트와 관련하여 공식적으로는 권리가 없지만 교묘하게 규제를 피하여 마치 공식 스폰서인 것처럼 포장함으로써 성과를 올리는 기법입니다.","F",""
"2","시장매력도에 대해 설명해 주세요.","기업들이 시장에 진출한 경우 얻을 수 있는 잠재적 이익의 평균 크기를 말하는 것으로 기업이 새로운 산업에 진출을 고려하기 위한 개념으로 활용합니다. 평가 요소는 외형적 요인과 구조적 요인, 환경적 요인 세 가지로 나뉩니다. 환경적 요인은 기업이 내부적으로 통제 불가능한 요인으로서 인구통계나 제도·법률환경 등이 이에 해당합니다.","P","외형적 요인에 대해 설명해 주세요."
"2","시장매력도에 대해 설명해 주세요.","외형적 요인은 현재의 시장 규모, 시장 내에서 달성할 수 있는 최대 매출액을 나타내는 시장 잠재력, 성장률, 판매량 주기, 시장에 참여하고 있는 기업들의 실적 등이 있습니다. 구조적 요인에서는 마이클 포터 교수가 제안한 산업구조분석모형이 사용되는데, 여기에는 잠재적 진입자의 위협과 구매자 교섭력, 공급자 교섭력, 대체재의 위협, 시장 내 경쟁 분석이 있습니다.","P","공급자 교섭력에 대해 설명해 주세요."
"2","시장매력도에 대해 설명해 주세요.","기업은 세 요인을 고려할 때 기업이 처한 상황에 따라 가중치를 달리 부여하며 시장매력도를 평가합니다. 예를 들어, 제도나 법률적 이슈에 민감한 제약산업의 경우 환경적 요인에 높은 가중치를 두고 시장매력도를 평가하고 시장에 진출한지를 판단할 수 있습니다.","P","제약산업이 제도에 민감한 이유를 설명해 주세요."
"2","시장매력도에 대해 설명해 주세요.","기업들이 시장에 진출한 경우 얻을 수 있는 잠재적 이익의 최대 크기를 말하는 것으로 기업이 새로운 산업에 진출을 고려하기 위한 개념으로 활용합니다. 평가 요소는 외형적 요인과 구조적 요인, 환경적 요인 세 가지로 나뉩니다. 환경적 요인은 기업이 내부적으로 통제 불가능한 요인으로서 인구통계나 제도·법률환경 등이 이에 해당합니다.","F",""
"2","시장매력도에 대해 설명해 주세요.","외형적 요인은 잠재적 진입자의 위협과 구매자 교섭력, 공급자 교섭력, 대체재의 위협, 시장 내 경쟁 분석 등이 있습니다. 구조적 요인에서는 마이클 포터 교수가 제안한 산업구조분석모형이 사용되는데, 여기에는 현재의 시장 규모, 시장 내에서 달성할 수 있는 최대 매출액을 나타내는 시장 잠재력, 성장률, 판매량 주기, 시장에 참여하고 있는 기업들의 실적있습니다.","F",""
"2","시장매력도에 대해 설명해 주세요.","기업은 세 요인을 고려할 때 기업이 처한 상황에 따라 가중치를 달리 부여하며 시장매력도를 평가합니다. 예를 들어, 제도나 법률적 이슈에 민감한 제약산업의 경우 환경적 요인에 적은 가중치를 두고 시장매력도를 평가하고 시장에 진출한지를 판단할 수 있습니다.","F",""
"2","테스트모니얼 마케팅에 대해 설명해 주세요.","제품 사용자의 체험을 통해 일반 소비자의 공감을 이끌어내는 마케팅 기법입니다. 테스트모니얼이란 ‘호감의 표현’ 또는 ‘추천장’이라는 의미를 가지고 있습니다. 제품의 특징이나 장점을 부각하여 나열하는 식이 아니라 소비자가 제품을 직접 사용한 후 체험담을 들려주는 형식으로 이루어지는 마케팅입니다.","P","다른 소비자의 공감이 잠재고객에게 미치는 영향을 설명해 주세요."
"2","테스트모니얼 마케팅에 대해 설명해 주세요.","사용자의 경험담을 통해 제품에 대한 정보를 전달함으로써 신뢰감과 친근감을 쉽게 형성할 수 있다는 장점이 있습니다. 유명인들이 모델로 등장하기도 하지만 소비자들은 자신들과 동일한 위치에 있는 이들이 소개하는 정보를 더 가치 있게 받아들이는 경향이 있기 때문에 일반인을 모델로 등용하는 경우가 많습니다.","P","일반인 모델을 등용하는 이유를 설명해 주세요."
"2","테스트모니얼 마케팅에 대해 설명해 주세요.","제품 사용자의 체험을 통해 일반 소비자의 공감을 이끌어내는 마케팅 기법입니다. 테스트모니얼이란 ‘호감의 표현’ 또는 ‘추천장’이라는 의미를 가지고 있습니다.  제품 개발자가 제품을 직접 사용한 후 제품의 특징이나 장점을 부각하여 들려주는 형식으로 이루어지는 마케팅입니다.","F",""
"2","테스트모니얼 마케팅에 대해 설명해 주세요.","사용자의 경험담을 통해 제품에 대한 정보를 전달함으로써 신뢰감과 친근감을 쉽게 형성할 수 있다는 장점이 있습니다. 일반인들이 모델로 등장하기도 하지만 소비자들은 유명인들이 소개하는 정보를 더 가치 있게 받아들이는 경향이 있기 때문에 유명인을 모델로 등용하는 경우가 많습니다.","F",""
"1","하이브리드 마케팅에 대해 설명해 주세요.","이종 업종의 기업과 협력하여 마케팅을 펼침으로써 브랜드 가치 제고 및 판촉 효과, 마케팅 비용절감 효과를 동시에 얻는 마케팅 기법입니다. 하이브리드란 두 가지 이상의 요소가 하나로 융합하여 새로운 부가가치를 창출한다는 의미를 가지고 있는 말입니다. 자동차를 구매한 고객에 한해 특정 IT 기기를 할인가로 판매하는 경우가 해당합니다.","P","브랜드 가치제고가 의미하는 것을 설명해 주세요."
"1","하이브리드 마케팅에 대해 설명해 주세요.","업종이 다른 기업들의 제휴를 통해 전개되는 하이브리드 마케팅은 동일한 타깃 고객들을 함께 공략하는 만큼 마케팅 비용을 줄일 수 있을 뿐 아니라 신선한 결합으로 인해 소비자의 흥미를 불러일으키는 효과를 발휘합니다. 산업간의 융합이 이루어지는 시대를 맞아 기업의 생존을 위해 상호협력하고, 고객의 다변화된 니즈 변화를 수용하는 전략으로서 공동마케팅의 일종인 하이브리드 마케팅의 비중이 늘어날 것으로 예측됩니다.","P","고객의 다변화된 니즈를 파악하기 위한 방법을 설명해 주세요."
"1","하이브리드 마케팅에 대해 설명해 주세요.","예를 들면 노트북이나 디지털카메라 업체의 전용백 또는 패키지를 유명 패션 브랜드와 제휴하여 만듦으로써 고객들의 감성과 구매욕을 자극하거나, 김치냉장고를 생산하는 업체가 김치공장 견학장에 자사의 제품을 전시하고 게임의 배경 속 한 장면에 업체의 매장 간판을 삽입하여 홍보하는 식입니다.","P","패션브랜드와의 협업 마케팅의 목적을 설명해 주세요."
"1","하이브리드 마케팅에 대해 설명해 주세요.","같은 업종의 기업과 협력하여 마케팅을 펼침으로써 브랜드 가치 제고 및 판촉 효과, 마케팅 비용절감 효과를 동시에 얻는 마케팅 기법입니다. 하이브리드란 두 가지 이상의 요소가 하나로 융합하여 새로운 부가가치를 창출한다는 의미를 가지고 있는 말입니다. 자동차를 구매한 고객에 한해 특정 IT 기기를 할인가로 판매하는 경우가 해당합니다.","F",""
"1","하이브리드 마케팅에 대해 설명해 주세요.","업종이 같은 기업들의 제휴를 통해 전개되는 하이브리드 마케팅은 동일한 타깃 고객들을 함께 공략하는 만큼 마케팅 비용을 줄일 수 있을 뿐 아니라 신선한 결합으로 인해 소비자의 흥미를 불러일으키는 효과를 발휘합니다. 브랜드 간의 융합이 이루어지는 시대를 맞아 기업의 생존을 위해 상호협력하고, 고객의 다변화된 니즈 변화를 수용하는 전략으로서 공동마케팅의 일종인 하이브리드 마케팅의 비중이 늘어날 것으로 예측됩니다.","F",""
"1","하이브리드 마케팅에 대해 설명해 주세요.","하이브리드 마케팅이란 원재료의 획득에서 최종제품의 생산,판매에 이르는 전체적인 공급과정에서 기업이 이 일정 부분을 통제하는 전략으로 전방통합과 후방통합의 두 가지로 구분할 수 있습니다다. ","F",""
"2","제품포트폴리오관리에 대해 설명해 주세요.","전략적 강점을 지닌 특정 사업 혹은 제품에 대한 지원을 결정하기 위한 전략을 포트폴리오 전략이라 하며, 분석을 위한 대표적 모델 중 하나가 제품포트폴리오관리 입니다. PPM은 전략적 강점과 약점을 분석하기 위한 요인으로 성장률과 점유율이라는 두 개의 축을 이용합니다.","P","PPM 분석 시 성장률을 기준으로 하는 이유를 설명해 주세요."
"2","제품포트폴리오관리에 대해 설명해 주세요.","PPM은 다수의 사업 혹은 제품을 가진 기업의 전략적 강약점 분석을 위해 성장률과 시장점유율이라는 두 개의 분석요인을 가진 도표를 사용하여, 그 기업이 가진 사업 혹은 제품을 두 분석요인에 따라 분류하고 적절한 자원배분을 위한 대응전략을 취할 수 있도록 해주는 기법으로 Boston Consulting Group이 개발했습니다.","P","PPM을 통해 얻고자 하는 자원배분이 무엇을 의미하는지 설명해 주세요."
"2","제품포트폴리오관리에 대해 설명해 주세요.","전략적 강점을 지닌 특정 사업 혹은 제품에 대한 지원을 결정하기 위한 전략을 포트폴리오 전략이라 하며, 분석을 위한 대표적 모델 중 하나가 제품포트폴리오관리 입니다. PPM은 전략적 강점과 약점을 분석하기 위한 요인으로 성장률만을 고려합니다.","F",""
"2","제품포트폴리오관리에 대해 설명해 주세요.","PPM은 한 개의 사업 혹은 제품만을 보유한 기업의 전략적 강약점 분석을 위해 성장률과 시장점유율이라는 두 개의 분석요인을 가진 도표를 사용하여, 그 기업이 가진 사업 혹은 제품을 두 분석요인에 따라 분류하고 적절한 자원배분을 위한 대응전략을 취할 수 있도록 해주는 기법으로 Boston Consulting Group이 개발했습니다.","F",""
"2","브랜드 계층 구조에 대해 설명해 주세요.","기업의 브랜드 포트폴리오에서 가장 먼저 해야 할 일은 자사 브랜드의 계층 구조를 명확히 하는 것입니다. 브랜드의 계층 구조에는 다양한 형태가 있습니다. 브랜드 포트폴리오 전략에서 중요한 것은 브랜드 계층 구조에 따라 기업의 브랜드들이 어떠한 계층에 있고, 각 브랜드의 의사결정자는 누구인가를 명확히 규정하는 것입니다.","P","브랜드의 의사결정자에 대해 설명해 주세요."
"2","브랜드 계층 구조에 대해 설명해 주세요.","일반적으로 브랜드 계층은 기업 브랜드, 사업 브랜드, 패밀리 브랜드, 개별 브랜드 등 네 개 계층으로 구분합니다. 이것은 기업의 브랜드들이 어떠한 계층 구조에 있는가를 파악하는 것과 브랜드 의사결정의 수준을 규정하는 것입니다. 이들 브랜드 계층은 업종이나 사업 구조에 따라 다르게 구분할 수 있습니다.","P","패밀리 브랜드에 대해 설명해 주세요."
"2","브랜드 계층 구조에 대해 설명해 주세요.","고객 커뮤니케이션을 어떠한 브랜드로 할 것인지는 기업이나 브랜드의 상황에 따라 다릅니다. 소비재 브랜드가 아니라 하더라도 브랜드 인지도와 브랜드 이미지는 중요합니다. 인텔은 컴퓨터 브랜드와 공동 브랜딩, ‘인텔 인사이드 캠페인’을 통해 강력한 브랜드 자산 가치를 이끌었습니다. ","P","인텔의 브랜드 계층구조를 설명해 주세요."
"2","브랜드 계층 구조에 대해 설명해 주세요.","기업의 브랜드 포트폴리오에서 가장 먼저 해야 할 일은 자사 브랜드의 계층 구조를 명확히 하는 것입니다. 브랜드의 계층 구조에는 다양한 형태가 있습니다. 브랜드 포트폴리오 전략에서 중요한 것은 브랜드 계층 구조에 따라 기업의 브랜드들이 어떠한 계층에 있는지이며, 각 브랜드의 의사결정자가 누구인가를 명확히 규정하는 일은 필요치않습니다. ","F",""
"2","브랜드 계층 구조에 대해 설명해 주세요.","일반적으로 브랜드 계층은 기업 브랜드, 사업 브랜드, 패밀리 브랜드, 개별 브랜드 등 네 개 계층으로 구분합니다. 이것은 기업의 브랜드들이 어떠한 계층 구조에 있는가를 파악하는 것과 브랜드 의사결정의 수준을 규정하는 것입니다. 이들 브랜드 계층은 업종이나 사업 구조가 달라도 동일합니다.","F",""
"2","브랜드 계층 구조에 대해 설명해 주세요.","고객 커뮤니케이션을 어떠한 브랜드로 할 것인지는 기업이나 브랜드의 상황에 따라 다릅니다. 브랜드 인지도와 브랜드 이미지는 소비재 브랜드인 경우에만 중요합니다. 인텔은 컴퓨터 브랜드와 공동 브랜딩, ‘인텔 인사이드 캠페인’을 통해 강력한 브랜드 자산 가치를 이끌었습니다. ","F",""
"1"," 기업 브랜드, 사업 브랜드, 패밀리 브랜드에 대해 설명해 주세요.","기업 브랜드는 기업 제품이나 서비스에 대해 공통적으로 부여되는 브랜드입니다. 일반적으로 기업명이 사용되지만, 영문 사명의 머리문자가 사용된다든지, 팻 네임이나 애칭이 사용되는 경우도 있습니다. 기업 브랜드에 관한 의사결정은 최고경영자에게 있습니다. 최고경영자의 판단에 의해 초기 방향성이 결정된다는 점에 유의할 필요가 있습니다.","P","팩 네임에 대해 설명해 주세요."
"1"," 기업 브랜드, 사업 브랜드, 패밀리 브랜드에 대해 설명해 주세요.","사업 브랜드는 모회사에서 각 사업 부문으로 분리하여 관리하는 것이 가능합니다. 사업 브랜드는 기업 브랜드와 관계를 고려하여 상대적으로 위치를 정립할 필요가 있습니다. GM의 경우, GM은 기업 브랜드이며, GM에서 생산하는 오펠, 폰티악, 캐딜락 등은 독립된 사업 전개를 하고 있어 각각의 사업 브랜드가 됩니다.","P","GM의 브랜드 계층구조를 설명해 주세요."
"1"," 기업 브랜드, 사업 브랜드, 패밀리 브랜드에 대해 설명해 주세요.","패밀리 브랜드는 복수의 카테고리에 소속된 제품이나 서비스군에 대해 공통적으로 사용하는 브랜드입니다. 대부분의 경우 개별 브랜드가 다른 카테고리로 확장되어 패밀리 브랜드가 되는 경우가 많습니다. 패밀리 브랜드가 하나의 사업 단위로서 승격된 경우는 사업 브랜드로 자리 잡습니다.","P","패밀리 브랜드와 사업 브랜드의 관계를 설명해 주세요."
"1"," 기업 브랜드, 사업 브랜드, 패밀리 브랜드에 대해 설명해 주세요.","기업 브랜드는 기업의 제품이나 서비스에 대해 각각 개별적으로 부여되는 브랜드입니다. 일반적으로 기업명이 사용되지만, 영문 사명의 머리문자가 사용된다든지, 팻 네임이나 애칭이 사용되는 경우도 있습니다. 기업 브랜드에 관한 의사결정은 주주에게 있습니다. 주주의 판단에 의해 초기 방향성이 결정된다는 점에 유의할 필요가 있습니다.","F",""
"1"," 기업 브랜드, 사업 브랜드, 패밀리 브랜드에 대해 설명해 주세요.","사업 브랜드는 모회사에서 각 사업 부문으로 분리하여 관리하는 것이 가능합니다. 그렇기때문에 사업 브랜드는 기업 브랜드와의 관계를 고려하지 않고 위치를 정립하는 것이 바람직합니다. GM의 경우, GM은 기업 브랜드이며, GM에서 생산하는 오펠, 폰티악, 캐딜락 등은 독립된 사업 전개를 하고 있어 각각의 사업 브랜드가 됩니다.","F",""
"1"," 기업 브랜드, 사업 브랜드, 패밀리 브랜드에 대해 설명해 주세요.","패밀리 브랜드는 한 카테고리에 소속된 제품이나 서비스군에 대해 공통적으로 사용하는 브랜드입니다.  패밀리 브랜드가 하나의 사업 단위로서 승격된 경우는 기업 브랜드로 자리 잡습니다.","F",""
"1","브랜드에 대해 설명해 주세요.","브랜드는 일반적으로 제품이나 서비스를 판매하거나 제조하는 모든 것들을 포함합니다. 제품이나 서비스뿐만 아니라 국가, 도시, 사람 등 브랜드의 적용 범위는 매우 넓습니다. 트레이드 마크로서 브랜드는 판매자가 상품이나 서비스를 경쟁사의 것과 차별화하기 위해 사용하는 독특한 이름이나 상징물을 의미합니다.","P","트레이드 마크의 기능에 대해 설명해 주세요."
"1","브랜드에 대해 설명해 주세요.","마케팅의 새로운 틀로서 브랜드는 제품이나 제품의 외형적인 표시 그 이상의 의미를 갖습니다. 제품의 속성뿐만 아니라, 품질과 가치, 편익, 적용 범위 등 제품과 관련된 특징 이상의 개념입니다. 모든 브랜드는 제조업체가 생산하는 제품을 포함하지만 소비자가 제품에 그 이상의 의미를 부여하지 않는 한, 모든 제품이 브랜드가 되는 것은 아닙니다.","P","소비자와 브랜드의 관계를 설명해 주세요."
"1","브랜드에 대해 설명해 주세요.","기업이 제품을 생산, 디자인하고 이름, 로고, 상징 등 외형적 표시를 만드는 것은 브랜드의 출발점입니다. 브랜드는 제품의 외형적 표시를 비롯한 다양한 채널을 통해 소비자와 감각적이며 정서적인 교류를 합니다. 브랜드는 하나의 라이프스타일이 되어 소비자의 생활 속 깊이 자리 잡습니다.","P","로고의 예제를 설명해 주세요."
"1","브랜드에 대해 설명해 주세요.","브랜드는 일반적으로 제품이나 서비스를 판매하거나 제조하는 모든 것들을 포함합니다. 브랜드의 적용 범위는 오직 제품과 서비스에 국한됩니다. 트레이드 마크로서 브랜드는 판매자가 상품이나 서비스를 경쟁사의 것과 차별화하기 위해 사용하는 독특한 이름이나 상징물을 의미합니다.","F",""
"1","브랜드에 대해 설명해 주세요.","마케팅의 새로운 틀로서 브랜드는 제품이나 제품의 외형적인 표시 그 이상의 의미를 갖습니다. 제품의 속성뿐만 아니라, 품질과 가치, 편익, 적용 범위 등 제품과 관련된 특징 이상의 개념입니다. 모든 브랜드는 제조업체가 생산하는 제품을 포함하며 소비자가 제품에 그 이상의 의미를 부여하지 않아도, 모든 제품이 브랜드가 됩니다.","F",""
"1","브랜드에 대해 설명해 주세요.","기업이 제품을 생산, 디자인하고 이름, 로고, 상징 등 외형적 표시를 만드는 것은 브랜드의 출발점입니다. 브랜드는 제품의 외형적 표시를 비롯한 다양한 채널을 통해 소비자와 물리적이고 이성적인 교류를 합니다. 브랜드는 소비자의 라이프스타일과는 관련이 없습니다.","F",""
"1","브랜드 커뮤니케이션에 대해 설명해 주세요.","기업은 소비자와 커뮤니케이션하기 위해 브랜드가 필요합니다. 브랜드는 커뮤니케이션을 통해 소비자에게 제품 이상의 특별한 의미가 됩니다. 기업은 브랜드 커뮤니케이션을 통해 소비자와 관계를 맺습니다. 브랜드와 소비자의 관계가 강하면 강할수록 브랜드의 가치와 파워는 커집니다.","P","브랜드 파워를 측정하는 객관적 지표를 설명해 주세요."
"1","브랜드 커뮤니케이션에 대해 설명해 주세요.","커뮤니케이션은 송신자가 수신자에게 채널을 통해 메시지를 전달하는 과정입니다. 이 과정에서 소음이 발생하며, 수신자는 송신자에게 피드백합니다. 브랜드 커뮤니케이션에서 송신자는 기업, 수신자는 소비자입니다. 이때 메시지는 브랜드의 의미 또는 가치이며, 채널은 소비자가 브랜드를 경험할 수 있는 다양한 경로가 됩니다.","P","커뮤니케이션에서 발생하는 소음에 대해 설명해 주세요."
"1","브랜드 커뮤니케이션에 대해 설명해 주세요.","브랜드 커뮤니케이션에서도 경쟁 브랜드의 광고, 주변인의 평가, 관련 기사 등 시장, 경쟁, 소비자 상황에서 소음이 발생할 수 있습니다. 소비자는 브랜드 평판으로 기업에 피드백합니다. 기업은 브랜드 커뮤니케이션을 통해 브랜드 가치 또는 파워를 형성함으로써 브랜드 자산 가치를 높입니다.","P","소비자가 전달하는 피드백에 대해 설명해 주세요."
"1","브랜드 커뮤니케이션에 대해 설명해 주세요.","기업은 소비자와 커뮤니케이션하기 위해 브랜드가 필요합니다. 브랜드는 커뮤니케이션을 통해 소비자에게 제품 이상의 특별한 의미가 됩니다. 기업은 브랜드 커뮤니케이션을 통해 소비자와 관계를 맺습니다. 브랜드와 소비자의 관계가 강하면 강할수록 브랜드의 가치와 파워는 작아집니다.","F",""
"1","브랜드 커뮤니케이션에 대해 설명해 주세요.","커뮤니케이션은 송신자가 수신자에게 채널을 통해 메시지를 전달하는 과정입니다. 이 과정에서 소음이 발생하며, 수신자는 송신자에게 피드백합니다. 브랜드 커뮤니케이션에서 송신자는 소비자, 수신자는 기업입니다. 이때 메시지는 브랜드의 의미 또는 가치이며, 채널은 소비자가 브랜드를 경험할 수 있는 다양한 경로가 됩니다.","F",""
"1","브랜드 커뮤니케이션에 대해 설명해 주세요.","브랜드 커뮤니케이션에서도 경쟁 브랜드의 광고, 주변인의 평가, 관련 기사 등 시장, 경쟁, 소비자 상황에서 소음이 발생할 수 있습니다. 소비자는 브랜드 평판으로 기업에 피드백합니다. 하지만 브랜드의 자산 가치와 브랜드 커뮤니케이션을 통해 형성한 브랜드 가치 또는 브랜드 파워는 관련이 없습니다.","F",""
"2","브랜드의 자산 가치에 대해 설명해 주세요.","브랜드 자산의 사전적 의미는 브랜드의 이름, 상징과 관련하여 형성된 자산의 총액에서 부채를 뺀 것입니다. 브랜드 자산 가치란 제품에 브랜드를 붙임으로써 추가되는 가치입니다. 브랜드 자산 가치는 브랜드가 없을 경우보다 더 높은 매출액과 마진을 보장하며, 경쟁자에 비해 강력하고 지속적이며 차별적인 우위를 소비자, 유통 경로, 참가자 그리고 기업에 제공하는 집합체라고 정의합니다.","P","브랜드 자산과 매출액의 관계를 설명해 주세요."
"2","브랜드의 자산 가치에 대해 설명해 주세요.","전통적인 재무 관점에서 브랜드 자산 가치는 낮게 평가되었지만, 브랜드의 잠재적·미래적 자산 가치에 대한 새로운 관점은 브랜드 자산 가치의 개념을 구체화 했습니다. 브랜드 자산 가치는 브랜드 파워를 강화할 수 있는 경영진의 능력에서 비롯되는 재정적 결과물입니다.","P","브랜드 자산 가치를 재정적 결과물이라고 일컫는 이유를 설명해 주세요."
"2","브랜드의 자산 가치에 대해 설명해 주세요.","브랜드의 자산 가치는 기업의 인수·합병에서뿐만 아니라 기업의 마케팅 효율성 차원에서도 나타납니다. 브랜드 자산 가치가 큰 브랜드는 프리미엄 가격 책정, 판촉에 대한 낮은 의존도, 브랜드 라이선싱에 의한 수입 등으로 수익성을 높여 기업 이윤을 창출합니다.","P","브랜드 라이선싱에 대해 설명해 주세요."
"2","브랜드의 자산 가치에 대해 설명해 주세요.","브랜드 자산의 사전적 의미는 브랜드의 이름, 상징과 관련하여 형성된 자산의 총액에서 부채를 뺀 것입니다. 브랜드 자산 가치란 제품에 브랜드를 붙임으로써 감소되는 가치입니다. 브랜드 자산 가치는 브랜드가 없을 경우보다 더 적은 매출액과 마진을 보장합니다.","F",""
"2","브랜드의 자산 가치에 대해 설명해 주세요.","전통적인 재무 관점에서 브랜드 자산 가치는 낮게 평가되었지만, 브랜드의 잠재적·미래적 자산 가치에 대한 새로운 관점은 브랜드 자산 가치의 개념을 구체화 했습니다. 브랜드 자산 가치는 브랜드 파워를 강화할 수 있는 주주의 능력에서 비롯되는 재정적 결과물입니다.","F",""
"2","브랜드의 자산 가치에 대해 설명해 주세요.","브랜드의 자산 가치는 기업의 인수·합병에서뿐만 아니라 기업의 마케팅 효율성 차원에서도 나타납니다. 브랜드 자산 가치가 작은 브랜드는 프리미엄 가격 책정, 판촉에 대한 낮은 의존도, 브랜드 라이선싱에 의한 수입 등으로 수익성을 높여 기업 이윤을 창출합니다.","F",""
"2","브랜드 아이덴티티에 대해 설명해 주세요.","브랜드 아이덴티티는 기업이 고객들로부터 자사 브랜드에 대해 기대하는 연상들입니다. 브랜드 아이덴티티를 수립한다는 것은 소비자에게 자사 브랜드에 대하여 궁극적으로 어떤 이미지를 각인시킬 것인가를 결정하는 것입니다. 이것은 브랜드에 대한 장기적인 비전을 수립하는 것입니다.","P","브랜드의 장기적 비전 설정의 중요성을 설명해 주세요."
"2","브랜드 아이덴티티에 대해 설명해 주세요.","브랜드 커뮤니케이션에서 기업의 커뮤니케이션 메시지인 브랜드 아이덴티티는 수신자인 소비자에게 브랜드 이미지로 수용됩니다. 브랜드 아이덴티티는 브랜드 전략가가 창조·유지하고자 하는 브랜드 연상 이미지의 묶음입니다. 브랜드 아이덴티티는 브랜드 구축에 필요한 모든 커뮤니케이션 노력을 주도하기 때문에 내용이 깊고 풍부해야 합니다.","P","브랜드 아이덴티티가 브랜드 이미지에 미치는 영향을 설명해 주세요."
"2","브랜드 아이덴티티에 대해 설명해 주세요.","브랜드 아이덴티티는 명확하며 구체적이어야 합니다. 만약 브랜드 아이덴티티가 명확하지 않다면, 소비자에게 혼란스러운 메시지를 전달하는 실수를 범하거나 단편적인 결과만을 초래할 뿐입니다. 브랜드 아이덴티티가 지나치게 간결하다거나 브랜드 커뮤니케이션이 일관성을 상실한다면, 브랜드 이미지의 누적적 자산은 얻을 수 없습니다.","P","브랜드 아이덴티티가 구체적이어야 한다는 의미를 설명해 주세요."
"2","브랜드 아이덴티티에 대해 설명해 주세요.","브랜드 아이덴티티는 기업이 고객들로부터 자사 브랜드에 대해 기대하는 연상들입니다. 브랜드 아이덴티티를 수립한다는 것은 소비자에게 자사 브랜드에 대하여 궁극적으로 어떤 이미지를 각인시킬 것인가를 결정하는 것입니다. 이것은 브랜드에 대한 단기적인 비전을 수립하는 것입니다.","F",""
"2","브랜드 아이덴티티에 대해 설명해 주세요.","브랜드 커뮤니케이션에서 기업의 커뮤니케이션 메시지인 브랜드 아이덴티티는 수신자인 소비자에게 브랜드 이미지로 수용됩니다. 브랜드 아이덴티티는 브랜드 전략가가 창조·유지하고자 하는 브랜드 연상 이미지의 묶음입니다. 브랜드 아이덴티티는 브랜드 구축에 필요한 모든 커뮤니케이션 노력을 주도하기 때문에 내용이 적고 단순해야합니다.","F",""
"2","브랜드 아이덴티티에 대해 설명해 주세요.","브랜드 아이덴티티는 길고 장황해야 합니다. 만약 브랜드 아이덴티티에 대해 양적으로 충분한 설명이 없다면, 소비자에게 혼란스러운 메시지를 전달하는 실수를 범하거나 단편적인 결과만을 초래할 뿐입니다. 브랜드 아이덴티티가 지나치게 간결하다거나 브랜드 커뮤니케이션이 일관성을 상실한다면, 브랜드 이미지의 누적적 자산은 얻을 수 없습니다.","F",""
"2","브랜드 관리의 원칙에 대해 설명해 주세요.","브랜드 관리의 초점은 소비자와의 관계 유지에 있습니다. 브랜드와 소비자의 관계는 지속적인 브랜드 커뮤니케이션에 의해 유지됩니다. 따라서 기업은 브랜드 커뮤니케이션을 위한 지원을 아끼지 말아야 합니다. 브랜드 커뮤니케이션의 메시지는 외부 고객인 소비자뿐만 아니라 내부 고객인 종업원들도 타깃으로 고려해야 합니다.","P","브랜드 커뮤니케이션을 내부 고객과도 해야 하는 이유를 설명해 주세요."
"2","브랜드 관리의 원칙에 대해 설명해 주세요.","브랜드 커뮤니케이션은 소비자와의 연관성을 고려하며, 소비자 니즈의 변화에 따라 발전시킵니다. 이를 위해서 브랜드 관리는 정기적인 브랜드 평가를 필요로 합니다. 기업은 브랜드 평가를 통해 브랜드 커뮤니케이션의 다음 단계를 준비합니다. 페더럴 익스프레스는 모두가 페덱스라고 부르는 사실을 받아들여 이름을 바꾸었습니다.","P","브랜드 평가에 대해 설명해 주세요."
"2","브랜드 관리의 원칙에 대해 설명해 주세요.","성공적인 브랜드 관리는 매우 어려운 일입니다. 기업이 어느 하나의 브랜드 속성에 초점을 맞출 때, 다른 속성들은 때때로 무시되는 경우가 있습니다. 브랜드 관리는 브랜드가 제시하는 모든 속성들을 어떻게 구체적으로 나타낼 것인가를 결정하고, 브랜드의 미래를 예측하는 것입니다.","P","브랜드 속성을 이루는 요소들에 대해 설명해 주세요."
"2","브랜드 관리의 원칙에 대해 설명해 주세요.","브랜드 관리의 초점은 소비자와의 관계 유지에 있습니다. 브랜드와 소비자의 관계는 지속적인 브랜드 커뮤니케이션에 의해 유지됩니다. 따라서 기업은 브랜드 커뮤니케이션을 위한 지원을 아끼지 말아야 합니다. 브랜드 커뮤니케이션의 메시지는 외부 고객인 소비자를 고려해야하며, 내부 고객인 종업원들은 타깃에서 제외됩니다.","F",""
"2","브랜드 관리의 원칙에 대해 설명해 주세요.","브랜드 커뮤니케이션은 소비자와의 연관성을 고려하지만, 소비자 니즈의 변화에 종속적이지는 않습니다. 브랜드 관리는 비정기적인 브랜드 평가를 필요로 하며, 기업은 브랜드 평가를 통해 브랜드 커뮤니케이션의 다음 단계를 준비합니다. 페더럴 익스프레스는 모두가 페덱스라고 부르는 사실을 받아들여 이름을 바꾸었습니다.","F",""
"2","브랜드 관리의 원칙에 대해 설명해 주세요.","성공적인 브랜드 관리는 매우 어려운 일입니다. 기업이 어느 하나의 브랜드 속성에 초점을 맞출 때, 다른 속성들은 때때로 무시되는 경우가 있습니다. 따라서 브랜드 관리는 브랜드가 제시하는 모든 속성들을 어떻게 구체적으로 나타낼 것인가를 결정하기 보단, 브랜드가 보유하고 있는 기존 속성에서 소비자에게 내세울 속성만을 취사선택하는 것입니다.","F",""
"1","PR에 대해 설명해 주세요.","PR는 개인과 개인, 개인과 조직, 조직과 조직, 국가와 국가 등 이해 주체 간의 소통을 가능케 해 줍니다. PR 분야는 이해관계가 복잡해지고, 돌발적인 위기 상황이 일어날 가능성이 커지면서 인기 있는 직업군으로 부상했습니다. 자신의 메시지를 효과적으로 전달하고, 위기를 대외적으로 통제하고, 이해관계자와 메시지를 서로 주고받는 것이 PR의 역할입니다.","P","PR과 위기 통제의 관계에 대해 설명해 주세요."
"1","PR에 대해 설명해 주세요.","선전과 유사하지만, 선전이 주로 위에서 아래로의 정보 전달 활동이며 또한 그 정보가 때때로 과장 ·왜곡되어, 일방적으로 어느 특정 이미지를 형성한다는 점에서 홍보와 다릅니다. 그러한 의미에서 흔히 PR과 같은 의미로 쓰기도 합니다. 홍보는 사실에 관한 정보의 정확한 전달과 불만 ·요망 등을 수집하는 것에서부터 시작됩니다.","P","홍보와 선전은 차이점을 예제로 설명해 주세요."
"1","PR에 대해 설명해 주세요.","기업 ·단체 또는 관공서 등의 조직체가 커뮤니케이션 활동을 통하여 스스로의 생각이나 계획 ·활동 ·업적 등을 널리 알리는 활동입니다. 목적은 각 조직체에 관한 소비자나, 지역주민 또는 일반의 인식이나 이해 또는 신뢰감을 높이고 합리적이고 민주적인 기초 위에 양자의 관계를 원활히 하려는 데 있습니다. ","P","PR을 통한 신뢰감 형성에 대해 설명해 주세요."
"1","PR에 대해 설명해 주세요.","PR는 개인과 개인, 개인과 조직, 조직과 조직, 국가와 국가 등 이해 주체 간의 소통을 가능케 해 줍니다. PR 분야는 이해관계가 복잡해지면서 인기 있는 직업군으로 부상했습니다. 자신의 메시지를 효과적으로 전달하고,  이해관계자와 메시지를 서로 주고받는 것이 PR의 역할이지만, 위기를 대외적으로 통제하는 것은 PR의 기능이 아닙니다.","F",""
"1","PR에 대해 설명해 주세요.","PR은 선전의 다른 말로, 홍보와 유사하지만 홍보가 주로 위에서 아래로의 정보 전달 활동이며 또한 그 정보가 때때로 과장 ·왜곡되어, 일방적으로 어느 특정 이미지를 형성한다는 점에서 선전과 다릅니다. 선전은 사실에 관한 정보의 정확한 전달과 불만 ·요망 등을 수집하는 것에서부터 시작됩니다.","F",""
"1","PR에 대해 설명해 주세요.","기업이 커뮤니케이션 활동을 통하여 스스로의 생각이나 계획 ·활동 ·업적 등을 널리 알리는 활동입니다. 목적은 소비자의 인식이나 이해 또는 신뢰감을 높이고 합리적이고 민주적인 기초 위에 양자의 관계를 원활히 하려는 데 있습니다. 단체나 관공서등 기업 외 조직체는 커뮤니케이션 주체가 아닙니다.","F",""
"1","광고에 대해 설명해 주세요.","광고는 동시에 다수의 소비 대중에게 상품 또는 서비스 등의 존재를 알려 판매를 촉진하는 일종의 설득 커뮤니케이션 활동입니다. 즉, 광고는 글, 그림, 사진, 도안, 영상, 소리 등의 표현 메시지를 신문, 잡지, 라디오, 텔레비전 등 대중매체 또는 우편, 포스터, 팜플렛, 옥외 광고, 극장, 인터넷 등 다양한 전달 매체에 게재 또는 방송합니다.","P","광고를 설득 커뮤니케이션이라 하는 이유를 설명해 주세요."
"1","광고에 대해 설명해 주세요.","이러한 광고는 제품이나 서비스를 소비자로 하여금 구매하도록 수요를 자극하거나 제품에 이미지를 부여하기 위해서 행해지며, 기업 이미지를 높이기 위하여 시도되기도 하며, 정치적 목적이나 공공 서비스를 위하여 행하여지기도 합니다. 이로써 예상 구매자에게 상품 및 서비스 등에 관한 정보 내용을 널리 전달, 설득하여 판매 등 소기의 목적 달성을 촉진하고자 하는 활동입니다.","P","공공 서비스를 위한 광고에 대해 설명해 주세요."
"1","광고에 대해 설명해 주세요.","광고의 유형은 그 분류 기준에 따라 다양하게 나누어집니다. 대표적인 것을 보면 영리성 여부에 따라 영리 광고와 비영리 광고로 분류됩니다. 영리 광고는 상품 등을 판매할 목적으로 하는 일반 상업적 광고를 가리키고, 비영리 광고는 적십자사 등의 공공단체나 공공 광고 기구에 의한 비상업적 광고입니다.","P","비상업적 광고의 특징을 설명해 주세요."
"1","광고에 대해 설명해 주세요.","광고는 동시에 다수의 소비 대중에게 상품 또는 서비스 등의 존재를 알리는 커뮤니케이션 활동입니다. 즉, 광고는 글, 그림, 사진, 도안, 영상, 소리 등의 표현 메시지를 신문, 잡지, 라디오, 텔레비전 등 대중매체 또는 우편, 포스터, 팜플렛, 옥외 광고, 극장, 인터넷 등 다양한 전달 매체에 게재 또는 방송합니다. 하지만 광고가 상품 또는 서비스의 판매를 촉진하는 기능을 담당하지는 않습니다.","F",""
"1","광고에 대해 설명해 주세요.","이러한 광고는 제품이나 서비스를 소비자로 하여금 구매하도록 수요를 자극하거나 제품에 이미지를 부여하기 위해서 행해지며, 기업 이미지를 높이기 위하여 시도되기도 하지만, 정치적 목적이나 공공 서비스를 위하여 행하여지지는 않습니다. 이로써 예상 구매자에게 상품 및 서비스 등에 관한 정보 내용을 널리 전달, 설득하여 판매 등 소기의 목적 달성을 촉진하고자 하는 활동입니다. ","F",""
"1","광고에 대해 설명해 주세요.","광고의 유형은 그 분류 기준에 따라 다양하게 나누어집니다. 대표적인 것을 보면 영리성 여부에 따라 영리 광고와 비영리 광고로 분류됩니다. 비영리 광고는 상품 등을 판매할 목적으로 하는 일반 상업적 광고를 가리키고, 영리 광고는 적십자사 등의 공공단체나 공공 광고 기구에 의한 비상업적 광고입니다.","F",""
"1","광고매체에 대해 설명해 주세요.","매체는 송신자와 수신자 중간에서 어떤 의사나 사실을 전달하는 도구나 매체 또는 수단으로 사용됩니다. 광고 매체는 광고의 정의에서 언급한 것처럼 매체 사용료를 지불하고 광고할 수 있는 모든 매체를 포함합니다. 광고 비용을 지불하고 광고할 수 있는 매체는 수없이 많습니다.","P","광고비용에 포함되는 내용을 설명해 주세요."
"1","광고매체에 대해 설명해 주세요.","4대 매체인 TV, 라디오, 신문, 잡지에 뉴미디어인 케이블, 위성, 온라인, 모바일, IPTV, DMB, 그리고 옥외광고인 옥상 빌보드, 지하철, 차량, 버스 정류장, 스포츠 경기장, 극장, 비행선 광고 등이 있습니다. 광고주와 광고대행사가 광고 목적을 달성하기 위해 대가를 지불하고 사용할 수 있는 모든 대중 매체는 광고 매체가 됩니다.","P","IPTV 매체에 대해 설명해 주세요."
"1","광고매체에 대해 설명해 주세요.","매체는 송신자와 수신자 중간에서 어떤 의사나 사실을 전달하는 도구나 매체 또는 수단으로 사용됩니다. 광고 매체는 광고의 정의에서 언급한 것처럼 매체 사용료 없이 광고할 수 있는 모든 매체를 포함합니다. 광고 비용 없이 광고할 수 있는 매체는 수없이 많습니다.","F",""
"1","광고매체에 대해 설명해 주세요.","4대 매체인 TV, 라디오, 신문, 잡지에 뉴미디어인 케이블, 위성, 온라인, 모바일, IPTV, DMB, 그리고 옥외광고인 옥상 빌보드, 지하철, 차량, 버스 정류장, 스포츠 경기장, 극장, 비행선 광고 등이 있습니다. 광고주와 광고대행사가 광고 목적을 달성하기 위해 대가 없이 사용할 수 있는 모든 대중 매체는 광고 매체가 됩니다.","F",""
"2","광고 매체 전략에 대해 설명해 주세요.","매체 전략은 이러한 다양한 광고 매체를 어떻게 이용할 수 있는가에 대한 합리적인 방안을 사고하고 제안하는 것을 말합니다. 즉, 광고를 효율적이고 생산적으로 집행할 수 있는 가장 합리적인 방안과 계획을 제안하는 것입니다. 매체 전략보다 상위 개념인 광고 전략은 이미 광고 매체를 염두에 두고 설정했을 것입니다.","P","광고전략이 광고매체전략보다 상위 개념인 이유를 설명해 주세요."
"2","광고 매체 전략에 대해 설명해 주세요.","매체 전략은 광고 전략과 광고 목표가 지향하는 바를 달성하기 위해 광고 예산이 허용되는 범위 내에서 광고가 수용자에게 효과적으로 전달되도록 전략적으로 사고되어야 합니다. 광고 기획에서 매체 전략이 중요하게 고려되어야 하는 이유는 광고 목표를 달성하기 위해 가장 많은 비용이 소비되기 때문입니다.","P","광고예산과 매체 전략의 관계를 설명해 주세요."
"2","광고 매체 전략에 대해 설명해 주세요.","광고 매체를 선택하는 방법에는 매체 집중과 매체 분산 방법이 있습니다. 매체 집중은 매체의 수가 적고 광고 비용이 보통 두세 개에 집중적으로 지출됩니다. 매체 분산은 어떤 지역에 다수의 매체를 동원하여 광고하는 경우를 말합니다. 이 방법은 한두 개의 매체를 통해서는 타깃 오디언스에게 광고 메시지를 전달할 수 없다고 판단되는 경우에 사용됩니다.","P","매체분산방법의 장점을 설명해 주세요."
"2","광고 매체 전략에 대해 설명해 주세요.","매체 전략은 이러한 다양한 광고 매체를 어떻게 이용할 수 있는가에 대한 합리적인 방안을 사고하고 제안하는 것을 말합니다. 즉, 광고를 효율적이고 생산적으로 집행할 수 있는 가장 합리적인 방안과 계획을 제안하는 것입니다. 매체 전략은 광고 전략에 선행하므로, 광고 전략보다 매체 전략이 상위 개념입니다.","F",""
"2","광고 매체 전략에 대해 설명해 주세요.","매체 전략은 광고 전략과 광고 목표가 지향하는 바를 달성하기 위해 광고가 수용자에게 효과적으로 전달되도록 전략적으로 사고되어야 합니다. 광고 기획에서 매체 전략이 중요하게 고려되어야 하지만, 광고 예산은 매체 전략에서 고려 대상이 아닙니다.","F",""
"2","광고 매체 전략에 대해 설명해 주세요.","광고 매체를 선택하는 방법에는 매체 집중과 매체 분산 방법이 있습니다. 매체 집중은 한두개의 매체를 통해서는 타깃 오디언스에게 광고 메시지를 전달할 수 없다고 판단되는 경우에 다수의 매체를 동원하여 광고하는 경우를 말하며, 매체 분산은 매체의 수가 적고 광고 비용이 보통 두세개에 집중적으로 지출됩니다.  ","F",""
"1","커뮤니케이션에 대해 설명해 주세요.","커뮤니케이션은 정보 전달의 행위나 말, 제스처, 글, 신호, 혹은 메시지의 전송 및 교환으로 정의됩니다. 즉, 커뮤니케이션은 정보의 전달 혹은 생각과 아이디어의 교환과 공유의 의미로 사용됩니다. 이에 콘래드와 풀은 커뮤니케이션이란 사람들이 상호 의미를 창출하고 유지하고 관리하는 과정이라고 정의하기도 했습니다.","P","아이디어의 효율적 교환을 위해 고려해야 할 사항을 설명해 주세요."
"1","커뮤니케이션에 대해 설명해 주세요.","SMCRE 모델을 통한 커뮤니케이션 정의와 커뮤니케이션의 학문적 영역은 커뮤니케이션의 공부와 연구를 모두 설명해 줍니다. 다시 말해서, 정보원, 메시지, 채널, 수용자, 효과 그리고 피드백 각각의 내용과 순환 과정, 그리고 이 각각이 만들어 내는 정보와 의미 등은 커뮤니케이션의 정의이자 커뮤니케이션의 모든 것이라고 말할 수 있습니다.","P","SMCRE 모델에서 말하는 순환과정에 대해 설명해 주세요."
"1","커뮤니케이션에 대해 설명해 주세요.","광고는 생산자와 소비자 간 커뮤니케이션의 필요에서 출발했습니다. 이러한 커뮤니케이션 관계는 개인이 하는 일을 그림으로 알렸던 기원전 광고나 인터넷과 스마트폰 등 최첨단 기기를 이용하고 가상현실까지 이용하는 오늘날의 광고나 결코 다르지 않습니다. 바로 광고는 광고주와 소비자 간 커뮤니케이션인 것 입니다.","P","광고주와 소비자 사이의 커뮤니케이션 특징을 설명해 주세요."
"1","커뮤니케이션에 대해 설명해 주세요.","커뮤니케이션은 정보 전달의 행위나 말, 제스처, 글, 신호, 혹은 메시지의 전송으로 정의됩니다. 즉, 커뮤니케이션은 정보, 혹은 생각과 아이디어의 전달이라는 의미로 사용됩니다. 따라서 커뮤니케이션이란 일방적 전달이며, 교환이나 공유는 이루어지지 않습니다.","F",""
"1","커뮤니케이션에 대해 설명해 주세요.","SCERM 모델을 통한 커뮤니케이션 정의와 커뮤니케이션의 학문적 영역은 커뮤니케이션의 공부와 연구를 모두 설명해 줍니다. 다시 말해서, 정보원, 메시지, 채널, 수용자, 효과 그리고 피드백 각각의 내용과 순환 과정, 그리고 이 각각이 만들어 내는 정보와 의미 등은 커뮤니케이션의 정의이자 커뮤니케이션의 모든 것이라고 말할 수 있습니다.","F",""
"1","커뮤니케이션에 대해 설명해 주세요.","광고는 매체와 소비자 간 커뮤니케이션의 필요에서 출발했습니다. 이러한 커뮤니케이션 관계는 개인이 하는 일을 그림으로 알렸던 기원전 광고나 인터넷과 스마트폰 등 최첨단 기기를 이용하고 가상현실까지 이용하는 오늘날의 광고나 결코 다르지 않습니다. 바로 광고는 매체와 소비자 간 커뮤니케이션인 것 입니다.","F",""
"2","커뮤니케이션의 유형을 설명해 주세요.","우리의 일상생활에서 커뮤니케이션은 다양한 형태로 존재하게 됩니다. 이러한 다양한 형태의 커뮤니케이션의 유형을 알아보는 것은 커뮤니케이션의 실제 내용과 광고나 광고 기획의 목적을 이해할 수 있기 때문에 중요합니다. 우선 커뮤니케이션 유형은 어떤 분류 기준을 택하느냐에 따라 달라질 수 있습니다.","P","커뮤니케이션의 다양한 형태의 종류를 설명해 주세요."
"2","커뮤니케이션의 유형을 설명해 주세요.","목적에 따라 커뮤니케이션을 분류한다면 오락 커뮤니케이션, 설득 커뮤니케이션, 정보 전달 커뮤니케이션 등으로 구분할 수 있습니다. 언어의 사용유무에 따라서는 언어적 커뮤니케이션과 비언어적 커뮤니케이션으로 구분되며, 의도성에 따른 분류는 의도적 커뮤니케이션과 비의도적 커뮤니케이션으로 구분되기도 합니다.","P","정보 전달 커뮤니케이션에 대해 설명해 주세요."
"2","커뮤니케이션의 유형을 설명해 주세요.","가장 일반적으로 사용되는 참여자 수의 기준에 따르면, 내적 커뮤니케이션, 대인 커뮤니케이션, 집단 커뮤니케이션, 조직 커뮤니케이션, 그리고 매스 커뮤니케이션 등으로 구분됩니다. 내적 커뮤니케이션은 한 개인이 혼자 생각하고 말하고 답하면서 송신자와 수신자 역할을 다 하는 것을 말합니다.","P","매스 커뮤니케이션의 특징을 설명해 주세요."
"2","커뮤니케이션의 유형을 설명해 주세요.","우리 일상생활에서의 커뮤니케이션은 오직 한가지 형태로 존재하지만, 광고적 커뮤니케이션에는 다양한 형태의 커뮤니케이션이 있습니다. 우선 어떤 분류 기준을 택하느냐에 따라 달라질 수 있습니다.","F",""
"2","커뮤니케이션의 유형을 설명해 주세요.","목적에 따라 커뮤니케이션을 분류한다면 오락 커뮤니케이션, 설득 커뮤니케이션, 정보 전달 커뮤니케이션 등으로 구분할 수 있습니다. 의도선에 따른 분류는 언어적 커뮤니케이션과 비언어적 커뮤니케이션으로 구분되며, 언어의 사용 유무에 따라서는 의도적 커뮤니케이션과 비의도적 커뮤니케이션으로 구분되기도 합니다.","F",""
"2","커뮤니케이션의 유형을 설명해 주세요.","가장 일반적으로 사용되는 참여자 수의 기준에 따르면, 내적 커뮤니케이션, 대인 커뮤니케이션, 집단 커뮤니케이션, 조직 커뮤니케이션, 그리고 매스 커뮤니케이션 등으로 구분됩니다. 집단 커뮤니케이션은 개인과 개인이 생각하고 말하고 답하면서 각각 송신자와 수신자 역할을  하는 것을 말합니다.","F",""
"1","광고 기획의 개념을 설명해 주세요.","광고 기획은 광고 영역에서 새롭고 창조적으로 문제 해결을 위해 방안을 개발하는 것으로 설명될 수 있습니다. 광고의 역사 속에서 광고 기획 개념이 등장한 것은 1960년대로 영국에서 처음 시작된 것으로 알려지고 있습니다. 그리고 이 광고 기획의 개념이 1980년대 초에 미국으로 건너가 사용되었다고 합니다.","P","광고기획이 문제해결방안인 이유를 설명해 주세요."
"1","광고 기획의 개념을 설명해 주세요.","광고 기획은 토털 마케팅 기획의 일부로 마케팅 중에서 광고 부문에 관한 창의적 전략을 말하는 것이며, 소비자가 브랜드에 대하여 느껴주기 바라는 이미지에 대해 언급하는 것입니다. 즉, 광고주가 소비자에게 전달하고자 하는 바를 언급하는 것이다라고 정의할 수 있습니다.","P","창의적 전략을 수립하기 위한 방안에 대해 설명해 주세요."
"1","광고 기획의 개념을 설명해 주세요.","광고 기획은 마케팅 계획의 일부로 광고 기간 동안 광고 목표를 달성하기 위한 방법을 제시하는 마케팅 커뮤니케이션 전략이라고 정의할 수 있습니다. 이 모든 광고 기획의 정의는 철저하게 마케팅 혹은 IMC 관점에서 논의되고 있는 것이 특징입니다. 광고 기획은 시장, 소비자, 제품에 대한 종합적인 마케팅 커뮤니케이션 전략이라고 할 수 있습니다.","P","IMC에 대해 설명해 주세요."
"1","광고 기획의 개념을 설명해 주세요.","광고 기획은 광고 영역에서 새롭고 창조적으로 문제 해결을 위해 방안을 개발하는 것으로 설명될 수 있습니다. 광고의 역사 속에서 광고 기획 개념이 등장한 것은 1980년대로 영국에서 처음 시작된 것으로 알려지고 있습니다. 그리고 이 광고 기획의 개념이 19900년대 초에 미국으로 건너가 사용되었다고 합니다.","F",""
"1","광고 기획의 개념을 설명해 주세요.","광고 기획은 토털 마케팅 기획과는 별개로 광고 부문에 관한 창의적 전략을 말하는 것이며, 소비자가 브랜드에 대하여 느껴주기 바라는 이미지에 대해 언급하는 것입니다. 즉, 광고주가 소비자에게 전달하고자 하는 바를 언급하는 것이다라고 정의할 수 있습니다.","F",""
"1","광고 기획의 개념을 설명해 주세요.","광고 기획은 마케팅 계획과는 별개로 광고 기간 동안 광고 목표를 달성하기 위한 방법을 제시하는 전략이라고 정의할 수 있습니다. 이 모든 광고 기획의 정의는 철저하게 마케팅 혹은 IMC 관점과는 관련이 없습니다. ","F",""
"2","광고 목표의 의미를 설명해 주세요.","광고 기획에서 광고 목표는 상황 분석을 통해 도출된 문제점이나 기회 요인을 확인한 후, 문제나 기회 요인을 커뮤니케이션 도구인 광고로 풀어낼 달성 목표를 설정하는 것을 말합니다. 즉, 발견한 문제점을 커뮤니케이션 수단인 광고로 어떻게 해결할 수 있는가, 또는 새로운 기회 요인을 커뮤니케이션 수단인 광고로 어떻게 확장할 수 있는가를 달성 목표로 제시하는 것입니다.","P","기회 요인을 파악하기 위한 방안을 설명해 주세요."
"2","광고 목표의 의미를 설명해 주세요.","광고 목표 설정 과정은 다음과 같습니다. 상황 분석에서 도출된 문제점을 전환해야 합니다. 이것은 문제를 해결하는 방법으로 전환하는 것입니다. 또는 기회 요인을 발전시키는 방법으로 전환하는 것이 필요합니다. 여기서 중요한 것은 문제의 해결과 기회 요인의 발전을 어떤 영역에서 전환하느냐는 것입니다.","P","광고 목표 설정 시 도출해야 하는 문제점을 설명해 주세요."
"2","광고 목표의 의미를 설명해 주세요.","분석에서 도출된 문제를 어느 정도에서 해결할 것인지 숫자로 결정합니다. 광고 목표는 완벽한 문제의 해결과 절대적인 기회의 확장을 필요로 하는 것이 아닙니다. 광고주와 광고대행사가 현실적으로 할 수 있는 정도에서만 문제 해결과 기회 확장의 목표를 설정하면 됩니다. 그래서 광고 목표 설정은 숫자 퍼센티지를 주로 사용합니다.","P","광고대행사의 역할에 대해 설명해 주세요."
"2","광고 목표의 의미를 설명해 주세요.","광고 기획에서 광고 목표는 상황 분석을 통해 도출된 문제점 해결이나 기회 요인의 확장과 관련이 없습니다. 즉, 발견한 문제점을 광고로 해결하거나, 또는 새로운 기회 요인을 광고로 확장하는 것은 광고의 목표로 제시될 수 없습니다.","F",""
"2","광고 목표의 의미를 설명해 주세요.","광고 목표 설정 과정은 다음과 같습니다. 상황 분석에서 도출된 문제점을 전환해야 합니다. 이것은 문제를 해결하는 방법으로 전환하는 것입니다. 또는 기회 요인을 발전시키는 방법으로 전환하는 것이 필요합니다. 문제의 해결과 기회 요인의 발전을 어떤 영역에서 전환하는가는 광고 목표 설정 과정의 고려 대상이 아닙니다.","F",""
"2","광고 목표의 의미를 설명해 주세요.","분석에서 도출된 문제를 어느 정도에서 해결할 것인지 정성적으로 결정합니다. 광고 목표는 완벽한 문제의 해결과 절대적인 기회의 확장을 필요로 하는 것이 아닙니다. 광고주와 광고대행사가 현실적으로 할 수 있는 정도에서만 문제 해결과 기회 확장의 목표를 설정하면 됩니다. 그래서 광고 목표 설정에서는 수치가 사용되지 않습니다.","F",""
"2","다그마 모델에 대해 설명해 주세요.","다그마 모델이 커뮤니케이션 영역에서 광고 목표를 정하라고 주장하는 것은 광고 활동도 커뮤니케이션 영역에서 하라는 것을 의미합니다. 더불어 이와 같은 내용을 사람을 상대로 하라는 것으로 해석할 수 있습니다. 이는 광고 기획의 추구 내용과 방향성을 알려주는 것이며, 그 방법도 제시하는 것으로 볼 수 있습니다.","P","광고 활동을 커뮤니케이션 영역에서 진행한다는 의미를 설명해 주세요."
"2","다그마 모델에 대해 설명해 주세요.","광고 목표란 명확하게 정의된 표적 수용자로부터 일정한 기간 동안 성취하고자 하는 구체적인 커뮤니케이션 과제라고 정의했습니다. 여기서 커뮤니케이션 과제란 마케팅 과제인 매출과 대비되는 개념으로 타깃 수용자들로부터 유발하고자 하는 커뮤니케이션 효과를 의미합니다.","P","표적 수용자에 대해 설명해 주세요."
"2","다그마 모델에 대해 설명해 주세요.","다그마 모델이 광고학에서 갖는 의미는 다방면에서 매우 큽니다. 그러나 광고 기획에서 다그마 모델이 갖는 한 가지 의미는 광고 목표를 마케팅 목표와 구별지었다는 점입니다. 좀 더 구체적으로 언급하면, 광고 목표와 광고 기획이 커뮤니케이션 영역에서 이루어져야 함을 학문적으로 공언했다는 점 입니다.","P","광고 목표와 마케팅 목표에 대해 설명해 주세요."
"2","다그마 모델에 대해 설명해 주세요.","다그마 모델이 커뮤니케이션 영역 외에서 광고 목표를 정하라고 주장하는 것은 광고 활동을 커뮤니케이션 영역과 분리하라는 것을 의미합니다. 이는 광고 기획의 추구 내용과 방향성을 알려주는 것이며, 그 방법도 제시하는 것으로 볼 수 있습니다.","F",""
"2","다그마 모델에 대해 설명해 주세요.","광고 목표란 명확하게 정의된 표적 수용자로부터 일정한 기간 동안 성취하고자 하는 구체적인 커뮤니케이션 과제라고 정의했습니다. 여기서 커뮤니케이션 과제란 마케팅 과제와 같은 개념으로 타깃 수용자들로부터 유발하고자 하는 커뮤니케이션 효과를 의미합니다.","F",""
"2","다그마 모델에 대해 설명해 주세요.","다그마 모델이 광고학에서 갖는 의미는 다방면에서 매우 큽니다. 그러나 광고 기획에서 다그마 모델이 갖는 가장 중요한 의미는 광고 목표를 마케팅 목표와 통일했다는 점입니다. 좀 더 구체적으로 언급하면, 광고 목표와 광고 기획이 마케팅 영역에서 이루어져야 함을 학문적으로 공언했다는 점 입니다.","F",""
"1","커뮤니케이션의 타깃 오디언스에 대해 설명해 주세요.","일반적으로 타깃 오디언스는 다양한 커뮤니케이션 매체가 제공하는 프로그램과 메시지에 관심을 가지고 지켜보는 관중을 의미합니다. 그리고 광고 기획에서 사용하는 타깃 오디언스는 매체를 이용하여 광고를 제시할 때 이를 보거나 듣게 되는 관중의 총 수를 말합니다.","P","메시지와 타깃 오디언스의 관계를 설명해 주세요."
"1","커뮤니케이션의 타깃 오디언스에 대해 설명해 주세요.","광고 타깃 오디언스를 달리 말한다면 광고 메시지에 반응을 보일 집단이라고 할 수도 있습니다. 즉, 타깃 소비자가 전체 마케팅 전략이 목표로 하는 예상 소비자 수라면, 타깃 오디언스는 특정한 광고 캠페인이 목표로 하는 예상 수용자 집단을 말하는 것입니다. 이런 이유로 타깃 오디언스는 타깃 소비자보다 훨씬 작은 규모가 됩니다.","P","타깃 소비자에 대해 설명해 주세요."
"1","커뮤니케이션의 타깃 오디언스에 대해 설명해 주세요.","타깃 오디언스는 주로 광고나 커뮤니케이션 메시지의 의도된 수용자로 확인되는 특별한 사람들의 집단으로 정의됨으로써 마케팅의 타깃 소비자와 구분되는 것이 보통입니다. 이와 관련하여 다른 학자들은 마케팅에서는 제품을 구매하는 사람을 소비자라 하고, 광고에서는 광고 정보를 받게 되는 사람을 오디언스로 본다고 주장했습니다.","P","소비자와 오디언스와 차이점을 설명해 주세요."
"1","커뮤니케이션의 타깃 오디언스에 대해 설명해 주세요.","일반적으로 타깃 오디언스는 매체를 이용하여 광고를 제시할 때 이를 보거나 듣게 되는 관중의 총 수를 말합니다. 하지만 광고 기획에서 사용하는 타깃 오디언스는 다양한 커뮤니케이션 매체가 제공하는 프로그램과 메시지에 관심을 가지고 지켜보는 관중을 의미합니다. ","F",""
"1","커뮤니케이션의 타깃 오디언스에 대해 설명해 주세요.","광고 타깃 오디언스를 달리 말한다면 광고 메시지에 반응을 보일 집단이라고 할 수도 있습니다. 즉, 타깃 소비자와 타깃 오디언스는 같은 의미이며, 특정한 광고 캠페인이 목표로 하는 예상 수용자 집단을 말하는 것입니다. ","F",""
"1","커뮤니케이션의 타깃 오디언스에 대해 설명해 주세요.","타깃 오디언스는 주로 광고나 커뮤니케이션 메시지의 의도된 수용자로 확인되는 특별한 사람들의 집단으로 정의됨으로써 보통 마케팅의 타깃 소비자와 같은 의미로 쓰입니다. 이와 관련하여 다른 학자들은 마케팅에서는 제품을 구매하는 사람을 소비자라 하고, 광고에서는 광고 정보를 받게 되는 사람을 오디언스로 본다고 주장했습니다.","F",""
"2","타깃 오디언스 선정 시 고려할 점을 설명해 주세요.","타깃 오디언스 설정은 다른 광고 기획의 요소와 논리적 관계나 인과 관계나 상관관계를 가져야 하며, 다른 요소들을 통해 창조적인 추리와 추론으로 만들어져야 합니다. 따라서 타깃 오디언스를 기술할 때는 단순히 타깃 오디언스가 어떤 사람이라고 기술만 하는 것이 아니라, 왜 이 집단이 광고 타깃으로 선별되었는가를 다양한 자료로 보충하고 제시하면서 기술해야 합니다.","P","타깃 오디언스 설정 시 고려해야 할 논리적 관계에 대해 설명해 주세요."
"2","타깃 오디언스 선정 시 고려할 점을 설명해 주세요.","상황 분석 자료, 문제점과 기회 요인, 그리고 해결 방안을 생각하면서 어떤 사람들에게 광고를 해야 광고 목표가 달성될 수 있는가를 창조적으로 생각해 보는 것입니다. 이때, 보통 1차 타깃 오디언스, 2차 타깃 오디언스를 구별할 수도 있고, 또한 전체 타깃 오디언스를 설정하고, 광고 캠페인에 따라 타깃 오디언스를 구분해 보는 것도 좋은 방안입니다.","P","2차 타깃 오디언스에 대해 설명해 주세요."
"2","타깃 오디언스 선정 시 고려할 점을 설명해 주세요.","적절하고 창조적인 타깃 오디언스 설정은 광고 기획과 광고 전략의 핵심 사항임을 명심해야 합니다. 타깃 오디언스를 명확히 구분해 내지 못하고 실행되는 광고 기획과 커뮤니케이션 활동은 분산되고 효과가 거의 없게 됩니다. 이유는 타깃이 없기 때문에 모든 커뮤니케이션 요소가 방향성을 잃기 때문입니다.","P","커뮤니케이션의 효과를 측정하는 방법에 대해 설명해 주세요."
"2","타깃 오디언스 선정 시 고려할 점을 설명해 주세요.","타깃 오디언스 설정은 다른 광고 기획의 요소와 논리적 관계나 인과 관계나 상관관계를 가져야 하며, 다른 요소들을 통해 창조적인 추리와 추론으로 만들어져야 합니다. 따라서 타깃 오디언스를 기술할 때는 단순히 타깃 오디언스가 어떤 사람이라고 기술하는 것이 필요하지만, 왜 이 집단이 광고 타깃으로 선별되었는가는 고려 대상이 아닙니다.","F",""
"2","타깃 오디언스 선정 시 고려할 점을 설명해 주세요.","어떤 사람들에게 광고를 해야 광고 목표가 달성될 수 있는가를 창조적으로 생각해 보아야 합니다. 이때, 보통 1차 타깃 오디언스, 2차 타깃 오디언스를 구별할 수도 있고, 또한 전체 타깃 오디언스를 설정하고, 광고 캠페인에 따라 타깃 오디언스를 구분해 보는 것도 좋은 방안입니다. 하지만 타깃 오디언스 선정과 브랜드의 문제 해결과는 관련이 없습니다.","F",""
"2","타깃 오디언스 선정 시 고려할 점을 설명해 주세요.","적절하고 창조적인 타깃 오디언스 설정은 광고 기획과 광고 전략의 핵심 사항임을 명심해야 하나, 타깃 오디언스를 없이 실행되는 광고 기획과 커뮤니케이션 활동도 성공할 가능성이 높습니다. 이유는 타깃이 없어도 모든 커뮤니케이션 요소가 방향성을 갖기 때문입니다.","F",""
"1","광고 콘셉트에 대해 설명해 주세요.","콘셉트는 다양한 영역에서 다양하게 정의되고 있습니다. 그러나 콘셉트의 핵심 내용은 복잡한 사실적 내용을 모두 포함하는 추상적이지만 간단한 한 가지 용어라는 말로 표현됩니다. 광고 기획에서 사용되는 광고 콘셉트도 이와 같은 뜻으로 사용되고 있습니다.  광고 콘셉트는 항상 신중하고 조심스럽게 결정해야 합니다.","P","콘셉트가 추상적이다라는 의미를 설명해 주세요."
"1","광고 콘셉트에 대해 설명해 주세요.","광고 콘셉트는 주로 크리에이티브 제작에 적용되는 것으로, 광고 전체가 지향하게 될 포괄적이면서 추상적이고 단순한 아이디어나 생각을 의미하는 것입니다. 예를 들어 광고해야 할 어떤 대상에 대해 광고 콘셉트를 성공이라고 결정했다면, 그 대상에 대한 광고는 성공을 주제로 다양한 표현이 이루어져야 합니다.","P","콘셉트를 단순한 아이디어로 표현하는게 중요한 이유를 설명해 주세요."
"1","광고 콘셉트에 대해 설명해 주세요.","광고 콘셉트는 처음에 한 번 정해지면 변함없이 그대로 지속·유지되는 것은 아닙니다. 다양한 경우에 적용해 보고, 또 논의되면서 다듬어지고 보강되면서 확정됩니다. 심지어 나중에 더 좋은 광고 콘셉트가 나오면 그때까지 유지하고 진행했던 모든 제작 내용을 중지하고 다시 시작하는 경우도 있습니다.","P","광고 콘셉트의 보강이 필요한 이유를 설명해 주세요."
"1","광고 콘셉트에 대해 설명해 주세요.","콘셉트는 다양한 영역에서 다양하게 정의되고 있습니다. 그러나 콘셉트의 핵심 내용은 복잡한 사실적 내용을 모두 포함하는 추상적이지만 간단한 한 가지 용어라는 말로 표현됩니다. 광고 기획에서 사용되는 광고 콘셉트도 이와 같은 뜻으로 사용되고 있습니다.  광고 콘셉트는 간단할 수록 효과가 좋으므로 우발적으로 결정해야 합니다.","F",""
"1","광고 콘셉트에 대해 설명해 주세요.","광고 콘셉트는 주로 크리에이티브 제작 단계에서 활용되는 개념으로, 광고의 단초가 된 한정적이고 물리적인 단순한 아이디어나 생각을 의미하는 것입니다. 그렇기 때문에 광고가 꼭 한가지 콘셉트만을 가질 필요는 없습니다.","F",""
"1","광고 콘셉트에 대해 설명해 주세요.","광고 콘셉트는 처음에 한 번 정해지면 그 뒤로 수정되거나 변경되지 않습니다. 특히 TVCF와 같이 매체비를 많이 필요로하는 광고의 경우 제작 진행 단계 중도에 콘셉트가 바뀌는 경우 품이 많이 들기 때문에 처음에 정해진 광고 콘셉트 그대로 광고가 제작됩니다.","F",""
"2","광고 크리에이티브에 대해 설명해 주세요.","크리에이티브란 광고 활동 중에서 창조적인 부분, 즉 광고의 제작 표현 행위를 말합니다. 시장 조사와 미디어믹스의 과학적 활동에 상대되는 것으로, 상품 서비스에서 새로운 의미와 가치를 발견하여 아이디어를 일으켜 소비자에게 어떻게 소구할 것인가의 콘셉트를 만들고, 그것을 구체적으로 문장화·시청각화·영상화하는 모든 프로세스를 말합니다.","P","영상화 프로세스에 대해 설명해 주세요."
"2","광고 크리에이티브에 대해 설명해 주세요.","광고 산업에서 크리에이티브는 ‘제작’이나 ‘표현’이라는 뜻의 명사형으로 사용됩니다. 이 크리에이티브는 다시 ‘광고 제작물’, ‘광고 표현물’이라는 뜻으로 사용되기도 하고, 사물을 독특하게 다르게 보거나 세상의 일반적 규칙을 깨면서 광고물을 창조하는 행위로도 사용됩니다.","P","일반적 규칙을 깨는것이 중요한 이유를 설명해 주세요."
"2","광고 크리에이티브에 대해 설명해 주세요.","광고 기획에서 광고 크리에이티브는 광고 제작이나 광고 표현을 뜻합니다. 마찬가지로 광고 크리에이티브 전략은 광고 제작 전략이나 광고 표현 전략의 의미이고, 광고 크리에이티브 전술은 광고 제작 전술이나 광고 표현 전술의 의미로 사용되며, 때로 구분 없이 혼용되기도 합니다.","P","광고제작 전략과 광고표현 전략의 차이점을 설명해 주세요."
"2","광고 크리에이티브에 대해 설명해 주세요.","크리에이티브란 광고 활동 중에서 창조적인 부분, 즉 광고의 제작 표현 행위를 말합니다. 시장 조사와 미디어믹스의 과학적 활동과 유사하게, 상품 서비스에서 새로운 의미와 가치를 발견하여 아이디어를 일으켜 소비자에게 어떻게 소구할 것인가의 콘셉트를 만들고, 그것을 구체적으로 문장화·시청각화·영상화하는 모든 프로세스를 말합니다.","F",""
"2","광고 크리에이티브에 대해 설명해 주세요.","광고 산업에서 크리에이티브는 기획과 구상이 모두 완료되어 실제 제작까지 마친  ‘광고 제작물’, 또는 ‘광고 표현물’을 의미합니다. 제작이 이루어지지않은 기획 단계의 표현은 크리에이티브라 지칭할 수 없습니다.","F",""
"2","광고 크리에이티브에 대해 설명해 주세요.","광고 기획에서 광고 크리에이티브는 광고 제작이나 광고 표현을 뜻합니다. 마찬가지로 광고 크리에이티브 전략은 광고 제작 전략이나 광고 표현 전략의 의미이고, 광고 크리에이티브 전술은 광고 제작 전술이나 광고 표현 전술의 의미로 사용되며, 두 개념은 엄격하게 구분되어 사용됩니다.","F",""
"2","퍼블리시티에 개념에 대해 설명해 주세요.","신문 ·잡지 등의 기사나 라디오 ·방송 등을 이용하여 자연스럽게 광고 ·선전하는 것을 말합니다. 광고는 광고주가 매체를 통하여 자기의 기업이나 신제품에 대하여 유료로 광고 ·선전하는 방법인 데 비하여, 퍼블리시티는 광고주의 의사와는 관계없이 무료로 매체측의 계획에 의하여 내용의 표현 등이 자유롭게 기사화되는 선전 방법입니다.","P","무료로 선전하는 방법의 종류에 대해 설명해 주세요."
"2","퍼블리시티에 개념에 대해 설명해 주세요.","퍼블리시티와 PR는 비슷한 의미로 인식되는 경우가 있는데, 퍼블리시티는 PR를 위한 커뮤니케이션 도구들 가운데 하나일 뿐입니다. 보도자료와 퍼블리시티는 같으면서도 다른 성격을 지니고 있습니다. 퍼블리시티는 새로운 형태로 쌍방향을 목적으로 보도자료의 글이 해당 기자에게 원활하게 전달되고 이해를 바탕으로 설득과 함께 뉴스화하는 일련의 과정을 말하는 넓은 의미를 가집니다.","P","보도자료의 특징을 설명해 주세요."
"2","퍼블리시티에 개념에 대해 설명해 주세요.","보통 퍼블리시티는 공중에게 높은 신뢰성을 제공하고, 신속한 구전을 위해 진행한다고 하지만 공중을 위한 고지를 목적으로 타깃 공중에게 메시지가 정확하게 전달되는 것을 목표로 합니다. 하지만 전달되는 정보의 정확성이나 보도 시기 등과 같은 변수로 통제하기가 어렵다는 단점을 가집니다.","P","정보의 정확성이 중요한 이유를 설명해 주세요."
"2","퍼블리시티에 개념에 대해 설명해 주세요.","신문 ·잡지 등의 기사나 라디오 ·방송 등을 이용하여 자연스럽게 광고 ·선전하는 것을 말합니다. 광고는 광고주가 매체를 통하여 자기의 기업이나 신제품에 대하여 유료로 광고 ·선전하는 방법이며, 퍼블리시티는 이와 유사하게 광고주가 비용을 지불하고 내용의 표현 등이 자유롭게 기사화되는 선전 방법입니다.","F",""
"2","퍼블리시티에 개념에 대해 설명해 주세요.","퍼블리시티와 PR는 비슷한 의미로 인식되는 경우가 있는데, PR은 퍼블리시티의 커뮤니케이션 도구들 가운데 하나일 뿐입니다. 보도자료와 퍼블리시티는 같으면서도 다른 성격을 지니고 있습니다. 퍼블리시티는 새로운 형태로 쌍방향을 목적으로 보도자료의 글이 해당 기자에게 원활하게 전달되고 이해를 바탕으로 설득과 함께 뉴스화하는 일련의 과정을 말하는 넓은 의미를 가집니다.","F",""
"2","퍼블리시티에 개념에 대해 설명해 주세요.","보통 퍼블리시티는 공중에게 높은 신뢰성을 제공하고, 신속한 구전을 위해 진행한다고 하지만 공중을 위한 고지를 목적으로 타깃 공중에게 메시지가 정확하게 전달되는 것을 목표로 합니다. 전달되는 정보가 정확하고 보도 시기 등과 같은 변수를 통제하기가 쉽다는 장점이 있습니다.","F",""
"2","퍼블리시티의 종류에 대해 설명해 주세요.","퍼블리시티는 크게 방송 퍼블리시티와 신문 퍼블리시티, 인터넷 퍼블리시티로 구분할 수 있습니다. 모든 퍼블리시티는 통상 기사체 문장으로 작성되는데, 신문 퍼블리시티는 헤드라인, 리드, 본문 등으로 구성되어 있고 그 성격에 따라 스트레이트 기사, 해설 기사, 피처 기사, 캡션 기사로 나누어 제공됩니다.","P","방송 퍼블리시티에 대해 설명해 주세요."
"2","퍼블리시티의 종류에 대해 설명해 주세요.","스트레이트 기사와 리포트 기사 등으로 구분하고 기사 작성 시 관련 사진이나 영상물을 꼭 포함해야 합니다. 인터넷 퍼블리시티는 인터넷을 이용한 PR로서 단순하게 웹사이트를 통해 진행되는 활동뿐 아니라 이메일, 온라인 뉴스레터, 온라인 기자회견 등 인터넷상에서 구현할 수 있는 모든 PR 활동을 펼칩니다.","P","스트레이트 기사에 대해 설명해 주세요."
"2","퍼블리시티의 종류에 대해 설명해 주세요.","금융 퍼블리시티는 투자회사나 은행, 보험회사와 같은 금융권 회사의 PR부서에서 제공하는 자료로서 주식배당이나 기업의 합병, 분기별 보고서, 연차 회의나 임원 인사, 법인 뉴스와 금융 뉴스 등을 다루고 있습니다. 제품 퍼블리시티는 브랜드나 상품을 가진 기업의 PR팀에서 생산하는 자료입니다.","P","분기별 보고서의 종류를 설명해 주세요."
"2","퍼블리시티의 종류에 대해 설명해 주세요.","퍼블리시티는 신문 퍼블리시티를 말합니다. 통상 기사체 문장으로 작성되며, 헤드라인, 리드, 본문 등으로 구성되어 있고 그 성격에 따라 스트레이트 기사, 해설 기사, 피처 기사, 캡션 기사로 나누어 제공됩니다.","F",""
"2","퍼블리시티의 종류에 대해 설명해 주세요.","스트레이트 기사와 리포트 기사 등으로 구분하고 기사 작성 시 관련 사진이나 영상물을 꼭 포함하지 않아도 됩니다. 인터넷 퍼블리시티는 인터넷을 이용한 PR로서 단순하게 웹사이트를 통해 진행되는 활동뿐 아니라 이메일, 온라인 뉴스레터, 온라인 기자회견 등 인터넷상에서 구현할 수 있는 모든 PR 활동을 펼칩니다.","F",""
"2","퍼블리시티의 종류에 대해 설명해 주세요.","금융 퍼블리시티는 투자회사나 은행, 보험회사와 같은 금융권 회사의 PR부서에서 제공하는 자료로서 주식배당이나 기업의 합병, 분기별 보고서, 연차 회의나 임원 인사, 법인 뉴스와 금융 뉴스 등을 다루고 있습니다. 제품 퍼블리시티는 브랜드나 상품에 대해서 매체사에서 생산하는 자료입니다.","F",""
"1","캐치프레이즈에 대해 설명해 주세요.","타인의 주의를 끌기 위해 내세우는 기발한 문구입니다. 사용되는 경우와 범위에 따라서 뉘앙스가 다소 다른데, 신문 ·잡지의 기사, 문장등의 편집에 사용되는 경우와 점두 판매에 쓰이는 경우 등이 있습니다. 캐치프레이즈의 구비 요건으로는 내용의 핵심을 단적으로 표현할 것, 짧을 것, 눈에 띄기 쉬울 것, 인상적인 글귀일 것 등을 들 수 있습니다.","P","인상적인 글귀를 만들기 위한 방법에 대해 설명해 주세요."
"1","캐치프레이즈에 대해 설명해 주세요.","광고에서의 캐치프레이즈는 사람들이 광고에 관심을 가지느냐, 않느냐를 결정하는 중요한 요소인데, 한 마디의 문구가 광고의 구독률, 나아가서는 상품의 매상에 영향을 끼칩니다. 캐치프레이즈는 당연히 광고의 내용을 읽도록 유도하는 구실을 하며 그것만으로써 광고주 ·상품명을 쉽게 상기할 수 있어 일반 소비자들로부터 호감을 사고 있습니다.","P","캐치프레이즈가 소비자의 호감을 얻었을 떄 기업에 미치는 긍정적 영향을 설명해 주세요."
"1","캐치프레이즈에 대해 설명해 주세요.","타인의 주의를 끌기 위해 내세우는 기발한 문구입니다. 사용되는 경우와 범위에 따라서 뉘앙스가 다소 다른데, 신문 ·잡지의 기사, 문장등의 편집에 사용되는 경우와 점두 판매에 쓰이는 경우 등이 있습니다. 캐치프레이즈의 구비 요건으로는 내용을 구체적으로 길게 표현할 것, 눈에 띄기 쉬울 것, 인상적인 글귀일 것 등을 들 수 있습니다.","F",""
"1","캐치프레이즈에 대해 설명해 주세요.","광고에서의 캐치프레이즈는 사람들이 광고에 관심을 가지느냐, 않느냐를 결정하는 중요한 요소인데, 한 마디의 문구가 광고의 구독률, 나아가서는 상품의 매상에 영향을 끼칩니다. 캐치프레이즈는 당연히 광고의 내용을 읽도록 유도하는 구실을 하지만 그것만으로써 광고주 ·상품명을 쉽게 상기할 수는 없습니다.","F",""
"2","애드버토리얼에 대해 설명해 주세요.","기사식 광고, 기사형 광고 또는 기사체 광고라 하며, 간단히 말해 기사 형태로 만들어진 광고라 할 수 있습니다. 즉 메시지의 형식은 기사와 동일하거나 혹은 유사하지만 그 내용은 주로 특정 제품 또는 브랜드와 관련된 것입니다. 물론 방송 프로그램이나 블로그 정보의 형태로도 제작된 것이 있습니다.","P","블로그의 특징을 설명해 주세요."
"2","애드버토리얼에 대해 설명해 주세요.","각종 TV 프로그램이나 블로그에서 소개되는 맛집들이 일종의 애드버토리얼이라 할 수 있습니다. 하지만 애드버토리얼은 주로 신문이나 잡지 같은 인쇄매체에 게재되는 경우가 많습니다. 잡지를 예로 들면, 애드버토리얼은 목차에 포함된 정규 요소가 아니며 얼핏 보면 기사처럼 보이지만 정식 기사와는 서체나 레이아웃 등이 약간 다릅니다.","P","레이아웃에 대해 설명해 주세요."
"2","애드버토리얼에 대해 설명해 주세요.","애드버토리얼은 광고이기 때문에 다른 광고들과 마찬가지로 광고주가 반드시 매체 이용료를 지불합니다. 또한 일반 기사와 달리 한 브랜드를 집중 조명하며 광고주 로고가 드러나거나 상단에 주로 '전면광고', '광고물', 또는 '프로모션' 같은 문구가 표시되어 있습니다.","P","전면광고의 특징을 설명해 주세요."
"2","애드버토리얼에 대해 설명해 주세요.","기사식 광고, 기사형 광고 또는 기사체 광고라 하며, 간단히 말해 기사 형태로 만들어진 광고라 할 수 있습니다. 즉 메시지의 형식은 기사와 동일하거나 혹은 유사하지만 그 내용은 주로 특정 제품 또는 브랜드와 관련된 것입니다. 방송 프로그램이나 블로그 정보의 형태로 제작되지는 않습니다.","F",""
"2","애드버토리얼에 대해 설명해 주세요.","각종 TV 프로그램이나 블로그에서 소개되는 맛집들이 일종의 애드버토리얼이라 할 수 있습니다. 하지만 애드버토리얼은 주로 신문이나 잡지 같은 인쇄매체에 게재되는 경우가 많습니다. 잡지를 예로 들면, 애드버토리얼은 정규 요소로 목차로 포함되며 정식 기사와 서체 및 레이아웃 또한 동일합니다.","F",""
"2","애드버토리얼에 대해 설명해 주세요.","애드버토리얼은 광고이지만 다른 광고들과는 달리 광고주가 매체 이용료를 지불하지 않습니다. 또한 일반 기사와 달리 한 브랜드를 집중 조명하지 않으며 광고주 로고가 드러나거나 상단에 주로 '전면광고', '광고물', 또는 '프로모션' 같은 문구가 표시되지 않습니다.","F",""
"1","USP 전략에 대해 설명해 주세요.","USP 전략을 개발하고 사용하기 위해서는 몇 가지 조건이 필요합니다. 첫째, 구체적인 제품 편익을 제시해야 합니다. 둘째, 그 제품 편익은 경쟁 브랜드가 사용하고 있지 않은 독특한 것이어야 합니다. 셋째, 그 편익은 제품을 판매할 수 있을 정도로 강력한 것이어야 합니다.","P","제품 편익을 강조하기 위한 방안에 대해 설명해 주세요."
"1","USP 전략에 대해 설명해 주세요.","USP 전략에서는 제품 자체보다는 제품이 소비자에게 주는 편익을 광고해야 합니다. 제품의 특성을 소비자 편익으로 전환하기 위해서는 소비자들의 구매동기, 즉 제품 구매를 통해 소비자가 얻고자 하는 바를 정확히 파악해야 합니다. 그러한 편익은 소비자의 어떤 문제를 해결해 줍니다.","P","구매동기를 파악하는 것이 중요한 이유를 설명해 주세요."
"1","USP 전략에 대해 설명해 주세요.","제품 편익은 경쟁 제품이나 브랜드에서 아직 사용하지 않은 것이어야 합니다. 기술의 발달로 제품의 차별적 특징을 오래 유지하기 힘든 현대에는 USP 전략의 사용에 유의해야 합니다. 때로는 우리보다 후발 브랜드의 특징마저도 대신 광고해 주는 경우가 발생할 수 있기 때문입니다.","P","후발 브랜드의 특징을 대신 광고해준다는 의미를 설명해 주세요."
"1","USP 전략에 대해 설명해 주세요.","USP 전략을 개발하고 사용하기 위해서는 몇 가지 조건이 필요합니다. 첫째, 구체적이지 않더라도 제품 편익을 제시해야 합니다. 둘째, 경쟁 브랜드가 갖추고 있는 편익을 자사 제품도 갖추도록하여 경쟁에서 밀리지 않아야합니다. 셋째, 그 편익은 제품이 판매되는 것에 영향을 미치지 않아야 합니다.","F",""
"1","USP 전략에 대해 설명해 주세요.","USP 전략에서는 제품 자체보다는 제품이 소비자에게 주는 편익을 광고해야 합니다. 제품의 특성을 소비자 편익으로 전환하기 위해서는 소비자들의 구매동기, 즉 제품 구매를 통해 소비자가 얻고자 하는 바를 정확히 파악해야 합니다. 그러한 편익은 소비자의 어떤 문제를 해결해주지는 못하지만 소비자는 심리적 만족감을 얻을 수 있습니다.","F",""
"1","USP 전략에 대해 설명해 주세요.","제품 편익은 경쟁 제품이나 브랜드와는 상관없이, 자사 제품만을 놓고 봤을 때 해당 제품이 소비자에게 줄 수 있는 효용을 말합니다. 따라서 USP전략을 논할 때 경쟁사는 고려할 필요가 없습니다.","F",""
"2","비교광고에 대해 설명해 주세요.","비교광고는 동일한 제품군이나 서비스군에 속한, 둘 또는 그 이상의 특정한 브랜드명을 자사의 광고 내에 등장시켜서 비교하는 광고를 말합니다. FTC가 비교광고를 권장하게 된 주된 이유는 각 브랜드를 비교함으로써 소비자들에게 더 많은 정보를 제공해 그들의 합리적인 구매결정에 도움을 줄 수 있기 때문입니다.","P","비교광고가 소비자의 구매결정에 도움을 줘야 하는 이유를 설명해 주세요."
"2","비교광고에 대해 설명해 주세요.","비교광고는 광고주와 소비자 모두에게 효과적인 광고 유형인데도, 과거 국내에서는 비교광고를 실시하는 데 많은 제약이 있었습니다. 즉, 과거의 공정거래법에서 정당한 비교광고가 되기 위해서는 광고주가 자기의 유리한 부분뿐만 아니라, 불리한 부분까지도 비교해야 했기 때문에 비교광고를 집행하기가 사실상 어려웠습니다.","P","비교광고의 제약사항에 대해 설명해 주세요."
"2","비교광고에 대해 설명해 주세요.","2001년 9월 1일 이후 실시·적용되고 있는 '비교표시·광고에 관한 심사지침'에 따르면 과거와 달리 자사 브랜드의 유리한 점만을 비교하는 것도 이제는 가능해졌습니다. 따라서 국내에서도 현재 많은 광고주들이 경쟁 브랜드를 구체적으로 명시한 직접 비교광고를 실시하고 있습니다.","P","비교표시·광고에 관한 심사지침에 대해 설명해 주세요."
"2","비교광고에 대해 설명해 주세요.","비교광고는 서로 상이한 제품군이나 서비스군에 속한, 둘 또는 그 이상의 특정한 브랜드명을 자사의 광고 내에 등장시켜서 비교하는 광고를 말합니다. FTC가 비교광고를 권장하게 된 주된 이유는 각 브랜드를 비교함으로써 소비자들에게 더 많은 정보를 제공해 그들의 합리적인 구매결정에 도움을 줄 수 있기 때문입니다.","F",""
"2","비교광고에 대해 설명해 주세요.","비교광고는 광고주와 소비자 모두에게 효과적이지 않은 광고 유형이기에, 과거 국내에서는 비교광고를 실시하는 데 많은 제약이 있었습니다. 즉, 과거의 공정거래법에서 정당한 비교광고가 되기 위해서는 광고주가 자기의 유리한 부분뿐만 아니라, 불리한 부분까지도 비교해야 했기 때문에 비교광고를 집행하기가 사실상 어려웠습니다.","F",""
"2","비교광고에 대해 설명해 주세요.","2001년 9월 1일 이후 실시·적용되고 있는 '비교표시·광고에 관한 심사지침'에 따르면 과거와 달리 자사 브랜드의 유리한 점만을 비교하는 것도 이제는 불가능해졌습니다. 따라서 국내에서도 현재 많은 광고주들이 경쟁 브랜드를 구체적으로 명시한 직접 비교광고를 실시하지 못하고 있습니다.","F",""
"2","비교광고의 효과에 대해 설명해 주세요.","시장에서 브랜드 지위가 영향을 미칩니다. 비교광고는 광고주 브랜드가 신규 브랜드이거나 시장 점유율이 낮은 브랜드가 사용할 때 더 효과적입니다. 기존 브랜드보다 신규 브랜드가 비교광고를 사용하면 비비교광고보다 광고에 대한 확신과 방문 의도에서 더 효과적이었습니다.","P","신규브랜드가 비교광고를 많이 사용하는 이유를 설명해 주세요."
"2","비교광고의 효과에 대해 설명해 주세요.","비교광고에서 일면적 메시지는 경쟁 브랜드에 비해 우월한 특성만 강조하는 것이라면, 양면적 메시지는 경쟁 브랜드보다 단점도 있으나 장점도 있다는 것을 강조합니다. 비교광고에서는 일면적 메시지보다 양면적 메시지가 메시지의 주요 내용을 소비자들이 수용하는데 더 강력한 영향력을 미칩니다. ","P","양면적 메시지에 대해 설명해 주세요."
"2","비교광고의 효과에 대해 설명해 주세요.","브랜드 소유 여부가 비교광고 효과에 영향을 미칩니다. 일반적으로 비교광고에서 비교대상이 되는 브랜드를 소유하고 있는 소비자들은 비소유자에 비해 해당 비교광고의 메시지를 더 많이 반박합니다. 비교광고의 효과를 좀 더 정확히 규명하기 위해서는 다양한 영향 변인들을 파악해야 합니다.","P","비교광고의 효과에 영향을 미치는 영향변인들을 설명해 주세요."
"2","비교광고의 효과에 대해 설명해 주세요.","시장에서 브랜드 지위가 영향을 미칩니다. 비교광고는 광고주 브랜드가 노후화된 브랜드이거나 시장 점유율이 높은 브랜드가 사용할 때 더 효과적입니다. 신규 브랜드보다 기존 브랜드가 비교광고를 사용하면 비비교광고보다 광고에 대한 확신과 방문 의도에서 더 효과적이었습니다.","F",""
"2","비교광고의 효과에 대해 설명해 주세요.","비교광고에서 일면적 메시지는 경쟁 브랜드에 비해 우월한 특성만 강조하는 것이라면, 양면적 메시지는 경쟁 브랜드보다 단점도 있으나 장점도 있다는 것을 강조합니다. 비교광고에서는 양면적 메시지보다 일면적 메시지가 메시지의 주요 내용을 소비자들이 수용하는데 더 강력한 영향력을 미칩니다. ","F",""
"2","비교광고의 효과에 대해 설명해 주세요.","브랜드 소유 여부가 비교광고 효과에 영향을 미칩니다. 일반적으로 비교광고에서 비교대상이 되는 브랜드를 소유하고 있는 소비자들은 비소유자에 비해 해당 비교광고의 메시지에 대한 수용도가 더 높습니다. 비교광고의 효과를 좀 더 정확히 규명하기 위해서는 다양한 영향 변인들을 파악해야 합니다.","F",""
"1","POP 광고에 대해 설명해 주세요.","구매시점광고·판매시점광고라고도 합니다. 유통혁신에 의한 셀프서비스 시대의 사회에서, POP광고는 매스미디어로 시작되는 일련의 광고 캠페인을 매듭짓는 마지막 수단입니다. POP광고는 브랜드를 식별시키고, 경우에 따라 다른 제조업체 선호심리로부터의 전환을 유도하는 기능을 가집니다.","P","POP광고를 광고 캠페인의 마지막 수단이라고 하는 이유를 설명해 주세요."
"1","POP 광고에 대해 설명해 주세요.","말없는 세일즈맨이라고 불리듯이, 판매원을 돕고 판매점에 장식효과를 가져다 줍니다. 전국적 광고와 소매판로와의 연락을 취하고, 스토어트래픽을 창출하여 소비자의 관심을 점포 안으로 끌어들이는 한편, 소매업자의 호의를 획득하도록 작용합니다. 광고물은 고객동선을 따라서 통일된 표현기획에 의해 게시됩니다.","P","POP광고의 장식효과에 대해 설명해 주세요."
"1","POP 광고에 대해 설명해 주세요.","POP광고와 똑같은 기능을 대량진열 등의 상품진열 수법과 세련된 상품 패키지에 맡기는 새로운 방법도 이 종류에 속합니다. 최근의 POP광고 경향으로는, 자동적으로 움직이는 메커니컬 마네킹·디오라마·모션 카드·오디오비주얼 디스플레이 등이 상품판매를 위해 개발되고 있습니다.","P","디오라마에 대해 설명해 주세요."
"1","POP 광고에 대해 설명해 주세요.","구매시점광고·판매시점광고라고도 합니다. 유통혁신에 의한 셀프서비스 시대의 사회에서, POP광고는 매스미디어로 시작되는 일련의 광고 캠페인에서 가장 첫 단계에 있는 수단입니다. POP광고는 브랜드를 식별시키고, 경우에 따라 다른 제조업체 선호심리로부터의 전환을 유도하는 기능을 가집니다.","F",""
"1","POP 광고에 대해 설명해 주세요.","말없는 세일즈맨이라고 불리듯이, 판매원을 돕고 판매점에 장식효과를 가져다 줍니다. 전국적 광고와 소매판로와의 연락을 취하고, 스토어트래픽을 창출하여 소비자의 관심을 점포 안으로 끌어들이는 한편, 소매업자의 호의를 획득하도록 작용합니다. 광고물은 고객동선과 관련 없이 다양한 표현기획에 의해 게시됩니다.","F",""
"1","POP 광고에 대해 설명해 주세요.","POP광고는 ATL채널을 통한 광고를 의미합니다. 예를 들면 TVCF, 라디오 광고, 잡지 광고, 인터넷 광고처럼 매체가 광고의 수단이 되는 것들을 말합니다. 옥외광고와 같은 BTL 광고와는 차이가 있습니다.","F",""
"2","시즐 광고기법에 대해 설명해 주세요.","시즐은 고기를 구울 때 나는 소리인 지글지글의 서양식 표현으로 소비자들이 정육점에서 쇠고기를 살 때 실상은 프라이팬에서 구워지는 모습을 연상하고 있으므로 광고에서는 구울 때 나는 소리를 키 포인트로 해야 한다는 데서 개념화한 것입니다. 예를 들면 콜라나 사이다 광고의 병 따는 소리는 풍선을 터뜨릴 때 나는 소리를 활용합니다.","P","소리만 듣고 모습을 연상하는 것이 광고효과에 미치는 영향을 설명해 주세요."
"2","시즐 광고기법에 대해 설명해 주세요.","어떤 제품의 광고효과를 위해 그 제품의 핵심 포인트가 될 만한 소리를 활용하는 광고기법입니다. 라면이나 조미료 광고의 뽀글뽀글 하는 소리는 신문지 조각을 가득 넣은 물대접에 빨대를 넣고 불 때 나는 소리로, 과자를 씹는 소리는 과자를 손으로 부술 때 나는 소리로, 기름에 튀기는 소리는 셀로판지를 비빌 때 나는 소리로 대신하는데, 이런소리를 활용하는 것이 모두 시즐에 해당합니다.","P","소리를 만들어 내는 기법에 대해 설명해 주세요."
"2","시즐 광고기법에 대해 설명해 주세요.","시즐은 고기를 구울 때 나는 소리인 지글지글의 중국식 표현으로 소비자들이 정육점에서 쇠고기를 살 때 실상은 프라이팬에서 구워지는 모습을 연상하고 있으므로 광고에서는 구울 때 나는 소리를 키 포인트로 해야 한다는 데서 개념화한 것입니다. 예를 들면 콜라나 사이다 광고의 병 따는 소리는 풍선을 터뜨릴 때 나는 소리를 활용합니다.","F",""
"2","시즐 광고기법에 대해 설명해 주세요.","어떤 제품의 광고효과를 위해 그 제품의 핵심 포인트가 될 만한 시각적 요소를 활용하는 광고기법입니다. 라면이 끓는 모습, 과자를 씹어먹는 모습 등을 활용하는 것이 모두 시즐에 해당합니다.","F",""
"1","티저 광고에 대해 설명해 주세요.","광고하려는 제품이나 광고주를 처음 광고에 밝히지 않고 광고 횟수가 더해감에 따라 점차로 광고 대상 품목이나 광고주를 밝혀 독자의 호기심을 유발, 광고 효과를 높이고자 하는 광고 기법을 말합니다. ‘애태우다’라는 뜻의 영어 ‘tease’에서 나온 말로 소비자의 호기심을 유발해 광고 효과를 높이기 위한 고전적인 광고 기법입니다.","P","호기심을 유발하는 것의 중요성에 대해 설명해 주세요."
"1","티저 광고에 대해 설명해 주세요.","광고의 대상자에게 호기심을 제공하면서, 광고 메시지에의 관심을 높임과 동시에 후속광고에의 도입 구실도 하는 광고입니다. 광고캠페인 때에, 처음에는 회사명과 상품명을 밝히지 않고 구매의욕을 유발시키면서 서서히 밝히거나일정 시점에 가서 일거에 베일을 벗기는 방법이 취해집니다.","P","후속광고의 도입 구실을 한다는 의미를 설명해 주세요."
"1","티저 광고에 대해 설명해 주세요.","광고하려는 제품이나 광고주를 처음에 밝히고 광고 횟수가 더해감에 따라 점차로 광고 대상 품목이나 광고주를 숨겨 독자의 호기심을 유발, 광고 효과를 높이고자 하는 광고 기법을 말합니다. ‘애태우다’라는 뜻의 영어 ‘tease’에서 나온 말로 소비자의 호기심을 유발해 광고 효과를 높이기 위한 고전적인 광고 기법입니다.","F",""
"1","티저 광고에 대해 설명해 주세요.","광고의 대상자에게 호기심을 제공하면서, 광고 메시지에의 관심을 높임과 동시에 후속광고에의 도입 구실도 하는 광고입니다. 광고캠페인 때에, 처음에는 회사명과 상품명을 밝혀 구매의욕을 유발시키면서 서서히 숨기거나 일정 시점에는 브랜드를 가리는 방법이 취해집니다.","F",""
"1","마케팅 관점에서 이벤트의 개념을 설명해 주세요.","마케팅 관점에서 이벤트는 마케팅 믹스 수단의 하나인 프로모션과 프로모션 믹스 요소의 중요한 수단인 세일즈 프로모션의 하위 수단으로 위치합니다. 일반적으로 이벤트라는 용어는 나라, 학자에 따라 매우 다양하고 포괄적인 의미로 사용하고 있습니다. 뿐만 아니라 이벤트를 주최하고 있는 주체와 형식, 참가자에 따라 그 의미가 다릅니다.","P","이벤트 형식의 종류에 대해 설명해 주세요."
"1","마케팅 관점에서 이벤트의 개념을 설명해 주세요.","이벤트는 특정한 의도와 목적을 가지고 일정한 기간, 장소, 대상을 전제로 하여 실행되는 행사를 포함하고 있지만, 이 중에서 우발적인 사건이나 부정적인 목적, 의미의 모임이나 정치적 캠페인, 종교적 행사와 개인적인 친선이나 사교를 목적으로 하는 행사 또는 모임은 제외된다고 할 수 있습니다.","P","친선이나 사교 목적의 행사는 이벤트에서 제외되는 이유를 설명해 주세요."
"1","마케팅 관점에서 이벤트의 개념을 설명해 주세요.","이벤트는 커뮤니케이션과 프로모션의 중요한 수단이며, 특히 현장에서 직접 체험하고 공감하는 매체라는 점에서 다른 믹스 수단과는 크게 구별됩니다. 또한 중요한 특성 중의 하나는 기존의 매스미디어와는 달리 매체의 접근 방법이 극히 개별적, 개인적이고 현장에서의 참여가 가능하기 때문에 참가자의 공감과 설득을 유도하기 쉽습니다.","P","현장에서 체험하는 방법과 다른 매체를 비교해서 설명해 주세요."
"1","마케팅 관점에서 이벤트의 개념을 설명해 주세요.","마케팅 관점에서 이벤트는 마케팅 믹스 수단의 하나인 프로모션과 프로모션 믹스 요소의 중요한 수단인 세일즈 프로모션의 하위 수단으로 위치합니다. 일반적으로 이벤트라는 용어는 모든 업계 및 국가에서 통일된 뜻으로 사용하고 있습니다. 뿐만 아니라 이벤트를 주최하고 있는 주체와 형식, 참가자가 달라도 그 의미는 동일합니다.","F",""
"1","마케팅 관점에서 이벤트의 개념을 설명해 주세요.","이벤트는 특정한 의도와 목적을 가지고 일정한 기간, 장소, 대상을 전제로 하여 실행되는 행사를 포함하고 있으며, 우발적인 사건이나 부정적인 목적, 의미의 모임이나 정치적 캠페인, 종교적 행사와 개인적인 친선이나 사교를 목적으로 하는 행사 또는 모임도 포함된다고 할 수 있습니다.","F",""
"1","마케팅 관점에서 이벤트의 개념을 설명해 주세요.","이벤트는 커뮤니케이션과 프로모션의 중요한 수단이며, 특히 현장에서 직접 체험하고 공감하는 매체라는 점에서 다른 믹스 수단과는 크게 구별됩니다. 또한 중요한 특성 중의 하나는 기존의 매스미디어와는 달리 매체의 접근 방법이 극히 개별적, 개인적이며 현장에서의 참여가 가능하기 때문에 참가자의 공감과 설득을 유도하기 어렵습니다.","F",""
"1","제품 샘플링에 대해 설명해 주세요.","소비자로 하여금 제품을 접촉, 설명, 사용하도록 함으로써 기업 및 제품에 대한 관심과 이해를 도모하려는 기능형 SP의 수단입니다. 일반적으로 샘플링 SP는 새로 나온 제품이나 인지도가 낮은 기존 제품에 대한 충분하고 자세한 설명을 제시하거나 직접 조작하고 사용하게 함으로써 특정 제품에 대한 호감도를 향상시키고 우호적인 태도 변화를 목적으로 도입됩니다.","P","호감도를 향상시키기 위한 방안을 설명해 주세요."
"1","제품 샘플링에 대해 설명해 주세요.","잠재적인 고객층에 샘플을 배포하고 실제로 그 상품을 사용하게 하여 구매 의욕을 자극하는 기법입니다. 판매 대상이 되는 제품과 동일하거나 작은 크기의 샘플을 고객이 직접 사용하게 하여 실제로 해당 제품에 대한 특징이나 이점 등을 충분히 설득, 이해시키는 방법입니다.","P","샘플이 구매의욕에 미치는 영향을 설명해 주세요."
"1","제품 샘플링에 대해 설명해 주세요.","제품의 존재나 사용상의 필요성을 제대로 인지하지 못하는 도입기에 주로 사용하며, 사용 경험이 없는 새로운 고객을 획득하는 데 매우 효과적인 수단입니다. 그러나 실행에 비용이 많이 소요되므로, 표적 시장의 목표 고객에게 정확히 도달되어야만 비용 대 효과 면에서 성공을 거둘 수 있습니다.","P","도입기의 특징을 설명해 주세요."
"1","제품 샘플링에 대해 설명해 주세요.","소비자로 하여금 제품을 접촉, 설명, 사용하도록 함으로써 기업 및 제품에 대한 관심과 이해를 도모하려는 기능형 SP의 수단입니다. 일반적으로 샘플링 SP는 출시한지 오래된 제품이나 인지도가 높은 기존 제품에 대한 충분하고 자세한 설명을 제시하거나 직접 조작하고 사용하게 함으로써 특정 제품에 대한 호감도를 향상시키고 우호적인 태도 변화를 목적으로 도입됩니다.","F",""
"1","제품 샘플링에 대해 설명해 주세요.","잠재적인 고객층에 샘플을 배포하고 실제로 그 상품을 사용하게 하여 구매 의욕을 자극하는 기법입니다. 제품 개발이 완료되지 않은 시제품을 고객이 직접 사용하게 하여 실제로 해당 제품에 대한 특징이나 이점 등을 충분히 설득, 이해시키는 방법입니다.","F",""
"1","제품 샘플링에 대해 설명해 주세요.","제품의 존재나 사용상의 필요성을 제대로 인지하지 못하는 도입기에 주로 사용하며, 사용 경험이 없는 새로운 고객을 획득하는 데 매우 효과적인 수단입니다. 실행 비용 또한 저렴하여 비용 대 효과가 큽니다.","F",""
"2","제품 샘플링의 주요 수단에 대해 설명해 주세요.","제품 샘플링의 주요한 수단에는 집 방문, 우편, 매장 배포 방식이 있습니다. 이것은 각각 고객이 거주하는 지역에 직접 배포하거나 우편으로 우송하고, 판매점을 통하여 샘플을 전달하는 기법입니다. 그 밖에는 고객층이 동일하다고 예상되는 제품에 샘플을 부착 내지 투입하여 배포하는 방식이 있습니다.","P","매장 배포 방식에 대해 설명해 주세요."
"2","제품 샘플링의 주요 수단에 대해 설명해 주세요.","각종 매체를 통해 샘플에 관심이 있는 사람을 모집하고 그 응모자에 한하여 샘플을 송부하는 응모자 한정 송부 방법도가 있습니다. 그리고 가두 배포는 집객력, 통행 인구가 많은 곳이나 학교 주변, 상가 · 오피스 거리 등에서 짧은 시간에 많은 대상층에 샘플을 전달할 수 있습니다.","P","집객력에 대해 설명해 주세요."
"2","제품 샘플링의 주요 수단에 대해 설명해 주세요.","제품 샘플링의 주요한 수단에는 집 방문, 우편, 매장 배포 방식이 있습니다. 이것은 각각 고객이 거주하는 지역에 직접 배포하거나 우편으로 우송하고, 판매점을 통하여 샘플을 전달하는 기법입니다. 그 밖에는 고객층이 다르다고 예상되는 제품에 샘플을 부착 내지 투입하여 배포하는 방식이 있습니다.","F",""
"2","제품 샘플링의 주요 수단에 대해 설명해 주세요.","각종 매체를 통해 샘플에 관심이 있는 사람을 모집하고 그 응모자에만 한하여 샘플을 송부하는 응모자 한정 송부 방법이 있습니다. 그리고 가두 배포는 집객력, 통행 인구가 적은 곳이나 도시 외곽 지역 등 유동인구가 적은 곳에서 한정된 인원에 샘플을 전달할 수 있습니다.","F",""
"2","쿨헌터에 대해 설명해 주세요.","1990년대 초 미국에서 등장한 용어로 시장의 흐름과 트렌드의 변화에 대해 관찰하고 예측하는 활동을 쿨헌팅이라고 합니다. 그리고 이런 활동에 종사하는 마케팅 전문가를 쿨헌터라고 합니다. 하지만 한국에서 쿨헌터란 쿨헌팅 활동을 하는 전문가가 아니라 일반소비자를 가리키는 말로 사용되고 있습니다.","P","트렌드를 예측하기 위한 방법에 대해 설명해 주세요."
"2","쿨헌터에 대해 설명해 주세요.","쿨헌터란 자신의 소비내역과 최신 시장정보를 기업에 정기적으로 제공하는 역할을 하는 이들로, 기업에 고용된 일반소비자로 구성된 시장조사단이라 할 수 있습니다. 기업은 소비자와의 직접 커뮤니케이션을 통한 양방향 마케팅전략의 일환으로 쿨헌터를 활용하면서 이들이 제공하는 정보를 바탕으로 신상품을 개발하고 서비스를 구상하게 됩니다.","P","양방향 마케팅의 특징을 설명해 주세요."
"2","쿨헌터에 대해 설명해 주세요.","종전의 소비시장은 기업이 소비자에게 일방적인 선택을 강요했지만 빠르게 변해가는 시장의 트렌드와 소비자의 욕구 및 구매성향에 대응하기 위해 기업이 소비자들의 의사를 적극 반영하는 소비자 중심 마케팅을 펼치면서 쿨헌터의 활동이 주목받게 되었습니다. 젊은층이 주도하는 시장에서 더욱 유용합니다.","P","소비자 중심 마케팅에 대해 설명해 주세요."
"2","쿨헌터에 대해 설명해 주세요.","1980년대 초 영국에서 등장한 용어로 시장의 흐름과 트렌드의 변화에 대해 관찰하고 예측하는 활동을 쿨헌팅이라고 합니다. 그리고 이런 활동에 종사하는 마케팅 전문가를 쿨헌터라고 합니다. 하지만 한국에서 쿨헌터란 쿨헌팅 활동을 하는 전문가가 아니라 일반소비자를 가리키는 말로 사용되고 있습니다.","F",""
"2","쿨헌터에 대해 설명해 주세요.","쿨헌터란 자신의 소비내역과 최신 시장정보를 기업에 정기적으로 제공하는 역할을 하는 이들로, 기업에 고용되지 않은 일반소비자로 구성된 시장조사단이라 할 수 있습니다. 기업은 소비자와의 직접 커뮤니케이션을 통한 양방향 마케팅전략의 일환으로 쿨헌터를 활용하면서 이들이 제공하는 정보를 바탕으로 신상품을 개발하고 서비스를 구상하게 됩니다.","F",""
"2","쿨헌터에 대해 설명해 주세요.","종전의 소비시장은 기업이 소비자에게 일방적인 선택을 강요했지만 빠르게 변해가는 시장의 트렌드와 소비자의 욕구 및 구매성향에 대응하기 위해 기업이 소비자들의 의사를 적극 반영하는 소비자 중심 마케팅을 펼치면서 쿨헌터의 활동이 주목받게 되었습니다. 의사표현이 불가능한 영유아층이 주도하는 시장에서 더욱 유용합니다.","F",""
"1","경품마케팅에 대해 설명해 주세요.","직접적이고 단기적인 매출증대 효과를 얻기 위한 판촉수단으로 이용되나, 장기적으로는 소비자 관여도를 증가시켜 제품의 이미지 향상에 기여합니다. 주로 백화점을 비롯한 유통업체에서 효과적인 마케팅 수단으로 활용되어 왔으며, 최근저성장기 불황 타개책의 하나로 업종의 구분없이 보편화된 마케팅입니다.","P","단기적 매출증대를 위한 방안에 대해 설명해 주세요."
"1","경품마케팅에 대해 설명해 주세요.","경품판촉은 신상품을 홍보하고 잠재고객을 확보하며, 브랜드 및 제품의 인지도를 높이기 위해, 또는 경쟁기업의 적극적인 판매촉진에 대응하고 기존고객의 유지 및 관리를 목적으로 합니다. 그 유형은 매장을 방문한 고객은 제품구입과 상관없이 누구나 참여할 수 있는 공개현상경품과 구매고객 모두에게 상품을 주는 소비자경품이 있습니다.","P","공개현상경품에 대해 설명해 주세요."
"1","경품마케팅에 대해 설명해 주세요.","간접적이고 장기적인 매출증대 효과를 얻기 위한 판촉수단으로 이용되며, 주로 백화점을 비롯한 유통업체에서 효과적인 마케팅 수단으로 활용되어 왔습니다. 최근 저성장기 불황 타개책의 하나로 업종의 구분없이 보편화된 마케팅입니다.","F",""
"1","경품마케팅에 대해 설명해 주세요.","경품판촉은 신상품을 홍보하고 잠재고객을 확보하며, 브랜드 및 제품의 인지도를 높이기 위해, 또는 경쟁기업의 적극적인 판매촉진에 대응하고 기존고객의 유지 및 관리를 목적으로 합니다. 브랜드는 제품 구입과 상관없이 매장을 방문한 고객에게 100% 경품을 지급합니다.","F",""
"2","서블리미널광고에 대해 설명해 주세요.","광고가 자극이 적어지면 반응이 일어나는지 안 일어나는지 모를 한계점에 이르게 됩니다. 이 점을 자극점이라고 하는데, 이 한계점 이하의 자극에 의한 광고를 서블리미널광고라고 합니다. 전연 의식하지 못한 자극이 어떤 영향을 미친다는 심리학적 사실을 광고에 이용한 것입니다.","P","의식하지 못한 자극이 사람의 심리에 미치는 영향을 설명해 주세요."
"2","서블리미널광고에 대해 설명해 주세요.","잠재의식에 호소하는 광고. TV·라디오 또는 극장의 스크린 등에 인지불가능한 속도 또는 음량으로 메시지를 내보내서 구매행동에 충분한 자극을 주려는 광고입니다. 드라마에서 주인공의 옷과 시계 등을 노출함으로써 구매 욕구를 자극하는 PPL 사례, 성적이 오르는 음악, 스트레스 해소 음악 등 잠재의식을 이용한 상품을 내세워 판매하는 사례등이 있습니다.","P","PPL에 대해 설명해 주세요."
"2","서블리미널광고에 대해 설명해 주세요.","광고가 자극이 적어지면 반응이 일어나는지 안 일어나는지 모를 한계점에 이르게 됩니다. 이 점을 자극점이라고 하는데, 이 한계점 이상의 자극에 의한 광고를 서블리미널광고라고 합니다. ","P",""
"2","서블리미널광고에 대해 설명해 주세요.","의식에 호소하는 광고. TV·라디오 또는 극장의 스크린 등에 인지가능한 속도 또는 음량으로 메시지를 내보내서 구매행동에 충분한 자극을 주려는 광고입니다. 드라마에서 주인공의 옷과 시계 등을 노출함으로써 구매 욕구를 자극하는 PPL 사례, 성적이 오르는 음악, 스트레스 해소 음악 등 의식을 이용한 상품을 내세워 판매하는 사례등이 있습니다.","F",""
"2","광고 윤리에 대해 설명해 주세요.","광고의 가장 큰 문제는 그 진실성에 있다. 광고가 진실하지 않으면 광고가 생활정보로서 제구실을 할 수 없기 때문에 광고량이 많아지면서 광고의 윤리성은 더욱 강조되고 있습니다. 따라서 광고단체·광고매체사들도 법규제 이전에 스스로 광고의 윤리성·진실성을 지키기 위해 윤리규정을 제정하게 되었습니다.","P","생활정보의 특징을 설명해 주세요."
"2","광고 윤리에 대해 설명해 주세요.","광고 커뮤니케이션의 본질은 있는 그대로의 진실을 전달하는 것이 그 기본조건이므로 만일 그 내용을 과장 또는 과대하게 선전한다고 하면 그것은 광고윤리에 위배되는 일이며, 반사회적 행위로 간주됩니다. 반사회적이라고 하는 것은 전달의 대상인 소비자나 일반사회에 대하여 잘못된 정보를 전달함으로써 바른 생활정보로서의 기능을 상실할 뿐만 아니라 광고 그 자체에 대한 신뢰감을 잃게 됨을 말합니다.","P","과장 광고의 부정적 영향을 설명해 주세요."
"2","광고 윤리에 대해 설명해 주세요.","세계적으로는 미국이 윤리강령을 맨 먼저 제정하였는데, 당시의 광고전문지 프린터스잉크가 1911년에 윤리규범을 만든 것을 정부가 채택한데서 비롯되었습니다. 선진국의 경향은 법에 의한 규제보다 자율을 바라는 움직임입니다. 세계 유일의 국제적 광고기구인 국제광고협회는 1980년에 세계 각국의 광고자율규제 상황을 조사하기도 했습니다.","P","국제광고협회의 역할을 설명해 주세요."
"2","광고 윤리에 대해 설명해 주세요.","광고의 가장 큰 문제는 그 진실성에 있습니다.  광고가 진실하지 않으면 광고가 생활정보로서 제 구실을 할 수 없기 때문에 광고량이 많아지면서 광고의 윤리성은 더욱 강조되고 있습니다. 따라서 광고단체·광고매체사들도 법규제 이후 광고의 윤리성·진실성을 지키기 위해 윤리규정을 제정하게 되었습니다.","F",""
"2","광고 윤리에 대해 설명해 주세요.","광고 커뮤니케이션의 본질은 있는 그대로의 진실을 전달하는 것이 그 기본 조건이지만 제품 혹은 서비스를 홍보하는 광고적 표현 특성상 약간의 과장 또는 과대한 선전은 광고윤리에 허용됩니다. ","F",""
"2","광고 윤리에 대해 설명해 주세요.","세계적으로는 영국이 윤리강령을 맨 먼저 제정하였는데, 당시의 광고전문지 프린터스잉크가 1911년에 윤리규범을 만든 것을 정부가 채택한데서 비롯되었습니다. 선진국의 경향은 법에 의한 규제보다 자율을 바라는 움직임입니다. 세계 유일의 국제적 광고기구인 국제광고협회는 1980년에 세계 각국의 광고자율규제 상황을 조사하기도 했습니다.","F",""
"1","광고효과 모델에 대해 설명해 주세요.","광고의 효과를 정확하게 측정하고 예측하는 것은 효과적인 광고캠페인을 기획하는 데 매우 중요합니다. 적지 않은 예산이 투입되는 광고의 효과를 분석하지 못할 경우 비용의 낭비를 초래할 수 있으며 향후 캠페인을 기획하는 데도 어려움이 있을 것입니다. 광고효과 모델은 광고효과와 이를 발생시키는 원인과의 인과관계를 규명해 사전에 광고효과를 예측 가능하게 함으로써 효과적인 광고캠페인 기획을 지원하는 역할을 합니다.","P","광고효과를 파악하기 위한 방안을 설명해 주세요."
"1","광고효과 모델에 대해 설명해 주세요.","광고효과 모델은 크게 매출 효과, 커뮤니케이션 효과, 노출 효과를 측정하고 예측하는 세 가지로 나누어 볼 수 있습니다. 매출 효과 모델은 광고의 궁극적인 목표인 매출액, 판매량, 시장점유율과 같은 매출 관련 효과를 측정하고 예측합니다. 그러나 현재까지의 연구 결과들은 매출 효과의 측정은 광고 외 다른 변수의 영향과 예측하지 못한 변수간의 상호작용으로 인해 정확하게 예측하기 어렵다는 의견이 대부분입니다.","P","매출효과를 측정하는 방법을 설명해 주세요."
"1","광고효과 모델에 대해 설명해 주세요.","광고 노출 효과 모델은 광고효과의 가장 기본이 되는 광고의 노출을 예측하는 모델입니다. 광고 노출이란 소비자들이 특정 광고를 보거나 들을 기회, 즉 광고가 지각될 기회를 의미합니다. 광고효과가 발생하기 위해서는 반드시 소비자의 광고에 대한 노출이 전제되어야 합니다.","P","광고가 지각될 기회가 의미하는 것을 설명해 주세요."
"1","광고효과 모델에 대해 설명해 주세요.","광고의 효과를 정확하게 측정하고 예측하는 것은 효과적인 광고캠페인을 기획하는 데 매우 중요합니다. 적지 않은 예산이 투입되는 광고의 효과를 분석하지 못할 경우 비용의 낭비를 초래할 수 있으며 향후 캠페인을 기획하는 데도 어려움이 있을 것입니다. 광고효과 모델은 광고효과와 이를 발생시키는 원인과의 인과관계를 규명해 사후에 광고효과를 분석함으로써 효과적인 광고캠페인 기획을 지원하는 역할을 합니다.","F",""
"1","광고효과 모델에 대해 설명해 주세요.","광고효과 모델은 크게 매출 효과, 커뮤니케이션 효과, 노출 효과를 측정하고 예측하는 세 가지로 나누어 볼 수 있습니다. 매출 효과 모델은 광고의 궁극적인 목표인 매출액, 판매량, 시장점유율과 같은 매출 관련 효과를 측정하고 예측합니다. 현재까지의 연구 결과들은 매출 효과가 커뮤니케이션 효과나 노출 효과 대비 측정이 쉽고 정확한 예측이 가능하다는 의견이 대부분입니다. ","F",""
"1","광고효과 모델에 대해 설명해 주세요.","광고 노출 효과 모델은 광고효과의 가장 기본이 되는 광고의 노출을 예측하는 모델입니다. 광고 노출이란 소비자들이 특정 광고를 보거나 들을 기회, 즉 광고가 지각될 기회를 의미합니다. 하지만 소비자가 특정 광고를 보거나 듣지 못해도 광고효과가 발생하기도 합니다.","F",""
"2","광고효과 측정에 대해 설명해 주세요.","광고는 일반적으로 마케팅 커뮤니케이션에서 가장 많이 활용되는 촉진 믹스라고 할 수 있습니다. 광고의 효율성을 높이기 위해서는 광고 예산이 투입된 만큼 효과적으로 광고캠페인이 달성되었는지 확인 가능해야 하며 이후 광고 집행에서도 기존에 집행했던 자료를 토대로 효과적인 예측이 가능해야 합니다.","P","효과적인 예측을 위해 필요한 데이터를 설명해 주세요."
"2","광고효과 측정에 대해 설명해 주세요.","광고효과를 측정하는 방법은 미디어 환경의 변화와 광고 산업의 발전에 따라 진화해 왔습니다. 1960년대에 TV 광고효과를 설명하기 위한 방안으로 도달률과 빈도, GRP의 개념이 도입되었으며 지금도 여전히 TV 광고효과를 대표하는 지표로 사용되고 있습니다.","P","GRP에 대해 설명해 주세요."
"2","광고효과 측정에 대해 설명해 주세요.","온라인 광고는 TV 광고 측정과 달리 처음부터 전체 노출 수나 클릭 수를 측정할 수 있는 이점이 있습니다. 그러나 개개인의 인구통계학적 특성을 파악하기가 어려웠으며 업체마다 광고 노출을 측정하는 방법이 달라 TV 광고 시청률과 직접 비교하기 어려운 점이 있었습니다.","P","온라인 광고의 클릭수에 대해 설명해 주세요."
"2","광고효과 측정에 대해 설명해 주세요.","광고는 일반적으로 마케팅 커뮤니케이션에서 가장 적게 활용되는 촉진 믹스라고 할 수 있습니다. 광고의 효율성을 높이기 위해서는 광고 예산이 투입된 만큼 효과적으로 광고캠페인이 달성되었는지 확인 가능해야 하며 이후 광고 집행에서도 기존에 집행했던 자료를 토대로 효과적인 예측이 가능해야하기 때문입니다.","F",""
"2","광고효과 측정에 대해 설명해 주세요.","광고효과를 측정하는 방법은 미디어 환경의 변화와 광고 산업의 발전에 따라 진화해 왔습니다. 1960년대에 TV 광고효과를 설명하기 위한 방안으로 도달률과 빈도, GRP의 개념이 도입되었으나 현재는 사용되지 않고 있습니다.","F",""
"2","광고효과 측정에 대해 설명해 주세요.","온라인 광고는 TV 광고 측정과 달리 처음부터 전체 노출 수나 클릭 수를 측정할 수 있는 이점이 있습니다. 또한 개개인의 인구통계학적 특성을 파악하기가 쉽고 업체들이 광고 노출을 측정하는 방법이 동일해 TV 광고 시청률과 직접 비교하기도 쉽습니다.","F",""
