"1","체외충격파쇄석술에 대해 설명해주세요","체외충격파쇄석술은 영어로는 Extracorporeal shock wave lithotipsy이며 수술 없이 몸 밖에서 높은 에너지의 충격파를 발사하여 요로들을 자연 배출이 가능한 크기로 잘게 부수는 치료법으로 작은 공간에서 갑자기 에너지를 발생시켜 충격파를 만들어내는 원리를 이용하고 있습니다.","P","충격파에 대해 설명해주세요"
"1","체외충격파쇄석술에 대해 설명해주세요","첫 체외충격파쇄석술은 1980년 독일의 Dr. Christian Chaussy에 의해 Domier HM1 lithotipter를 이용하여 성공적으로 시행되었습니다. 충격파는 작은 공간에서 갑작스러운 에너지 방출로 인하여 공기나 물속에서 발생되는 높은 압력의 고에너지인데 충격파는 액체 내에서 공동화 현상을 유발하여 공기 방울을 만들고, 공기 방울이 없어지면서 고에너지가 방출되는 원리입니다.","P","고에너지에 대해 설명해주세요"
"1","체외충격파쇄석술에 대해 설명해주세요","체외충격파쇄석술은 수술 중에 몸 안에서 높은 에너지의 충격파를 강제적으로 발사하여 자연 배출이 가능한크기로 요로들을 잘게 부수는 치료법으로 알려져 있으며, 노약자의 경우에는 해당 사항을 적용할 수 없다는 단점이 있습니다","F",""
"1","체외충격파쇄석술에 대해 설명해주세요","체외충격파쇄석술은 수술없이 몸 밖에서 높은 에너지 충격파를 발사하여 치료하는 기법으로서, 과거 해부학이 종교적인 의미에 의해서 터부시될때 주로 사용되는 기법으로 현재는 자주 사용되는 기법이 아닙니다.","F",""
"1","체외충격파쇄석술에 대해 설명해주세요","충격파의 차이가 큰 두가지 음향 성질을 가진 매질이 충격파가 지나가지 않아도 적절한 압력 차이의 발생에 의해서 표면의 힘보다 약한 힘을 내뿜게 되는데 이를 이용하여 체외 충격파쇄석술을 진행하는 것이 일반적입니다.","F",""
"1","체외충격파쇄석술에 대해 설명해주세요","충격파의 차이가 큰 두 가지 음향 성질을 가진 매질이 충격파가 지나갈 때 나타내는 압력 차이와 연관이 있으며 충격파의 분쇄력이 견고한 표면을 유지하는 힘보다 강할 경우 분쇄되는 원리를 이용하고 있는 기법입니다. 체외충격파쇄석기는 충격파 에너지 발생장치, 충격파 전달 매체, 위치측정장치로 구성되어 있습니다.","P","위치측정장치의 원리에 대해 설명해주세요"
"1","네뷸라이저에 대해 설명해주세요","약물이 직접 콧속 ·목구멍 ·기관 ·기관지에 닿게 하여 항염증 ·항알레르기를 기대하는 치료법 혹은 치료기기를 네뷸라이저라 부릅니다. 네뷸라이저는 지름 1~3 μm 크기의 입자로 만드는 기구이므로 흡수가 빠르고 유효할 뿐 아니라 환자에게 고통없이 쉽게 실시할 수 있으므로 널리 쓰이고 있습니다.","P","입자에 대해 설명해주세요"
"1","네뷸라이저에 대해 설명해주세요","네뷸라이저의 유형은 제트형과 바이브레이션이 부가된 형, 초음파 형 등이 있습니다. 흔히 사용되는 약제는 항염증제, 항생물질, 부신피질호르몬제, 기관지확장제 등이 있으며 약제투여법의 선택에 주의하는 것이 중요하고, 자주 또는 오래 사용하는 것은 좋지 않습니다.","P","초음파형 네뷸라이저에 대해 설명해주세요"
"1","네뷸라이저에 대해 설명해주세요","네뷸라이저란 항염증 항알레르기를 치료하는 치료법을 의미하며 치료기기는 네뷸라이터라고 불립니다. 주로 1~2cm의 입자를 가지는 기구로 흡수가 느리지만, 환자에게 고통없이 실시할 수 있다는 장점이 있어 대중적으로 사용되고 있습니다","F",""
"1","네뷸라이저에 대해 설명해주세요","네뷸라이저는 호흡기 질환을 가지고 있는 환자들이 휴대하고 다니는 치료기기입니다. 또한 1일에 1번만 사용하여도 해당 호흡기 질환이 단기적으로 무마되며 부작용도 발생하지 않기 떄문에, 대중적으로 사용되고 있는 상황입니다","F",""
"1","네뷸라이저에 대해 설명해주세요","네뷸라이저는 제트형과 바이브레이션이 부가된 형, 초음파 형이 있습니다. 주요 약제로는 기관지 확장제를 사용하며, 항생물질,항염증,부신피질호르몬제 등은 부작용이 발생할 우려가 존재하기 때문에 사용하고 있지 않습니다. ","F",""
"1","네뷸라이저에 대해 설명해주세요","네뷸라이저는 천식환자들이 많이 휴대하고 다니는 치료기기입니다. 어른의 경우, 1일 2회에서 6회까지, 각 횟수마다 4-8번 정도 사용을 해야 합니다. 그리고 부작용으로는 때때로 구강마비감, 자상감, 작열감 등이 경미하게 나타날 수 있다는 점, 과민증과 소화기계 이상 등이 생길 수 있다는 점이 있습니다.","P","작열감에 대해 설명해주세요"
"1","적외선조사기에 대해 설명해주세요","온열자극을 목적으로 표피로부터 깊이 침투하여 병원균에 저항력을 높히는데 사용하는 물리치료기계입니다. 그러나 화상의 위험이 있으니 따뜻할 정도로 거리를 유지하시고, 일정한 시간을 정해 사용하시는 것을 권장합니다. 흔히, 정형외과 등의 물리치료실에서 가장 흔하게 접할 수 있는 의료기기라 할 수 있습니다.","P","화상에 대해 설명해주세요"
"1","적외선조사기에 대해 설명해주세요","적외전조사기는 온열을 이용하여 혈액의 흐름과 물질대사를 좋게 하고 신경 및 근육의 피로를 없애고 이완시켜 환자의 통증이나 근육의 구축 등을 완화시켜주는 치료방법입니다. 적외선 조사기 파장이 우리 몸 속에서 나오는 심부열을 높여줘서 통증에도 좋고 신진대사를 촉진시켜서  혈액순환에 도움을 주며 노폐물 배출에도 순기능을 하는 것으로 알려져 있습니다.","P","물질대사에 대해 설명해주세요"
"1","적외선조사기에 대해 설명해주세요","적외선조사기의 목적은 표피로부터 미세한 막을 형성하여 병원균에 저항력을 높히는데 사용하는 물리치료기계입니다. 따라서 고온 고압의 물질을 단기적으로 피부에 주입하는 것이 중요하여 화상이 발생할 우려가 있습니다.","F",""
"1","적외선조사기에 대해 설명해주세요","적외선조사기는 온열을 이용하여 흐름과 물질대사를 좋게하고 근육의 피로를 없애는 치료입니다. 주로 자외선을 통해 혈액순환을 하며 해당 자외선의 경우 장기간 노출되면 유해한 물질이기 때문에 단기적인 치료 시간을 통해 처리됩니다","F",""
"1","적외선조사기에 대해 설명해주세요","적외선조사기는 적외선을 통해서 심부열을 낮춰 통증에도 좋고 신진대사를 낮춰서 몸을 편안한 상태로 만드는 물리치료기법입니다. 또한 적외선 조사기 치료를 시행한 자는 그 치료가 끝난 직후 노폐물을 배출해야 안전합니다.","F",""
"1","카테타에 대해 설명해주세요","특별성 호흡곤란증후군의 신생아를 관리하는데 있어, 주로 동맥혈 가스소견을 얻기 위해서 쓰이는 수단이며, 수액이나 약물의 투여로 또는 대동맥압의 모니터링경로로는 사용합니다. 카테타는 하나의 제동맥에 삽입하고 그 끝이 총장골동맥분기부 또는 복강동맥주간부에 위치하게 됩니다.","P","대동맥압에 대해 설명해주세요"
"1","카테타에 대해 설명해주세요","환자의 소화관이나 방광, 기관지, 혈관의 내용물을 빼내기 위해 혹은 반대로 약제나 세정제 등을 신체 내부로 주입하기 위해 쓰이는 고무 또는 금속제의 가는 관을 뜻합니다. 오줌의 배출을 위한 도뇨 카테타나 화학 요법을 위한 히크만 카테타, 기관지의 농을 빼기 위한 석션 카테타, 식사를 위한 카테타 등 많은 종류가 있습니다.","P","방광에 대해 설명해주세요"
"1","카테타에 대해 설명해주세요","카테타는 일반적으로 호흡곤란증후군을 가지는 신생아를 관리하는데 있어 정맥혈에 가스를 주입하여 해당 호흡을 원활하게 하는 약물로서, 제정맥에 삽입함으로써 해당 가스의 주입 경로를 모니터링할 수 있습니다.","F",""
"1","카테타에 대해 설명해주세요","카테타는 혈액뿐만 아니라 도뇨에서도 사용될 수 있습니다. 배뇨활동이 원활하게 이뤄지지 않아 방광에 오줌이 많이 차있을 경우 약물을 주입하거나 해당 오줌을 빼내기 위한 플라스틱 관을 삽입하는데 이를 카테타라고 합니다. 카테타에는 금속제의 관은 사용하지 않습니다","F",""
"1","카테타에 대해 설명해주세요","카테타는 환자의 소화관이나 방광 기관지 혈관 등에 내용물을 첨가하기 위해서 혹은 약제나 세정제가 잘못 주입되었을 때 이를 강제적으로 빼내기 위해서 사용되고 있습니다. 단, 인체 손상을 최소화하기 위해서 고무로된 관만을 사용합니다","F",""
"1","카테타에 대해 설명해주세요","도뇨 카테타에 대해 설명드리겠습니다. 방광 안의 오줌을 빼내기 위해 혹은 약물을 주입하기 위해 쓰이는 고무 또는 PVC, 또는 실리콘의 가는 관입니다. 요도에 관을 천천히 삽입하는데 윤활제를 활용하여 환자의 고통을 덜어주어야 합니다. 제거할 때도 천천히 빼내야 합니다.","P","PVC 재질에 대해 설명해주세요"
"1","ME기기에 대해 설명해주세요","의용공학을 기반으로 만들어진 기기로, 기초의학 연구의 측정기기, 임상의학에서의 검사, 진단 치료 등의 지원기기를 뜻합니다. 최근에는 의료관리시스템 등에도 응용하게 되었습니다. 구체적인 ME기기로는 생리기능을 측정하는 심전계, 동맥압감시장치, 인공호흡기 등이 있습니다.","P","심전계에 대해 설명해주세요"
"1","ME기기에 대해 설명해주세요","참고로 ME는 원래, 전자공학을 응용한 점에서 의용전자공학이라고도 한 적이 있습니다. 그 후, 전자공학뿐만 아니라 핵물리공학, 재료공학, 정보공학이 발전하면서 이들의 이론과 기술도 의학, 의료 혹은 생물학에 응용하게 되어 의용공학이라고 하게 되었습니다.","P","핵물리학이 의료 산업에 응요된 예시를 들어 설명해주세요"
"1","ME기기에 대해 설명해주세요","의용공학을 기반으로 만들어진 기기를 ME기기라고 합니다. 기초의학 연구의 측정기기, 임상의학의 검사 등을 뜻합니다. 그러나 최근에는 모든 의료관리시스템이 전산화됨에 따라서, 사용되고 있지 않는 기기로 고려되고 있습니다","F",""
"1","ME기기에 대해 설명해주세요","ME는 원래 기계공학을 의학에 응용한 분야로 의용기계공학이라고 부른적이 있습니다. 그 후에 다양한 공학적인 접근, 전자공학,물리공학,재료공학,생물공학 등이 발전하면서 이들을 통합하여 의용공학으로 규정하게 되었습니다.","F",""
"1","ME기기에 대해 설명해주세요","ME기기는 의용공학을 기반으로 만들어진 모든 의료 시스템을 말합니다. 따라서 기초의학의 연구분야부터 의약제품 분야까지 다양하게 활용되고 있지만, 굉장히 고액을 자랑하기 떄문에 대중적인 치료방식으로는 각광받고 있지 않습니다","F",""
"1","체외충격파쇄석술의 적용범위에 대해 설명해주세요","체외충격파쇄석술의 모든 상부 및 하부 요관석과 신석이 치료 대상이 도리 수 있으며, 결석의 크기는 2센치미터 이하인 경우에 잘 치료되는 것으로 알려져 있습니다. 치료 후 요석의 배출까지 시간이 소요되며 파쇄된 결석이 배출되는데 일반적으로 2주 가량 소요되는 것으로 알려져 있습니다.","P","결석에 대해 설명해주세요"
"1","체외충격파쇄석술의 적용범위에 대해 설명해주세요","체외충격파쇄석술의 단점은 결석의 크기가 크거나 골반 뼈에 가려진 결석의 경우 성공률이 낮아지며 육안적 혈노, 신장 피막하 혈종, 요로 감염, 결석로 등의 합병증이 동반될 수 있다는 것입니다. 체외충격파쇄석술의 절대 금기는 임신한 여성 및 교정이 되지 않는 응고장애 환자입니다.","P","신장 피막하 혈종에 대해 설명해주세요"
"1","체외충격파쇄석술의 적용범위에 대해 설명해주세요","체외충격파쇄석술은 모든 요석을 효과적으로 제거할 수 있습니다. 단 요석이 배출까지 시간이 많이 소요되는 경우를 제외하고는 체외충격파쇄석술의 결석로에 대한 합병증 부작용을 야기할 수 있기 떄문에 해당 조건에서만 체외충격파쇄석술을 사용합니다","F",""
"1","체외충격파쇄석술의 적용범위에 대해 설명해주세요","결석크기가 2센티미터 이상인 경우에는 자연적으로 요석 혹은 신석을 추출하는 것이 불가능하기 떄문에 체외에 충격을 가하여 해당 결석을 잘게 부셔서 배출해내게되는데 이를 체외충격파쇄석술이라고 합니다.","F",""
"1","체외충격파쇄석술의 적용범위에 대해 설명해주세요","체외충격파쇄석술의 장점은 결석의 크기가 크거나 골반 뼈에 가려진 결석의 경우에도 성공률이 높고 육안적으로 혈노, 신장 피막하, 혈종 등의 합병증이 없습니다. 따라서 유아부터 노년까지 모두가 이용할 수 있는 결석제거법입니다","F",""
"1","방사선치료 과정에 대해 설명해주세요","방사선치료가 필요한 환자에게 원하는 치료 부위에 정확히 방사선을 조사하고, 불필요한 정상 조직에는 조사되는 방사선량을 최소화하기 위해서는 일련의 준비과정이 필요합니다. 방사선 발생장치를 통해 외부에서 방사선을 조사시키기 위해서는 환자가 편안하게 재현성 있는 고정된 자세로 위치하여야 합니다. 이를 위해 재현성 확보를 실시해야 하기도 합니다.","P","재현성 확보를 위한 기구에 대해 설명해주세요"
"1","방사선치료 과정에 대해 설명해주세요","환자를 고정기구를 이용하여 자세를 잡은 이후, 치료를 실시합니다. 투시영상을 이용한 치료를 통해 종양의 움직임을 정확히 파악하거나, 환자의 호흡을 멈추거나 특정 호흡 주기만을 치료에 이용하여 치료 범위를 최소화하고 정상장기의 손상을 줄이는데 목적이 있습니다.","P","호흡 주기에 대해 설명해주세요"
"1","방사선치료 과정에 대해 설명해주세요","방사선치료가 필요한 환자에게는 치료 부위에 정확히 방사선을 조사함으로써 그 부작용을 최소화해야합니다. 그러나 환자가 호흡을 멈추게 될 경우에 종양의 위치를 정확히 측정할 수없기 떄문에 호흡을 최대한 크게 쉬는 상태에서 치료가 이뤄져야합니다","F",""
"1","방사선치료 과정에 대해 설명해주세요","환자를 고정기구를 이용하여 고정시킨 뒤에 치료를 실시하는 것이 방사선치료 과정의 시작힙니다. 종양의 움직임을 정확히 파악하지 않더라도 그 주변부에 방사선을 주입하면 효과가 발생하기 떄문에 치료 범위가 광범위하다는 장점이 있습니다","F",""
"1","방사선치료 과정에 대해 설명해주세요","방사선 치료가 필요한 환자에게는 방사선을 조사함으로써 그 부작용이 최대가 되기 떄문에 방사선 치료는 최후의 수단으로서만 기능해야 합니다. 또한 방사선 기능의 장점은 적절한 치료없이도 한번에 모든 고통을 제거할 수 있다는데 있습니다","F",""
"1","혈당기에 대해 설명해주세요","시중에 나와있는 자가혈당측정기는 대체로 비슷합니다. 사용방법이나 혈당측정에 필요한 혈액량, 측정에 걸리는 시간 등에서 약간의 차이가 있을 뿐인데요. 따라서 자가혈당측정기를 구입할 때는 자신이 조작하기 쉬운 기계인지, 크기가 적당한지, 수치 등이 보기 편하게 표기되는지, 비용은 적정한지 등을 고려하여 자신의 마음에 드는 것을 고르면 됩니다.","P","혈당에 대해 설명해주세요"
"1","혈당기에 대해 설명해주세요","먼저 측정기의 바늘로 손가락 끝을 찔러 피를 조금 내어 검사용 시험지에 묻히면, 기계가 시험지에 묻은 혈액 속의 포도당을 감지하여 혈당을 표시해줍니다. 그러나 기계마다 방법이 조금씩 다를 수 있으므로 정확한 방법은 각 기계의 사용설명서를 참조하여 확인해야 합니다. 보다 정확한 검사를 위해서는 검사혈에 이물질이 묻지 않도록 주의하여야 합니다.","P","혈당기의 시험지에 대해 설명해주세요"
"1","혈당기에 대해 설명해주세요","혈당기란 혈액에 있는 포도당을 측정하는 성분입니다. 이를 통해 당뇨를 파악할 수 있는데 검사혈에 이물질이 묻으면 해당 측정이 부정확할 수 있어 보통의 경우 1000ml 이상의 혈액을 체취하여 그 정확성을 높이고 있습니다.","F",""
"1","혈당기에 대해 설명해주세요","혈당기란 혈액 속에 존재하는 당의 성분을 측정하는 기계입니다. 그 측정이 굉장히 복잡하고 난해하기 떄문에 전문가만이 혈당기를 사용할 수 있으며, 대중적이게 사용될 수는 없지만 오차가 거의 발생하지 않는 정교함을 보여줍니다.","F",""
"1","혈당기에 대해 설명해주세요","혈당기란 시험지를 통해서 혈액 속의 젖당을 감지하여 혈당을 표시해줍니다. 따라서 혈당의 경우 유아기 때 가장 높으며 노년기에 갈수록 그 농도가 낮아진다는 특징을 가지고 있으며, 해당 수치를 초과할 경우 당뇨로 규정합니다","F",""
"1","혈당기에 대해 설명해주세요","자가혈당측정은 특별한 제한이 있는 것이 아니므로 언제든 혈당이 궁금할 때 측정해 볼 수 있습니다. 공복과 식후 혈당이 목표범위 내에서 잘 조절되는 경우에는 주 2~3회 측정하고, 측정하는 날에는 식전 공복과 식후 2시간, 취침 전 등 2~3번 측정하는 것이 좋습니다.","P","혈당과 공복 간의 관계에 대해 설명해주세요"
"2","체온계에 대해 설명해주세요","검온기라고도 합니다. 보통 사용되는 것은 수은체온계이며, 수은조와 관부 사이가 모세관이 되어 잘록하게 되어 있고, 체온으로 수은이 팽창하면 관내에 밀려나가 상승하는데, 온도가 내려가서 수은이 수축할 때는 유점에서 끊어져 관내의 수은은 그대로 남아서 세게 흔들지 않으면 내려가지 않습니다.","P","모세관에 대해 설명해주세요"
"2","체온계에 대해 설명해주세요","체온계는 체온의 대푯값이라고 인정되어 있는 일정조건하의 온도를 정확하게 측정하는 온도계이며, 이것으로 재기만 하면 모두 체온이라고 말할 수는 없습니다. 겨드랑이에서의 검온을 예로 들면, 체온의 대푯값은 겨드랑이에서의 온도이며, 이것은 겨드랑이를 폐쇄강으로 하여 열을 축적함으로써 만들어지는 것으로 상당한 시간(약 10분간)을 요합니다.","P","체온계 내 액체에 대해 설명해주세요"
"2","체온계에 대해 설명해주세요","체온계란 체온을 재는 도구로서 주로 수은체온계가 사용됩니다. 그러나 수은체온계의 경우 신체에 유입될 경우에 수은에 대한 부작용이 발생할 수 있기 때문에 최근에는 수은을 물로 대체하여 같은 기능을 구현하는 기술이 개발되고 있습니다","F",""
"2","체온계에 대해 설명해주세요","검온기라고도 하며 몸의 온도를 측정하는 도구입니다. 주로 귀, 이마, 목, 팔목 등을 통해서 측정하며 해당 온도가 36.5도에서 0.5 이상의 오차를 야기할 경우 해당 환자는 즉각적으로 의사의 요청하에 입원치료를 받아야 합니다.","F",""
"2","체온계에 대해 설명해주세요","체온을 측정하는 모든 도구를 체온계라고 합니다. 체온은 의료에 있어서 가장 기본적인 역할을 하기 때문에 모든 의료기기는 체온계의 기능을 함유하고 있으며 해당 기능이 존재하지 않는 경우에 의료기기로 승인받지 못하고 있습니다","F",""
"2","체온계에 대해 설명해주세요","체온을 측정하는 도구입니다. 체온계의 수은조를 액와강 속에서, 앞뒤 지름의 중앙보다 다소 앞쪽 부위에 체온계의 축을 다소 비스듬히 전하방으로부터 후상방으로 향해서 끼운 다음, 겨드랑이 안쪽을 완전히 폐쇄한 채로 유지하고 겨드랑이 온도가 구성되는 것을 기다려야 한다는 특징이 있습니다.","P","수은조에 대해 설명해주세요"
"1","의료용포름알데히드가스소독기에 대해 설명해주세요","강력한 살균소독제라 할 수 있습니다. 보통 조건하에서는 기체로, 그 37% 수용액인 formalin이 보다 널리 유통되고 있는데요. 본 품의 단백질변성 작용은 강력하고 의료용, 그 밖의 소독제로 널리 쓰이고 있다. 식품에의 이용은 금지되고 있습니다. 종래 식품위생법의 식품첨가물 등의 규격기준으로 본 품은 식품으로부터 검출되어서는 안 된다고 규정되어 있던 것도 위와 같은 취지입니다","P","수용액에 대해 설명해주세요"
"1","의료용포름알데히드가스소독기에 대해 설명해주세요","메탄올의 산화로 얻는 자극성 냄새를 갖는 가연성 무색기체가 포름알데히드입니다. 의료용 포름알데히드는 때때로 소독을 위해 사용되고 있으며, 사용 시에는 독성 처리에 주의하면서 조심스러운 사용이 요구됩니다. 포름알데히드는 알데하이드 중 가장 단순한 형태이며 상온에서 무색의 기체 상태로 존재하면서 특유의 자극적인 냄새를 풍긴다는 특징이 있습니다.","P","메탄올에 대해 설명해주세요"
"1","의료용포름알데히드가스소독기에 대해 설명해주세요","강력한 살균소독제이며, 보통의 경우에 액체상태로 존재하며 포르말린이 대중적으로 유통되지 못하는 이유는 그 독성이 강하기 떄문인데, 의료용포름알데히드가스소독기로 변경할 경우 그 독성이 약화되기 떄문에 대중적으로 유통되어졌습니다","F",""
"1","의료용포름알데히드가스소독기에 대해 설명해주세요","에탄올이 산화되면 자극성 냄새를 갖는 가연석 무색 기체가 발생하는데 이를 포름알데히드라고 합니다. 의료용 포름 알데히드는 떄떄로 소독용으로 사용되고 있으며 독성처리에 주의하면서 조심스러운 사용이 요구되고 있습니다","F",""
"1","의료용포름알데히드가스소독기에 대해 설명해주세요","포름알데히드를 이용한 소독기로 상온에서 액체상태로 유지됩니다. 따라서 소독을 하기 위해서는 해당 액체를 미립자로 전환하여 분사하는 형태를 취하며 우리가 흔히 병원에서 볼 수 있는 가습기에서 이를 확인할 수 있습니다","F",""
"1","고압증기멸균기에 대해 설명해주세요","고압증기멸균은 닫혀진 용기 내의 물을 가열하여 100도 이상의 포화수증기화함으로써 형성되는 고압상태의 높은 멸균력을 이용하는 것을 뜻합니다. 멸균은 생존력이 있는 모든 종류의 세균뿐만 아니라 그 포자까지도 완전히 사멸시켜 미생물이 존재하지 않는 상태로 만드는 것을 말합니다.","P","포자에 대해 설명해주세요"
"1","고압증기멸균기에 대해 설명해주세요","고압증기멸균법은 멸균기의 안을 1.5기압하에서 온도를 121℃까지 상승시켜 멸균기 안의 세균을 즉시 사멸시키며 저항력이 강한 아포 형성 세균도 20분 내에 사멸시킵니다. 온도에 대해 가장 저항력을 가진 Bacillus stearothermophilus를 대조균으로 사용하는데요. 고압증기멸균은 효과면에서 우수하고 보편적인 멸균 방법이고, 증기가 모든 면에 직접 접촉해야 멸균이 되며, 부식 또는 열에 민감한 것은 사용할 수 없고, 건조과정이 필요합니다.","P","부식에 대해 설명해주세요"
"1","고압증기멸균기에 대해 설명해주세요","고압증기멸균법은 멸균기 외부를 3기압까지 올리게 되면 멸균기 안의 세균이 천천히 사멸하게 되는데, 해당 멸균법은 병원균이나 세균뿐아니라 바이러스에도 적용될 수 있어 광범위하게 사용되고 있는 실정입니다.","F",""
"1","고압증기멸균기에 대해 설명해주세요","고압증기멸균기는 방사선 치료를 할 때 필수적으로 수행되며 환자가 병원균에 노출되지 않도록, 의료기기에 존재하는 세균을 제거하는 역할을 하지만, 그 속도가 굉장히 느려 일주일 이상의 사멸기간을 필요로 합니다.","F",""
"1","고압증기멸균기에 대해 설명해주세요","고압증기멸균은 폐쇄된 용기 내에서 멸균의 대상을 가열하여 세균을 사멸시키는 방법으로, 직접적인 사멸작용이라고 생각될 수 있습니다. 또한 세균은 사멸하더라도 해당 대상에 미생물을 완벽하게 제거할 수 없다는 단점이 있습니다","F",""
"1","고압증기멸균기에 대해 설명해주세요","방사선사는 각각의 업무에 따라 진단방사선사, 치료방사선사, 핵의학 방사선사로 나누어지며, 영상의학과 즉, 엑스레이 검사, 자기공명촬영 검사나 전산화단층촬영 검사, 초음파 검사 등에서부터 시작하여, 방사선 종양학과, 핵의학과 등에서 다양한 업무를 수행합니다.","P","핵의학 방사선사에 대해 설명해주세요"
"1","건열멸균기에 대해 설명해주세요","실험기구류를 고온 처리하여 멸균하는 장치입니다. 보통 150~200℃에서 1~3시간 유지하는데요. 고압증기살균과는 달리 기내가 건조 상태를 유지하므로 세척 후에는 기구를 건조시키는 기능도 있습니다. 처리시간이 비교적 길어서 시간이 없을 때에는 고압증기살균이 좋은데요. 항온기와 같은 구조로, 기내부피가 큰 것이 많아 비교적 큰 실험기구도 멸균시킬 수 있습니다. 금속이나 유리제품 등의 내열성 기구 외에는 사용할 수 없습니다.","P","내열성에 대해 설명해주세요"
"1","건열멸균기에 대해 설명해주세요","건열멸균기는 유리제품을 파괴하지 않고 기구들을 부식지키지 않으면서도 멸균이 가능하다는 장점이 있습니다. 그리고 기구의 경도 및 예리함에 영향을 주지 않아 선호되기도 합니다. 또한 건열멸균법에 사용되는 건열면규기는 고압증기멸균기에 비해 가격이 저렴합니다.","P","경도에 대해 설명해주세요"
"1","건열멸균기에 대해 설명해주세요","건열멸균기는 멸균기 안을 1.5기압 하에서 온도를 120도 까지 상승시켜 멸균기 안의 세균을 즉각적으로 사멸시키며 저항성이 강한 세균도 20분 내에 사멸시켜 효율적인 멸균방식으로 고려되고 있습니다 다만 비용이 비싸서 전문적인 수술 전후에만 사용되고 있습니다","F",""
"1","건열멸균기에 대해 설명해주세요","건열멸균기란 고온 고압에 습기가 존재하지 않는 환경에 세균을 배치시켜서 멸균하는 방식입니다.보통의 경우 단기간에 고온 고압을 주입하여서 세균을 멸균하며 처리 시간이 비교적 짧다는 장점을 가지고 있습니다.","F",""
"1","건열멸균기에 대해 설명해주세요","건열 멸균기는 대표적으로 치과치료의 의료기기에서 주로 사용됩니다. 환자가 세균에 노출되지 않도록 하기 위해서 치료목적으로 사용된 기기는 즉각적으로 건열멸균기에 적용되는데 주로 적외선을 통해 세균을 제거하는 방식을 사용합니다","F",""
"1","건열멸균기에 대해 설명해주세요","건열멸균기는 일부 치과용 핸드피스, 분말, 기름, 종이, 천으로 된 제품에 적용됩니다. 다만, 멸균할 기구의 양이 많거나 멸균할 물품이 두껍게 포장되어 있으면 멸균이 잘 되지 않는다는 단점이 있으며 일정 사용기간이 지나면 가열장치가 연소해 버리므로 주기적으로 건열멸균기의 온도조절장치를 점검해야 합니다.","P","연소에 대해 설명해주세요"
"1","인공심폐장치에 대해 설명해주세요","우심방으로부터 상 ·하 대정맥에 삽입한 카뉼레에서 혈액을 받아들이고, 인공심폐장치에서 산화를 일으켜 대퇴정맥으로 보내게 됩니다. 이 사이에 심장을 정지시키고 필요한 수술조작을 할 수 있게 됩니다. 즉, 직시하에서 개심수술이 가능하게 됩니다. 인공심폐장치를 작동시키기 위해서는 혈액의 응고를 막는 것이 중요합니다.
","P","산화에 대해 설명해주세요"
"1","인공심폐장치에 대해 설명해주세요","인공심폐를 제거한 후에 혈액응고작용이 재빨리 회복되지 않으면 수술 후의 출혈을 초래하게 됩니다. 황산프로타민, 폴리글렌 등이 이 목적으로 사용됩니다. 인공심폐장치의 효과를 높이기 위하여 관류혈액을 냉각시켜 저온하에서의 수술이 시도되는 수도 있습니다. 이 때는 관류회로 속에 열교환기가 삽입됩니다.","P","열교환기에 대해 설명해주세요"
"1","인공심폐장치에 대해 설명해주세요","인공심폐장치란  심장을 정지시키지 않은 상태에서 해당 심폐장치를 넣음으로써 심장을 보조하는 역할을 하는 장치입니다. 수술 후 출혈이 야기될 위험이 적고 혈액이 응고될 위험도 적어 가장 안전한 심장 수술보조장치로 알려져 있습니다","F",""
"1","인공심폐장치에 대해 설명해주세요","인공심폐를 제거한 뒤에 재빨리 회복하지 않으면 혈액이 증발하여 신체에 치명적인 타격이 가해질 수있기 때문에 주의해야 합니다. 주로 관류 혈액을 가열하여 고온 하에서 수술을 시도함으로써 해당 부작용을 억제하고 있습니다","F",""
"1","인공심폐장치에 대해 설명해주세요","심장 내무의 병변에 대해 수술할 경우에는 심장 내부에 혈액이 충분한 상태로 해야하기 떄문에 상대 정맥, 가산소된 혈액 등을 원활하게 지급하기 위해서 인공심폐장치로 해당 보급 혈액을 최대화하는 용도로 사용되고 있습니다","F",""
"1","인공심폐장치에 대해 설명해주세요","심장내무의 병변에 대해 수술을 할 경우에는 심장 내부에 혈액이 없는 상태가 필요합니다. 이 때문에 상대정맥, 하대정맥에서 우심방으로 되돌아오는 정맥혈을 체외로 이끌며 여기에 산소를 주는 산소 기장치, 가산소된 혈액을 대동맥의 내부로 들여 보내는 펌프가 필요합니다. 이와 같이 일시적으로 폐와 심장을 대신하는 장치가 인공폐입니다.","P","하대정맥에 대해 설명해주세요"
"1","방사선사의 역할 및 기능 등에 대해 설명해주세요","방사선사는 의사의 진료활동을 보조하여 신체 내부기관의 질병, 장애의 진단을 위해 각종 방사선 장비를 조작하고, 방사성물질을 이용하여 치료합니다. 그리고 방사선사는 신체 특정 부위에 대한 치료를 위해 X-ray검사, 컴퓨터 단층 촬영검사(CT), 자기 공명 영상 촬영검사(MRI), 초음파 검사 등을 통해 환자의 상태를 정밀하게 진단하는 의료인이라 할 수 있습니다.","P","CT의 원리에 대해 설명해주세요"
"1","방사선사의 역할 및 기능 등에 대해 설명해주세요","신체 내부기관의 질병, 장애의 진단을 위해 방사선과 관련한 각종 방사선 물질과 장비 등을 조작해 질병의 진단정보 제공 및 치료 업무를 수행하는 자를 방사선사라 합니다. 대학교 및 전문대학에서 방사선학을 전공한 뒤 국시원에서 시행하는 방사선사 국가시험에 합격하면 보건복지부 장관의 면허증을 발급받아 방사선사로 활동하게 됩니다.","P","진단에 대해 설명해주세요"
"1","방사선사의 역할 및 기능 등에 대해 설명해주세요","방사선사는 의사의 진료활동을 보조하여 신체 외부 기관에 가시적으로 보이는 물질을 방사선으로 제거하는 역할을 합니다. X-ray, CT, MRI 등이 이에 해당하며 초음파 검사의 경우에는 방사선사의 영역으로 고려하고 있지 않습니다","F",""
"1","방사선사의 역할 및 기능 등에 대해 설명해주세요","신체에 이상이 생겼으나 가시적으로 보이지 않는 대상을 방사선사를 통해서 확인할 수 있습니다. 그러나 아직 개발단계이기 떄문에 명확한 대상을 파악할 수 없다는 단점이 있어 실용화되기 위해서는 상당한 기간이 필요할 것으로 예측됩니다","F",""
"1","방사선사의 역할 및 기능 등에 대해 설명해주세요","방사선사는 의사의 진료활동을 보조하는 역할을 합니다. 그러나 방사선의 경우 인체에 유해하며 의사에게도 타격이 있기 때문에 비인기 과목이며 현재 대부분의 대학병원에서 방사선과를 폐지하고 있는 상황입니다.","F",""
"1","보육기에 대해 설명해주세요","미숙아의 환경온도, 습도, 환기를 이상적으로 조절할 수 있으며 필요에 따라서 산소분무가 가능한 격리장치로 보육기내에서 처치, 체위변경, 체중, 신장 등의 측정 조작이 가능합니다. 보육기에는 자연환기의 개방형과 필터로 여과된 공기가 흐르는 폐쇄형이 있으며, 대부분은 폐쇄형이 사용되고 있습니다.","P","폐쇄형 보육기에 대해 설명해주세요"
"1","보육기에 대해 설명해주세요","폐쇄식과 개방식의 두 종류가 있으며, 일반적으로 폐쇄식 보육기가 사용됩니다. 이것은 외부의 공기가 필터를 통해서 들어오는 강제 환기식으로서, 둥글고 작은 창으로 손을 넣어 조작하도록 되어 있습니다. 개방식 보육기는 뚜껑을 열어서 조작하게 되어 있기 때문에 안의 온도가 불안정해지는 수가 있다. 보육기 내에서는 온도나 습도가 적당히 조절되며, 필요에 따라서 산소공급도 가능합니다.","P","개방식 보육기의 적정 온도 및 습도에 대해 설명해주세요"
"1","보육기에 대해 설명해주세요","보육기란 유아가 건강하게 태어난 상황에서 유아가 외부환경에 적응할 수 있도록 보육하는 장치를 말하며 미숙아의 경우에는 산모의 체내에 더 있어야하는 상황이었기 떄문에 보육기의 대상이 될 수 없습니다.","F",""
"1","보육기에 대해 설명해주세요","폐쇄식과 개방식이 있습니다. 일반적으로 개방식 보육기가 사용되며 외부의 공기가 필터를 통해서 들어오는 강제환기식으로 개방을 하여 둥글고 작은 창으로 손을 넣어 해당 공기의 농도를 조작하도록 설계되어 있습니다.","F",""
"1","보육기에 대해 설명해주세요","폐쇄식 보육기의 경우 주로 미숙아에게는 이용할 수 없으며, 뚜껑을 열어서 조작하게 되어있기 떄문에 안의 온도가 불안정해지는 수가 있습니다. 따라서 적절한 대처를 위해서 항상 보육사가 배치되어 있어야만 운용가능합니다'","F",""
"2","엑스레이에 대해 설명해주세요","X선을 인체에 투과하면 인체의 내부 구조물을 볼 수 있다는 것을 알게 된 이후 이를 바탕으로 한 단순 촬영은 영상의학 분야에서는 약 50년간 인체 내부의 영상을 얻을 수 있는 유일한 기법으로 진단 및 치료 분야에 이바지해 왔습니다. 흉부나 복부, 골격, 부비동, 경부 연조직, 유방 등을 촬영하는데 사용되고 있습니다.","P","연조직에 대해 설명해주세요"
"2","엑스레이에 대해 설명해주세요","단순 촬영이란 말 그대로 X선을 이용하여 조영제나 기구 등을 사용하지 않고 인체를 촬영하는 것으로, 전후 사진 또는 필요에 따라 측면 또는 대각선 촬영 등을 하게 됩니다. 흔히 말하는 가슴 사진, 뼈 사진 등이 이에 속합니다. 단순 촬영하면 영화나 드라마 등에서 가끔 볼 수 있는 X선 사진을 걸어 놓고 환자에게 설명하는 장면이 연상되겠지만, 90년대부터 PACS가 보급된 이후로 필름 프린트를 하는 경우는 극히 드물며 대부분 컴퓨터의 모니터로 영상을 보고 판독하고 있습니다.","P","대각선 촬영이 필요한 경우를 설명해주세요"
"2","엑스레이에 대해 설명해주세요","엑스레이 스캐너를 이용한 컴퓨터단층촬영(斷層撮影)법으로,  초음파를 여러 각도에서 인체에 투영하고 이를 컴퓨터로 재구성하여 인체 내부 단면의 모습을 화상으로 처리하는데, 종양 등의 진단법으로 널리 이용되고 있습니다. 일반 촬영으로 나타낼 수 없는 신체의 단층영상을 기록하여 나타내는 장치로 이해하면 됩니다.","F",""
"2","엑스레이에 대해 설명해주세요","엑스레이는 3차원의 내부형상을 방사선사를 통해서 얻어내는 기능을 합니다. 다만 해당 위치가 오차가 많이 발생하기 떄문에 단지 관찰적인 기능만을 할 뿐 의료 치료용으로 사용하는데에는 한계가 있습니다.","F",""
"2","엑스레이에 대해 설명해주세요","고속의 전자가 벽에 부딪힐 떄 발생하는 긴 파장의 전자기파를 통해 스캔하여 이를 가시적으로 영사하는 것을 엑스레이라고 합니다. 그러나 엑스레이 촬영은 환자의 신체에 큰 부작용을 일으킬 수 있어 원칙적으로 금지되고 있습니다","F",""
"2","엑스레이에 대해 설명해주세요","엑스레이는 우리가 가장 흔히 접하는 의료기기 중 하나입니다. 고속의 전자가 장벽에 부딪힐 때 발생하는 짧은 파장의 전자기파를 통해 스캔을 하는 개념이며 엑스레이 촬영을 통해 인체 내부의 현상을 진단하는데 사용되고 있습니다. 흔히 엑스레이 사용 시에는 금속 등의 물질이 환자 곁에 없도록 주의해야 합니다.","P","파장에 대해 설명해주세요"
"2","CT에 대해 설명해주세요","CT 스캐너를 이용한 컴퓨터단층촬영(斷層撮影)법으로, 엑스선이나 초음파를 여러 각도에서 인체에 투영하고 이를 컴퓨터로 재구성하여 인체 내부 단면의 모습을 화상으로 처리하는데, 종양 등의 진단법으로 널리 이용되고 있습니다. 일반 촬영으로 나타낼 수 없는 신체의 단층영상을 기록하여 나타내는 장치로 이해하면 됩니다.","P","초음파에 대해 설명해주세요"
"2","CT에 대해 설명해주세요","일반 X선 사진은 사람 몸의 3차원적인 모습이 2차원의 필름에 나타나지만, CT는 선택한 단면의 모든 모습을 보여주기 때문에 일반 X선 사진으로는 알아내기 힘든 여러 가지 사실들을 정확하게 진단할 수 있습니다. CT는 재료를 파괴하지 않으면서 안전하게 검사할 수 있다는 장점이 있기 때문에 산업 분야에서도 내부의 모습이나 빈 공간, 그리고 밀도를 알기 위하여 이용되고 있습니다.","P","밀도에 대해 설명해주세요"
"2","CT에 대해 설명해주세요","CT는 우리가 가장 흔히 접하는 의료기기 중 하나입니다. 고속의 전자가 장벽에 부딪힐 때 발생하는 짧은 파장의 전자기파를 통해 스캔을 하는 개념이며 엑스레이 촬영을 통해 인체 내부의 현상을 진단하는데 사용되고 있습니다. 흔히 엑스레이 사용 시에는 금속 등의 물질이 환자 곁에 없도록 주의해야 합니다.","F",""
"2","CT에 대해 설명해주세요","CT란 기존 3차원의 필름을 나타내는 엑스레이와 다르게 신체 내부를 2차원의 도면으로 변환시켜 의사가 효율적으로 대상을 파악할 수 있도록 도와주는 역할을 합니다 따라서 엑스레이와 그 촬영기법은 명확하게 동일하며 출력값만 다릅니다","F",""
"2","CT에 대해 설명해주세요","CT선은 X선을 이용하지 않고 Y선을 이용하여 간접적으로 필름에 영상을 감광시킵니다. 따라서 CT의 경우 인체 내부에 존재하는 모든 성분을 측정할 수 있으며 모세혈관 역시 측정가능하다는 장점떄문에 널리 사용되고 있습니다","F",""
"2","CT에 대해 설명해주세요","CT는 X선을 이용하고 있지만 직접 필름에 감광시켜 얻는 일반적인 방사선 사진과는 다릅니다. CT는 인체의 한 단면 주위를 돌면서 가느다란 X선을 투사하고 X선이 인체를 통과하면서 감소되는 양을 측정하는데요. 인체의 내부 간이나 신장 같은 장기들의 밀도는 약간씩 차이가 나기 때문에 X선이 투사된 방향에 따라 흡수하는 정도가 서로 다르게 나타납니다.  X선이 투과된 정도를 컴퓨터로 분석하여 내부 장기의 밀도를 결정하고, 이를 통하여 내부의 자세한 단면을 재구성해서 영상으로 나타나게 합니다.","P","투사에 대해 설명해주세요"
"1","임상병리사에 대해 설명해주세요","임상병리사는 질병의 예방이나 진단, 치료를 돕기 위해 환자의 혈액, 소변, 체액, 조직 등을 이용하여 각종 의학적 검사를 수행하고 분석하는 역할을 담당합니다. 응고, 착색 등의 기법을 적용하여 인체의 기관, 조직, 세포, 혈액, 분비물 등의 검사물을 준비하고 검사,분석,실험하며 감염여부를 조사하고, 병원체에 대한 각종 약품의 효과를 관찰하기 위하여 현미경, 광전비색계, 혈액세포측정계 등의 실험기구를 조정, 조작하기도 합니다.","P","착색에 대해 설명해주세요"
"1","임상병리사에 대해 설명해주세요","임상병리사란 임상병리사 면허에 상응하는 보건의료에 관한 학문을 전공하는 대학 · 산업대학 또는 전문대학을 졸업한 자가 국시원에서 시행하는 임상병리사 시험에 합격한 후, 보건복지부 장관의 면허를 발급받은 자를 말합니다. 임상병리사는 병리학, 미생물학, 생화학, 생충학, 혈액학, 수혈검사학, 혈청학, 법의학, 요화학, 세포병리학 등의 영역에서 임상병리적 업무를 수행합니다.","P","법의학에 대해 설명해주세요"
"1","임상병리사에 대해 설명해주세요","임상병리사란 의사가 부재시에 의사의 역할을 대신하는 자로 의사를 제외하고 유일하게 환자를 치료 ,수술할 수 있는 권리를 가지고 있는 자를 말합니다. 따라서 보건복지부 장관의 승인하에 면허를 발급받은 자만을 임상병리사로 고려합니다","F",""
"1","임상병리사에 대해 설명해주세요","임사병리사는 질병의 예방이나 진단, 치료를 돕기 위해 각종 의학적인 절차를 환자에게 설명하는 자를 말합니다. 의료서비스에서 환자가 최초로 만나는 의료진이며 임상병리사를 통해 의료서비스의 품질이 좌우되고 있습니다.","F",""
"1","임상병리사에 대해 설명해주세요","임사병리사가 되기 위해서는 병리학, 미생물학, 생화학, 생물학 등 여러 영역의 정보가 있어야 하지만, 그 수행 범위가 굉장히 제한적이기 떄문에 법의학, 요화학, 세포병리학 등에 대한 정보는 고려하지 않는 것이 일반적입니다","F",""
"1","원심분리기에 대해 설명해주세요","원심분리기는 원심력을 이용하여 균질액을 여러 부분으로 나눌 목적으로 가장 많이 이용되는 기계로서, 균질액을 시험관에 넣고 원심분리기를 고속으로 회전시키면 입자의 크기와 밀도에 따라 물질을 분리할 수 있습니다. 핵연료를 농축하기 위해서도 원심분리 방법을 활용하는 것으로 알려져 있습니다.","P","균질액에 대해 설명해주세요"
"1","원심분리기에 대해 설명해주세요","원심분리기의 성능은 중력에 대하여 몇 배의 원심력이 생기는가에 따라 결정되며, 이를 원심 효과 즉, 원심가속도/중력가속도라고 합니다. 원심력의 크기는 질량× 반지름 ×각속도의 제곱이므로 원심 효과는 원심분리기의 반지름과 회전 속도에 의하여 정해지는데요. 회전 속도는 보통 매분 1,000회전부터 수만 회전의 것까지 있습니다.","P","원심가속도에 대해 설명해주세요"
"1","원심분리기에 대해 설명해주세요","원심분리기는 우너심력을 이용하여 균질액을 통합하는데 이용되는 기계로서 주로 의약품을 생성하는데 사용되고 있습니다 .종합적인 약품을 개발할 떄 사용되며 이를  통해 하나의 약에 다양한 성분을 포함시킬 수 있게 되었습니다","F",""
"1","원심분리기에 대해 설명해주세요","원심분리기는 중력과 오차가 발생하지 않는 원심을 만들 수 있는지에 대해서 그 가치가 달라집니다. 중력과 정확하게 일치한 원심력을 생성할 수 있는 원심분리기를 가장 높은 가치로 평가하고 해당 시점에서 분리가 가장 수월하게 됩니다","F",""
"1","원심분리기에 대해 설명해주세요","원심분리기는 원심효과, 즉 원심가속도/중력가속도를 통해서 파악됩니다. 원심력은 대상의 질량과 대상의 둘레 그리고 대상에게 주어지는 가속도를 곱한 것임으로 원심효과는 해당 세 요소에 긍정적 상관관계를 가지고 있습니다","F",""
"1","원심분리기에 대해 설명해주세요","저속원심분리기는 6,000rpm(6,000g) 이하의 속도를 낼 수 있고 주로 세포나 핵 등과 같이 쉽게 침전되는 시료의 원심분리에 이용됩니다. 한편, 고속 원심분리기는 최고속도가 20,000~25,000rpm(60,000g)으로 냉각장치를 갖추고 있다. 주로 세포, 핵, 세포내 소기관 등의 분리에 이용됩니다.","P","핵에 대해 설명해주세요"
"1","물리치료사에 대해 설명해주세요","물리치료사는 온열치료, 전기치료, 광선치료, 수치료, 기계 및 기구치료, 마사지, 기능훈련, 신체교정운동 및 재활훈련과 이에 필요한 기기, 약품의 사용, 관리 기타 물리요법적 치료를 하는 자를 일컫는 용어입니다. 근골격계(관절가동 범위, 도수근육검사, 관절가동성, 자세 등), 신경계(반사, 호기성능력, 지구력, 공기순환, 혈류순환, 호흡 등), 피부계(검진, 치료, 관리, 피하지방, 비만케어) 검사를 실시하는 역할을 주로 담당하고 있습니다.","P","신경계 반사에 대해 설명해주세요"
"1","물리치료사에 대해 설명해주세요","물리치료사는 신체적 손상이나 기능적 제한을 완화하기 위해 치료적 운동, 도수치료, 보조 및 보호기구와 장비에 대한 도움, 물리적인 전기치료기구의 사용, 환자 교육 등을 실시합니다. 나아가, 물리치료사는 환자의 상태나 신체적인 기능을 평가하고 의사와 치료방향에 대해 협의하는 역할도 담당합니다.","P","치료적 운동에 대해 설명해주세요"
"1","물리치료사에 대해 설명해주세요","물리치료사란 임상병리사 면허에 상응하는 보건의료에 관한 학문을 전공하는 대학 · 산업대학 또는 전문대학을 졸업한 자가 국시원에서 시행하는 물리치료사 시험에 합격한 후, 보건복지부 장관의 면허를 발급받은 자를 말합니다. 임상병리사는 병리학, 미생물학, 생화학, 생충학, 혈액학, 수혈검사학, 혈청학, 법의학, 요화학, 세포병리학 등의 영역에서 물리치료적 업무를 수행합니다.","F",""
"1","물리치료사에 대해 설명해주세요","물리치료사란 유사의료진으로서 정형외과에서 자주 볼 수 있는 의료진입니다. 그러나 물리치료에 대한 의학적 효과에 대해서 의문이 발생하면서 우리나라의 경우 물리치료사를 배치하는 것을 전적으로 금지하고 있습니다.","F",""
"1","물리치료사에 대해 설명해주세요","물리치료사란 온열치료, 전기치료, 운동치료 등을 통해 환자의 재활을 돕거나 환자의 회복을 돕는 사람을 말합니다. 또한 물리치료사는 환자의 회복 도중에 문제가 발생할 경우, 즉각적으로 해당 사항을 수술할 권리도 가지고 있습니다.","F",""
"1","물리치료사에 대해 설명해주세요","각종 치료기구를 사용하여 온열치료, 전기치료, 운동치료, 약물치료 등을 시행하고 환자의 상태에 맞는 활동을 선택하고 환자가 작업에 적극적으로 참여할 수 있도록 도와주는 역할을 담당하고 있습니다. 물리치료사는 병원 및 의원, 재활원, 의료원, 보건소 등의 물리치료실에서 근무하는 것이 일반적입니다.","P","전기 물리치료에 대해 설명해주세요"
"1","파라핀에 대해 설명해주세요","고형 탄화수소 혼합물인 파라핀은 반투명한 흰색으로 무미, 무취의 중립적인 성질을 갖고 있으며 쉽게 녹는 특성을 가지고 있습니다. 과일과 채소 표면을 씌우거나 치즈 외피를 매끈하게 코팅하는 데 사용되며, 잼 병의 입구를 밀봉하는 데도 쓰입니다. 이 외에 의료용으로도 활용되고 있습니다.","P","탄화수소에 대해 설명해주세요"
"1","파라핀에 대해 설명해주세요","석유를 증류하여 얻는 포화 탄화수소의 혼합물입니다. 가연성의 흰 왁스 같은 고체이다. 불 켜는 초, 화장품, 광택제, 절연체 따위의 원료인데요. 녹는점이 낮고 유동성이 있는 것을 유동 파라핀이라고 하며 식품 첨가물로 쓰이고 있습니다. 이 외, 의료계통에서도 피부관리실 등지에서 활용되고 있습니다.","P","절연체에 대해 설명해주세요"
"1","파라핀에 대해 설명해주세요","파라핀이란 투명한 액체로 무미하지만 악취가 발생하는 형질을 가지고 있으며 주로 액체상태로 존재합니다. 고형 탄화질소 혼합물로 대상에 고열을 가해도 액화되지 않는 강력한 응집력을 가지고 있는 특징이 있습니다.","F",""
"1","파라핀에 대해 설명해주세요","석유를 증류하여 얻는 노폐물의 일종으로 인체에 유해하고 치명적인 독성을 가지고 있기 떄문에 주로 의학적인 원료로는 사용될 수 없으며 마약 재료의 일환으로 사용되고 있는 상황입니다.","F",""
"1","파라핀에 대해 설명해주세요","파라핀은 녹는점이 높지만 유동성이 있는 유동파라핀과 녹는점이낮지만 유동성이 없는 무동파라핀으로 나눌 수 있습니다. 보통 파라핀을 의료용으로 사용할 경우 유동파라핀과 무동파라핀을 혼합하여 사용하고 있습니다.","F",""
"1","지혈대에 대해 설명해주세요","출혈시 구급처치, 사지의 혈관수술 또는 사지절단술 등에 즈음해서, 출혈예방을 목적으로 사용되는 것이 지혈대입니다. 폭 5cm 정도의 무명끈 또는 고무밴드인데요. 구급처치용에는 접은 삼각건을 상처위 3cm의 곳에서 2바퀴 돌려서 매듭을 짓고 지혈봉을 넣어서 접은 삼각건을 조여가는 방식으로 활용됩니다.","P","지혈봉에 대해 설명해주세요"
"1","지혈대에 대해 설명해주세요","지혈대의 사용은 최종수단으로 하고, 상처에 직접 닿지 않도록 해야합니다. 지혈대 및 지혈시각을 기입한 표가 보이도록 사용하여야 하고 일단 시행하면 의사가 떼어낼 때까지 그대로 둔다고 보고 주의를 해서 감아두어야 합니다. 지혈대 사용 시에는 피가 통하지 않도록 지지대를 활용해 세게 묶어야 합니다.","P","외상에 대해 설명해주세요"
"1","지혈대에 대해 설명해주세요","지혈대란 출혈이 발생할 경우 과다출혈을 막기 위해서 존재합니다. 단 의사의 처치를 즉각적으로 받을 수 있는 경우에만 사용되며 의사치료가 오래걸릴 경우에는 지혈대를 사용하지 않고 자연상태로 유지하는 것이 중요합니다","F",""
"1","지혈대에 대해 설명해주세요","지혈대란 구급처치에서 사용됩니다. 지혈봉을 넣어 삼각건으로 조여가능 방식을 사용하며 말초의 조직을 생존 상태로 저장할 수 있기 때문에 의사에게 즉각적인 치료가 불가능할 경우에 대한 응급처치 방식으로 주로 사용되고 있습니다","F",""
"1","지혈대에 대해 설명해주세요","지혈대란 구급처치용만 존재하며 주로 전쟁과 같은 상황에서 사용됩니다. 또한 지혈대가 느슨하게 되어있어야 혈액순환의 급변으로 인한 쇼크를 막을 수 있기 떄문에 의사가 이를 처리하기 수월하여 최대한 느슨하게 유지되어야 합니다","F",""
"1","지혈대에 대해 설명해주세요","지혈대를 댄 지 2시간 이상 경과하면 그 곳으로부터 말초의 조직이 죽어버리므로 되도록 빨리 의사의 처치를 받아야 합니다. 병원까지 가는 데 40분 이상 걸릴 경우에는 지혈대를 약간 느슨하게 해줄 필요성이 있습니다. 그러나 대출혈을 일으킬 만한 외상의 경우는 지혈대를 느슨하게 하면 혈액순환의 급변으로 쇼크를 일으키는 일이 있으므로 의사의 지시를 받아야 합니다.","P","혈액순환에 대해 설명해주세요"
"1","작업치료사에 대해 설명해주세요","작업치료사는 의료기사의 하나로 정신적으로 문제가 있거나 발달과정에서 장애를 입은 환자에게 독립적으로 일상생활을 할 수 있도록 하며, 환자와 함께 현재의 문제점을 발견하고 우선순위를 결정하며 작업을 선택하도록 도와주고 또한 즐거운 마음으로 살아가도록 도와주는 역할을 수행합니다.","P","의료기사에 대해 설명해주세요"
"1","작업치료사에 대해 설명해주세요","작업치료사가 되기 위해서는 전문대학 및 대학교에서 작업치료학을 전공하여야 하며, 작업치료사가 될 경우 질병자체보다는 질병으로 인한 기능의 저하에 관심을 두며 그에 적합한 치료방법을 선택하여 치료를 실시하게 됩니다. 주로, 일상생활동작훈련, 신체기능증진훈련, 정신사회적지각훈련 등을 실시하여 부적응 상태를 감소시켜 건강을 증진시키는 역할을 담당합니다.","P","기능 저하에 대해 설명해주세요"
"1","작업치료사에 대해 설명해주세요","작업치료사는 온열치료, 전기치료, 광선치료, 수치료, 기계 및 기구치료, 마사지, 기능훈련, 신체교정운동 및 재활훈련과 이에 필요한 기기, 약품의 사용, 관리 기타 의료요법적 치료를 하는 자를 일컫는 용어입니다. 근골격계(관절가동 범위, 도수근육검사, 관절가동성, 자세 등), 신경계(반사, 호기성능력, 지구력, 공기순환, 혈류순환, 호흡 등), 피부계(검진, 치료, 관리, 피하지방, 비만케어) 검사를 실시하는 역할을 주로 담당하고 있습니다.","F",""
"1","작업치료사에 대해 설명해주세요","작업치료사가 되기 위해서는 작업치료학을 전공할 필요는 없지만 보건복지부 장관이 주최하는 작업치료사 시험을 통과해야만 합니다. 또한 작업치료사의 경우 치료의 범위가 다양하여 굉장한 경쟁률을 자랑하고 있습니다","F",""
"1","작업치료사에 대해 설명해주세요","작업치료사는 질병의 예방이나 진단, 치료를 돕기 위해 환자의 혈액, 소변, 체액, 조직 등을 이용하여 각종 의학적 검사를 수행하고 분석하는 역할을 담당합니다. 응고, 착색 등의 기법을 적용하여 인체의 기관, 조직, 세포, 혈액, 분비물 등의 검사물을 준비하고 검사,분석,실험하며 감염여부를 조사하고, 병원체에 대한 각종 약품의 효과를 관찰하기 위하여 현미경, 광전비색계, 혈액세포측정계 등의 실험기구를 조정, 조작하기도 합니다.","F",""
"1","PCR 검사에 대해 설명해주세요","중합효소 연쇄반응이라고도 합니다. 2개의 시발체(primer)사이에 낀 DNA부분을 시험관내에서 대량으로 증폭시킬 수 있는 혁명적인 방법인데 그 원리는 1983년, K. B. Mullis가 고안했습니다. DNA 합성효소가 DNA합성에 시발체를 필요로 하는 데, 이 시발체에서 5′→3′방향으로 DNA가 합성하는 것을 이용하는 것이 특징입니다.","P","증폭에 대해 설명해주세요"
"1","PCR 검사에 대해 설명해주세요","PCR에 의해 미량인 DNA시료에서 목적인 특정영역의 DNA를 수시간에 20만~50만배로 증폭시킬 수 있습니다. 증폭함에 따라 영역을 한조의 시발체를 사이에 두고 Taq중합효소를 작용시키면 1회의 반응으로 그 영역을 포함하는 DNA를 배증시킬 수 있는데요. 이 반응을 반복시킬 때 n회 반복일 때마다 이 영역의 DNA를 (1＋E)n배만큼 증폭시킬 수 있다고 보시면 됩니다.","P","Taq종합효소에 대해 설명해주세요"
"1","PCR 검사에 대해 설명해주세요","PCR검사는 대량의 DNA시료를 통해서 DNA 를 증폭시키는 장치로 해당 반응은 단일적으로 존재하며 주로 해당 PCR검사를 통과하게 되면 5억 배의 DNA 복제가 일어나기 떄문에 대용량의 시험관이 필수적으로 고려되고 있습니다","F",""
"1","PCR 검사에 대해 설명해주세요","PCR검사란 중합효소 연쇄반응이라고 하며 DNA를 시험관 내에서 극한으로 압축하는 방식을 통해 DNA의 크기를 부풀리는 역할을 하며 의료실험에서 주로 유용하게 사용되고 있으며 그 구조를 파악하기 적합합니다","F",""
"1","PCR 검사에 대해 설명해주세요","PCR은 검출감도가 약하기 떄문에 DNA 단편이 20만 분자 정도 있어야만 정확한 검사가 가능하지만,q중합효소가 DNA의 증폭 중에 오독이 일어나지 않는다는 장점을 가지고 있어 널리 사용되고 있는 검사기법입니다.","F",""
"1","PCR 검사에 대해 설명해주세요","PCR의 또 하나의 큰 특징으로는 그의 검출감도의 크기인데요. 원리적으로는 시료에 대상이 되는 DNA단편이 1분자만 있어도 검출이 가능하다는 것입니다. 한편, PCR의 단점은 Taq중합효소가 DNA의 증폭 중에 빈번하게 오독(誤讀)을 일으키는 것입니다. 현재는 이 잘못된 염기의 입빈도가 낮고 내열성 DNA 증폭합효소를 개발하여 오독률을 낮추고 있습니다.","P","내열성 DNA 증폭합효소에 대해 설명해주세요"
"2","주사기에 대해 설명해주세요","1853년 프랑스의 C.G.프라바즈에 의해서 최초로 고안되었으며, 그는 동맥류 환자의 치료에 염화철 용액을 그의 주사기를 사용하여 주사하였습니다. 주사기는 주사통과 주사침으로 이루어져 있으며 그 용량도 다양한데요. 최근에는 혈청감염의 예방 등을 위해 1회용 플라스틱 주사기가 사용되고 있습니다.","P","염화철에 대해 설명해주세요"
"2","주사기에 대해 설명해주세요","17세기 이전에는 백랍, 뼈, 은으로 만든 요도 주사기가 일반적으로 쓰였으며 17세기 중반까지는 동물 가죽을 통한 정맥 주사를 놓는 방법으로 약물을 투약하는 시도가 이루어졌습니다. 크리스토퍼 랜 경은 깃털 펜을 절단한 속이 빈 튜브를 통해 동물에게 약물을 주입하는 실험을 했고, 1800년대 초반에는 물집이 생기면 피부를 벗겨낸 후 약물을 투여하였습니다. 1853년 이후에는 바늘을 분리할 수 있는 주사기, 유리로 구성된 주사기 등 감염 발생을 현저하게 줄일 수 있도록 주사기가 개선되었습니다.","P","튜브가 활용되는 의료기기에 대해 설명해주세요"
"2","주사기에 대해 설명해주세요","주사기는 환자의 치료에 염화철 용액이 들어가면 위험하기 때문에 해당 공기중에 있는 염화철을 제거하고 즉각적으로 혈액에 약품을 주입할 수 있도록 개발되었으며 현재는 금을 이용한 금 주사기를 일반적으로 사용하고 있습니다.","F",""
"2","주사기에 대해 설명해주세요","주사기란 체외로 약물이나 수액을 배출할 때 또는 혈액 등을 체취할 때 쓰이는 도구입니다. 1853년 독일에서 개발되었으며 신속하게 약물의 성분의 효과를 발휘하도록 유도하는 목적으로 만들어졌습니다.","F",""
"2","주사기에 대해 설명해주세요","주사기의 보급에 따라 주사기를 마약류와 같은 약품을 주입하여 쾌락을 느끼기 위해서 악용되어 왔습니다. 따라서 최근에는 주사기를 의료종사자 이외에는 사용할 수 없도록 규정하며 주사기와 유사한 모습의 제품도 생산할 수 없게 되었습니다","F",""
"1","청진기에 대해 설명해주세요","체내에서 발생하는 심음이나 호흡음을 비롯하여 동맥음 ·장잡음 ·혈관음을 청취하여 정상적인 상태인지의 여부를 확인하기 위해 사용됩니다. 또 혈압을 측정할 때는 상완동맥음을 청취하기 위해서 사용합니다. 청진은 일찍이 그리스 시대에 히포크라테스가 환자의 몸에 자기의 귀를 대어 체내의 음을 직접 청취한 데서 비롯되었습니다.","P","상완동맥에 대해 설명해주세요"
"1","청진기에 대해 설명해주세요","현재 사용되고 있는 양이형 청진기는 1851년 에레아드에 의해 창제된 것입니다. 그 후 여러 가지로 개량되어 모양도 다종다양해졌으며, 트라우베 청진기로 총칭되는 관상인 것과 쌍이형 청진기로 크게 구별되었습니다. 트라우베 청진기는 편이식이며 청진할 수 있는 범위가 한정되어 있습니다.","P","쌍이형 청진기에 대해 설명해주세요"
"1","청진기에 대해 설명해주세요","청진기는 양이형 청진기를 통해서 시작되었습니다 1851년 에레아드에 의해서 창제되었으며 이 후 여러가지로 개량되어 다종다양해짐에 따라서 양이형 청진기를 현재는 사용하고 있지 않습니다.","F",""
"1","청진기에 대해 설명해주세요","체내에서 발생하는 심음이나 호흡음과 다른 파동음을 관찰하기 위해서 사용되는 것으로, 내과에서 사용되고 있습니다. 그러나 현재는 데이터를 통해 관측하는 것이 정확하여 청진기는 그 종적을 감추게 되었습니다.","F",""
"1","청진기에 대해 설명해주세요","청진기는 소크라테스가 환자의 몸에 자기의 귀를 대어 체내의 음을 직접 청취한데서 비롯하였으며 한의학에서 주로 사용되는 기기입니다. 체내의 흐름을 관찰하는 역할을 하며 유사의학이라는 비판을 받고 있습니다.","F",""
"1","청진기에 대해 설명해주세요","양이형 청진기에 대해 설명드리겠습니다. 최근에는 막면형이 사용되는 경향이 있으며 양이형 청진기에 보청기와 같은 측미음계를 장치하여 성능을 좋게 한 것, 확대하여 여러 사람이 동시에 들을 수 있도록 한 것, 또는 옷을 벗지 않고 옷 위로 청진할 수 있도록 음을 증폭하는 전자청진기 등이 있습니다.","P","전자청진기에 대해 설명해주세요"
"1","보청기에 대해 설명해주세요","청력 검사상 난청으로 진단된 환자의 귀에 장착하여 소리를 증폭하여 손실된 청력을 보조하는 기구로 소리를 받는 마이크로폰과 소리를 증폭시키는 증폭기, 증폭된 소리를 내보내는 스피커로 구성되어 있으며, 난청인 각각의 주파수별 청력에 맞추어 동작됩니다. 크기에 따라 몸에 부착하는 포켓형, 귀 디로 거는 귀걸이형, 외이도와 이갑개를 채우는 이갑개형, 외이도 입구를 일부 채우는 외이도형 등으로 분류됩니다.","P","난청 발생 원인에 대해 설명해주세요"
"1","보청기에 대해 설명해주세요","보청기에는 신호 처리 방법에 따라 아날로그 방식과 디지털 방식이 있으며 최근에는 대부분 디지털 보청기를 사용하는 추세입니다. 그 외에도 소리의 골전도를 이용한 골도 보청기, 일측 난청이 있는 겨우 반대측 귀로 들을 수 있게 해주는 크로스 보청기, 고음역의 청력손실로 저음역의 청력만 남아 있는 고도난청 환자에게 사용할 수 있는 주파수전위 보청기가 있습니다.","P","골전도에 대해 설명해주세요"
"1","보청기에 대해 설명해주세요","양이형 보청기에 대해 설명드리겠습니다. 최근에는 막면형이 사용되는 경향이 있으며 양이형 보청기에 청진기와 같은 측미음계를 장치하여 성능을 좋게 한 것, 확대하여 여러 사람이 동시에 들을 수 있도록 한 것, 또는 옷을 벗지 않고 옷 위로 보청할 수 있도록 음을 증폭하는 전자보청기 등이 있습니다.","F",""
"1","보청기에 대해 설명해주세요","보청기는 일반적으로 청각 장애인에게 소리를 들을 수 있도록 해주는 기능을 하고 있습니다. 또한 청각세포가 존재하지 않거나 파손되어 그 기능을 하지 못하더라도 보청기 내부의 세포를 통해서 소리를 들을 수 있게 되어 청각장애인이 사라지게 되었습니다","F",""
"1","보청기에 대해 설명해주세요","보청기란 신호 처리 방법에 따라 아날로그 방식과 디지털 방식이 있으며 현재는 디지털 보청기가 그 디지털음파로 인해서 청각세포를 훼손할 수 있다는 우려 때문에 아날로그 방식을 주로 사용되고 있습니다.","F",""
"1","보청기에 대해 설명해주세요","보청기는 일반적으로 신체 장착형 보청기, 귀 뒤형 보청기, 안경형 보청기, 귀속형 보청기 등이 있고 그 외 특수형 보청기가 있습니다. 보청기는 음(소리)을 증폭시키므로 사람의 음성 이외의 주위에서도 생기는 모든 소리도 증폭시킵니다. 이때문에 말을 잘 알아들을 수 없는 경우가 생긴다. 주로 감각 신경성 난청의 경우에 해당되는데 최근에 나온 보청기들은 이런 단점을 없애기 위한 장치들이 마련되어 있어 이전보다 뛰어난 음의 이해도를 얻을 수 있습니다.","P","신경성 난청에 대해 설명해주세요"
"1","심전도에 대해 설명해주세요","심장의 박동에 따라 심근에서 발생하는 활동 전류를 체표면의 적당한 2개소로 유도해서 전류계로 기록할 수가 있는데, 이와 같이해서 얻어진 심근 활동전류의 기록을 심전도라 부릅니다. 우수?좌수, 우수?좌족, 좌수?좌족의 세 종류의 유도를 사지유도, 그리고 일극을 불관전극으로 하고 다른 한 극을 흉부의 심장 주위에 대고 기록하는 흉부 유도를 이용합니다.","P","불관전극에 대해 설명해주세요"
"1","심전도에 대해 설명해주세요","EKG 혹은 ECG라고도 하는 심전도는 심장 내에 발생한 미세한 전류를 기록하는 기구로, 다양한 유형의 심장 질환을 진단하는 데 사용됩니다. 미세한 전류가 스트링을 통과할 때 전류는 아래로 편향되고 빛의 광선을 방해하여 그림자가 사진 인화지에 기록될 수 있는 형태의 기구가 시초입니다.","P","전류에 대해 설명해주세요"
"1","심전도에 대해 설명해주세요","심전도 측정 방법 중 가장 대표적인 바늘전극법에 대해 설명드리겠습니다. 바늘전극법에 의하면 근육의 활동전위가 매회 분리되어 기록되고 그것이 매초 몇 회에서 20-30회까지 근육활동의 정도에 따라 빈도를 달리하는 것이 밝혀졌습니다. 심전도에 의해서 운동기능의 이상 원인을 진찰할 수 있는 경우도 있습니다.","F",""
"1","심전도에 대해 설명해주세요","심전도란 사람의 심장세포는 독특한 모양의 규칙적인 전기충격을 일으키는데, 이것을 심장파라 합니다. 1929년 독일의 정신과 의사인 한스 베르거가 처음으로 머리에 외상을 입은 환자의 두개골 피하에 2개의 백금 전극을 넣어 심장파를 기록하고 이를 심전도라 하였습니다.","F",""
"1","심전도에 대해 설명해주세요","심전도란 심장에서 발생하는 전류를 통해 기록을 심전도라 고 부릅니다. 그러나 심장 주위에 대고 기록하는 흉부 유도에는 안전상의 문제로 사용될 수 없으며, 주로 사지유도를 하는데 주로 사용되고 있습니다.","F",""
"1","심전도에 대해 설명해주세요","심전도는 심장의 비정상적인 리듬을 측정하고 진단하는 가장 좋은 방법입니다. 특히 전기적 신호를 전달하는 전도조직의 손상으로 인한 비정상적인 리듬을 측정하는데 좋습니다. 심근경색에서 심전도는 심근의 특정 부분이 손상되어있음을 알아낼 수 있습니다. 심전도는 심장의 수축능력을 알아낼 수는 없습니다.","P","심전도의 정상범위에 대해 설명해주세요"
"1","뇌전도에 대해 설명해주세요","사람의 뇌세포는 독특한 모양의 규칙적인 전기충격을 일으키는데, 이것을 뇌파라 합니다. 1929년 독일의 정신과 의사인 한스 베르거가 처음으로 머리에 외상을 입은 환자의 두개골 피하에 2개의 백금 전극을 넣어 뇌파를 기록하고 이를 뇌전도라 하였습니다.","P","백금 전극의 특성에 대해 설명해주세요"
"1","뇌전도에 대해 설명해주세요","대뇌피질의 기능은 단일 신경세포의 활동이 아니라 수많은 신경세포 집단의 활동에 달려 있습니다. 신경세포 집단의 전기적 활동은 피질 표면 또는 두피 표면에 전극을 설치하여 세포외기록법으로 기록할 수 있습니다. 이 중 두피에 전극을 부착하여 뇌의 자발적인 전기적 활동을 기록하는 기법을 뇌전도(electroencephalography, EEG)라고 합니다.","P","대뇌피질의 기능에 대해 설명해주세요"
"1","뇌전도에 대해 설명해주세요","뇌전도는 심장의 비정상적인 리듬을 측정하고 진단하는 가장 좋은 방법입니다. 특히 전기적 신호를 전달하는 전도조직의 손상으로 인한 비정상적인 리듬을 측정하는데 좋습니다. 뇌출혈에서 뇌전도는 뇌근의 특정 부분이 손상되어있음을 알아낼 수 있습니다. 뇌전도는 뇌의 수축능력을 알아낼 수는 없습니다.","F",""
"1","뇌전도에 대해 설명해주세요","뇌전도는 뇌의 활동전위를 기록한 곡선을 말합니다. 뇌전도의 측정방법에는 인체의 피부 표면에 전극을 부착하여 전위를 인도하는 표면도출법과 침상전극을 뇌에 꽂아 넣고 근육 내의 한 지점에 생긴 활동전위를 이끌어내어 운동단위의 활동을 검출하는 바늘전극법이 있습니다.","F",""
"1","뇌전도에 대해 설명해주세요","뇌전도의 측정방법에는 인체의 내부에 전극을 부착하여 인도하는 내부도출법과 인체의 피부표면에 꽂아넣어 활동전위를 이끌어내는 바늘전극법이 있습니다. 단 비정상적인 리듬을 측정하는 것이 불가능하다는 단점이 있습니다.","F",""
"1","뇌전도에 대해 설명해주세요","뇌전도는 두피에 부착한 전극을 통해 뇌의 전기적 활동을 기록하는 전기생리학적 측정방법을 말합니다. 신경 세포 내부에서 발생하는 이온 전류에 의해 유도된 전위의 요동을 측정하는 것입니다. 환자를 진단할 때에는 주로 특정 사건이 일어날 때 발생하는 사건 관련 전위나, 뇌파의 스펙트럼 밀도를 주로 분석하게 됩니다.","P","이온 전류에 대해 설명해주세요"
"1","근전도에 대해 설명해주세요","골격근의 전기적 활동을 표면 전극 또는 침전극으로 검출하여 기록한 것을 근전도라 합니다. 근전도는 일반적으로 말초 신경계의 질병을 파악하는 데에 탁월한 효과를 나타내는데요. 중증 근무력증, 진행성 근디스트로피, 다발성 근염 등에서는 각각 특징 있는 근전도의 패턴이 나타나고는 합니다.","P","말초신경계에 대해 설명해주세요"
"1","근전도에 대해 설명해주세요","근전도는 근육의 활동전위를 기록한 곡선을 말합니다. 근전도의 측정방법에는 인체의 피부 표면에 전극을 부착하여 전위를 인도하는 표면도출법과 침상전극을 근육에 꽂아 넣고 근육 내의 한 지점에 생긴 활동전위를 이끌어내어 운동단위의 활동을 검출하는 바늘전극법이 있습니다.","P","활동전위에 대해 설명해주세요"
"1","근전도에 대해 설명해주세요","심전도는 심장의 비정상적인 리듬을 측정하고 진단하는 가장 좋은 방법입니다. 특히 전기적 신호를 전달하는 전도조직의 손상으로 인한 비정상적인 리듬을 측정하는데 좋습니다. 심근경색에서 심전도는 심근의 특정 부분이 손상되어있음을 알아낼 수 있습니다. 심전도는 심장의 수축능력을 알아낼 수는 없습니다.","F",""
"1","근전도에 대해 설명해주세요","대뇌피질의 기능은 근육에 존재하는 단일 신경세포의 활동이 아니라 수많은 신경세포 집단의 활동에 달려 있습니다. 신경세포 집단의 전기적 활동은 피질 표면 또는 두피 표면에 전극을 설치하여 세포외기록법으로 기록할 수 있습니다. 이 중 두피에 전극을 부착하여 근육의 자발적인 전기적 활동을 기록하는 기법을 근전도라고 합니다.","F",""
"1","근전도에 대해 설명해주세요","근전도란 근육의 활동 전위를 기록한 곡선입니다. 근전도의 측정방법을 통해 비정상적인 발생 질병을 파악할 수 있으며 단순한 물리치료 기법에서도 애용되고 있습니다. 그러나 중증 근무력근에서 발생하는 근전도는 패턴이 없어 식별할 수 없습니다","F",""
"1","근전도에 대해 설명해주세요","근전도 측정 방법 중 가장 대표적인 바늘전극법에 대해 설명드리겠습니다. 바늘전극법에 의하면 근육의 활동전위가 매회 분리되어 기록되고 그것이 매초 몇 회에서 20-30회까지 근육활동의 정도에 따라 빈도를 달리하는 것이 밝혀졌습니다. 근전도에 의해서 운동기능의 이상 원인을 진찰할 수 있는 경우도 있습니다.","P","바늘전극법 사용 시 주의점에 대해 설명해주세요"
"1","제세동기에 대해 설명해주세요","제세동기는 규칙적인 심장 박동을 회복시키기 위해 흉벽을 통해 전기 충격을 심장에 전달하는 장치입니다. 심장 근육이 더 이상 수축 운동을 하지 않으면 신체 주위로 혈액이 공급되지 않기 때문에 만약 심장이 멎었을 때 제때 응급 조치를 하지 않는다면 사망할 가능성이 높아지기 때문에 제세동기를 사용합니다.","P","심장의 기능에 대해 설명해주세요"
"1","제세동기에 대해 설명해주세요","심실세동, 심방세동, 심방조동, 심실빈맥 등의 부정맥을 보이는 심장에 고압전류를 극히 단시간 통하게 함으로써 정상적인 맥박으로 회복시키는 기기를 제세동기라고 합니다. 초기에는 교류제세동기가 사용되었는데 현재는 직류제세동기가 사용됩니다. 보통 흉벽의 심첨부와 심기부에 2개의 단극을 대고 전류를 통하게 하는데 심실세동 이외의 부정맥에 대해서는 심전도와 같은 기계장치를 갖춘 기기가 필요합니다.","P","심방과 심실에 대해 설명해주세요"
"1","제세동기에 대해 설명해주세요","제세동기란 불규칙적인 심장박동을 측정하기 위해서 전기 충격을 심장에게 전달하는 장치입니다. 단 심장이 정지해 있는 상태에서는 제세동기가 기능할 수 없어 응급치료의 용도로는 사용할 수 없습니다.","F",""
"1","제세동기에 대해 설명해주세요","심실제동, 심방제동, 심방조동, 심실빈맥 등의 부정맥을 보이는 심장에 저압의 전류를 장시간 통하게 함으로써 해당 심장이 정지하더라도 지속적으로 심장이 제 기능을 유지할 수 있도록 하는 장치를 제세동기라고 합니다.","F",""
"1","제세동기에 대해 설명해주세요","제세동기는 직류제세동기가 초기에 사용되었는데 현재는 교류제세동기를 사용하고 있습니다 .보통 심첨부와 심기부, 심말부에 3개의 단극을 대고 전류를 통하게 함으로써 심전도와 같은 기계장칠르 갖춘 기기가 필요합니다.","F",""
"1","방사선치료의 임상적 이용에 대해 설명해주세요","방사선 발생장치를 통해 발생한 전리방사선을 외부에서 치료 부위에 조사하거나, 동위원소에서 발생한 감마선을 이용하여 치료 부위와 근접시켜 암 치료에 이용하게 됩니다. 뇌암, 두정부암, 폐암을 비롯하여 림프종, 비뇨기암, 피부암에 이르기까지 거의 모든 악성 종양의 치료에 방사선이 이용된다고 보시면 됩니다.","P","동위원소에 대해 설명해주세요"
"1","방사선치료의 임상적 이용에 대해 설명해주세요","방사선 단독 혹은 항암요법과 병행하여 종양의 완전 치유를 목적으로 방사선치료를 시행하기도 하며, 수술 전 혹은 후에 사용하여 재발의 위험도를 낮추기 위한 목적으로 사용되기도 합니다. 또한 전이암을 가진 환자에서는 통증을 완하시키거나 종양으로 인한 여러 증상을 완화시키기 위한 목적의 고식적 치료를 위해 사용되기도 합니다.","P","통증에 대해 설명해주세요"
"1","방사선치료의 임상적 이용에 대해 설명해주세요","방사선은 단독요법으로만 사용되어야 합니다. 종양의 완전 치유를 목적으로 방사선 치료가 시행되는데 외에서는 방사선 치료는 엄격히 금지되어 있으며, 항암요법을 사용할 경우 방사선 기법을 사용할 수 없게 규정되어 있습니다","F",""
"1","방사선치료의 임상적 이용에 대해 설명해주세요","방사선 발생장치를 통해 전리방사선을 신체에 투입함으로써 신체 내부에서 치료 부위로 해당 발생 장치를 전달하여 자체적으로 종양을 제거하는 방식을 사용하고 있으며 선제 타격이 가능하다는 장점을 가지고 있습니다","F",""
"1","방사선치료의 임상적 이용에 대해 설명해주세요","방사선은 항암용범과 병행하여 사용하는 것이 일반적입니다. 그러나 방사선의 경우에는 수술 후에 재발의 위험도가 높아진다는 단점을 가지고 있어, 이후 지속적인 관찰이 반드시 필요한 기법으로 볼 수 있습니다.","F",""
"1","치료용 방사선에 대해 설명해주세요","암 치료에 가장 많이 사용하는 전리방사선은 엑스선과 전자선입니다. 이는 선형가속기라는 방사선 발생장치를 통해 발생하는데요. 선형가속기는 전자를 발생시켜 가속관에서 클라이스트론에서 발생한 증폭된 마이크로웨이브를 이용해 전자를 가속하고, 이를 텅스텐 표적과 충돌시켜 엑스선을 발생시킵니다.","P","마이크로웨이브에 대해 설명해주세요"
"1","치료용 방사선에 대해 설명해주세요","치료용 방사선에는 엑스선이 발생, 선속평탄여과관을 통해 강도를 일정하게 만들어서 콜리메이터를 통해 불규칙한 모양을 치료 조사 모양으로 조정하게 됩니다. 양성자 혹은 중입자는 사이클로트론이나 싱크로트론과 같은 입자가속기를 이용, 가속하여 치료목적에 적합한 높은 에너지를 만들게 됩니다.","P","콜리메이터에 대해 설명해주세요"
"1","치료용 방사선에 대해 설명해주세요","치료용 방사선에서 주로 사용되는 것은 전리 방사선입니다. 전리방사선은 엑스선과 전자선을 제외한 모든 방사선을 의미하며 주로 치료 조사를 위해서 사용하며 양성자를 사이클로트론으로 가지고 있는 방사선을 의미합니다","F",""
"1","치료용 방사선에 대해 설명해주세요","방사선이 치료목적으로 되기 위해서는 선형 가속기에서 양자를 발생시켜 가속관에서 싱크로트론에서 발생한 감축된 마이크로 웨이브를 통해 전자를 가속시켜 이를 텅스텐 표적과 충돌시켜 엑스선을 발생시키게 해야합니다","F",""
"1","치료용 방사선에 대해 설명해주세요","암치료에서 가장 많이 치료용 방사선을 사용합니다. 주로 전리방사선인 전자선을 사용하는데 엑스선의 경우에는 검사용에 국한되며 엑스선의 경우 영상의 목적으로만 진행될 수 있기 떄문에 제한적이어 치료용으로 사용할 수 없습니다","F",""
"1","치료용 방사선에 대해 설명해주세요","동위원소가 붕괴하면서 발생하는 감마선을 활용, 근접방사선치료를 시행하게 도비니다. 감마선은 동위원소에서 거리가 멀어질수록 급변하게 에너지가 감소하여, 가까이 있는 종양 부위에는 많은 선량을 조사하고 거리가 떨어진 정상 조직은 보호할 수 있는 장점이 있습니다. 다양한 삽입 기구 혹은 카테터를 이용하여 선원을 치료 부위에 이동시켜 치료하거나, 직접 밀봉선원을 삽입하는 방법을 사용하기도 합니다.","P","밀봉선원에 대해 설명해주세요"
"1","호흡기계 질환에 대해 설명해주세요","호흡기계 질환은 크게 폐쇄성 폐질환과 제한성 폐질환으로 분류됩니다. 폐활량 지표 중, FEV1/FVC는 폐쇄성 폐질환과 제한성 폐질환을 구분하는 데 매우 중요한 역할을 수행하며, FEV1은 천식과 폐쇄성 폐질환의 중증도, 진행, 예후를 평가하는 가장 중요한 지표입니다. ","P","제한성 폐질환에 대해 설명해주세요"
"1","호흡기계 질환에 대해 설명해주세요","대표적인 폐쇄성 폐질환에는 천식, 기관지 확장증, 기관지염, 만성폐쇄성폐질환 등이 있으며, 제한성 폐질환에는 간질성 폐질환 등이 있습니다. 폐의 질환들도 제한성 폐질환을 유발할 수 있는데, 근무력증과 같은 신경병증이나 흉곽의 기형 등이 그 예입니다.","P","근무력증에 대해 설명해주세요"
"1","호흡기계 질환에 대해 설명해주세요","호흡기계 질환은 폐쇄성 폐질환과 제한성 폐질환으로 분류됩니다. 제한성 폐질환이란 천식, 기관지 확장증, 기관지염, 만성 제한성 폐질환 등이 있으며 폐쇄성 폐질완에는 간질성 폐질환 혹은 기타 폐질환을 포함합니다.","F",""
"1","호흡기계 질환에 대해 설명해주세요","호흡기계 질환은 주로 폐에 의해서 발생하지 않으며 폐의 입구인 기관지에 이상이 생긴 경우에 발생합니다. 기관지에 염증이 발생하는 경우가 대표적이며 해당 염증이 발생함에 따라 폐에 영향을 줄 뿐 폐에 염증이 발생하지는 않습니다","F",""
"1","호흡기계 질환에 대해 설명해주세요","호흡기계 질환 중 가장 대표적인 질환은 폐렴입니다. 폐렴은 폐에 물이 지속적으로 참으로 인해 발생하는데 폐렴이 발생할 경우 해당 물을 주기적으로 빼내야하기 때문에 입원이 필수적이며 이는 완전 치유가 불가능 합니다","F",""
"1","사용성 평가 환경 선정에 대해 설명해주세요","시뮬레이션 환경은 실제 임상 환경과 거의 유사하지만 가격이 비싸다는 특징이 있습니다. 보통 병원의 환경을 재현 둔 형식입니다. 기도, 위장관이 있어 생리학적 과정을 재현하는 마네킹이 배치되어 있고 마네킹을 컨트롤해주는 간호사, 의사 ,기술자, 환자, 보호자 등 여러 역할을 하는 스태프도 배치됩니다.","P","간호사와 의사의 역할에 대해 설명해주세요"
"1","사용성 평가 환경 선정에 대해 설명해주세요","실제 사용 환경은 테스트 환경으로서 어려움이 있습니다. 테스트 환경은 참가자에게 많은 공간을 할당하지 못하며 특별한 테스트 환경 가령, 응급구조자, 심혈관 조영실 등 회사 또는 기관의 정책에 따라 접근이 불가능한 곳도 있습니다. 때문에 이러한 점들을 고려하여 테스트 환경을 선정해야 합니다.","P","심혈관에 대해 설명해주세요"
"1","사용성 평가 환경 선정에 대해 설명해주세요","사용성 평가 환경 선정에서 테스트 환경으로는 무조건적으로 실제 사용환경을 고려해야 합니다. 참가자에게 많은 공간을 할당할 수 있는 개인 병실이 대표적인 사용성 평가 환경을 선정하는 공간으로 고려되고 있습니다","F",""
"1","사용성 평가 환경 선정에 대해 설명해주세요","사용성 평가 환경 선정을 하기 위해서는 시뮬레이션 환경을 사용하는데 실제 임상 환경과 굉장히 유사도가 높고 가격이 저렴하며 특정 환자를 대상으로 하지 않아도 되어 제한성이 낮다는 장점이 있습니다.","F",""
"1","사용성 평가 환경 선정에 대해 설명해주세요","사용성 평가 환경 선정은 이전에는 마네킹과 같은 대상을 통해서 임시적으로 이뤄졌지만 데이터 사회의 도래로 인해서 시뮬레이션을 토대로 진행하고 있습니다. 따라서 공간에 구애받지 않게 됨으로써 환경 선정이 필요하지 않게 되었습니다","F",""
"1","요역동학검사에 대해 설명해주세요","소변의 저장과 배출은 방광과 요도의 동적 과정을 통해 이루어집니다. 때문에 하부요로의 기능을 알아보는 방법을 총칭하여 요역동학검사라고 합니다. 요역동학검사는 환자의 증상을 객관적으로 재현할 수 있어야 하며 환자의 증상과 결과 사이의 상관관계 및 병태생리를 파악하여 적절한 치료 방침을 세우는 데 중요한 검사입니다.","P","병태생리에 대해 설명햊주세요"
"1","요역동학검사에 대해 설명해주세요","비뇨기계에서 소변의 저장과 배출을 담당하는 기관인 하부요로는 방광과 요도로 구성되어 있습니다. 정상적인 배뇨 주기는 소변을 저장하는 시기와 소변을 배출하는 시기로 구분됩니다. 소변을 저장하는 시기에는 신장에서 생성된 소변이 방광에 축적되면서 방광의 용적이 증가하지만, 정상적인 상태에서는 방광 내 압력은 낮은 상태로 일정하게 유지되는 특징이 있습니다. 이러한 기능을 알아보는 방법이 요역동학검사입니다.","P","신장의 기능에 대해 설명해주세요"
"1","요역동학검사에 대해 설명해주세요","요역동학 검사는 방광과 요도를 정지시킨 상태에서 해당 방광이 움직일 수 있는지를 측정합니다. 따라서 환자의 주관적인 주장에 근거하여 검사를 해야하기 떄문에 의사의 순간적인 판단이 굉장히 중요한 영역입니다.","F",""
"1","요역동학검사에 대해 설명해주세요","요역동학 검사는 소변을 저장하는 시기와 소변을 배출하는 시기 중 소변을 배출한 해당 시점에서만 시행될 수 있씁니다. 소변이 저장되어 있는 시기에는 방광이 정적으로 움직이기 때문에 오차가 크게 발생하기 떄문입니다","F",""
"1","요역동학검사에 대해 설명해주세요","비뇨기계에서 소변의 저장과 배출을 담당하는 기관인 하부요로는 세뇨관이 있습니다. 정상적인 배뇨 주기가 진행되고 있다고 판단 될 시에는 요역 동학 검사의 수치에서 세뇨관의 배뇨 농도가 0%로 유지되는 특징이 있습니다","F",""
"1","요류검사에 대해 설명해주세요","요류검사는 환자가 배출하는 요의 흐름을 기계적으로 분석하는 비침습적인 방법으로 하부요로 증상이 있는 환자에게 방광과 요도의 기능을 간단하게 예측할 수 있는 기본적인 검사법입니다. 검사방법은 적당하게 방광에 소변이 찬 상태에서 환자의 요의를 느끼게 되면 깔때기 모양의 배뇨통에 소변을 보게 하며 배뇨 시작과 종료까지의 시간과 모아진 요량을 분석하게 됩니다.","P","배뇨통에 대해 설명해주세요"
"1","요류검사에 대해 설명해주세요","요속은 단위 시간당 배출된 요량으로 정의하며 배뇨량은 요도를 통해 환자가 배출한 전체 요량을 말하며, 최대 요속은 요류곡선에서 Y의 기대값을 의미합니다. 요류검사에서 사용되는 장비는 원리에 따라 무게 변환 요속측정기와 희전판을 이용한 요속측정기가 있습니다.","P","회전판을 이용한 요속측정기의 원리에 대해 설명해주세요"
"1","요류검사에 대해 설명해주세요","요류검사는 환자가 배출한 요의 흐름을 화학적으로 분석하는 방식입니다. 해당 요의 구성성분 분석을 통해서 현재 환자의 몸에 생긴 이상등을 파악하거나 향후 발생할 수 있는 문제들에 대해서 사전적으로 조사하는 역할을 합니다","F",""
"1","요류검사에 대해 설명해주세요","배뇨량은  단위 시간당 배출된 요량으로 정의하며, 요속은 요도를 통해 환자가 배출한 전체 요량을 말합니다 최대 요속은 요류 곡선에서 X의 기대값을 말하며, 장비는 국제사회 기준안에 의해 통합된 장비를 사용하고 있습니다","F",""
"1","요류검사에 대해 설명해주세요","요류곡선에 대한 Y의 기댓값을 통해서 요속을 파악할 수 있는데 해당 요속을 파악하는 것이 요류 검사의 주목적입니다. 그러나 요류 검사에서 이상으로 측정되더라도 오차가 많이 발생하는 검사이기 떄문에 크게 문제가 되지는 않습니다","F",""
"1","방광내압측정술에 대해 설명해주세요","방광내압측정술은 요역동학검사의 기본이 되는 방법으로 방광의 수동적 방광충전과 능동적 방광수축 기간에 발생하는 방광 내의 압력 변화를 측정하는 검사입니다. 방광내압측정술이나 압력요류검사는 동일한 장비를 통해 시행되는 검사이나 능동적 방광 수축 기간은 배뇨가 이루어지는 시기이므로 방광내압측정 및 동시에 배출되는 소변의 요류의 확인이 필요하므로 압력요류 검사를 사용하게 됩니다.","P","수동적 방광충전에 대해 설명해주세요"
"1","방광내압측정술에 대해 설명해주세요","방광내압측정술 시에 측정되는 압력은 방광내압, 복압, 그리고 배뇨근압입니다. 하지만 배뇨근압은 직접적으로 측정할 수 있는 값이 아니기 때문에 방광내압과 복압의 차이 값으로 계산됩니다. 방광내압측정술을 통해서는 방광의 감각, 배뇨근의 활성, 방광순응도, 방광용적을 확인할 수 있습니다.","P","배뇨근압에 대해 설명해주세요"
"1","방광내압측정술에 대해 설명해주세요","방광내압측정술 시에 압력은 방광외압입니다. 하지만 방광외압이 직접적으로 측정할 수 있는 값이 아니기 떄문에 주로 방광의 전체 압력에서 방광 내압, 복압, 배뇨근압을 제외한 나머지 압력을 방광외압으로 산출하고 있습니다","F",""
"1","방광내압측정술에 대해 설명해주세요","방광내압측정술은 요역동학 검사의 기본이 되는 것으로 방광의 자동적 방광충전과 수동적 방광수축 기간에서만 측정할 수 있다는 단점이 있지만, 그 정확도가 다른 측정술에 비해 월등히 우수하다는 장점이 있습니다.","F",""
"1","방광내압측정술에 대해 설명해주세요","방광내압측정술을 통해서 방광의 감각, 배뇨근의 활성, 방광 순응도 등을 파악할 수 있어 환자의 방광에 대한 상태를 면밀히 검사할 수 있지만, 방광 용적이나 배뇨 상태 등을 파악하는데에는 명백한 한계가 존재하고 있습니다","F",""
"1","압력요류검사에 대해 설명해주세요","환자가 배뇨하는 동안 방광내압과 요류를 동시에 측정하는 검사방법으로 배뇨시기에 발생하는 문제에 대한 진단이 가능합니다. 측정하는 변수와 기본검사 방법은 방광내압측정술과 동일하며 요류검사가 동시에 시행된다는 점에서 차이가 납니다.","P","요류에 대해 설명해주세요"
"1","압력요류검사에 대해 설명해주세요","대개는 방광내압측정술이 끝나고 환자가 소변을 참기 어려울 때 배뇨를 하는 시점부터 압력요류검사를 시행하게 됩니다. 이 검사는 방광출구폐색이 의심되는 하부요로증상을 평가하는 데 유용합니다. 요류검사만 단독으로 시행하였을 때 요속이 정상보다 낮으며 잔뇨량이 많다고 하여 방광출구폐색을 확진할 수는 없습니다.","P","하부요로에 대해 설명해주세요"
"1","압력요류검사에 대해 설명해주세요","압력요류검사는 방광내압측정술을 시행하기 전에 환자의 방광에 이상이 생겼는지를 파악하기 위해서 선행되는 검사입니다 .따라서 해당 요류검사에서 이상이 발생할 경우 방광내압측정술을 시행할 수 없습니다","F",""
"1","압력요류검사에 대해 설명해주세요","환자가 배뇨하는 동안 방광외압과 방광내압에 차이가 발생하는데 해당 차이로 인해서 배뇨가 원활하게 이뤄집니다. 보통 방광 내압이 외압보다 커야 배뇨가 원활하게 이뤄지는데 해당 차이를 파악하는 것이 압력요류검사입니다","F",""
"1","압력요류검사에 대해 설명해주세요","방광출구는 폐색이 있어도 배뇨근의 수축력이 지속적으로 증가하기 때문에 환자에게서 높은 요속과 낮은 잔뇨량이 발생하여 건강한 방광으로 고려됩니다. 해당 요속과 잔뇨량을 분석하는 기법이 압력 요류검사입니다.","F",""
"1","압력요류검사에 대해 설명해주세요","방광출구폐색은 없어도 배뇨근의 수축력이 저하도니 환자에서도 낮은 요속과 많은 잔뇨량을 보일 수 있습니다. 압력요류검사를 통해서 배뇨근압에 대한 평가와 최대 요속에 대한 평가가 동시에 이루어질 때 방광출구폐색과 배뇨근의 수축력 저하를 감별할 수 있게 됩니다.","P","잔뇨량이 무엇인지 설명해주세요"
"1","음경커프검사에 대해 설명해주세요","음경커프검사는 방광출구폐색을 진단하기 위해 침습적인 압력요류검사를 피하기 위해 개발된 검사방법으로 혈압을 측정하는 원리와 동일합니다. 음경을 커프로 둘러싸고, 환자가 소변 유량계 안으로 소변을 보도록 한 후 커프에 일정한 속도로 압력을 올려서 배뇨가 중단되는 시점의 압력과 커프 압력을 풀었을 때 나타나는 요속의 최대치 간의 상관관계를 그래프로 보여줌으로써 방광 출구의 폐색 유무를 판단할 수 있게 됩니다.","P","음경커프검사의 원리에 대해 설명해주세요"
"1","음경커프검사에 대해 설명해주세요","음경커프검사는 폐쇄증 환자와 비폐쇄증 환자들을 구분하기 위한 노모그램으로서 제시되었습니다. 능숙한 관찰자들 사이에는 커프 검사 결과의 해석에 관해 의견 일치가 있다는 결론이 내려졌으나, SIU의 국제 남성 LUTS 진단에는 아직 추천되는 기준은 없습니다.","P","비폐쇄증에 대해 설명해주세요"
"1","음경커프검사에 대해 설명해주세요","음경커프검사는 배뇨근압에 대한 평가와 최대 요속에 대한 평가가 동시에 이루어지며, 해당 검사를 통해서 방광출구폐색과 배뇨근의 수축력이 얼마나 저하되었는지 파악하여 환자의 방광상태를 파악할 수 있습니다.","F",""
"1","음경커프검사에 대해 설명해주세요","음경커프검사는 여성에게만 시행할 수 있는 검사입니다. 남성의 경우 요도가 체외로 나와있어 외부적으로 요도를 검사할 수있는 반면에 여성의 경우 그렇지 못하여 음경커프검사를 통해 요도의 상태를 점검할 수 있습니다","F",""
"1","음경커프검사에 대해 설명해주세요","음경커프검사는 폐쇄증 환자와 비폐쇄증 환자를 구분할 수는 없지만, 방광출구폐색을 진단할 때 침습적인 압력요류검사를 피하기 위해서 고안되었으며 ,현재는 완벅하게 압력요류검사를 대체하고 있는 검사방식입니다","F",""
"1","비뇨기질환과 레이저의 이용에 대해 설명해주세요","비뇨기과 영역에서 레이저를 최초로 활용한 기록은 1963년 Fine 등이 햄스터의 방광 종양에 레이저를 조사한 것으로 이후 기술의 발달 및 수술의 발전을 통해 다양한 레이저를 이용한 비뇨기계 수술이 환자 치료에 활용되고 있습니다. 비뇨기과 영역에서는 대부분 전립선조직을 제거하는 전립선비대증 치료에 레이저의 이용이 주종을 이루고 있습니다.","P","전립선조직에 대해 설명해주세요"
"1","비뇨기질환과 레이저의 이용에 대해 설명해주세요","양성전립선비대증을 치료하는데 주로 활용됩니다. 양성전립선비대증이란 중년 남성에게 발생하는 흔한 질환 중의 하나로 60-70대 남성 중 약 40-70%에서 발병하는 것으로 알려져 있습니다. 증상으로는 약뇨, 빈뇨, 소변 주저, 요절박 등이 있으며 약물치료에 반응하지 않을 경우에는 레이저를 조사하는 방식으로 치료가 이루어집니다.","P","요절박에 대해 설명해주세요"
"1","비뇨기질환과 레이저의 이용에 대해 설명해주세요","비뇨기과 영역에서 레이저를 사용하는 것은 주로, 중년 남성에게서 발생하는 음성 전립성 비대증을 해소하기 위함이며 비뇨 자체가 굉장히 민감한 부위이기 때문에 다른 용도로는 사용하지 않는 것이 일반적입니다.","F",""
"1","비뇨기질환과 레이저의 이용에 대해 설명해주세요","비뇨기과질환에서 주로 레이저는 소생의 목적으로 사용합니다. 전립선 조직에 문제가 생겼을 때 전립선의 세포를 복구시키기 위한 방법으로 다양한 레이저를 이용한 비뇨기계 수술이 환자의 치료에 사용되고 있습니다","F",""
"1","비뇨기질환과 레이저의 이용에 대해 설명해주세요","비뇨기과 영역에서 레이저가 대중적으로 활용된 것은 2000년대에 이르러서입니다 .정관수술이 하나의 트랜드로 자리잡음에 따라 레이저를 통해서 정관의 입구를 막는 방식이 대중화되며 널리 퍼지게 되었습니다","F",""
"1","레이저 물리학에 대해 설명해주세요","레이저는 빛이 증폭기 안에서 유도방출을 반복하여 증폭되어 나오는 것을 말합니다. 레이저는 광원 장치로서 다양한 물질이 사용되며 여기에서 만들어진 빛은 특정 파장과 방향성을 가지게 되는데 레이저 종류에 따라 그 파장도 자외선, 적외선, 가시광선에 광범위하게 분포되어 있습니다.","P","적외선에 대해 설명해주세요"
"1","레이저 물리학에 대해 설명해주세요","레이저 방출 방식은 연속형 혹은 펄스형으로 나뉘며 레이저 빛은 광섬유를 통해 조직으로 전달되는데 광섬유의 종류는 광섬유 끝에서 레이저 빛이 전달되는 정면발사형 광섬유와 광섬유의 옆면에서 전달되는 측면발사형 광섬유로 나뉘게 됩니다.","P","광섬유에 대해 설명해주세요"
"1","레이저 물리학에 대해 설명해주세요","레이저란 빛이 증폭기 안에서 유도방출이 획일한 방향으로 증폭되어 나오는 것으로 단일한 물질이 광원에 반사됨으로써 발생하며, 그 주기가 언제나 일정한 파장의 형태를 띄고 있다는 특징으로 물리학의 연구분야입니다.","F",""
"1","레이저 물리학에 대해 설명해주세요","레이저 방출방식은 연속형 혹은 펄스형으로 나뉩니다. 연속형의 경우 가시적인 일자의 빛이 지속적으로 뿜어나오는 것을 말하며 펄스형의 경우에 필요한 부분에 일시적으로 레이저를 광사하는 방식으로 방출하는 것을 말합니다","F",""
"1","레이저 물리학에 대해 설명해주세요","레이저 물리학은 기본적으로 레이저의 매질이 필요하지 않습니다 레이저는 광원에서 유도되는 현상이기 때문에 빛의 입자라는 성질을 가짐과 동시에 빛의 파장이라는 특징을 가지는데 빛은 매질을 필요로 하지 않는 파장이기 떄문입니다","F",""
"1","레이저 물리학에 대해 설명해주세요","레이저를 발생시키는 기기는 기본적으로 레이저 매질, 공진기, 에너지원의 세 가지 주요 구성원들로 알려져 있습니다. 레이저 매질로는 기체, 고체, 반도체가 이용됩니다. 공진기는 양쪽 끝에 평행한 두 개의 거울이 존재하여 자가 증폭의 기능을 하며 부분반사경은 일부의 빛을 통과시켜 레이저 광선이 외부로 방출되게 합니다.","P","반도체에 대해 설명해주세요"
"1","피부과 영역 의료기기에 대해 설명해주세요","Co2 레이저, Er-YAG 레이저는 외과적 용도로 가장 널리 사용되며 조직의 수분에 흡수되어 열로 바뀝니다. 사마귀, 점, 검버섯, 황색종 등의 병변을 제거하는데 활용되고 있습니다. 한편, Q-Switched er-YAG 레이저, 루비 레이저, Alexandrite 레이저는 주근깨, 오타모반, 문신 등의 과색소성 병변에 사용되고 제모 시술에도 활용됩니다.","P","과색소성 병변에 대해 설명해주세요"
"1","피부과 영역 의료기기에 대해 설명해주세요","585, 595nm pulsed dye 레이저는 불꽃모반, 혈관종, 모세혈관확장증, 주사 등의 혈관 질환에 사용됩니다. 하년, 침습적 프렉셔널 레이저는 표피와 진피에 부분적인 열 손상을 주어 재상피화를 유도하는데요. 비침슥적 프렉셔널 레이저에 비해 열에 의한 진피 응고가 더 깊게 이루어져 조직의 수축과 아교질 합성이 더 잘 일어나는 것이 특징입니다.","P","모세혈관확장증에 대해 설명해주세요"
"1","피부과 영역 의료기기에 대해 설명해주세요","피부과 영역에서는 주로 레이저가 사용되는데 해당 피부를 소생시키기 위한 목적으로 고안되었습니다. 레이저를 통해서 폐사되었던 피부를 소생시킬 수 있으며 현재는 줄기세포의 소생에서도 사용되고 있습니다.","F",""
"1","피부과 영역 의료기기에 대해 설명해주세요","피부과 영역에서 의료기기는 주로 빛을 통해서 피부를 재생시키는 방법 혹은 피부의 얇은 막을 제거하는 방식으로 이뤄집니다. 따라서 침슥적 프렉셔널 레이저를 주로 사용하며 조직의 팽창이 잘 이뤄지는 기계를 사용하는 것이 일반적입니다","F",""
"1","피부과 영역 의료기기에 대해 설명해주세요","레이저가 일반적으로 피부과 영역 의료기기에서 사용되는데 해당 레이저의 경우 잘못 분사할 경우에 영구적인 피부 괴사를 일으킬 수 있기 떄문에 피부과에서 수행하는 레이저 시술의 책임은 전적으로 소비자에게 전가하고 있습니다","F",""
"1","자극을 통한 피부과 치료에 대해 설명해주세요","비침습적 프렉셔널 레이저는 침습적 프렉셔널 레이저에 비해 회복 기간이 짧은 것이 특징입니다. 1,000-1,500nm 적외선 구간의 파장을 가진 레이저로 진피의 깊은 곳에 존재할 수 있는 수분에 흡수되어 표피에는 손상을 일으키지 않고 새로운 아교질과 엘라스틴 생성을 촉진시켜 피부의 외형을 개선하는 방식입니다.","P","진피에 대해 설명해주세요"
"1","자극을 통한 피부과 치료에 대해 설명해주세요","Eximer 레이저에 대해 설명드리겠습니다. 백반증 치료에 이용하는 레이저로 멜라닌세포의 자극을 통해 색소의 재침착을 유도하는 형식의 레이저입니다.한편, 자극을 통한 치료 외 조절을 통한 치료 형식도 있는데 이 때에는 LLLT라고 하여 광생물학적 활성화 반응을 통해 비후성 반응은 억제하고 통증은 완화시키며 혈류를 촉진하고 부종을 제거하는 방식 또한 있습니다.","P","멜라닌세포에 대해 설명해주세요"
"1","자극을 통한 피부과 치료에 대해 설명해주세요","침슥적 프렉셔널 레이저는 비츰식적 프렉셔널 레이저에 비해 회복시간이 짧아 피부과를 찾은 소비자가 좋아합니다. 주로 수분을 급격하게 증발시킴으로서 표피를 손상시키지 않고 엘라스틴을 촉진시켜 피부의 외형을 개선합니다","F",""
"1","자극을 통한 피부과 치료에 대해 설명해주세요","색소 침착을 유도하는 형식의 레이저 중에 엑시머 레이저가 있습니다. 백반증 치료에 이용하는 레이저이지만, 통증이 굉장히 크고 비후성 반응이 억제되지 않아서 혈류가 억제되는 단점이 있습니다.","F",""
"1","자극을 통한 피부과 치료에 대해 설명해주세요","피부과 치료는 아교질과 엘라스틴 생성을 촉진시켜 피부의 외형을 개선하는 방식이지만, 굉장히 단기적인 기능만을 수행할 뿐 장기적으로 피부개선효과가 발생하지 않아서 치료가 아닌 시술로 보는 것이 합당하다는 평가가 있습니다","F",""
"1","최근에 이슈가 되고 있는 피부과 치료기기에 대해 설명해주세요","최근에는 피부의 텍스처와 톤, 색에 대한 관심을 넘어서 노화를 늦추고 facial shape, body shape를 만드는 것에 많은 관심이 쏠리고 있어 그와 관련된 새로운 기기들이 등장하고 있습니다. 그리고 최근에는 홈 케어용 제품도 개발되어 시판되고 있어 의료용 기기 중 피부과 영역의 발전 영역은 넓은 것으로 생각됩니다.","P","홈 케어용 의료기기의 예시를 들어 설명해주세요"
"1","최근에 이슈가 되고 있는 피부과 치료기기에 대해 설명해주세요","식이 조절과 운동만으로는 단기간에 내가 원하는 shape의 몸이 만들어지기 힘들고 다이어트에 성공한다고 해도 원치 않는 부위의 살이 빠지거나 살이 처져서 보기 싫은 경우가 많습니다. 이러한 요구에 부응하여 최근에는 피하지방을 태워서 없애는 다양한 기기들이 많이 등장했는데 냉각을 이용한 cryolipolysis, radiofrequency나 ultrasound를 이용한 레이저 장비들이 이용되고 있습니다.","P","피하지방에 대해 설명해주세요"
"1","최근에 이슈가 되고 있는 피부과 치료기기에 대해 설명해주세요","피부의 텍스처와톤, 색에 대한 관심이 증대됨에 따라 노화에 대한 관심이 식어 현재는 페이셜 쉐이프에 대한 관심만이 증대되고 있습니다. 노화의 경우 자연적인 현상이라는 고려 속에서 피부과에서 현재는 다루고 있지 않습니다","F",""
"1","최근에 이슈가 되고 있는 피부과 치료기기에 대해 설명해주세요","피부과 치료기기중에 화상으로 인해 손상이 발생한 피부를 복구시키는 피부과 기기가 등장하며 이목을 집중시키고 있습니다. Eximer 레이저를 통해서 비후성 반응을 억제함으로써 엘라스틴을 재생산함으로써 이뤄지는 방식입니다","F",""
"1","최근에 이슈가 되고 있는 피부과 치료기기에 대해 설명해주세요","고강도의 초음파를 체내에 분산시켜 열을 지속적으로 증가시킴에 따라서 피부 속 근막 부위에 작용점을 지속적으로 생산하는 방식이 현재 사용되고 있으며 해당 기능을 통해서 노화를 영구적으로 방지할 수 있게 되었습니다","F",""
"1","최근에 이슈가 되고 있는 피부과 치료기기에 대해 설명해주세요","High intensity focused ultrasound라고 하여 높은 고강도의 초음파를 체내 한 점에 집중시킬 때 발생하는 열을 이용하여 피부 속 깊은 근막 부위에 작용점을 만들어 피부의 탄력도를 개선시키는 형식의 치료기기가 시판되어 활용되고 있습니다.","P","근막에 대해 설명해주세요"
"1","영상진단의 실제에 대해 설명해주세요","영상의학과 전공의 과정을 통해 영상진단의 전체를 배우고 전문의 시험에 합격한 후에 작은 병원에서 근무하며 혹은 개업을 하여 영상의학 전반에 대한 진료를 할 수 있습니다. 그러나 많은 영상의학과 전문의들은 자기의 주 종목을 좀 더 고웁하고 그 분야를 위주로 진료를 하게 되는데 이때는 대부분 영상 진단기기별 주 분야를 선택하지 않고 해부학적 부위별로 선택을 하게 됩니다.","P","영상의학에 대해 설명해주세요"
"1","영상진단의 실제에 대해 설명해주세요","뇌신경, 두경부, 흉부, 심장, 갑상선, 유방, 복부, 비뇨생식계, 근골격계 등 해부학적 분류를 대부분 따라 영상의학 전문 분야가 달라집니다. 물론, 소아 분야와 중재 분야는 해부학적 분류는 아닌데요. 중재 분야 영상의학과 의사는 DSA, 투시, 초음파, CT 영상 유도하에 수술을 대처하는 치료적 시술을 하게 됩니다.","P","DSA에 대해 설명해주세요"
"1","영상진단의 실제에 대해 설명해주세요","의료영상이란 의료기기의 일종으로 가시적으로 보이지 않는 신체의 부분을 보여주게 하는 기능을 합니다. 그러나 의료영상은 현재까지 기술적인 부족으로 인해 대중적인 의료기기로서 역할하고 있지는 않습니다.","F",""
"1","영상진단의 실제에 대해 설명해주세요","X-ray 기술은 의료영상을 보여주는 대표적인 의료기기로 여겨집니다. 그러나 X선이라는 방사선을 이용하여 신체를 투과해 각 부위 조직을 간접적으로 파악하기 때문에 신체에 유해한 성분이 체내에 흡수될 위험이 존재합니다","F",""
"1","영상진단의 실제에 대해 설명해주세요","X-ray기술로 대표되는 것이 의료영상입니다. 그러나 의료영상은 대상의 전반적인 외형만을 파악할 뿐, 침습성이 강하고, 특정한 질병을 포착하는 능력이 부족하기 때문에 현재는 사용하고 있지 않는 실정입니다.","F",""
"1","영상진단의 실제에 대해 설명해주세요","영상의학과 의사들 중, 초음파를 직접 보면서 진단을 하거나, 방사선사들이 촬영한 CT와 MRI 영상들을 PACS 모니터로 보면서 영상 진단 판독을 하게 되는 경우가 있습니다. 대부분 영상의학과 전공의들은 자신의 주 종목을 해부학적 관점에 입각하여 정하게 되며 주로 대형병원 및 상급 의료기관 등지에서 일하는 경우가 많습니다.","P","해부학에 대해 설명해주세요"
"1","피부 수분도 및 거칠기 측정기기에 대해 설명해주세요","Capacitance는 피부 표면에서 표피의 capacitance를 측정하여 표피 수분량을 측정하는 기기입니다. 그리고 Conductance느 피부 표면에서 피부의 전기전도력을 측정하여 피부 표면과 각질층의 수분도를 측정하는 것이며 Impedance는 전극을 붙인 두 피부 사이의 임피던스를 측정하여 피부가 함유한 수분도를 측정하는 것입니다.","P","임피던스에 대해 설명해주세요"
"1","피부 수분도 및 거칠기 측정기기에 대해 설명해주세요","Repica-based method는 모사판을 이용하여 피부 주름을 평가하는 방법으로 빠르고 간편하게 측정 가능하지만 모사판 제작이 어렵다는 단점이 있습니다. 한편, Fringe Projection Method는 DMD 기술을 이용한 3차원 비접촉식 표면 형상측정기법으로 3차원 영상 구현이 가능하여 정량성 재현성이 높지만 고가의 기기입니다.","P","DMD 기술에 대해 설명해주세요"
"1","피부 수분도 및 거칠기 측정기기에 대해 설명해주세요","피부 수분 및 거칠기 측징은 주로 피부 표면에 impedance를 측정하여 표피의 수분량을 측정하는 것을 통해 이뤄집니다 .또한 capacitance를 측정함으로써 표피의 노화를 파악할 수도 있습니다.","F",""
"1","피부 수분도 및 거칠기 측정기기에 대해 설명해주세요","repica-based methods는 모사판을 이용하지 않고 피부 주름을 평가하는 방법으로 느리다는 단점이 있지만 그 주름 평가가 굉장히 세밀하여 모사판 제작이 쉽다는 장점을 가지고 있어 널리 사용되는 기기입니다.","F",""
"1","피부 수분도 및 거칠기 측정기기에 대해 설명해주세요","피부 표면과 각질층의 수분도를 파악하는 capacitance라는 기기가 있습니다 해당 기기는 임피던스와 함께 혼용하여 피부 내부에 수분을 직접적으로 분비함으로써 피부 노화를 방지하며 피부 세포를 소생하는 기능도 가능합니다","F",""
"1","광원을 이용한 피부 치료기기에 대해 설명해주세요","피부과적 치료기기의 가장 큰 영역은 빛을 이용한 치료기기입니다. 이는 공학과 의학에 바탕을 둔 치료 기술로 단파장의 UVB, UVA를 이용한 광선치료기, 비교적 긴 파장을 이용한 레이저기기가 있습니다. 빛을 이용한 치료는 4,000년 전 고대 이집트 문서에서 시작되는데, 백반증에서 광감수성 물질을 바르고 태양광을 쪼여서 치료하였다는 기록이 있습니다.","P","백반증에 대해 설명해주세요"
"1","광원을 이용한 피부 치료기기에 대해 설명해주세요","근대 광치료는 19세기 후반에 시작되는데, UVA와 단파장 가시 청색광을 이용해 결핵을 치료하였고 적색광을 이용하여 우울증, 열병과 발진 등에 이용하였습니다. 이후, 1960년대 순수한 적색광인 루비레이저가 만들어졌으며 이후로 레이저기기는 눈부시게 발전하여 피부과 영역을 넘어 모든 의료 영역에 활용되고 있습니다.","P","적색광에 대해 설명해주세요"
"1","광원을 이용한 피부 치료기기에 대해 설명해주세요","빛을 이용한 치료는 공학과 의학을 통해서 지속적으로 연구개발되고 있습니다 현재는 빛 중 가장 짧은 파장을 통해 높은 주파수를 가지는 레이저를 이용하여 치료하는 방식이 대중적으로 피부치료에 애용되고 있는 상황입니다.","F",""
"1","광원을 이용한 피부 치료기기에 대해 설명해주세요","피부과적 치료기기의 가장 큰 영역은 빛을 이용한 치료기기입니다. 그러나 빛에 대한 치료는 자외선을 지속적으로 노출하는 단점이 있어 굉장히 단기적으로 진행되어야 하며 1시간 이상 지속될 경우 피부괴사를 초래할 수 있습니다.","F",""
"1","광원을 이용한 피부 치료기기에 대해 설명해주세요","주로 장파장 가시 청색광과 UVA를 이용하여 광치료를 시행하고 있지만, 광치료의 시작은 반대로 단파장 가시 적색광과 적외선을 이용하여 시작하였습니다 .적외선의 멸균 기능을 피부에 적용시키자는 아이디어에서 시작하였습니다","F",""
"1","광원을 이용한 피부 치료기기에 대해 설명해주세요","레이저 치료가 가장 대표적입니다. 레이저는 복사 형식으로 유도 방출되어 증폭된 빛을 뜻합니다. 외부 에너지원, 매질, 매질을 채우는 통, 레이저를 치료 부위로 전달하느 장치 네 부분으로 구성되며 단색성, 지향성, 간섭성, 집적도의 우수성 등을 특징으로 가지고 있습니다.","P","매질에 대해 설명해주세요"
"1","레이저에 대해 설명해주세요","물질에는 특정 에너지 준위가 있는데, 가장 낮은 바닥 상태 즉, ground state 혹은 ground level은 여러 가지 방법을 통해 에너지를 주면 들뜬 상태 즉, excited state 혹은 excited level로 변환됩니다. 레이저는 들뜬 상태의 분자나 원자는 에너지를 방출하고 바닥 상태로 돌아가는 원리를 활용한 것입니다.","P","에너지 준위에 대해 설명해주세요"
"1","레이저에 대해 설명해주세요","전기적 또는 분자 전이에 의한 광자방출을 낮은 에너지 준위로 자극함으로써 집중적, 응축적, 직접적 광학방사를 하는 장치를 말합니다. 레이저 광선은 사람이 만든 인공광선으로서 유도방출에 의한 빛의 증폭이란 뜻을 가지고 있습니다.","P","광자방출에 대해 설명해주세요"
"1","레이저에 대해 설명해주세요","레이저는 빛이 가지는 특정 에너지 준위 중에 가장 높은 에너지 상태를 의미합니다 .레이저는 가장 용도가 다양하지만 레이저는 원자의 성격을 가지기 떄문에 도플러 효과에 구애 받지 않아 그 쓰임이 제한적이라는 한계가 있습니다","F",""
"1","레이저에 대해 설명해주세요","레이저는 광선을 통해서 빛을 단일한 방향으로 쏘는 것이며 주로 낮은 파장계를 이용하기 떄문에 대부분 적외선의 색깔을 띄며 가시광선의 영역에서 벗어나지 않는 빛을 사용하는 것이 일반적입니다.","F",""
"1","레이저에 대해 설명해주세요","레이저는 태양광과 마찬가지로 색상의 변화가 일어나며 , 다른 여러가지 빛을 혼합함으로써 다양한 색을 산출할 수 있습니다 주로 피부 치료에 사용되는 레이저는 적외선과 가장 까운 남색계통을 이용하는 것이 평균입니다","F",""
"1","레이저에 대해 설명해주세요","레이저는 태양광과는 달리 색상의 변화가 일어나지 않으며 다른 여러 가지 빛이 혼합되어 있지 않고 어느 정도의 순수한 단일광으로 만들어집니다. 그리고 빛이 퍼지지 않고 일정한 방향으로 직진하는 성질을 가지고 있으며 레이저는 위상이 균일하므로 약간의 장애물에 부딪히면 곧 간섭을 일으킵니다. 그리고 레이저 빛은 에너지 밀도가 높아 철판까지 녹일 수 있습니다.","P","간섭에 대해 설명해주세요"
"1","와우이식기에 대해 설명해주세요","고도 이상의 감각신경성 난청 환자는 보청기 등을 통하여 소리를 증폭하더라도 내유모세포의 손상 등이 동반되고 청각 필터가 손상되기 때문에 와우 내에서 적절한 전기 자극을 생성하지 못합니다. 따라서 의미 있는 어음 인지능력의 향상을 기대할 수 없는데요. 와우이식기는 보청기를 사용하여도 도움을 받지 못하는 고도 이상의 감각신경성 난청 환자들에게 도움을 주는 기기입니다.","P","내유모세포에 대해 설명해주세요"
"1","와우이식기에 대해 설명해주세요","와우이식기는 환자에게 와우 내에 전극을 삽입하여 나선신경절을 직접적으로 전기자극함으로써 소리를 인지할 수 있도록 돕는 장치입니다. 1790년 Volta가 난청이 있던 자신의 귀에 전극을 삽입하고 자극하였을 때 액체가 끓는 듯한 소리를 경험한 것을 보고하면서 이와 관련된 연구가 진행된 것이 효시입니다.","P","나선신경절에 대해 설명해주세요"
"1","와우이식기에 대해 설명해주세요","와우이식기는 환자의 와우 외측에 전극을 삽입하여 나선신경절을 간접적으로 전기자극함으로써 소리를  인지하는 것으로 보청기의 기본 성분으로 사용되고 있습니다. 현재는 레이절르 통해서 직접자극하는 방식도 연구되고 있습니다","F",""
"1","와우이식기에 대해 설명해주세요","고도 이하의 감각신경성 난청 환자의 경우 보청기를 통해서도 청각이 소생되지 않기 떄문에 내유모세포를 직접적으로 손상하여 해당 위치에 와우이식기를 배치함으로써 청각을 회복하는 기술이 존재하고 있습니다.","F",""
"1","와우이식기에 대해 설명해주세요","와우이식기는 1957년 와우고설계에 전극을 삽입함으로써 시행되었고 단일 채널로 시작하였으나 10년 후에는 채널의 개수를 점차 늘림에 따라서 청각 장애인이 인류사에서 소멸하게 되는 계기가 되었습니다.","F",""
"1","와우이식기에 대해 설명해주세요","1957년 Djoumo와 Eyries가 농환자의 와우고설계에 전극을 삽입하여 전기 자극을 가하면 음 자극을 느낄 수 있음을 최초로 보고하였으며 1961년 House는 단일 채널을 이용한 와우이식술을 처음으로 시도하였고 이후 다채널 와우이식기가 개발되어 현재까지 널리 활용되고 있습니다.","P","와우이식기의 구성에 대해 설명해주세요"
"1","전기청각 동시자극에 대해 설명해주세요","와우이식을 통한 전기적 자극과 보청기를 통한 청각적 자극이 동시에 이루어지는 동시자극에 대한 개념 및 동물 실험 결과는 1999년 제시되었습니다. 저주파 대역의 잔존 청력에 대한 청각학적 자극과 고도 이상의 난청을 가진 고주파 영역에 대한 직접적인 전기적 자극이 동시에 이루어질 때 서로 간의 간섭 효과가 거의 없다는 가설입니다.","P","저주파에 대해 설명해주세요"
"1","전기청각 동시자극에 대해 설명해주세요","와우이식기의 전극이 다양한 길이로 설계되거나 전극 삽입 시 저항을 최소화하여 잔존 와우의 손상을 최소화할 수 있는 부드러운 형태로 개발되어 전기청각 동시자극을 위한 잔존 저주파 대역의 손상을 최소화하는 것이 필요하다는 공감대를 불러일으킨 이론 혹은 과학적 발견이 전기청각 동시자극입니다. 고주파와 저주파 대역에서 각각 전기, 청각적 자극을 동시에 주는 것을 말합니다.","P","저항에 대해 설명해주세요"
"1","전기청각 동시자극에 대해 설명해주세요","전기청각 동시자극은 양쪽의 귀에 전극 삽입 후 전극을 통해 동시에 자극하여 소리를 입체적으로 듣을 수 있게 도와주는 것입니다. 이를 통해 음원의 위치와 거리를 알 수 있게 되는 가설입니다.","F",""
"1","전기청각 동시자극에 대해 설명해주세요","전기청각 동시자극은 내이에 삽입한 와우이식기를 통하여 고주파의 소리와 저주파의 소리를 듣는 부분을 동시에 자극하고, 이를 통해 더 명확하고 깔끔한 소리를 들을 수 있게 해주는 것입니다. ","F",""
"1","전기청각 동시자극에 대해 설명해주세요","와우 이식기를 내이에 삽입하여 삽입된 전극이 양쪽의 달팽이관을 자극하여 소리를 좀 더 명확히 듣게 도와줍니다. 이중 저주파의 소리가 고주파의 소리에 비해 좀 더 명확하게 들을 수 있습니다.","F",""
"1","디지털 방사선촬영술에 대해 설명해주세요","엑스선 촬영으로 얻은 연속적인 아날로그 상태의 영상 정보를 전기적 신호로 변환시켜 디지털화한 다음 컴퓨터를 이용하여 영상의 사후 처리, 저장, 정보 전달을 가능하게 하는 방법입니다. 고전적인 엑스선 촬영 영상을 스캔하여 PACS에 정보를 널은 적도 있었으나 영상 정보 소실이 불가피하였는데요. 디지털 방사선촬영술은 이러한 문제를 해결할 수 있는 기법으로 각광을 받기 시작했습니다.","P","PACS에 대해 설명해주세요"
"1","디지털 방사선촬영술에 대해 설명해주세요","PACS가 영상 정보 저장과 전달을 제대로 하기 위해서는 디지털 방사선촬영술이 전제 조건이 되어야 합니다. 기존의 엑스선 장치에서 필름이 하던 역할, 즉 엑스선을 받아서 영상을 처리하고 전개하는 기능을 각각 분리하여 진행하게되는데요. 특히, 영상 전개 과정에서 디지털 영상 신호 강도의 범위와 수준을 조정할 수 있게 되어 엑스선 노출 조건에 영향을 덜 받고 영상의 최색조를 조절할 수 있게 되었습니다.","P","디지털 영상 신호에 대해 설명해주세요"
"1","디지털 방사선촬영술에 대해 설명해주세요","엑스선 촬영으로 얻은 디지털 상태의 영상정보를 아날로그 신호로 변환시켜서 소비자에게 해당 정보를 전달하는 것을 디지털 방사선 촬영술이라고 합니다. 따라서 영상정보 소실이 발생할 우려가 존재하다는단점이 있습니다","F",""
"1","디지털 방사선촬영술에 대해 설명해주세요","디지털 방사선촬영술이란 과거에 수행되었던 방사선기법을 저장 보관하는 역할을 하며 디지털화되지 않았던 때에 수행되었던 수술을 디지털 정보로 저장하여 해당 정보를 영구적으로 보관하는 기능을 하고 있습니다.","F",""
"1","디지털 방사선촬영술에 대해 설명해주세요","디지털 방사선 촬영술은 PACS라고도 불리며, 이를 수행하기 위해서는 영상 정보 저장과 전달이 전제 조건이 되어야 합니다 따라서 네트워크화가 완료된 의료시설에서만 사용될 수 있으며 그 금액이 높아 전문기관에서 주로 사용합니다","F",""
"1","투시촬영술에 대해 설명해주세요","엑스선이 인체를 투과한 후, 그 강약을 형광으로 변화시켜 영상증폭기로 증강시키고 이를 텔레비전 카메라와 모니터로 직접 보는 검사법입니다. 환자에게 피폭된느 엑스선의 양을 줄이고 검사자는 엑스선과 떨어져 모니터를 봄으로써 실시간 영상을 관찰할 수 있다는 특징이 있습니다.","P","형광에 대해 설명해주세요"
"1","투시촬영술에 대해 설명해주세요","먹는 조영제를 사용하여 식도, 위장, 소장, 대장 윤곽과 점막 등을 직접 볼 수 있는 검사법이며 최근에는 여러 이유로 그 검사 빈도가 현격히 줄어들고 있습니다. 한편, 투시 기계는 간단한 혈관 조영술이나 중재적 시술 시에도 사용할 수 있는 장비이기도 합니다.","P","소장의 역할에 대해 설명해주세요"
"1","투시촬영술에 대해 설명해주세요","엑스선을 인체에 투과한 후, 이를 형광으로 변화시켜 영상증폭기로 증강시켜 이를 텔레비전 카메라나 모니터로 직접보는 검사법을 투시촬영술이라고 하는데,이는 환자에게 피폭되는 엑스선의 양이 증폭되는 단점이 있습니다","F",""
"1","투시촬영술에 대해 설명해주세요","투시촬영술은 간단한 혈관 조영술이나 중재적 시술 시에도 사용될 뿐더러 환자의 내장에 대한 윤곽을 직접볼 수 있는 심사법이며, 최근들어 X-ray의 대중화로 인해서 그 검사 빈도가 점차적으로 증대되는 추세입니다.","F",""
"1","투시촬영술에 대해 설명해주세요","엑스선이 인체를 투과하기 전에 도플러효과를 이용하여 환자에게 피폭되는 엑스선의 양을 절반 이하로 줄이면서 엑스선의 사용빈도도 감축시켜 혁신적인 검사기법으로 사용되고 있습니다. 가격도 저렴하다는 장점을 가지고 있습니다","F",""
"1","총괄적 사용성 평가에 대해 설명해주세요","상용화 단계의 기기에 대한 평가로 디자인 개선 및 지향하는 바가 조건을 충족하는 지 확인하는 것을 목적으로 합니다. 디자인 마지막 총괄적인 시점, 기기의 제작이 거의 완료된 시점에서 테스트를 진행하며 주요 목표는 위험한 사용자 에러의 발생 기회를 줄이기 위하여 사용자 인터페이스를 인증하는 것입니다.","P","인터페이스에 대해 설명해주세요"
"1","총괄적 사용성 평가에 대해 설명해주세요","Class 2, Class 3의 의료기기에 총괄적 사용성 평가는 필수입니다. 이상적으로, 한 번의 총괄적 사용성 평가로 인증받는 것이 가장 좋지만, 총고라적 사용성 평가에서 문제가 발생하여 수정해야 하는 경우와 설계 변경으로 인하여 총괄적 평가를 재수행하여야 하는 경우도 발생하긴 합니다.","P","Class 2의 의료기기에 대해 설명해주세요"
"1","총괄적 사용성 평가에 대해 설명해주세요","상용화 단계의 기기에 대한 평가로 주로 해당 기기가 적합한 치료 용법을 구사하는지를 조건하여 이를 확인하는 것을 목적으로 합니다. 총괄적 사용성 평가에서는 의료기기라는 특수성으로 인해 디자인에 대한 고려는 하지 않습니다","F",""
"1","총괄적 사용성 평가에 대해 설명해주세요","의료기기에 총괄적 사용성 평가는 필수적입니다. 단, 총괄적 사용성 평가의 경우 비용이 많이 발생하기 때문에 주로, 한 번만 평가를 하는 것이 일반적이며 이후 동일한 기기에 총괄적 사용성 평가를 수행하지는 않습니다","F",""
"1","총괄적 사용성 평가에 대해 설명해주세요","총괄적 사용성 평가는 의료기기이기 떄문에 사용 안전에 대한 증거를 무조건적으로 제시되어야 하며, 해당 안정성은 법적 절차를 통해 이를 증명해야만 합니다. 또한 사용자가 발생시키는 에러의 데이터까지 함유하고 있어야만 증거가 제시되기 때문에 그 평가가 1~2년 정도 걸리게 되는 특징을 지닙니다","F",""
"1","총괄적 사용성 평가에 대해 설명해주세요","총괄적 사용성 평가는 사용 안전에 대한 설득력 있는 증거를 제공하여야 하기 때문에 철저한 가이드, 철저한 계획에 의해 접근되어야 한다는 특징이 있습니다. 참가자는 최소 15명, 최대 25명에 이르러야 하며 주어진 기기에 대하여 대표적인 사용자와 기기와 상호 작용을 함으로써 기기를 validate하는 것이 목표인 시험입니다.","P","사용자와 기기의 상호작용에 대해 설명해주세요"
"1","MRI에 대해 설명해주세요","강력한 자장 속에 인체를 놓은 후 수소원자핵만을 공명시키고 고주파를 순간적으로 발사했다가 끊으면 인체 내 수소원자핵에서 신호가 나오는데 그 신호를 받아서 얻는 영상을 MRI라고 합니다. 나오는 신호의 크기는 인체 각 조직의 수소원자의 농도, T1 이완 시간, T2 이완 시간, 혈류 등에 달라집니다.","P","수소원자에 대해 설명해주세요"
"1","MRI에 대해 설명해주세요","MRI의 원리는 다음과 같습니다. 원자핵은 평소에는 회전운동을 하고 있으나 일단 강한 자기장에 놓이면 세차운동이 일어나는데요. 이 세차운동의 속도는 자기장의 세기와 밀접한 관계가 있어 자기장이 셀수록 빨라집니다. 이렇게 자화되어 있는 원자핵에 고주파를 가하면 고에너지 상태가 되었다가, 다시 고주파를 끊으면 원래의 상태로 돌아가게 되며, 이때 방출되는 에너지는 가했던 고주파와 똑같은 형태의 고주파를 방출하게 됩니다. 이렇게 원자핵이 고유하게 방출되는 고주파를 예민한 안테나로 모아서 컴퓨터로 영상화한 것이 MRI입니다. 즉, 인체를 구성하는 물질의 자기적 성질을 측정하여 컴퓨터를 통하여 다시 재구성, 영상화하는 기술입니다.","P","자기장에 대해 설명해주세요"
"1","MRI에 대해 설명해주세요","자기공명영상이란 환자의 신체반응에서 발생하는 전자기를 토대로 실행되는 영상입니다. 신체 내부에 발생하는 전자기를 캐치하여 해당 전자기의 변화를 영상으로 나타낸 것으로 주로 신체의 원활한 대사활동을 파악하는데 사용되고 있습니다","F",""
"1","MRI에 대해 설명해주세요","자기공명영상은 자석장치에 환자를 높이고 저주파 자기장을 발생시켜서 환자 신체 내에 공명현상을 일으키게 하는 방식으로 진행됩니다. 이를 통해 저주파가 체 내에 있는 신호를 재구성함으로써 질병 유무를 검사할 수 있습니다","F",""
"1","MRI에 대해 설명해주세요","MRI는 대표적인 자기공명현상을 이용한 영상기기 입니다. MRI를 통해 얻어진 다층적 영상을 토대로, 인체 내의 특정 부위에 이상이 있는지를 파악할 수 있으나, 해당 부위의 이상 정도를 파악하는 것은 어렵다는 한계가 있습니다.","F",""
"1","MRI에 대해 설명해주세요","MRI는 X-ray처럼 이온화 방사선이 아니므로 인체에 무해하고, 3-D 영상화가 가능하며 컴퓨터단층촬영(CT)에 비해 대조도와 해상도가 더 뛰어납니다. 그리고 횡단면 촬영만이 가능한 CT와는 달리 관상면과 시상면도 촬영할 수 있고, 필요한 각도의 영상을 검사자가 선택하여 촬영할 수 있는데요. 이러한 장점으로 인해 널리 쓰이고 있지만, 검사료가 비싸며 촬영시간이 오래 걸린다는 단점 또한 있습니다. 또한 검사공간이 협소하여 혼자 들어가야 하므로 중환자나 폐소공포증이 심한 환자는 찍을 수 없는 단점이 있습니다. MRI는 주로 중추신경계, 두경부, 척추와 척수 등 신경계통의 환자에게 이용되나 이용 범위는 넓습니다.","P","중추신경계에 대해 설명해주세요"
"1","초음파에 대해 설명해주세요","초음파는 2만 hz 이상의 가청 영역 밖의 주파수의 음파입니다. 초음파 탐촉자 내 압전결정체는 수많은 쌍극자로 기하학적 형태로 배열되어 있다가 순간적인 전압을 가하면 진동하면서 초음파를 발생시킵니다. 초음파 펄스가 체내로 발사되면 반사면을 만날 때까지 일정한 속도로 조직 속을 진행하게 됩니다. 반사면을 만나면 초음파 빔의 일부는 전원 쪽, 즉 탐촉자 쪽으로 반사되는데 이것을 에코, 메아리라 부릅니다.","P","가청 영역에 대해 설명해주세요"
"1","초음파에 대해 설명해주세요","사람의 귀가 들을 수 있는 음파의 주파수는 일반적으로 16Hz~20kHz의 범위입니다. 주파수가 20kHz를 넘는 음파를 초음파라고 부르며 임신했을 때 태아의 형상을 보기 위해 초음파가 사용되고는 합니다. 초음파를 복부에 발생시키고 태아로부터 반사되어 온 음파를 분석하여 아기의 모습을 영상으로 보여주는 것입니다.","P","음파에 대해 설명해주세요"
"1","초음파에 대해 설명해주세요","초음파란 음속을 넘는 파장을 가지는 소리를 말하며 이를 통해 초음파 기기를 만들 수 있습니다. 초음파기기는 도플러효과를 이용하여 초음파를 통해 해당 체내의 모양을 추론하는 것으로 이루어져 있습니다. 하지만 초음파의 경우에 인간이 듣지 못하는 소리로 구성되어 있어, 초음파 기기로 진단하는 경우 부작용이 발생할 수 있습니다","F",""
"1","초음파에 대해 설명해주세요","인체 내부에는 일정한 수준의 초음파가 존재하는데 외부에서 해당 초음파보다 음파가 높은 음파를 통해서 이를 상쇄하는 값을 토대로 체내의 해부학적 영상을 추출하는 방법입니다. 주로 단일 초음파를 사용하는 경우가 많습니다","F",""
"1","초음파에 대해 설명해주세요","초음파란 2만 헤르쯔 이상의 가청 영역 내부에 존재하는 주파수의 음파입니다. 주로 수많은 쌍극자로 기하학적 형태로 배열되어 있는 상태의 압전 결정체에 순간적으로 전압을 상실시키게 유도하면 초음파를 발생시킬 수 있습니다","F",""
"1","초음파에 대해 설명해주세요","초음파 검사는 초음파를 생성하는 탐촉자를 검사 부위에 밀착시켜 초음파를 보낸 다음 되돌아오는 초음파를 실시간 영상화하는 방식으로 검사가 진행됩니다. 따라서 초음파 검사는 간편하고, 검사 시 환자가 편안하며, 인체에 해가 없기 때문에 영상 검사 중 가장 기초가 되는 검사법입니다. 특히 유방, 갑상선, 근골격과 같이 우리 몸의 표면에 위치한 구조를 쉽고 정확하게 평가할 수 있습니다. 실시간으로 움직이는 구조물을 확인할 수 있고, 전산화 단층촬영(CT)이나 자기공명영상(MRI) 장비와 달리 검사 장비 이동이 용이하여, 중환자나 수술 직후 환자의 중재적 시술시 활용될 수 있습니다.","P","갑상선에 대해 설명해주세요"
"1","의료기기 사용성 평가에 대해 설명해주세요","기기와 사용자의 상호적 작용 또는 장단점 등을 찾기 위하여 기기, 인터페이스에 대한 객관화된 평가를 통해 적합성을 확인, 결과를 의료기기 개발 과정에 활용하는 것을 말합니다. 기기가 환자를 심각한 부상 또는 사망으로 이끌 수도 있는 심각한 사용자의 에러에 대하여 얼마나 강한지/잘 견디는지를 확인하는 것이며, 사용자의 선호와 필요를 만족하는지에 대해 수행됩니다.","P","환자의 정의에 대해 설명해주세요"
"1","의료기기 사용성 평가에 대해 설명해주세요","환자 감시 장치의 경우, 테스트 센서를 모니터에 꼽고 ECG 신호를 잡은 뒤, 심박출량을 측정하며 수축기 및 확장기의 혈압 경고 알람의 한계를 조정하는 방식으로 이루어집니다. 그리고 내시경은 시뮬레이션 소화관에서 테스트를 진행하고 식도를 통하여 복부, 유문 괄약근까지 진입한 뒤, 하부 식도 괄약근을 보기 위하여 단계를 역행하는 시험을 진행합니다.","P","심박출량에 대해 설명해주세요"
"1","의료기기 사용성 평가에 대해 설명해주세요","의료기기 사용성 평가란 기기를 사용하는데 있어서 장단점이 존재하거나 해당 의료기기에 오류가 발생하는 것이 확인되었을 떄 이를 개선하기 위해서 사용됩니다 단 인터페이스나 디자인에 대한 평가는 이뤄지지 않는 한계를 가지고 있습니다","F",""
"1","의료기기 사용성 평가에 대해 설명해주세요","환자 감시 장치의 경우 테스터 센서를 모니터에 꼽고 신호를 잡는 것이 중요한데 해당 장치를 사용성 평가를 하는 과정에서는 무조건적으로 실제 환자가 해당 신호에 어떻게 반응하는지에 대한 귀납적인 증거가 필요로 합니다","F",""
"1","의료기기 사용성 평가에 대해 설명해주세요","평가할 의료기기뿐만 아니라 시설 및 스태프 소개 등이 의료기기 사용성 평가에 들어가야 하지만 환자의 경우 의료기기를 일시적으로 사용하며 운용하는 자가 아니기 떄문에 환자에 대한 의료기기 사용성은 포함되지 않습니다","F",""
"1","의료기기 사용성 평가에 대해 설명해주세요","평가할 의료기기 뿐만 아니라 시설 및 스태프 소개와 피험자 동의서 작성 등을 시작으로 특정한 업무를 수행하도록 지시하고 장단점 및 사용자의 에러의 원인 또는 영향, 디자인의 개선 여지 등에 초점을 맞추어 인터뷰가 진행됩니다. 사용성 평가는 목적과 주어진 기기의 특성에 맞도록 맞추어져야 하므로 널리 적용되도록 만들어진 것이 아니어서 평가 범위나 기술적인 접근에서 매우 다양합니다.","P","의료기기의 사용성 평가 시, 준비서류에 대해 설명해주세요"
"1","대뇌심부자극술에 대해 설명해주세요","대뇌 심부에 미세잔극 및 전기자극기를 삽입하고 미세전기생리신호의 기록과 전기자극을 통하여 뇌에 최적의 전기자극을 주어 본태성 진전, 파킨슨병, 근간장이상증 및 강박증 등 다양한 난치성 신경계 질환 및 정신과 질환에 대해서 시도되고 있는 치료법입니다.","P","미세전기생리신호에 대해 설명해주세요"
"1","대뇌심부자극술에 대해 설명해주세요","아직까지 뇌심부자극술의 명확한 기전은 밝혀지지 않았습니다. 지금까지의 다양한 연구 결과를 종합해보면 뇌심부자극술은 자극이 가해진 뇌심부핵의 출력을 증가시키기고, 흥분성과 억제성의 동시 복잡적인 효과를 통해 주위 신경섬유를 활성화시켜 기저핵-사상피질 네트워크 전반을 제어하는 것으로 이해되고 있습니다.","P","뇌심부핵에 대해 설명해주세요"
"1","대뇌심부자극술에 대해 설명해주세요","뇌심부자극술의 명확한 기전은 밝혀졌는데 뇌 심부자극술은 자극이 가해진 뇌심부핵의 출력이 감소함에 따라 흥분성과 억제성이 동시 복잡적인 효과를 통해 주위 신경섬유를 감퇴하는 것을 통해 이뤄지는 것이 일반적입니다.","F",""
"1","대뇌심부자극술에 대해 설명해주세요","정위수술 방법을 이용하여 대뇌심부자극술을 수행하는데 해당 수술과정에서는 정밀성을 확보하기 위해서, 정밀한 물리적 좌표를 획득해야만 하지만, 해당 좌표는 X-ray만으로도 충분히 정밀적으로 얻을 수 있는 지표입니다","F",""
"1","대뇌심부자극술에 대해 설명해주세요","대뇌 심부에 미세잔극 및 전기자극기를 표면에 가져다 대게 되면 대뇌 심부가 자극되게 되는데 이를 통해 뇌파를 인위적으로 조절할 수 있어서 뇌를 조종함에 따라서 환자의 수월한 수술 진행을 도울 수 있습니다.","F",""
"1","대뇌심부자극술에 대해 설명해주세요","정위수술방법을 이용하여 매우 정밀한 전극삽입이 이루어지는 것이 일반적입니다. 이러한 수술 과정에서 고도의 정밀성을 확보하기 위하여, 환자의 머리에 프레임을 단단히 고정시키고 MRI 영상을 통해 정밀한 물리적 좌표를 획득하게 되는데요. 이식된 전극을 통해 뇌의 특정 표적 (뇌 핵)에 전달되는 전기 충격은, 파킨슨 병, 필수 진전 및 근긴장 이상을 포함한 운동 장애의 치료 및 증상개선에 좋은 효과를 보이고 있습니다.","P","파킨슨 병에 대해 설명해주세요"
"1","뇌파검사에 대해 설명해주세요","뇌파검사는 대뇌표면 및 두피에 위치한 전극으로부터 기록되는 전기신호로, 대뇌피질의 전기활성의 변화를 시간에 따른 파형으로 나타낸 것입니다. 비침습적으로 뇌기능을 측정하는 검사법이며 뇌전증뿐만 아니라 구조이상이 동반되지 않은 다양한 뇌질환이나 상태를 진달하기 위해 사용됩니다.","P","뇌전증에 대해 설명해주세요"
"1","뇌파검사에 대해 설명해주세요","대뇌표면 및 두피에서 측정되는 뇌파는 대뇌피질의 피라미드세포에서 발생하는 시냅스 전위입니다. 신경세포의 가지돌기에 있는 시냅스에서 시냅스전 자극으로 유리도니 신경전달물질이 시냅스후막의 이온투과성을 변화시킴으로써 탈분극을 일으켜 흥분시냅스후전위를 발생시키는 것입니다.","P","시냅스에 대해 설명해주세요"
"1","뇌파검사에 대해 설명해주세요","뇌파검사를 통해 얻을 수 있는 뇌파는 대뇌 내부 중심부에 위치한 전극으로서 뇌의 통합적인 관리를 하는 주파수의 일종입니다. 현재는 해당 전파를 인위적으로 생성할 수 있어 뇌의 신호를 인위적으로 변경시킬 수 있는 기술이 발달되었습니다","F",""
"1","뇌파검사에 대해 설명해주세요","뇌파검사는  침습적으로 뇌기능을 측정하는 검사법으로 두개골을 개봉해야하는 것이 불가피합니다. 뇌파와 직접적으로 전기 신호를 접촉시켜야하기 떄문이며 이를 통해 다양한 뇌질환이나 상태를 면밀히 진단할 수 있습니다","F",""
"1","뇌파검사에 대해 설명해주세요","뇌파검사란 탈분국을 일으켜 흥분시냅스후전위를발생시킴으로서 시냅스 전 자극으로 대뇌피질의 피라미드 세포에서 새닙스 전위를 강저적으로 발생시킴에 따라 뇌파의 흐름 및 기능 등을 분석하는 방식이빈다.","F",""
"1","뇌파검사에 대해 설명해주세요","뇌파검사법은 뇌의 전기현상을 포착, 뇌의 기능을 조사하는 것이다. 뇌의 전기현상은 아주 미소하고 복잡합니다. 그렇기 때문에 이 현상을 기록하기 위해서는 외계에서의 전기현상으로부터 차단된 쉴드룸과 성능이 좋은 증폭력을 지닌 뇌파계가 필요합니다. 일반적인 뇌파기록은 두피상에서 뇌파를 도출하여, 뇌파계에 의해 증폭시키고, 증폭된 전기현상을 기계적인 펜의 움직임으로 바꿔 기록지에 그린 것입니다.","P","뇌파계에 대해 설명해주세요"
"1","신경전도검사에 대해 설명해주세요","신경전도검사는 신경에 전기자극을 주어 운동신경과 감각신경을 통한 활동전위의 전도속도를 측정하고 말초신경의 손상 유무를 진단하는 것에 그 목적이 있는 검사법입니다. 신경전도검사는 운동신경전도검사, 감각신경전도검사 및 혼합신경전도검사 등의 세 가지 유형으로 분류할 수 있습니다.","P","감각신경전도검사에 대해 설명해주세요"
"1","신경전도검사에 대해 설명해주세요","운동신경전도검사는 말초신경을 따라 두 군데 이상 초최대자극으로 자극하고, 해당 신경이 지배한느 근육의 피부에 부착한 표면자극에서 복합근육활동전위를 기록하는 것입니다. 신경의 가장 먼 쪽에서 자극한 다음 반응이 관찰될 때까지의 시간을 말단잠복기라고 합니다. 전도시간은 신경 근위부를 자극하고 반응이 나타날 때까지의 잠복기에서 말단잠복기를 뺀 시간입니다.","P","신경 근위부에 대해 설명해주세요"
"1","신경전도검사에 대해 설명해주세요","신경전도검사란 말초신경병의 유무를 진단할 수 있습니다. 그러나 축산신경병이나 탈수초신경병에 대한 구분이 불가능하고 오로지 해당 병의 발원소가 국소적인지 광범위한지를 판단하는데 기능이 국한됩니다.","F",""
"1","신경전도검사에 대해 설명해주세요","운동신경전도검사 역시 신경전도검사의 일종입니다. 이는 전도시간을 통해서 파악되는데 전도시간은 신경 근위부를 자극하고 반응이 나타날때까지의 잠복기간에서 말단 잠복기를 더한시간으로 해당 전도 시간을 통해 신경의 기능이 원활히 수행되고 있는지 파악할 수 있습니다","F",""
"1","신경전도검사에 대해 설명해주세요","신경전도검사는 말초신경을 따라 뻗어있는 초최대자극으로 자극하고, 해당 신경이 지배하지 않는 근육 혹은 장기 피부에 부착한 표면자극에서 발생하는 전파를 기록하는 것으로, 주로 운동신경전도검사, 감각신경전도검사, 뇌신경전도검사, 척추신경전도검사 등이 해당됩니다","F",""
"1","신경전도검사에 대해 설명해주세요","신경전도속도 검사는 말초신경병의 유무의 진단에 활용됩니다. 그 주된 병인이 축삭신경병인지 탈수초신경병인지 구분할 수 있고, 병소가 국소적인지 광범위한지 확인이 가능합니다. 축삭신경병에서는 신경전도속도가 비교적 유지되면서 복합근육활동전위, 감각신경활동전위의 진폭이 감소하는 것이 특징인 반면, 탈수초신경병증에서는 신경전도속도가 감소하고, 전도차단, 시간분산 및 잠복기의 지연이 나타나는 것이 특징입니다.","P","촉삭신경병에 대해 설명해주세요"
"1","신장 초음파에 대해 설명해주세요","탐촉자에서 발생한 2-10mhz으의 초음파는 인체를 통과하면서 다양한 정도로 반사 혹은 흡수되는데 이를 이요하여 영상을 얻는 검사입니다. 신장 초음파를 이용, 신장의 크기나 실질 음영 등을 확인할 수 있고 수신증 및 신장 결석과 신종괴 등에 대한 선별 검사 실시가 가능합니다.","P","시종괴에 대해 설명해주세요"
"1","신장 초음파에 대해 설명해주세요","사구체 질환이나 신종괴를 확진하기 위해 조직 검사를 시행할 때 신장 초음파가 절대적으로 필요합니다. 사구체 질환에 대한 신장 조직 검사는 주로 왼쪽 신장을 초음파로 보면서 실시간 영상을 확인하며 이루어집니다. 신장은 보통 후측벽을 통해 검사하므로 다른 장기에 비해 상대적으로 제한이 적다는 특징이 있습니다.","P","사구체 질환에 대해 설명해주세요"
"1","신장 초음파에 대해 설명해주세요","신장 초음파는 혈액투석 환자들의 투석 통로인 동적맥루의 수술 전 평가 및 수술 후 기능 이상을 진단하는데 활용되고 있으며 최근에는 초음파 조영제를 사용한 조영 증강 초음파가 도입되게 되면서 신동맥 협착증의 진단에도 적극적으로 활용되고 있는 실정입니다.","F",""
"1","신장 초음파에 대해 설명해주세요","사구체 실환이나 산종괴를 확진하기 위해 주로 검사하는 검사를 신장초음파 검사라고 합니다. 사구 체 질환에 대한 신장조직 검사는주로 오른쪽 신장을 통해 실시간 영상을 확인하며 이뤄지며 해당 신장이 존재하지 않는 환자는 할 수 없습니다","F",""
"1","신장 초음파에 대해 설명해주세요","신장 초음파란 초음파가 특정 결석을 만나게되면 굴절하는 성질을 이용하여 해당 초음파가 굴절된 지점에 결석이 있을 것이라는 판단하에 해당 지점을 정밀타격하는 방식의 치료에 이용되는 현대적인 의학 치료 기법중 하나입니다","F",""
"1","혈관 초음파에 대해 설명해주세요","도플러 초음파 검사는 혈관 내 혈류의 움직임으로 인해 변화되는 초음파의 주파수 변위를 감지하여 혈류의 양, 방향, 속도, 파형 등을 확인하는 검사 방법입니다. 도플러 초음파를 이용한 혈관 초음파는 신동맥 협착증 및 신정맥 혈전증 등에 유용하게 쓰이고 있습니다.","P","도플러 초음파에 대해 설명해주세요"
"1","혈관 초음파에 대해 설명해주세요","혈관 초음파는 혈액투석 환자들의 투석 통로인 동적맥루의 수술 전 평가 및 수술 후 기능 이상을 진단하는데 활용되고 있으며 최근에는 초음파 조영제를 사용한 조영 증강 초음파가 도입되게 되면서 신동맥 협착증의 진단에도 적극적으로 활용되고 있는 실정입니다.","P","동적맥루에 대해 설명해주세요"
"1","혈관 초음파에 대해 설명해주세요","탐촉자에서 발생한 2-10mhz으의 초음파는 인체를 통과하면서 다양한 정도로 반사 혹은 흡수되는데 이를 이요하여 영상을 얻는 검사입니다. 혈관 초음파를 이용, 신장의 크기나 실질 음영 등을 확인할 수 있고 수신증 및 신장 결석과 혈관괴사 등에 대한 선별 검사 실시가 가능합니다.","F",""
"1","혈관 초음파에 대해 설명해주세요","혈관초음파는 도플러효과를 이용하게 되는데 해당 혈관에 이상이 생길경우 해당 지점에 가까워질수록 초음파의 주파수가 지속적으로 감소하며 해당 지점에 멀어질수록 주파수가 늘어나는 성질을 이용하여 위치를 파악하는 기법에 사용됩니다","F",""
"1","혈관 초음파에 대해 설명해주세요","혈관 초음파 검사는 주로 조영 증강초음파를 통해 초음파 조영제를 섭취함으로써 이뤄지는데 현재는 조영제가 건강에 문제가 발생한다는 지적이 많아짐에 따라서 조영제를 섭취하지 않고 조영 증강 초음파를 사용하고 있습니다","F",""
"1","혈액투석의 원리에 대해 설명해주세요","투석으로 체내 노폐물과 잉여의 수분이 제거되는 원리는 확산과 대류 및 한외여과 등이 있습니다. 확산은 반투과성막을 경계로 분자량이 적은 용질이 농도차에 의해 이동하는 현상이며 대류는 용질을 포함한 일정 용적의 수분이 반투과성막을 직접 통과하여 이동하는 현상으로 분자량이 상대적으로 더 큰 중분자 노폐물까지 이동합니다.","P","용질에 대해 설명해주세요"
"1","혈액투석의 원리에 대해 설명해주세요","확산 및 대류의 효율은 반투과성막의 특성에 의해 결정됩니다. 한외여과는 반투과성막에 압력을 걸어서 체액을 이동시키는 것인데요. 원래 혈액투석은 투석기를 사용하여 혈액을 체외 순환시키면서 주로 확산과 한외여과에 의해 노폐물과 수분을 제거하였는데 대류에 의한 hemofiltration도 가능한 혈액투석기가 개발되었습니다.","P","노폐물에 대해 설명해주세요"
"1","혈액투석의 원리에 대해 설명해주세요","혈액투석에는 혈관내피세포와 복막중피세포 사이 틈을 통해 녿도차에 의한 확산으로 노폐물이 빠지게 되고, 혈액투석액에 존재하는 고농도 포도당이나 다당류에 의한 삼투압차에 의해 하노이여과가 일어나면서 수분의 제거가 이루어집니다. 한외여과 시에는 일부 대류 작용도 함께 일어나서 노폐물이 더 제거되게 됩니다.","F",""
"1","혈액투석의 원리에 대해 설명해주세요","혈액투석은 확산 및 대류의 효율을 투과성막의 특성에 의해서 결정짓습니다. 또한 한내여과는 투과성막에 압력을 감소시켜서 체액을 지속적으로 투입하는 행위로 해당 투석의 기본적인 역할을 하게 됩니다.","F",""
"1","혈액투석의 원리에 대해 설명해주세요","혈액투석은 우리 몸의 피를 일부 뽑아 해당 피에서 얻어지는 찌꺼기를 제거하는 것을 의미합니다. 따라서 혈액투석을 진행할 경우, 몸의 쇼크에 대한 대비를 준비해야 하며, 무기물을 충분히 채워넣은 뒤에 재주입해야합니다","F",""
"1","혈액투석의 원리에 대해 설명해주세요","혈액투석은 우리 몸의 피를 일부 뽑아 그 속의 찌꺼기만 걸러서 버리고, 깨끗해진 피를 다시 몸 속에 집어넣어 주는 것을 뜻합니다. 혈액투석은 확산과 대류 및 한외여과 등의 원리를 활용하여 혈액 속의 노폐물을 제거하는 방식으로 병의원에서 활용되고 있는 방식입니다.","P","대류 현상에 대해 설명해주세요"
"1","복막투석의 원리에 대해 설명해주세요","복막투석은 복막도관이라고 불리는 가늘고 부드러운 관을 복강에 거치하고 복막투석액을 주입, 복막이 반투과막 역할을 하게 함으로써 복막을 통해 노폐물과 잉여의 수분이 복막투석액으로 빠지게 해 이것을 복막도관으로 배액하면서 이루어지게 됩니다. 신장 이상이 발생했을 때 사용되는 치료법입니다.","P","반투과막에 대해 설명해주세요"
"1","복막투석의 원리에 대해 설명해주세요","복막투석에는 혈관내피세포와 복막중피세포 사이 틈을 통해 녿도차에 의한 확산으로 노폐물이 빠지게 되고, 복막투석액에 존재하는 고농도 포도당이나 다당류에 의한 삼투압차에 의해 하노이여과가 일어나면서 수분의 제거가 이루어집니다. 한외여과 시에는 일부 대류 작용도 함께 일어나서 노폐물이 더 제거되게 됩니다.","P","포도당에 대해 설명해주세요"
"1","복막투석의 원리에 대해 설명해주세요","투석으로 체내 노폐물과 잉여의 수분이 제거되는 원리는 확산과 대류 및 한외여과 등이 있습니다. 확산은 반투과성막을 경계로 분자량이 적은 용질이 농도차에 의해 이동하는 현상이며 대류는 용질을 포함한 일정 용적의 수분이 반투과성막을 직접 통과하여 이동하는 현상으로 분자량이 상대적으로 더 큰 중분자 노폐물까지 이동합니다.","F",""
"1","복막투석의 원리에 대해 설명해주세요","복막투석에 존재하는 저농도의 포도당이나 다당류에 의해서는 삼투압이 발생하지 않아서 복막투석에 고농도의 포도당을 혼합하여 사용하는 것이 일반적이며 해당 농도차에 의해 하노이여과가 발생함에 따라서 진행됩니다.","F",""
"1","복막투석의 원리에 대해 설명해주세요","복막투석의 경우에는 혈관 외피세포와 복막중피세포 사이 틈에서 발생하는 농도차에 의해서 노폐물이 빠지게 되고 복막투석액에 존재하는 대류 작용이 중단됨에 따라서 노폐물이 침전함에 따라 노폐물을 제거하기 수월해짐을 이용합니다","F",""
"1","복막투석 방식에 대해 설명해주세요","지속적 외래 복막투석 방식 즉, CAPD 방식이 있습니다. CAPD에서는 하루 3-4차례 1.5-2.5L의 투석액을 교환하는데, 투석액의 교환은 낮에 환자가 수기로 직접 수행해야 합니다. 야간에는 투석액을 교환하지 않고 보통 8-10시간 지류시키는 형태를 활용하는 방식이라 할 수 있습니다.","P","지류에 대해 설명해주세요"
"1","복막투석 방식에 대해 설명해주세요","자동 복막투석 즉, APD에 대해 설명드리겠습니다. APD는 밤에 8-12시간 동안 기계를 사용하여 자동으로 투석액을 교환하는 투석 방법입니다. 밤 동안 짧은 간격으로 여러 번 반복해서 투석액을 교환하고 낮 동안 투석액을 교환하지 않아도 되기 때문에 편리해 환자의 삶의 질을 향상시킬 수 있다는 장점이 있습니다. APD는 낮동안 복강 내 투석액의 지류 여부와 APD 시 주입된 투석액의 배액 정도에 따라 지속성 교환기 복막투석, 야간 간헐적 복막투석, 조류성 복막투석 등으로 나뉩니다.","P","조류성 복막투석에 대해 설명해주세요"
"1","복막투석 방식에 대해 설명해주세요","복막투석의 경우 지속적 외래복막투석 방식이라는 APD가 있습니다. 8~12시간 동안 기계를 이용하여 수동으로 투석액을 교환하는 투석방법으로 투석액을 교환하지 않아도 되기 떄문에 환자의 삶의 질을 향상시킬 수 있습니다","F",""
"1","복막투석 방식에 대해 설명해주세요","자동복막투석의 경우 CAPD방식이 있습니다. 하루 3~4차례 씩 1.5~2.5리터의 투석액을 교환하는 방식으로 밤동안 짧은 간격으로 투석액을 교환함으로써 지속적인 지류형태를 활용하는 방식으로 현재에도 지속되고 있는 방식입니다.","F",""
"1","복막투석 방식에 대해 설명해주세요","복막투석에 존재하는 고농도 포도당을 제대로 처리하지 않을 경우 혈류에 포도당이 누수되는 위험성 떄문에 해당 누출을 방지하기 위해서 투석액의 배액 정도를 고정하여 지속성 교환기 복막투석을  수행하며 야간에는 이뤄질 수 없습니다.","F",""
"1","지속적 신대체요법에 대해 설명해주세요","지속적 신대체요법은 확산과 한외여가뿐만 아니라 대류에 의한 hemofiltartion까지 함께 시행되도록 고안된 여과기 필터를 사용하여 낮은 혈류 속도를 지속적인 체외순환을 통해 혈액을 인위적으로 정화시키는 방식이라 할 수 있습니다. 해당 방법은 최근 의료게에서 사용빈도가 너 높아지고 있습니다.","P","여과기 필터에 대해 설명해주세요"
"1","지속적 신대체요법에 대해 설명해주세요","혈압이나 심장 등 전반적인 심혈관계 상태가 불안정한 중환자들의 혈액학적 상태를 안정적으로 유지하면서 혈액을 정화시킬 수 있는 대체요법입니다. 떄문에 중환자실에 입원해 있는 급성 신손상 환자에게 주로 적용되고 있으며 여과기와 항응고제 및 혈액 펌프, 가온기, 체외 순환 회로, 여러 가지 저울 등으로 구성된 기계를 사용하게 됩니다.","P","항응고제에 대해 설명해주세요"
"1","지속적 신대체요법에 대해 설명해주세요","지속적 신대체 요법은 확산과 여과에서만 해당되며 대류에 의한 hemofiltartion은 시행할 수 없도록 고안된 여과기 필터를 사용하여 높은 혈류 속도를 지속적인 체외순환을 통해 혈액을 자연적으로 정화시키는 방식입니다.","F",""
"1","지속적 신대체요법에 대해 설명해주세요","혈압이나 심장 등 전반적인 심혈관계가 안정화 상태에 돌입한 환자의 경우 지속적 신대체요법을 통해서 이를 해결할 수 있습니다. 떄문에 중환자실에 입원해 있는 급성 신손상 환자에게는 적용할 수 없는 기법입니다.","F",""
"1","지속적 신대체요법에 대해 설명해주세요","지속적 신대체요법이란 여과기와 항응고제 및 혈액 펌프, 가온기, 체외 순환 회로 등으로 구성된 기계를 통해 혈액학적 상태를 불안전화 시킴에 따라서 혈압이나 심장 등 전반적인 환자의 심혈관계 상태를 정상적인 상태로 전환하는 것을 말합니다","F",""
"1","근골격계 초음파 치료에 대해 설명해주세요","근골격계 초음파는 심부열을 발생시켜, 인체 내 깊은 곳에 위치한 근육 내의 온도를 상승시켜, 근육의 이완, 혈류 증가에 따른 통증을 줄이고, 근육 및 관절 조직을 이완시키는데 그 목적이 있습니다. 근골격계 초음파 치료에서 사용되는 초음파는 가청 범위 이상의 주파수가 음파와 같이 싸인 형태의 파형입니다.","P","근육 이완에 대해 설명해주세요"
"1","근골격계 초음파 치료에 대해 설명해주세요","에너지를 전달하고 반사, 굴절 등이 일어나는 초음파의 특징을 활용하여 주로 근골격계 초음파 치료에 사용되는 범위는 0.8-1Mhz입니다. 초음파는 음파 자체보다 음파가 매질을 통과하면서 발생하는 열 에너지 또는 비온열 에너지를 발생시키는데 이 온열 에너지를 이용하여 근골격계 질환을 치료하게 됩니다.","P","비온열 에너지에 대해 설명해주세요"
"1","근골격계 초음파 치료에 대해 설명해주세요","근골격계 초음파는 인체 표면에 위치한 근육의 온도를 급락시켜서 근육을 수축시킴에 따라서 해당 통증을 줄이고 근육 및 관절 조직을 적절하게 유지하는 것을 목표로 합니다. 이때 사용되는 초음파는 가청범위에서 벗어나야 효과적입니다","F",""
"1","근골격계 초음파 치료에 대해 설명해주세요","온열 에너지를 통한 치료이며 근육을 초음파를 통해서 이완시킴에 따라서 근골격계를 치유하지만, 해당 근육에 대한 변화가 단기간에 일어나며 인위적이기 떄문에 근육이 산발적으로 팽창하는 부작용이 발생할 수 있습니다","F",""
"1","근골격계 초음파 치료에 대해 설명해주세요","근골격계 초음파 치료에 사용되는 초음파는 주파수가 동일해야하며, 해당 주파수를 유지한 채로 초음파에 발생하는 파장을 증가시키는 방식을 통해 대상 근육을 지속적으로 이완시키는 방식으로 진행되고 있습니다.","F",""
"1","근골격계 초음파 치료에 대해 설명해주세요","온열 에너지를 통한 치료인 근골격계 초음파 치료는 심부열을 발생시켜, 인체 내 깊은 곳에 위치한 근육 내의 온도를 상승시켜, 근육의 이완, 혈류 증가에 따른 통증 전ㄷ갈 물질 제거 등 통증을 줄이고, 근육을 이완시키는 데에 관여합니다. 이 때에 투과되는 정도는 초음파 주파수에 따라 달라지며, 주파수가 높을수록 투과 정도는 감소하게 됩니다.","P","온열 에너지에 대해 설명해주세요"
"1","근골격계 초음파 치료의 운영범위에 대해 설명해주세요","근골격계 초음파 치료는 주로 건염, 관절 주위 통증, 만성 염증, 골관절염, 관절 구축, 근육 단축 등에 사용됩니다. 일반적인 온열 치료 금기증인 급성 감염 및 출혈, 심장 주위, 뇌, 안구, 생식기 주변, 임신된 자궁, 후궁 절제수를 시행한 척추 부위, 악성 종양, 미성숙된 소아의 관절 등에는 치료하면 안됩니다.","P","건염에 대해 설명해주세요"
"1","근골격계 초음파 치료의 운영범위에 대해 설명해주세요","근골격게 초음파 지료는 비온열 에너지를 활용합니다. 높은 강도의 초음파가 지나갈 때 액체 내 기포가 형성되며 이러한 기포가 커져서 부서지면 온도와 압력 상승으로 국소 조직들의 손상이 일어날 수 있으나, 임상에서 사용하는 주파수 및 강도에서는 발생할 가능성이 적습니다. 다만 이러한 효과들을 피하기 위하여 체내에 액체가 있는 곳, 안구, 임신된 자궁, 방광 등에는 적용치 않습니다.","P","기포에 대해 설명해주세요"
"1","근골격계 초음파 치료의 운영범위에 대해 설명해주세요","근골격계 초음파 치료는 초음파가 도달할 수 있는 범위에서만 적용되어야 합니다. 따라서 피부 표면에 존재하는 근육만을 대상으로 하고 심장이나 내장을 감싸는 근육 등은 초음파 치료의 운영범위를 벗어나고 있습니다.","F",""
"1","근골격계 초음파 치료의 운영범위에 대해 설명해주세요","근골격계 총므파 치료는 온열 에너지를 활용하기 떄문에 해당 에너지를 감당할 수 있는 근육에서만 사용될 수 있습니다. 또한 내장의 경우 해당 에너지로 인해 파열될 우려가 있기 떄문에 내장 주변의 근육은 운영범위에서 벗어납니다","F",""
"1","근골격계 초음파 치료의 운영범위에 대해 설명해주세요","근골격계 초음파 치료는 초음파가 지나갈때 혈액에 기포가 형성되기 떄문에 해당 기포가 생기지 않도록 온도와 압력을 높게 설정해노아야 합니다. 그렇지 않으면 해당 기포로 인해 국소 조직들이 손상될 수 있기 떄문입니다","F",""
"1","경막 외 카테터 주입술에 대해 설명해주세요","경막 외 카테터 주입술은 요추 또는 경추 디스크, 척추관 협착증 등 척추 내에 디스크나 추간공이 좁아져서 신경을 눌러 통증이 있는 경우, 경막 외에 카테터를 통하여 통증을 완화시키는 시술입니다. 경막 외 카테터 주입술의 원리는 경막 외 공간을 통해 카테터를 삽입하여 신경이 눌리는 부위까지 접근 후, 약물을 주입하여 통증을 줄이는 것입니다.","P","경막에 대해 설명해주세요"
"1","경막 외 카테터 주입술에 대해 설명해주세요","경막 외 카테터 치료는 주로 돌출된 경추 또는 요추 디스크, 척추관 협착증, 경추 또는 요추 부위 수술 후 발생한 협착 등에 사용되며, 이 외에도 출산 시나 수술 시 마취 보조 등에도 사용되기도 합니다. 최근 들어 카테터 기술이 발전하면서 더 가늘고 탄력성이 좋은 카테터들이 개발되는 추세입니다. ","P","요추 디스크에 대해 설명해주세요"
"1","경막 외 카테터 주입술에 대해 설명해주세요","경막 외 카테터 주입술은 요추 디스크에서만 사용할 수 있으며 경추 디스크에서는 사용될 수 없습니다. 카테터를 통하여 통증에 대한 완화는 가능하지 않지만, 경막 외 카테터 기술을 통해 신경이 눌리는 부위를 피할 수 있어서 안전합니다","F",""
"1","경막 외 카테터 주입술에 대해 설명해주세요","경막 외 카테터 주입술이란 경막 외부에 저주파를 지속적으로 가하거나 온도를 낮추어 돌출되어 있는 디스크에 해당되는 근육을 수축시킴으로써 디스크의 통증을 줄이는 방식으로 비교적 간단하고 단순 약물처리보다 가격이 저렴합니다","F",""
"1","경막 외 카테터 주입술에 대해 설명해주세요","경막 외 카테터 기술은 통증을 완화시키는 시술입니다. 경막 외 공간을 통해 카테터를 삽입하여 수행되는데, 약물이 주입될 경우 카테터가 손상될 우려가 있기 떄문에 해당 카테터에 약물을 주입하여서는 아니됩니다.","F",""
"1","경막 외 카테터 주입술에 대해 설명해주세요","경막 외 카테터를 이용하여 고주파를 가하거나, 열을 가하여 돌출된 디스크를 줄이는 방법이 있으나, 기존 약물에 의한 것과 더 뛰어난 효과를 보이는지에 대하여는 아직 의견이 분분합니다. 또한, 단순 약물만 주입하는 것이 아니라 내시경 일체 하에 디스크 조직을 떼낼 수 있는 집게를 넣을 수 있는 카테터들이 점점 소형화되고 있습니다.","P","내시경에 대해 설명해주세요"
"1","근골격계 신경전도 및 근전도 검사에 대해 설명해주세요","신경전도/근전도 검사는 말초 신경계 및 근육의 이상을 진단하기 위한 수단으로, 질병의 위치, 손상 또는 병변 정도, 치료 효과 판정, 병변 부위 예후 등을 판단하고 예측하는 데에 검사의 목적이 있습니다. 신경전도 검사의 원리는 말초 신경에 전기 자극을 가하여 신경의 활성화 진위를 유발시키고, 이 전위의 움직이는 속도 및 근육 수축 정도를 전기적 신호로 출력하여 신경 전달 속도 및 전달량을 측정함으로써 말초 신경의 병변 부위와 손상 정도를 측정할 수 있습니다.","P","활성화 진위에 대해 설명해주세요"
"1","근골격계 신경전도 및 근전도 검사에 대해 설명해주세요","신경을 둘러싸고 있는 수초가 손상된 경우, 손상 부위 앞뒤로 속도가 느려지며, 신경 전달에 관여하는 축삭이 손상된 경우에는 손상된 신경이 지배하는 근육 수축의 전기적 신호가 약해지게 되어, 발생하는 파형의 크기가 감소하는 특징이 있습니다. 따라서 파형의 속도, 전달 시간 및 크기 등을 통해 손상 부위 및 정도를 알아낼 수 있습니다.","P","파형에 대해 설명해주세요"
"1","근골격계 신경전도 및 근전도 검사에 대해 설명해주세요","말초 신경에 전기자극을 가하게 될 경우 신경이 비활성화 되면서 전위가 유발되게 되는데 이를 활용하여 근골격계 신경전도 및 근전도 검사를 시행하고 있습니다. 해당 전위의 속도를 통해 전기적 신호를 측정 가능합니다.","F",""
"1","근골격계 신경전도 및 근전도 검사에 대해 설명해주세요","신경전도/근전도 검사는 말초 신경계에서 통제되지 않는 근육을 진단하기 위해 수행하며, 해당 근육은 그 크기가 굉장히 작기 떄문에 신경의 활성화를 통해서는 파악할 수 없어, 해당 검사는 육안으로만 이뤄지는 특징을 가지고 있습니다","F",""
"1","근골격계 신경전도 및 근전도 검사에 대해 설명해주세요","신경을 둘러싸고 있는 수초를 바탕으로 신경전도 및 근전도 검사가 이뤄집니다. 그러나 수초가 손상될 경우 손상 부위 앞뒤로 신경 이동속도가 급격히 상승하게 되며 근육 수축이 빨라짐에 따라 전기적 신호가 빨라져서 제대로 검사가 불가능합니다","F",""
"1","근골격계 신경전도 및 근전도 검사에 대해 설명해주세요","근전도 검사의 원리는 신경 축삭 손상이 있는 경우, 해당 신경이 지배하는 근육들의 탈신경화에 따른 변성이 일어나게 되며 변성이 일어난 근육들에서 이상 신호들이 발생하게 되는데, 바늘 형태의 전극을 근육에 찔러 이러한 이상 신호들을 찾아내어 탈신경화된 근육들을 통하여 신경 손상의 부위를 찾아내야 합니다.","P","신경 축삭 손상에 대해 설명해주세요"
"1","최대 노력성 호기곡선에 대해 설명해주세요","폐용적의 변화를 측정하는 기구를 폐활량 측정기라 하는데 폐활량 측정기를 이용하여 환자에게 최대로 숨을 들이마시게 한 후, 가능한 세고 빠르게 숨을 내쉬게 하여 시간에 따른 호기량의 변화를 기록한 그래프가 최대 노력성 호기곡선입니다.","P","호기량에 대해 설명해주세요"
"1","최대 노력성 호기곡선에 대해 설명해주세요","최대 노력성 호기고선에서 구할 수 있는 지표 중 1초간 노력성 폐활량과 노력성 폐활량이 가장 흔히 사용되는 지표입니다. 폐활량 검사 결과는 실제 측정치뿐만 아니라 나이, 성별, 키, 몸무게, 인종 등을 고려한 정상 예측값의 분율을 함께 보고합니다.","P","노력성 폐활량에 대해 설명해주세요"
"1","최대 노력성 호기곡선에 대해 설명해주세요","최대 노력성 호기 곡선이란 폐용적 변화를 측정하는 기구인 폐활량 측정기를 통해서 환자가 노력을 최소화하는 지점에서 흡입할 수 있는 폐의 운동량을 측정하여 얻은 자료를 그래프화 시킨 것을 의미합니다.","F",""
"1","최대 노력성 호기곡선에 대해 설명해주세요","최대 노력성 호기 곡선이란 1초간 노력성 폐활량을 그래프화 시킨 것을 말합니다. 또한 폐활량의 객관적 측정을 위해서 나이, 성별, 키 몸무게, 인종 등을 고려하지 않고 독립적인 지표로서 기능하고 있습니다","F",""
"1","최대 노력성 호기곡선에 대해 설명해주세요","최대 노력성 호기곡선을 폐활량 측정기를 통해서 판단하고자 할떄는 기관제 확장제를 사용하지 아니하고 어떠한 물리적, 화학적 변화를 주지 않은 상태에서 환자가 발생시킬 수 있는 최대의 폐활량을 측정하여 곡선을 생산하는 것이 원칙입니다.","F",""
"1","최대 노력성 호기곡선에 대해 설명해주세요","속효성 기관지 확장제를 사용한 후 폐활량을 측정하여 기관지 확장제를 사용하기 전 폐기능과 비교할 수 있는데 이를 기관지 확장제 반응성 검사법이라고 합니다. 기관제 확장제를 사용하기 전 측정한 값과 비교하여 확장제 사용 후 측정한 값과 비교하여 기관지 과민성을 확인하는데 활용합니다.","P","속효성 기관지 확장제에 대해 설명해주세요"
"1","유량 용적 곡선에 대해 설명해주세요","기존의 폐활량 측정법은 시간에 따른 폐용적이 변화를 측정하여 최대 노력성 호기곡선으로 기록했습니다. 이와 비교하여 유량 용적 곡선은 최대 노력성 흡기와 호기를 시행하여 구한 폐활량과 유량의 변화를 각 축에 표기한 그래프입니다.","P","흡기와 호기에 대해 설명해주세요"
"1","유량 용적 곡선에 대해 설명해주세요","시간에 따른 유량의 변화가 용적이므로 이론적으로는 최대 노력성 호기곡선과 유량 부피 곡선은 같은 자료를 다르게 보여주는 그래프일 뿐입니다. 하지만 유량 용적 곡선은 자료를 다른 방법으로 제시함으로써 폐활량 치료를 직관적으로 보여준다는 장점이 있습니다.","P","유량에 대해 설명해주세요"
"1","유량 용적 곡선에 대해 설명해주세요","유량용적곡선에서 구할 수 있는 지표 중 1초간 노력성 폐활량과 노력성 폐활량이 가장 흔히 사용되는 지표입니다. 폐활량 검사 결과는 실제 측정치뿐만 아니라 나이, 성별, 키, 몸무게, 인종 등을 고려한 정상 예측값의 분율을 함께 보고합니다.","F",""
"1","유량 용적 곡선에 대해 설명해주세요","공간에 따른 유량의 변화가 용적이라고 합니다. 이론적으로는 유량용적곡선의 제곱이 최대노력성 호기곡선이라고 해야하지만, 유량의 면적 변화에 따라 해당 비율이 적절하게 조정될 수 있어 유량용적곡선을 만들 떄에는 선정된 공간의 규정이 가장 중요합니다","F",""
"1","유량 용적 곡선에 대해 설명해주세요","기존의 폐활량 측정방법과 같게 유량용적 곡선을 측정할 떄는 폐용적이 변화를 측정하여 최대 노력성 호기곡선을 산출한 뒤에 해당 곡선에서 최대값과 최소값을 제외하고 시간 당 평균값을 통해 유량용적 곡선을 구하게 됩니다","F",""
"1","폐용적에 대해 설명해주세요","평소대로 1회 들이마시고 내쉬는 호흡량을 1회 호흡량이라고 하고, 1회 호흡량을 들이마시고 내쉰 직후의 폐용적을 기능적 잔기용량이라고 합니다. 기능적 잔기용량에서 최대한 공기를 들이마신 폐용적이 흡식용량인데, 이 때의 총 폐용적을 전폐용량이라 합니다.","P","잔기용량이 무엇인지 자세히 설명해주세요"
"1","폐용적에 대해 설명해주세요","호흡략과 폐활량을 측정하기 위해서는 폐활량계를 이용하여 평소처럼 숨쉬거나 공기를 최대로 흡입하고 배출하면서 폐의 부피를 측정하여야 합니다. 단, 호흡량은 평소 공기를 흡입했을 때와 배출했을 때의 폐의 부피의 차이를 말하고, 폐활량은 공기를 최대로 흡입했다가 최대로 배출했을 때 폐의 부피 차이를 의미합니다. 폐용적을 측정하기 위해서는 기체 희석법과 체적 변동 기록법을 사용합니다.","P","폐의 기능에 대해 설명해주세요"
"1","폐용적에 대해 설명해주세요","1회호흡량이란 한번의 호흡을 통해 이뤄지는 호흡량을 말합니다.인간이 생존하기 위해서 1회 호흡량으로 얻을 수 있는 최소의 호흡면적을 폐용적이라고 하며 해당 폐용적은 인간이 나이가 들면 넓어지며 노년기에 최대치가 됩니다","F",""
"1","폐용적에 대해 설명해주세요","호흡량과 폐활량을 측정하기 위해서 폐활량계를 통해 호흡을 통해 폐의 부피를 통해 폐용적을 구할 수 있습니다. 보통 성년이 되어 신체적 성장이 완료된 경우 폐용적은 인간이 사망할 떄까지 고정된 값을 가지게 됩니다.","F",""
"1","폐용적에 대해 설명해주세요","총 폐용적을 전폐용량이라고 합니다. 기능적 잔기 용량에서 최소로 공기를 들이마신 폐용적이 흡식용량인데 , 해당 흡식용량이 1회 호흡량과 동일할 경우 폐용적이 최대가 되는 지점이 되어 용적 곡선의 가장 높은 Y값을 산출하게 됩니다","F",""
"1","체적 변동 기록법에 대해 설명해주세요","체적 변동 기록법에 대해 설명드리곘습니다. 체적 변동 기록법은 온도가 일정한 조건에서는 압력과 부피의 곱이 일정하다는 보일의 법칙을 이용한 검사법입니다. 체적 변동 기록법으로 폐용적을 측정하기 위해서는 환자가 들어갈 수 있는 공기 밀폐실이 필요하고 환자는 밀폐실에서 호흡유량계를 이용하여 검사를 진행합니다.","P","보일의 법칙에 대해 설명해주세요"
"1","체적 변동 기록법에 대해 설명해주세요","가스가 폐포에서 폐모세혈관으로 얼마나 잘 이동하는지를 반영하는 지표가 확산능입니다. 확산능을 측정하기 위해 가장 흔히 사용되는 방법은 단회 호흡 폐확산능 측정법인데 이는 Krough의 공식에 의해 일산화탄소의 확산능을 계산하는 방식을 취합니다.","P","Krough의 공식에 대해 설명해주세요"
"1","체적 변동 기록법에 대해 설명해주세요","체적 변동 기록법이란 압력이 일정한 조건에서는 온도와 부피의 곱이 일정하다는 보일러의 법칙을 이용한 검사법으로, 폐용적을 측정하는 기법입니다. 또한 대기압은 언제나 일정하기 떄문에 어디서도 기록할 수 있다는 장점을 가지고 있습니다.","F",""
"1","체적 변동 기록법에 대해 설명해주세요","체적 변동 기록법은 용적율을 구할 수 있는 하나의 지표로서 이는 검사 대상자가 호흡곤란, 이동거리, 호흡곤란, 피로감, 산소포화도의 유동적 변화에 구애받지 않고 정확하고 객관적인 지표를 얻을 수있다는 장점을 가지고 있습니다","F",""
"1","체적 변동 기록법에 대해 설명해주세요","가스가 폐포에서 폐모세혈관으로 이동할 때 에너지의 전환율을 체적변동기록법을 통해서 파악할 수 있습니다. 호흡은 에너지를 전달하는 운동이기 때문에 해당 에너지 전환율이 낮을수록 효율적인 폐용적을 가지고 있는 것으로 판단합니다","F",""
"1","체적 변동 기록법에 대해 설명해주세요","6분 도보검사는 환자의 운동능력을 객관적으로 평가할 수 있는 가장 쉬운 검사 중 하나입니다. 약 30미터 정도의 단단하고 평평한 복도 외에 특별한 운동 기구나 검사자가 필요하지 않다는 장점을 가지고 있습니다. 운동 후 총 이동 거리, 호흡곤란, 피로감, 말초 산소포화도와 맥박을 기록하는 방식입니다.","P","산소포화도에 대해 설명해주세요"
"1","이동식 폐활량 측정기에 대해 설명해주세요","병의원에 내원하여 측정하는 폐기능 검사는 일상생활에서 나타나는 환자의 폐기능 상태를 반영하지 못한다는 단점이 있습니다. 이러한 단점을 보완하고자 이동식 폐활량 측정기가 고안되었는데, 이동식 폐활량 측정기는 환자가 일상생활을 하는 동안 발생하는 폐기능의 변화를 측정하고 기록할 수 있는 강점을 가지고 있습니다.","P","이동식 폐활량 측정기에 대해 설명해주세요"
"1","이동식 폐활량 측정기에 대해 설명해주세요","최근에는 이동식 폐활량 측정기로 측정한 폐기능을 블루투스나 와이파이로 스마트폰과 연결하여 폐활량을 측정하고 실시간으로 그 정보를 저장할 수 있는 제품이 출시되어 보다 간편하게 폐활량을 기록할 수 있도록 돕고 있습니다. 병의원에서는 이러한 자료를 통해 환자의 폐기능을 보다 정확하게 팡가할 수 있을 것으로 기대됩니다.","P","폐활량의 정상 범위에 대해 설명해주세요"
"1","이동식 폐활량 측정기에 대해 설명해주세요","병원에 내원하여 폐활량을 검사하는 것은 굉장히 번거롭기 떄문에 이동식 폐활량 측정기를 통해 환자에게 언제나 폐활량을 측정할 수 있도록 도와주는 기계를 이동식 폐활량 측정기입니다. 이는 편의점에서도 쉽게 구할 수 있는 의료기기입니다","F",""
"1","이동식 폐활량 측정기에 대해 설명해주세요","폐기능 검사는 일상생활에서 나타나는 환자의 폐기능 상태를 반영하지 못하여 이러한 단점을 보완하고자 이동식 폐활량 측정기가 생성되었습니다.그러나 폐활량 측정기는 단순한 기록에 대한 기능일 뿐, 폐기능의 변화까지는 측정할 수 없습니다","F",""
"1","이동식 폐활량 측정기에 대해 설명해주세요","최근에는 이동식 폐활량 측정기가 디지털화 되면서 스마트폰을 연결하여 폐활량을 측정하게 되었습니다. 그러나 이는 측정 방식에서 오류가 발생할 경우 의료진이 전적으로 책임을 지지않고 의료사고 등에 대한 책임을 환자에게 전가한다는 윤리적인 문제를 피할 수 없습니다","F",""
"1","양성자치료에 대해 설명해주세요","양성자치료는 사이클로트론 혹은 싱크로트론을 통해 양성자를 가속하여 이를 치료에 이용하는 것을 말합니다. 양성자는 지속적으로 방사선에너지를 방출하는 엑스선과는 달리 체내에서 목표지점에 도달하기 전까지는 방사선에너지를 거의 방출하지 않다가 목표지점에 도달하면 대부분의 에너지를 발상하는 브래그피크라는 물리적 성질을 지니고 있습니다.","P","양성자에 대해 설명해주세요"
"1","양성자치료에 대해 설명해주세요","브래그피크 효과를 통해 종양에만 집중적으로 방사선에너지를 전달하고 주위 정상 조직에는 최소화하여, 치료 효과를 높이고 부작용을 줄이는 치료 방법입니다. 사이클로트론 혹은 싱크로트론에서 발생하는 양성자는 양성자전송시스템을 통해 각 치료실의 갠트리로 이동한 후, 노즐을 통해 환자에게 조사되는 형태입니다.","P","싱크로트론에 대해 설명해주세요"
"1","양성자치료에 대해 설명해주세요","양성자 치료는 싱크로트론을 이용하여 전자를 가속하여 치료에 이용하는 것을 말합니다. 양성자는 엑스선과 달리 지속적으로 방사선을 방출하기 떄문에, 목표지점이 단거리일수록 방사선 소모가 덜하여 효과적이라는 특징이 있습니다","F",""
"1","양성자치료에 대해 설명해주세요","양성자치료는 도플러 효과를 이용하여 양성자 주위에 강력한 주파수를 도입시킴으로써 사이클로트론을 발생시키는 치료법입니다. 그러나 사이클로트론은 싱크로트론에 의해서 상쇄되기 떄문에 싱크로트론을 제거하는 비율이 양성자치료의 퀄리티를 측정하는 기준이 됩니다","F",""
"1","양성자치료에 대해 설명해주세요","양성자 치료는 싱크로트론 및 회전식 갠트리의 규모가 작기 떄문에 아주 작은 공간에서도 수행할 수 있다는 장점이 있습니다. 따라서 양성자에 대한 지식이 있다면 가정에서도 수월하게 치료를 수행할 수 있는 간단한 자가 치료법으로 각광받고 있습니다","F",""
"1","양성자치료에 대해 설명해주세요","이 치료법은 싱크로트론 및 회전식 갠트리의 규모가 매우 커서 매우 넓은 공간과 많은 공사비용을 필요로 합니다. 최근에는 이를 좀 더 압축하여 공간 및 비용을 줄이려는 시도 등이 있으며, MEVION이라는 양성자치료기가 사용화되어 설치 및 보급 중에 있기도 합니다.","P","갠트리에 대해 설명해주세요"
"1","복강경 공간 확보를 위한 기구에 대해 설명해주세요","복강 내에 가스를 주입하여 기복을 만들어야 복강경 수술이 가능합니다. 경복막 수술은 Veress needle을 이용하여 기복을 만드는데 Veress needle은 주사침 내부에 스프링에 연결된 끝이 무딘 부분이 바늘 속에 위치하고 있다가 바늘의 끝이 복막을 관통하는 순간 튀어나와 장기 손상을 에방합니다.","P","복막에 대해 설명해주세요"
"1","복강경 공간 확보를 위한 기구에 대해 설명해주세요","복강경 수술에 이용되는 카메라가 활용됩니다. 고해상도가 요구되며 최근 카메라와 내시경이 일체형으로 된 형태로 개발되었습니다. 카메라 외에 광원, 모니터 및 녹화 장치, 복강경, suction * irrigation, 탄산가스 탱크가 복강경 시스템을 구성합니다.","P","탄산가스에 대해 설명해주세요"
"1","복강경 공간 확보를 위한 기구에 대해 설명해주세요","복강 내에 가스를 주입하여 기복을 만들어내는 것을 목적으로 하는 수술이 복강경 수술입니다. 주사침 내부에 스프링을 연결시켜서 복강경을 확장한 뒤에 해당 가스를 주입하게 되면 복강경 수술이 완료되는 것으로 고려하고 있습니다.","F",""
"1","복강경 공간 확보를 위한 기구에 대해 설명해주세요","복강경 수술에는 카메라가 필수적으로 사용되지만, 해당 복강경 수술에서 사용되는 기구가 굉장히 그 면적이 크기 때문에 해상도에 구애받지 않으며 카메라와 내시경을 일체시킨 경우에는 해당 수술에 적용할 수 없다는 단점이 있습니다","F",""
"1","복강경 공간 확보를 위한 기구에 대해 설명해주세요","복강경 공간확보를 위해서는 기복을 만들어야하며 이는 바늘을 통해서 복막을 제거함으로써 해당 기복을 생성할 수 있습니다. 복막을 제거한 뒤에 가스를 주입함으로써 복강경 수술에 적합한 신체 내부를 생성할 수 있습니다.","F",""
"1","가스 주입 의료기기에 대해 설명해주세요","기복에 사용되는 가스로 체내에 잘 녹고 폭발 위험성이 없는 탄산가스를 사용합니다 .가스 insuflators는 가스유입속도, 가스 소모량, 복강 내 압력이 표시되고 압력이 부족하면 즉시 자동적으로 미리 지시한 압력까지 탄산가스를 채워줍니다.","P","복강 내 압력에 대해 설명해주세요"
"1","가스 주입 의료기기에 대해 설명해주세요","복강경 수술을 위해서는 복강 내 압력을 일정 수준 이상으로 유지해주어야 합니다. 떄문에 탄산가스로 구성된 가스를 체내에 유입시킴으로써 복강경 수술이 가능한 상태를 구성하기 위해 노력해야 하며 해당 의료기기는 일반적으로 압력을 12-15mmHG 정도로 맞춰주는 것으로 알려져 있습니다.","P","복강경 수술 도구에 대해 설명해주세요"
"1","가스 주입 의료기기에 대해 설명해주세요","기복에 사용되는 가스로 체내에 잘 용해되지 않으며, 폭발위험성이 없어야 합니다. 따라서 질소가스를 주로 사용하며 체내에 용해될 경우 질소의 독성이 체내에 반영되기 떄문에 탄산가스와 같은 경우는 사용해서는 안됩니다","F",""
"1","가스 주입 의료기기에 대해 설명해주세요","복강경 수술을 위해서는 압력을 최대치로 유지해주어야 합니다. 때문에 탄산가스로 구성된 가스를 채내로 유입시킴으로써 노력해야 하며, 해당 의료기기는 일반적으로 압력을 대기압과 일정한 수준으로 만들어버리면 됩니다.","F",""
"1","가스 주입 의료기기에 대해 설명해주세요","일반적으로 복강경 수술에 투입되는 가스 외에 가스 주입 의료기기에서는 폭발이 존재해야 합니다. 수술에서 발생하는 염증을 대체하기 위해서 고압을 통해서 아주 작은 규모의 폭발을 발생시켜 염증을 처리하는데 사용되기 떄문입니다","F",""
"1","트로카에 대해 설명해주세요","트로카는 복강경 수술 시 필요한 가위, 겸자, 석션 등의 수술 장비를 수술부위까지 삽입할 때 필요한 기구입니다. 쓰임새에 따라 크기가 5mm, 10mm, 12mm 등으로 나뉩니다. 트로카는 sheath와 obturator가 결합된 형태로 되어 있으며 피부 및 근막을 관통하기 위해 제작되어 있습니다.","P","sheath에 대해 설명해주세요"
"1","트로카에 대해 설명해주세요","Obturator 끝은 날카로운 형태로 되어 있으며 복강 내 삽입 시 obturator는 제거되고 sheath만 남아 이를 통해 수술 기구가 들어갑니다. 한편, 기복을 유지하기 위한 가스 주입도 트로카를 통해 이루어지며 이를 위한 가스 주입구 및 밸브 장치가 트로카 내에 있습니다.","P","Obturator에 대해 설명해주세요"
"1","트로카에 대해 설명해주세요","트로카는 복강경 수술 시 수술 장비를 수술부위까지 삽입하기 위해서 필요한 도구입니다.그러나 트로카의 경우에 금속으로 사용될 경우 체내 내부에서 독성물질이 유입되거나 화학적인 반응이 일어날 우려가 있기 떄문에 목재로 사용하는 경우가 많습니다","F",""
"1","트로카에 대해 설명해주세요","트로카 중 옵투레이터는 둥근 형태로 되어있으며 복강 내 삽입 시에 sheath를 제거하고 옵투레이터만 남아 이를 통로로 하여 수술기구가 들어갑니다. 옵투레이터는 기기가 체내에 상처를 발생시키지 않도록 하는 완충제 역할을 합니다","F",""
"1","트로카에 대해 설명해주세요","트로카는 복강 외부의 기복을 유지하면서 복부 천공 및 각종 복강경 수술 기구들이 진입하지 않도록 도와주는 핵심장치입니다. 이를 통해 체내 감염이나 오염 등을 막을 수 있으며, 환자 피부에 작은 절개만으로도 수행할 수 있다는 장점이 있습니다","F",""
"1","인슐린 펌프에 대해 설명해주세요","인슐린 펌프는 배터리로 전원이 공급되는 소형 장치로, 당뇨병 환자의 혈류에 다양한 양의 인슐린을 공급합니다. 당뇨병은 당분을 분해하는 신체 능력에 이상이 생긴 질병으로, 호르몬인 인슐린이 부족하여 발생하는데요. 인슐린 펌프가 발명되기 전, 당뇨병 환자들이 질병을 통제하기 위한 유일한 방법은 날마다 인슐린 주사를 맞는 것뿐이었습니다.","P","당뇨병에 대해 설명해주세요"
"1","인슐린 펌프에 대해 설명해주세요","당뇨병 환자의 인슐린 분비 패턴을 파악해 정상인의 췌장과 같은 리듬으로 인슐린을 공급하는 주입장치를 인슐린 펌프라 합니다.평상시에는 소량의 기초 인슐린을 지속적으로 주입하고 식사 때에는 인슐린이 부족한 만큼 양을 늘려 공급해주는데요. 미세한 주사침을 복부 피하지방에 꽂고 버튼을 눌러 주입량을 조절합니다.","P","복부 피하지방에 대해 설명해주세요"
"1","인슐린 펌프에 대해 설명해주세요","인슐린 펌프란 당뇨병 환자의 인슐린 분비패턴을 파악하여 정상적인 인슐린 항상성을 유지하도록 도와주는 장치입니다. 보통의 당뇨 환자는 인슐린이 과도하여 발생하는 현상이기 떄문에 인슐린 펌프를 통해 해당 인슐린의 생성을 억제함으로써 진행됩니다","F",""
"1","인슐린 펌프에 대해 설명해주세요","인슐린 펌프의 단점은 매일 매일 인슐린 펌프를 주기적으로 검진해야한다는 단점이 있지만 정확한 양의 인슐린을 특정 공간에 삽입할 수 있다는 장점이 있습니다 .그러나 식사 시간 이후에 인슐린을 주입해야하는 시간적인 제약이 존재합니다","F",""
"1","인슐린 펌프에 대해 설명해주세요","인슐린 펌프는 굉장히 대형 의료기기로 당뇨병 환자들이 수술을 받기 전에 당뇨로 인한 쇼크사를 방지하기 위해서 고안되었습니다. 이를 통해서 당뇨병 환자들이 원활한 수술을 가능하게 하지만, 해당 인슐린 펌프를 착용하는 환자는 날마다 인슐린 주사를 맞아야하는 번거로움이 발생합니다","F",""
"1","인슐린 펌프에 대해 설명해주세요","인슐린 펌프의 장점은 인슐린을 매일 주사하지 않아도 되며, 정확한 양의 인슐린을 지속적으로 투약할 수 있고, 인슐린 공급시간과 용량을 임의로 조절할 수 있어 식사 시간 등에 약간의 융통성이 허락된다는 점입니다. 한편, 인슐린 펌프의 단점으로는 인슐린 투여를 위해 바늘을 피부에 꽂은 채 생활해야 하므로 행동에 불편함을 느낄 수 있고, 바늘이 들어간 부위에 감염의 위험이 있으며, 상대적으로 가격이 비싸고 기계 고장으로 인해 인슐린의 주입이 중단되면 고혈당 등 급성합병증이 일어날 수 있다는 것이 있습니다.","P","감염에 대해 설명해주세요"
"1","혈액가스측정장치에 대해서 설명해주세요","혈액가스의 분석에 사용하는 장치이고 통상 동맥혈중의 PCO2, HCO3, buffer base(BB), base excess(BE), PO2등을 측정하는 장치입니다. 혈액가스측정장치에는 고전적인 네텔슨형미량 가스분석장치, 아스트럽법, 최신식의 전자동 혈액가스분석 장치 등이 있는데요. 전자동혈액가스분석장치는 채혈한 주사기를 시료주입기에 넣고 버튼을 누르면 결과가 종이에 타이프되어 나오게 되어 있으며 임상가도 간단하게 사용할수 있어 보급이 되고 있습니다.","P","혈액가스분석 장치에 대해 설명해주세요"
"1","혈액가스측정장치에 대해서 설명해주세요","가장 흔히 사용되는 것은 전기적 측정법 중 하나가 혈액가스 측정 장치에 의해 이루어집니다. 산소분압 측정에는 클라크전극, 탄산가스분압측정에는 시베링하우스전극, pH측정에는 유리전극이 사용되고는 합니다. 호흡성 산독증, 폐포저하환기, 기관지 천식, 호흡성알칼리증 등에 혈액가스측정이 활용되고 있습니다.
","P","PH에 대해 설명해주세요"
"1","혈액가스측정장치에 대해서 설명해주세요","혈액 속에 녹아있는 가스의 총량을 측정하는 장치로서, 혈중 알코올 농도를 측정하는 원리와 상당히 비슷합니다. 약 1분간의 호흡을 토대로 가스를 측정하게 되며 위암의 유무를 체크할 수 있습니다.","F",""
"1","혈액가스측정장치에 대해서 설명해주세요","산성도를 이용한 장치로, 리트머스 종이와 원리를 이용하고 있습니다. 혈액의 가스 농도에 따라 장치에 부착된 종이의 색깔이 달라지게 되며, 이를 토대로 건강 상태를 체크할 수 있는 기계입니다.","F",""
"1","혈액가스측정장치에 대해서 설명해주세요","전문 의료인만이 사용할 수 있기에, 개인이 임의로 가정에 설치하는 것은 의료법 위반입니다. 혈액의 가스를 측정하여 마약투약 여부를 판단하는 것으로, 범죄자의 항정신성 약물 검사에 활용됩니다.","F",""
"2","휠체어에 대해 설명해주세요","기립, 보행에 장애가 있거나, 안정을 요하는 환자가 앉은 채 이동할 수 있도록 설계된 보통 4륜의 바퀴가 달린 의자용 탈 것을 지칭합니다. 보조자가 밀던가, 스스로 구동하거나에 따라서 구조도 다소 다른데요. 보통 사용되는 타입은 후륜 2개가 크고 작은 차륜은 앞에 있는데 반대의 것도 있습니다. 접는 것이 가능한 것, 한손 구동이 가능한 것, 수동체인이 달린것, 그밖에 목적에 따라서 여러가지 형이 있습니다.","P","보행에 대해 설명해주세요"
"2","휠체어에 대해 설명해주세요","다리를 마음대로 움직일 수 없는 사람이 앉은 채로 이동할 수 있도록 바퀴를 설치한 의자입니다. 장애인들이 사회 생활, 직장 및 여가 생활에 참여하는 데 사용하는 이동 기구인데요. 휠체어의 구조는 프레임, 좌석, 큰 바퀴, 앞 보조바퀴, 바퀴손잡이, 브레이크, 등받이, 팔걸이, 발받침, 발판으로 이루어져 있습니다.","P","휠체어의 프레임 재질에 대해 설명해주세요"
"2","휠체어에 대해 설명해주세요","휠체어란 바퀴가 달린 의자를 의미하고, 보행에 장애가 있는 사람을 보조하기 위해 만들어졌습니다. 따라서 장애가 없는 일반인이 휠체어를 구매하는 것은 엄격히 금지 되어 있으며, 장애인만 구매가 가능합니다.","F",""
"2","휠체어에 대해 설명해주세요","과거에는 손으로 바퀴를 돌려 움직이는 형태였으나, 과학이 진보됨에 따라 전동휠체어 등이 개발되어 불편함이 줄어들었습니다. 또한 가파른 경사 또한 계단도 쉽게 오를 수 있다는 장점이 있습니다.","F",""
"2","휠체어에 대해 설명해주세요","단순히 장애인만이 이용하는 것은 아니며, 걷는 것이 불편한 노인들도 휠체어의 도움을 받곤 합니다. 휠체어가 있으면 경사로를 통해 쉽게 오를 수 있지만, 설비 유지 등의 문제로 휠체어의 엘리베이터 탑승은 엄격히 금지됩니다.","F",""
"1","의공학이 무엇인지 설명해주세요","의공학은 의학과 공학, 자연과학의 융합을 기반으로 의료영상, 의료기기, 진단, 치료기기 및 첨단 의료 기술 개발을 선도하는 기술 분야를 포함합니다. 의공학 연구는 시대적 요구와 필요성에 따라 많은 분야로 확대되고 있으며 그 중 바이오닉스, 생체재료, 환자맞춤형 융합 연구 등이 대표적인 의공학 기술로 분류됩니다.","P","바이오닉스에 대해 설명해주세요"
"1","의공학이 무엇인지 설명해주세요","의공학이 다루는 학문 분야는 일반 병원에서 쉽게 볼 수 있는 각종 진단 및 치료기기의 개발뿐만 아니라 다양한 분야를 포함한다. 3D 프린터와 줄기세포(stem cell)를 이용한 인공심장·인공관절 등의 인공장기에 대한 연구,  IT 기술을 바탕으로 막대한 양의 환자 및 유전자에 대한 정보를 처리하는 바이오 의료정보 분야, 생체에서 발생하는 심전도, 뇌전도, 혈류속도·유량 등의 다양한 생체 신호를 검출하여 진단에 유용한 정보를 제공하는 생체계측 및 의료기기 분야 등이 그 예시일 것입니다.","P","줄기세포에 대해 설명해주세요"
"1","의공학이 무엇인지 설명해주세요","의학과 공학 분야 간에 학문적 방법론, 개념, 기술, 기기 등을 상호 교환, 응용함으로써 궁극적으로 두 학문 분야의 발전을 도모하는 학문입니다. 의공학이 이룬 가장 빛나는 업적 중의 하나는 아마도 1970년에 발표된 전산화 단층촬영술(Computer Tomography, CT)일 것입니다. 체내 기관의 단층면상의 구조를 뛰어난 해상력으로 재구성해 주는 CT의 도움으로 의사들은 환자의 체내를 컴퓨터 화면을 통해 들여다 볼 수 있게 된 것입니다.","F",""
"1","의공학이 무엇인지 설명해주세요","의공학이란 의학과 공학의 합성어로, 공학을 의학에 맞게 일방적으로 개조한 것을 의미합니다. 이 때 공학은 의학을 위한 수단으로만 사용된다는 단방향성을 지니고 있고, 의학은 일방적으로 공학을 이용합니다.","F",""
"1","의공학이 무엇인지 설명해주세요","의학과 공학의 융합이 일어난 것으로, 서양에서는 15세기에 이미 의족, 의수 등이 개발되면서 개념이 생기기 시작했고, 한국에는 조선 시대에 비로소 전파된 단어이며, 현재도 활발히 사용하고 있습니다.","F",""
"1","의공학이 무엇인지 설명해주세요","자연에 모든 것을 의지하는 것이 아닌, 기계의 도움을 빌린다는 점에서 의공학이라는 이름을 따왔으며 부서진 뼈를 강철로 보강하는 것도 의공학에 포함되지만, 미래 사회에서는 더더욱 가치가 낮아질 전망입니다.","P","해상력에 대해 설명해주세요"
"1","Pulse Oximeter에 대해 설명해주세요","반도체 소자에서 두개의 다른 파장의 빛을 손끝에 대어서 혈액의 산소포화도를 비혈관적으로 측정하는 것으로 1980년 이후 임상에 응용되고 있습니다. 환자에 침습이 적고 반응이 빠르기 때문에 대단히 유용한 모니터이며, 장래 더욱 사용될 것으로 고려됩니다.","P","반도체 소자에 대해 설명해주세요"
"1","Pulse Oximeter에 대해 설명해주세요","사람의 활력 징후를 감시하는 장치라고 볼 수 있습니다. 심전도·심박수, 혈압, 체온 등의 활력 징후를 감시해 , 환자 상태가 비정상으로 되었을 때에는 알람 소리 등으로 알려줍니다. 최근에는 펄스 옥시미터도 짜넣어진 장치가 많아졌으며 주로 병원 안에서 이용되고 있습니다.","P","십박수에 대해 설명해주세요"
"1","Pulse Oximeter에 대해 설명해주세요","펄스라는 파동을 감지하여 환자의 생태 상태를 감지하는 것으로서, 환자가 죽게되면 펄스가 급격히 요동치며 움직이는 현상을 보이기에 사망 판정 시 유용하게 활용할 수 있는 판정 도구입니다.","F",""
"1","Pulse Oximeter에 대해 설명해주세요","음주 측정시에 사용하게 되며, 음주 여부를 묻는 질문에 대해 반응하는 응답자의 심장 박동수를 기록하는 장치입니다. 이를 이용하면 거짓말을 할 시에 요동치는 펄스를 기반으로 운전자의 음주 여부를 알아낼 수 있습니다.","F",""
"1","Pulse Oximeter에 대해 설명해주세요","환자의 맥박을 점검하기 위해 만들어진 장치로서, 18세기에 개발된 청진기를 대체하기 위해 만들어진 제품입니다. 이를 통해 정확한 심박수와 호흡 박동을 검사할 수 있으며 보다 정확한 진료가 가능하게 됩니다.","F",""
"1","한국의료기기안전정보원에 대해 설명해주세요","한국의료기기안전정보원은 의료기기법에 따라 2012년에 설립된 식품의약품안전처 산하 기관입니다. 기관은 설립목적에 따라 의료기기 관련 종합적 정보 수집 및 분석, 관리, 기술지원 등을 통해 의료기기 산업을 육성 지원하고 의료기기 안전관리 향상 및 의료기기 전문인력양성을 위한 의료기기 품질책임자 교육 및 RA 전문가 교육 사업 등을 수행하고 있습니다.","P","의료기기 안전관리의 중요성에 대해 설명해주세요"
"1","한국의료기기안전정보원에 대해 설명해주세요","한국의료기기안전정보원은 기존 의료기기 관련 정보 구축 및 지원 사업과는 별도로, 2015년부터는 1.2등급 의료기기 인증 및 신고업무를 수행하여 신속하고 정확한 의료기기 인증, 신고업무가 이루어지도록 노력하고 있습니다.","P","의료기기 인증에 대해 설명해주세요"
"1","한국의료기기안전정보원에 대해 설명해주세요","한국의료기기안전정보원에서는 의료 기기에 대한 정보를 수집하기 위해 전 세계에 요원들을 파견하고 있습니다. 파견된 요원들은 면책 특권을 가지며 최첨단 의료기기에 대한 정보를 수집합니다.","F",""
"1","한국의료기기안전정보원에 대해 설명해주세요","정부의 적극적인 투자로 설립된 공영 기관이며, 대기업들의 투자도 동시에 받아 사설 기관의 모습도 띄고 있는 단체입니다. 한국에서 사용되는 의료 기기 전반에 대한 시장 조사를 담당하고 있습니다. ","F",""
"1","한국의료기기안전정보원에 대해 설명해주세요","의과대학을 졸업한 인턴 의사들이 의무적으로 근무해야하는 기관이며, 이곳에서의 근무는 병역을 대신하는 용도로 활용되곤 합니다. 따라서 안전정보원에서의 근무 경험은 이후 환자를 진찰하는데 큰 도움이 되고는 합니다.","F",""
"1","현미경에 대해 설명해주세요","현미경은 생물학뿐만 아니라 지질학, 물리학, 화학, 의학 등에서 생물체 및 특정 물체를 관찰할 때 사용하는 가장 기본적인 도구로 눈으로 보이지 않는 생물의 상을 확대시켜서 볼 수 있게 만든 기기입니다. 일반적으로 현미경이라고 하면 광학현미경을 말하며, 두 개의 볼록렌즈를 대물렌즈(objectives)와 접안렌즈(ocular)에 각각 사용한 광학현미경을 복합현미경(compound microscope)이라고 합니다.","P","대물렌즈에 대해 설명해주세요"
"1","현미경에 대해 설명해주세요","의료계에서는 초음파를 이용한 현미경까지 개발되어 왔습니다. 초음파 현미경은 보통의 현미경으로는 관찰할 수 없는 물질의 밀도나 탄성 등을 관찰할 수 있고, 생물체를 시료로 하는 경우, 살아 있는 상태 그대로 관찰이 가능하다는 장점이 있어서 널리 활용되고 있습니다.","P","밀도, 탄성에 대해 설명해주세요"
"1","현미경에 대해 설명해주세요","멀리 있는 성운을 관찰할 수 있는 도구이기에 상당히 첨단 과학이 동원되는 물체입니다. 망원경이라고도 불리는 도구이며, 이를 활용하면 보이지 않는 미세한 별들도 거대하게 확대하여 볼 수 있습니다.","F",""
"1","현미경에 대해 설명해주세요","최초의 현미경은 레오나르도 다빈치가 발명한 것으로 알려져있습니다. 한 개의 렌즈를 이용하여 사물을 확대하여 볼 수 있으며, 이를 통해 육안으로 보이지 않는 정보를 획득할 수 있습니다.","F",""
"1","현미경에 대해 설명해주세요","전자식 현미경과 광학 현미경으로 다시 분류할 수 있으며, 정확도는 광학 현미경이 훨씬 더 높은 것으로 알려져있습니다. 전자식 현미경은 광학 현미경으로 볼 수 없는 물체를 확대해서 볼 때 사용됩니다.","F",""
"2","만보기에 대해 설명해주세요","한 걸음 한 걸음 내디딜 때마다 걸음의 숫자를 정확히 측정해 알려주는 기계로, 만보계라고도 합니다. 급속한 산업화로 인해 앉아서 일하는 사무직종이 늘어나고, 교통의 발달로 인해 걷거나 뛰는 등 신체를 움직이는 일이 적어지면서 등장한 걸음 측정용 기계입니다.","P","걸음을 걸을 때 운동 메커니즘에 대해 설명해주세요"
"2","만보기에 대해 설명해주세요","만보기를 활용할 경우, 조깅이나 등산을 하면서 걸음 수를 알 수 있어 객관적인 운동량을 알 수 있습니다. 만보기를 사용해 걸음 수 및 이동 거리, 소요 시간을 측정할 수 있으며, 운동을 하면서 운동 강약을 조절할 수도 있으며, 운동 계획을 세울 수도 있습니다.","P","적정한 운동량에 대해 설명해주세요"
"2","만보기에 대해 설명해주세요","만보기의 원리는 진자식에 있습니다. 속에 진자가 들어있어 한 걸음 걸으면 진자가 흔들리게 되고, 전기가 통하여 카운트가 늘어나도록 설계되어 있는 것입니다. 저가형 만보계가 대부분 이러한 방식입니다. 하지만 진자식에는 단점이 있습니다. 진자가 지면에 수직이 되도록 허리에 잘 차지 않으면 카운트되지 않는다는 것입니다.","F",""
"2","만보기에 대해 설명해주세요","만보기는 만보를 걷는 다는 의미에서 유래했으며, 건강을 유지하기 위하여 사용하는 도구 중 하나입니다. 만보를 달성하게 되면 만보기 제작회사에서 소정의 상품을 증정하는 것으로도 유명합니다.","F",""
"2","만보기에 대해 설명해주세요","걸음을 측정하는 도구로 중력의 변화를 감지하여 카운트하게 됩니다. 이를 활용하여 핸드폰 기능에도 해당 기능이 탑재되고 있으나, 건강에 대한 관심이 갈수록 줄어들면서 점차 제거되는 기능이기도합니다.","F",""
"2","만보기에 대해 설명해주세요","병원에서 자주 활용하는 기계로 환자의 건강을 체크하기 위해 사용됩니다. 환자의 심박수를 만 번을 측정한 다음 평균값을 내는 도구로, 심장 박동의 이상, 혈류 등을 모니터링하기에 매우 적합한 도구입니다.","P","진자에 대해 설명해주세요"
"2","의족에 대해 설명해주세요","발 연결축이 없으나 발뒤꿈치에 합성고무를 쐐기모양으로 넣었고, 처음 설때에는 이것이 가라앉아 저굴기능을 합니다. 또 중심부 블록이 발내딛는 부분에서 그쳐지고 합성고무제의 족부가 있으므로 MP관절부에서 바꿔딛는 것이 원활하게 되는 원리를 활용하고 있습니다.","P","MP 관절부에 대해 설명해주세요"
"2","의족에 대해 설명해주세요","인체의 기능을 보조하거나 교정하는 장치를 보조기라고 하고 신체기관을 대체하는 경우 의지 즉, 의족 또는 의수라고 불립니다. 의족은 절단 상태에 따라 족지(발) 의족, 하퇴(종아리) 의족, 슬관절(무릎) 의족, 대퇴(허벅지) 의족, 고관절(골반) 의족으로 나뉩니다.","P","슬관절 의족에 대해 설명해주세요"
"2","의족에 대해 설명해주세요","모종의 이유로 팔을 잃은 사람들을 위해 고안된 도구로, 다양하게 사용되는 도구입니다. 특히 인체공학적으로 만들어진 의족은 손을 대신하여 세밀한 동작을 할 수 있을 정도로 굉장히 섬세합니다.","F",""
"2","의족에 대해 설명해주세요","다리를 대신한다는 의미에서 의족이라는 의미가 붙었으나, 인체 공학 기술의 발달로 현재는 사용하지 않고 있는 의료도구입니다. 의족을 대신하기 위해 사이버네틱스 기술을 이용한 신체 재생술이 활용됩니다","F",""
"2","의족에 대해 설명해주세요","전쟁, 부상 등으로 다리를 절단한 병사들을 위해 만들어진 인공다리를 의미하며, 초기에는 나무로 만들어졌으나 고무 등으로 만들기도 했습니다. 상당히 착용감이 좋아 24시간 착용이 가능한 도구입니다.","F",""
"1","음주측정기에 대해 설명해주세요","1939년 미국 인디애나주 경찰이 처음 사용하였습니다. 이후 다양한 형태의 음주측정기가 등장하였는데, 초창기에는 풍선과 비슷한 플라스틱 주머니와 결정이 들어 있는 고무 튜브 측정기가 많이 사용되었습니다. 이 측정기는 측정 대상자의 날숨을 주머니 속에 불어넣으면, 결정 색상이 튜브에 표시된 색상으로 변하도록 함으로써 혈중 알코올 농도를 알아내는 원리를 이용한 것입니다.","P","혈중 알코올 농도 계산식에 대해 설명해주세요"
"1","음주측정기에 대해 설명해주세요","사람이 술을 마시면 체내로 들어간 알코올 성분은 위와 장에서 흡수된다. 그중 10% 정도는 소화되지 않은 채 호흡·땀·소변 등에 섞여 밖으로 배출됩니다. 나머지 90%는 알코올 분해효소에 의해 간에서 산화되면서 아세트산으로 바뀌어 체내에 에너지를 공급한 뒤, 다시 이산화탄소로 분해되어 호흡으로 배출되는데요. 이를 캐치해내는 것이 음주측정기입니다.","P","알코올 분배효소에 대해 설명해주세요"
"1","음주측정기에 대해 설명해주세요","사람이 내쉬는 숨 속에 들어 있는 알코올은 장에서 흡수되어 혈액으로 들어갔던 알코올의 일부분입니다. 즉 피 속에 들어 있던 알코올의 일부가 공기와 섞여 몸 밖으로 나온 것인데요. 따라서 숨 속에 들어 있는 알코올의 양을 측정하면 혈중 알코올 농도도 알 수 있습니다. 음주측정기는 내쉬는 숨 속에 들어 있는 알코올 양을 측정함으로써 혈중 알코올 농도를 알 수 있도록 고안된 장치인 것입니다.","F",""
"1","음주측정기에 대해 설명해주세요","음주 단속에 가장 편하게 활용되는 도구이며, 검사자의 들숨에 포함된 알코올을 기반으로 음주 여부를 판단할 수 있는 도구입니다. 오차가 상당히 적기 때문에 법정 증거로도 활용가능한 특징이 있습니다.","F",""
"1","음주측정기에 대해 설명해주세요","한국에서는 교통 경찰이 가장 많이 사용하는 도구이며, 음주 운전의 여부가 되는 도구입니다. 이를 정확하게 하기 위해서 측정 전에는 가볍게 소주 등으로 입을 헹구어 주는 것이 좋습니다.","F",""
"1","음주측정기에 대해 설명해주세요","최근에 개발된 체혈 알코올 측정보다 훨씬 더 정확하다는 장점이 있습니다. 사람간의 감염 등이 이슈가 된 코로나 사태 이후로 도로에서의 음주 측정은 채혈 측정보다는 음주 측정으로 넘어가는 추세입니다.","P","장의 기능에 대해 설명해주세요"
"1","혈당계에 대해 설명해주세요","모세혈관에서 채혈한 혈액으로 혈액 속의 혈당치를 측정합니다. 혈당계와 혈압계가 겸용인 제품도 있으며 채혈시 통증을 최소화한 제품도 있습니다. 전용 시험지를 사용하므로 소모품을 쉽게 구할 수 있도록 보편적으로 많이 사용하고 A/S가 쉬운 제품이 좋습니다.","P","모세혈관에 대해 설명해주세요"
"1","혈당계에 대해 설명해주세요","주로, Abbott사의 ExacTech Pen의 기술과 같은 원리를 차용 중입니다. 전기화학적방법은 색소원을 사용하는 대신 전기 매개체를 이용하여 글루코스의 산화효소와 전극이 반응한 전자를 측정하는 방법입니다. 이 방법은 색깔을 측정하지 않기 때문에 적혈구의 방해작용도 없고 혈액을 닦을 필요도 없습니다.","P","글루코스에 대해 설명해주세요"
"1","혈당계에 대해 설명해주세요","코딩은 혈당측정기에 새로운 스트립을 제대로 인식하게 하기 위한 사전작업으로 현재 시중의 혈당측정기들은 코드칩을 넣거나 수동으로 코드번호를 맞추는 방법으로 이루어집니다. 이는 저울의 0점 맞추기와 같은 개념으로 이해하면 됩니다. 만일 이 단계가 제대로 되지 않으면, 정확한 혈당치를 보여주지 않을 수 있습니다.
그래서 요즘 코딩의 번거로움과 코딩을 꼭하게 하기 위해서, 별도로 코딩을 하지 않아도 될수 있도록 혈당스트립에 코딩장치가 되어 있는 혈당측정기도 있고, 코딩을 하지 않으면 혈당측정이 되지 않도록 되어 있는 혈당측정기가 있습니다.","F",""
"1","혈당계에 대해 설명해주세요","혈당계는 혈액속의 당분을 측정하는 기계로 당뇨병 환자들에 의해 가장 광범위하게 사용되는 기계입니다. 이를 활용하기 위해서는 전문 의료인의 면허가 있어야하며, 개인 환자의 이용은 금지됩니다.","F",""
"1","혈당계에 대해 설명해주세요","간단하게 채혈침으로 혈액을 채취한다음, 기계의 특정 부위에 혈액을 떨어트리면 혈액 속의 당분을 검사하는 기계입니다. 검사에는 약 하루 정도가 걸리게 되며, 그 사이에는 어떠한 접촉도 금지됩니다.","F",""
"1","혈당계에 대해 설명해주세요","혈액 속의 당을 측정하는 동시에 항정신성 의약품 사용도 검사할 수 있는 다재다능한 도구입니다. 이를 이용하기 위해서는 혈액 약 100ml 정도를 채혈해야하기 때문에 헌혈의 집을 방문하는 것이 좋습니다. ","P","스트립에 대해 설명해주세요"
