"1","폐기물에 대해 설명해 주세요.","발생 주체에 따라 생활폐기물과 사업장폐기물로 구분되는데, 사업장폐기물 이외의 것을 생활폐기물이라 하며, 공장·공사작업장 등 사업장에서 발생되는 것을 사업장폐기물이라고 합니다. 사업장폐기물 배출 사업장은 공장으로서 배출시설 설치사업장, 지정폐기물 배출사업장, 하루 300㎏ 이상 배출사업장, 1회 1t 이상 또는 공사·작업 등으로 1주일에 5t 이상 배출사업장 등을 말합니다.","P","생활폐기물에 대해 설명해 주세요."
"1","폐기물에 대해 설명해 주세요.","사업장폐기물 중 폐유·폐산 등 주변환경을 오염시킬 수 있는 유해한 물질로서 대통령령이 정하는 폐기물을 지정폐기물이라 합니다. 방사성물질 및 이것에 의해서 오염된 물질, 의료법에 의한 적출물 등과 오수·분뇨 및 축산폐수에 대하여는 별도의 법을 적용해 관리하고 있습니다.","P","폐산에 대해 설명해 주세요."
"1","폐기물에 대해 설명해 주세요.","폐기물은 발생 주체에 따라서 생활 폐기물과 사업장 폐기물로 구분되며 생활폐기물의 경우 도시에서 생활용도로 만들어진 폐기물, 즉 생활쓰레기와 음식물 쓰레기에 한정되며 그 외의 것을 모두 사업장 폐기물로 분류하고 있습니다.","F",""
"1","폐기물에 대해 설명해 주세요.","사업장 폐기물이 일반적으로 더 유해할 것이라고 예측가능하지만, 생활폐기물이 더 인간에게 치명적인 폐기물입니다. 사업장 폐기물과 달리 생활폐기물은 재활용이 불가능하고 그 양이 사업장 폐기물보다 월등하게 많기 떄문입니다.","F",""
"1","폐기물에 대해 설명해 주세요.","폐기물은 모두 고체 형태를 띄기 떄문에 대부분 매립을 통하여 폐기물을 처리하고 있습니다. 액체로 되어 있는 폐수는 정화작업을 통해 해결하고 대기의 경우 필터링시스템으로 즉각적으로 처리할 수 있으나 고체 폐기물은 처리가 불가능합니다","F",""
"1","폐기물에 대해 설명해 주세요.","형태에 따라 고상·액상·기체상 폐기물로 구분하기도 합니다. 고상폐기물은 고형폐기물이라고도 하며, 쓰레기·폐가전제품·폐가구류·동물의 사체와 산업활동에서 발생되는 오니·분진·연소재·폐주사물·폐합성수지 등을 말합니다. 액상폐기물에는 가정하수·오수·분뇨·축산폐수와 산업활동에서 발생되는 폐산·폐알칼리·폐유·폐유기용제·공장폐수 등이 있습니다.","P","축산폐수에 대해 설명해 주세요."
"1","폐기물 에너지에 대해 설명해 주세요.","생활폐기물, 산업폐기물 중 에너지 함량이 높은 가연성 폐기물을 가스화, 소각, 열분해 등의 변환 과정을 거쳐 고체, 액체 및 가스 연료, 폐열 등으로 생산하는 것을 말합니다. 이용하는 폐기물의 종류와 가공 및 처리 방식, 생산되는 연료의 형태 등에 따라 크게 플라스틱 열분해 연료유, 폐유 정제유, 성형고체연료, 폐기물 소각열 등 네 가지로 분류할 수 있습니다.","P","폐열에 대해 설명해 주세요."
"1","폐기물 에너지에 대해 설명해 주세요.","각종 폐기물을 감량하고 재활용함으로써 폐기물 처리 문제가 감소할 뿐더러 화석 연료를 대체하는 에너지로서 이산화탄소 감축 효과를 볼 수 있습니다. 또한 고체, 액체, 가스 등 다양한 형태의 에너지원으로 변형이 가능하므로 활용가치가 높고, 에너지 이용 과정 중 열이 사용되므로 지역에 난방열 공급이 가능하여 경제적인 효과도 기대할 수 있습니다.","P","이산화탄소 감축 방법에 대해 설명해 주세요."
"1","폐기물 에너지에 대해 설명해 주세요.","폐기물 에너지란 쓰레기 에너지의 종류 중의 하나로 폐기물 처리를 비롯하여 화석 연료를 대체할 수 있는 에너지로서 각광받고 있습니다.  대부분 폐기물이 고체이기 때문에 고체형태의 에너지원을 띈다는 한계가 있긴 하지만, 난방에서 그 효과가 극대화되어 연구 중입니다.","F",""
"1","폐기물 에너지에 대해 설명해 주세요.","폐기물 에너지는 동물체를 주된 연료를 사용하기 때문에 효율적입니다. 또한 폐기물을 소각하면서 에너지를 얻기 때문에 그 과정에서 메탄과 같은 천연 자원을 부가적으로 확보할 수 있다는 장점을 가지고 있으며, 에너지원의 변형이 자유로워서 활용가치가 높다는 장점이 있습니다.","F",""
"1","폐기물 에너지에 대해 설명해 주세요.","폐기물은 모든 생활폐기물을 통칭합니다. 집에서 나오는 쓰레기 등도 폐기물에 해당하는데 해당 폐기물을 연료로서 소각함으로써 에너지원으로써 기능하기 때문에 이산화탄소를 감축하는 효과를 얻음과 동시에 폐기물 처리를 할 수 있어 효과적인 에너지로 평가받고 있습니다.","F",""
"1","폐기물 에너지에 대해 설명해 주세요.","동물체를 주된 연료로 사용하기 때문에 위생 시설 및 다양한 처리 기술이 요구되어 초기 투자 비용이 높을 수 있습니다. 또한 폐기물 소각 시에 배출되는 환경 오염 물질과 생산 및 보관 시에 발생하는 악취와 오염 물질로 인해 설치에 어려움을 겪을 수 있다는 단점이 있습니다.","P","초기투자비용이 높은 이유를 설명해 주세요."
"2","지정폐기물에 대해 설명해 주세요.","종류는 폐산, 폐알칼리, 폐유, 폐유기용제, 폐합성고분자화합물, 폐석면, 슬래그, 분진, 폐주물사 및 샌드블라스트폐사, 폐내화물 및 재벌구이 전에 시유된 도자기편류, 소각잔재물, 안정화 및 고형화처리물, 폐촉매, 폐흡착제 및 폐흡수제, 폐농약, 폴리염화비페닐 함유폐기물 등이 있습니다.","P","슬래그에 대해 설명해 주세요."
"2","지정폐기물에 대해 설명해 주세요.","지방자치단체에 처리의 책임이 있는 생활폐기물과는 달리 환경이나 인체에 대한심각한 유해성분을 지니고 있으므로 적정한 처리를 위하여 필요한 관리·감시 등의 조치를 강구할 의무가 국가에 부여되어 있습니다. 따라서 폐기물을 배출하는 시설을 운영하는 사업자 또는 민간 전문처리업자는 수집·운반·보관·처리의 계획과 결과를 사전과 사후에 반드시 환경부장관에게 그 내용을 보고하고 확인을 받아야 합니다.","P","유해성분의 종류를 설명해 주세요."
"2","지정폐기물에 대해 설명해 주세요.","지정폐기물이란 일반적으로 발생하는 폐기물을 총칭하는 것으로 재활용이 가능하며 부패로 발생한 것 이외에 어떠한 유해한 성분이 함유되어 있지 않아, 처리가 용이한 폐기물을 의미하는 용어로 사용되고 있습니다.","F",""
"2","지정폐기물에 대해 설명해 주세요.","지정폐기물은 인체에 대한 심각한 유해성분을 지니고 있는 폐기물으로 처리에 대한 관리와 감시가 명확하게 이뤄져야 하는 특징을 가지고 있으며 이는 민간업자가 아닌 국가 주도로 해당 폐기물을 감시하고 있습니다.","F",""
"2","지정폐기물에 대해 설명해 주세요.","인체에 해를 끼칠 수 있는 경우가 많아 국가에서 지정하여 관리하는 폐기물을 지정폐기물이라고 합니다. 지정폐기물은 국가가 운영하는 지정폐기물 처리장에서만 처리가능하며 그 외의 곳에서 지정폐기물을 처리할 경우 처벌받게 됩니다","F",""
"2","지정폐기물에 대해 설명해 주세요.","사업장폐기물 중 주변환경을 오염시키거나 인체에 해를 끼칠 수 있는 물질로서 대통령령이 정하는 폐기물을 말합니다. 배출업소 또는 처리업소의 부도, 또는 처리비를 절감하기 위하여 방치·불법투기·매립하거나 일반폐기물로 둔갑시켜 처리하는 등 부정적 처리사례가 있어 지속적이고 체계적인 감독·관리가 필요한 대상입니다.","P","지정폐기물의 매립에 대해 설명해 주세요."
"1","정화조에 대해 설명해 주세요.","분뇨를 정화하기 위한 탱크를 말합니다. 종말처리장을 가진 하수가 있는 구역 외에서는 오수를 정화조로 정화처리한 후 하수도에 방류할 수 있습니다. 정화조는 건물마다 설치하는 경우와 몇 개의 건물이 공동으로 설치하는 경우가 있습니다. 구조는 부패조 ·산화조 ·소독조로 이루어져 있습니다.","P","하수도의 역할을 설명해 주세요."
"1","정화조에 대해 설명해 주세요.","수세식 화장실에서 흘러들어 온 오수는 먼저 부패조에서 약 48시간 괴어있는 동안에 침전분리하여, 오물은 혐기성세균에 의해 부패 ·분해되어 일부는 액화 ·가스화되어 그 용적이 줄어듭니다. 이러한 부패 ·분해에 의해 유기물은 무기물화되어 안정됩니다. 오수는 다음 산화조로 이동되며 여기에서 주방이나 욕실에서 흐르는 생활하수에 의하여 쇄석면을 흐르는 사이에 산소성균의 작용과 쇄석층 내의유통하는 공기와의 접촉에 의하여 산화됩니다.","P","혐기성세균에 대해 설명해 주세요."
"1","정화조에 대해 설명해 주세요.","정화조란 각종 폐기물을 정화하기 위한 기계를 총칭하여 말합니다. 분뇨와 음식물 쓰레기 뿐만 아니라, 공업용수로 발생하는 폐유,폐탄 그리고 방사성 폐기물 까지 한꺼번에 모아 처리하여 정화하기 떄문에 효율적입니다","F",""
"1","정화조에 대해 설명해 주세요.","정화조란 분뇨가 부패되는 것을 막고 화장실의 청결함을 유지하기 위해서 오수를 즉각적으로 정화하는 기계를 의미합니다. 보건복지법의 근거를 두고 모든 공공화장실, 주택화장실에는 정화조의 설치가 의무적으로 규정되어 있습니다","F",""
"1","정화조에 대해 설명해 주세요.","분뇨를 정화하기 위해 설치되는 탱크를 정화조라고 합니다. 종말처리장을 가진 하수에 정화조를 의무적으로 설치하여 즉각적으로 하수도에 방류할 수 있게 하여 정화의 순환을 신속하게 하는 경제적인 기기로 평가받고 있습니다.","F",""
"1","정화조에 대해 설명해 주세요.","처리된 오수는 소독조에서 염소용액의 주입을 받아 소화기 계통의 병원균의 살균을 한 후 방류됩니다. 정화조는 가능한 한 화장실에 접근하여 설치하여야 하나 넓은 부지에 몇 개의 건물이 있을 때는 부지와 변소의 배치 등을 고려하여 부패조를 2개소 이상으로 분할하여 설치할 수도 있습니다.","P","소화기 계통의 병원균에 대해 설명해 주세요."
"1","불연성쓰레기에 대해 설명해 주세요.","일반폐기물 가운데 빈병, 빈깡통, 도자기, 건축폐기물, 철 및 비철금속, 모래류 등을 불연성 쓰레기라고 부릅니다. 반면에 가연성 쓰레기는 불에 잘타는 물질로 종이류, 나무류, 동물성잔재물, 오니류 등을 말합니다. 가연성, 불연성 쓰레기의 분류는 소각 시설의 설비 특성에 따라 나눌 수도 있습니다. ","P","동물성 잔재물에 대해 설명해 주세요."
"1","불연성쓰레기에 대해 설명해 주세요.","폐플라스틱류와 같은 가연성인 것도 소각하면 염화수소 등의 유해가스를 발생하며, 고온에서 처리할 때 소각로의 노벽을 침해하는 것을 불연성 쓰레기로 분리수거하는 경우도 있습니다. 또 수분이 많아, 소각할 때 보조연료가 필요한 쓰레기를 불연성쓰레기로 분류하기도 합니다.","P","소각 시 사용하는 보조연료에 대해 설명해 주세요."
"1","불연성쓰레기에 대해 설명해 주세요.","불연성쓰레기란 일반폐기물 중 불에 잘타는 가연성 쓰레기를 의미하며 주로 종이류,나무류,동물성잔재물, 오니류 등이 속합니다. 주로 불연성 쓰레기는 화력 발전소 등에서 발전 에너지원으로 처리되고 있습니다.","F",""
"1","불연성쓰레기에 대해 설명해 주세요.","불연성쓰레기란 가연성물질인 경우도 있으며 비가연성 물질인 경우도 있습니다. 불연성쓰레기란 가열을 할 경우에 다이옥신, 환경호르몬과 같이 인체에 유해한 물질을 뿜어내는 물질로 소각이 금지되어 있는 특징이 있습니다.","F",""
"1","불연성쓰레기에 대해 설명해 주세요.","가연성 쓰레기와 반댓말로 불에 타지 않는 쓰레기를 불연성쓰레기라고 합니다 . 불연성 쓰레기를 처리할 경우는 대부분 매립의 형태로 이뤄지며 매립지에서 먼 지역에서는 자체적인 매립을 하여도 법적 제재를 받지 않습니다","F",""
"1","소각에 대해 설명해 주세요.","소각처리라고도 합니다. 폐기물 관리체계 중 중간처리 과정의 하나이며 화학적 방법에 속합니다. 폐기물을 땅에 묻는 것보다 부피는 95~99%, 무게는 80~85% 줄일 수 있습니다. 부수적으로 열에너지가 회수되는 경제성도 지니고 있으므로 점차 폐기물처리 분담비율이 늘고 있는 실정입니다.","P","소각을 통해 얻어지는 열에너지에 대해 설명해 주세요."
"1","소각에 대해 설명해 주세요.","쓰레기를 불에 태워 기체 중에 고온 산화시키는 쓰레기 처리방법입니다. 매립 공간을 절약할 수 있으므로 효과적이고 지속적인 폐기물 처리방법이라고 할 수 있습니다. 그러나 대기 및 토양오염 원인물질이 생기므로 철저한 오염방지 시설을 갖추어야 하는 어려움이 따릅니다.","P","오염방지시설의 종류에 대해 설명해 주세요."
"1","소각에 대해 설명해 주세요.","소각이란 쓰레기를 불로 태워서 쓰레기를 처리하는 방법으로 주로 화력발전소에서 부가적인 역할을 수행하고 있습니다. 그러나 모든 쓰레기는 소각할 떄 유해물질을 대기 중으로 쏟아내기 떄문에 현재는 소각을 원천적으로 금지하고 있습니다.","F",""
"1","소각에 대해 설명해 주세요.","소각의 경우 즉각적으로 모든 쓰레기를 처리할 수 있다는 장점을 가지고 있지만, 소각 이후에 쓰레기의 부피와 무게가 90% 정도씩 늘어나기 때문에 비경제적이어서, 현재는 매립을 통한 쓰레기 처리를 하는 것이 일반적입니다.","F",""
"1","소각에 대해 설명해 주세요.","소각은 법적 제재를 받지 않는 쓰레기 처리방법입니다. 개인이 쓰레기를 처리할 경우 소각을 통해서 쓰레기를 처리해도 되며, 해당 소각으로 인해 발생하는 여러 유해물질은 그대로 방치하여도 불법적인 행동이 아니라고 규정하고 있습니다","F",""
"1","소각에 대해 설명해 주세요.","처리는 도시·농어촌·가정·사업장 등에서 노천 또는 임의로 만든 간이시설에서 이루어지기도 하고, 폐기물의 종류에 따라 규정에 맞게 만든 소각장에서 하기도 합니다. 대부분의 유기성 폐기물은 열적으로 불안정하기 때문에 처리할 때 먼지·중금속·일산화탄소·질소산화물·황산화물·염화수소·다이옥신 등 여러 종류의 오염물질이 발생합니다.","P","유기성 폐기물에 대해 설명해 주세요."
"2","고형화처리에 대해 설명해 주세요.","시멘트고화 또는 콘크리트고화라고도 하는데, 고형화물질로 시멘트가 가장 많이 쓰이기 때문입니다. 유해물질을 함유한 소각재·비산재·슬래그 또는 고체상방사성 폐기물 등에 고체 형태의 고정화물질을 다량 첨가하여 단단한 덩어리 물질로 만드는 방법으로, 사업장에서 배출되는 지정폐기물 중간처리 방법 중 하나입니다.","P","비산재에 대해 설명해 주세요."
"2","고형화처리에 대해 설명해 주세요.","폐기물의 축소, 강도 강화, 유해물질 고정 등이 목적입니다. 폐기물과 시멘트를 섞고 물을 부은 뒤 일정 시간이 지나면 수화 작용에 의하여 단단하게 굳어진 덩어리가 됩니다. 폐기물이 견고한 시멘트 속에 갇힘에 따라 중금속 등의 유해성분이 주변으로 이동·침투하는 속도가 최대한 지연되는 효과를 얻게 됩니다.","P","중금속에 대해 설명해 주세요."
"2","고형화처리에 대해 설명해 주세요.","고형화처리란 유해물질을 그대로 방치할 경우 대기, 지질,수질에 오염물질을 발생시킬 것을 우려하여 해당 오염물질을 저온으로 급속하게 냉동하여 보관하는 방식으로 친환경적인 방식으로 여겨지고 있습니다.","F",""
"2","고형화처리에 대해 설명해 주세요.","페기물을 축소하고 그 강도를 약하게 하여 소각이나 매립에 유용한 형태로 폐기물을 변경하는 처리 방식을 고형화 처리라고 합니다. 주로 화력발전소에서 소각 이전에 소각 폐기물의 양을 확보하기 위해서 사용되고 있습니다.","F",""
"2","고형화처리에 대해 설명해 주세요.","고형화처리란 폐기물을 시멘트 혹은 콘크리트를 통해서 고체상태로 만들어 그대로 매립하는 방식으로 해당 방식을 통해 지질에 유해한 물질이 전파될 수 없는 장점이 있지만, 방사성물질의 경우 콘크리트와 만나면 폭발하기 떄문에방사성폐기물에서는 사용될 수 없습니다.","F",""
"2","고형화처리에 대해 설명해 주세요.","시멘트고화는 시멘트 중 규산칼슘 등의 조성광물이 물과 결합하고 수화물결정을 형성하여 단단해지는 과정에서 유해물질을 빨아들이거나 굳히고 시멘트의 강한 알카리성에 의하여 수용성 중금속을 수산화물로 불용화 시킵니다. 처리된 유해폐기물은 일반폐기물 수준으로 안전도가 높아져 일반 매립도 가능합니다.","P","규산칼슘에 대해 설명해 주세요."
"1","방사성 폐기물에 대해 설명해 주세요.","핵에너지를 사용하는 과정에서 발생하는 불필요한 방사성물질입니다. 원자력시설이나 방사성물질을 다루는 작업장 또는 실험실에서 나오는 폐기물, 핵분열생성물, 냉각수, 냉각가스 등의 누출물뿐 아니라 실험이나 작업에 사용된 공구, 헝겊, 종이, 세척수 등이 방사성폐기물로 간주됩니다.","P","핵분열생성물에 대해 설명해 주세요."
"1","방사성 폐기물에 대해 설명해 주세요.","방사성 폐기물은 방사능 준위에 따라 고준위 방사성폐기물과 저준위 방사성폐기물로 구분할 수 있습니다. 고준위 방사성폐기물은 핵연료로 사용하고 난 후의 핵연료와 이것의 재처리과정에서 나오는 폐기물로 95% 이상을 재활용할 수 있기 때문에 폐기물로 간주하지는 않습니다.","P","재처리과정에 대해 설명해 주세요."
"1","방사성 폐기물에 대해 설명해 주세요.","방사성폐기물이란 우라늄이 대표적이며 핵에너지를 사용하는 과정에서 발생하는 폐기물입니다. 주로 반감기가 짧은 경우가 많기 떄문에 자연적으로 방치하게 되면 알아서 자연으로 돌아가서 별도의 처리과정을 거치지 않아도 됩니다","F",""
"1","방사성 폐기물에 대해 설명해 주세요.","방사성폐기물은 핵연료를 사용하고 남은 핵연료의 잔해로 인체에게 굉장히 유해하기 떄문에 전문적인 처리 과정을 거쳐야하며, 반경 1km에만 존재하여도 방사선에 노출되기 떄문에 그 과정이 모두 자동화되어 있습니다","F",""
"1","방사성 폐기물에 대해 설명해 주세요.","방사성 폐기물은 방사능의 준위에 따라 고준위 중준위 저준위 방사성 폐기물로 나뉘지만 그 처리 방법은 모두 소각을 통해서 해당 폐기물을 기화시키는 방식을 선택하며 해당 폐기물은 슬러지의 종류이기 떄문에 소각 시 유해물질이 화학적 결합을 통해 소멸되게 됩니다.","F",""
"1","방사성 폐기물에 대해 설명해 주세요.","저준위 방사성폐기물 중에서 비교적 방사능 준위가 높은 것을 중준위 폐기물로 구별하기도 합니다. 저준위 방사성폐기물의 대부분은 베타선이나 감마선을 내는 베타 및 감마 폐기물이며 어느정도 이상 세기의 알파선을 내는 것을 알파폐기물이라고 합니다. 기체폐기물은 밀폐탱크에 저장한 후 방사능이 기준치 이하로 떨어지면 고성능 필터에 여과하여 대기로 방출합니다.","P","베타선에 대해 설명해 주세요."
"1","폐기물 사건 피해 사례를 설명해 주세요.","1986년 4월 25일 러시아 체르노빌 원자력발전소에 근무하는 근무자가 안전 수칙을 지키지 않고 가동 중지된 터빈을 시험하다가 원자로가 폭발했습니다. 이 사고로 방사능 물질이 10일 동안 유출되어 주변 5000㎞ 지역까지 방사능으로 인한 암, 백혈병 환자, 기형아 출산, 사산 등이 발생했고, 초기 31명, 4년 후 300명이 사망했습니다.","P","원자로에 대해 설명해 주세요."
"1","폐기물 사건 피해 사례를 설명해 주세요.","2011년 일본에서 지진에 의해 동일본에 위치한 후쿠시마 원자력발전소가 붕괴되었습니다. 이로 인해 방사성물질이 누출되었고 방사능 폐기물로 엄청난 피해가 발생했습니다. 방사능은 라듐, 우라늄, 토륨과 같은 방사능원소가 자체적으로 붕괴될 때 원소 입자선이 고속도로 방출되는 것입니다.","P","원자력발전소에 대해 설명해 주세요."
"1","폐기물 사건 피해 사례를 설명해 주세요.","1945년 미국이 2차 세계대전을 종전하기 위해서 일본 히로시마와 나가사키에 원자폭탄을 투여하여 다량의 폐기물이 생산되게 되었고 이로인해 수십 만명이 사망하며 방사성 폐기물로 인하여 이차적인 부수적 피해가 발생하였습니다","F",""
"1","폐기물 사건 피해 사례를 설명해 주세요.","1986년 러시아 체르노빌 원자력 발전소에서 안전 수칙을 준수하지 않아 원자로가 폭발하게 되었고, 엄청난 방사능 폐기물로 피해를 입게 되었습니다. 일차적인 피해자는 존재하지 않았으며 현재는 원상복귀되어 체르노빌에 사람들이 거주하고 있습니다","F",""
"1","폐기물 사건 피해 사례를 설명해 주세요.","2011년 일본에서 후쿠시마 원자력 발전소의 냉각기가 멈추는 바람에 원자력 발전소가 폭발하게 되었고 방사능 폐기물이 유출되어 태평양을 지나 미국에게까지 피해를 주게 됨으로써 태평양은 해상생명체가 존재하지 않게 되었습니다","F",""
"1","폐기물 사건 피해 사례를 설명해 주세요.","1969년 미국 뉴멕시코 주 알라모골드 지역 텍사코라는 마을의 한 농가에서 버린 추수 후 곡물 찌꺼기를 다른 주민이 가져다가 자신이 기르는 돼지에게 먹였는데 돼지가 실명하고 죽었습니다. 조사해보니 볍씨의 곰팡이균 소독 농약인 메틸수은 함유 때문으로 밝혀졌습니다.","P","메틸수은에 대해 설명해 주세요."
"1","분리배출표시제에 대해 설명해 주세요.","제2종 지정사업자의 재활용지침과 재활용가능 표시에 관한 규정을 개정하여 제품과 포장재 등에 적용하는 재질분류 표시제와 재활용가능 표시제를 통합한 제도입니다. 플라스틱 포장재를 손쉽게 분리수거할 수 있도록 재활용품에 분리배출표시를 하여 표시가 있는 것은 재활용품으로 분리배출하고 표시가 없는 것은 쓰레기종량제 봉투에 넣어버립니다.","P","쓰레기종량제에 대해 설명해 주세요."
"1","분리배출표시제에 대해 설명해 주세요.","환경부는 2003년 1월 1일부터 생산자책임재활용제도 시행시기와 맞추어 종전의 재질분류표시제와 재활용가능표시제를 통합하여 국민들이 보다 쉽게 분리배출할 수 있도록 하기 위해 분리배출표시제를 제정, 시행하고 있습니다. 분리배출표시를 의무적으로 하여야 하는 품목이 정해져 있습니다.","P","생산자책임재활용제도에 대해 설명해 주세요."
"1","분리배출표시제에 대해 설명해 주세요.","분리배출표시제란 지정사업자가 만든 제품에 무조건적으로 부착되어야 하는 표시를 규정하는 제도로서, 재활용 가능한 제품에 표시됩니다. 또한 분리배출표시가 되어있지 않은제품의 경우 시장에서 유상으로 판매할 수 없습니다.","F",""
"1","분리배출표시제에 대해 설명해 주세요.","환경부는 생산자의 폐기물에 대한 책임을 강화하며 소비자 역시 폐기물에 대한 책임을 지게 하기 위해서 분리배출표시제를 실시하였습니다. 이로 인해 분리배출표시가 되어있지 않은 소비재를 구매 혹은 판매할 경우 법적으로 처벌받게 됩니다.","F",""
"1","분리배출표시제에 대해 설명해 주세요.","재활용 가능한 제품에 대해 의무적으로 해당 재활용을 어떻게 해야하는지 제품에 기입하는 제도를 분리배출표시제라고 규정하고 있습니다. 2003년부터 시행되었으나 제품의 정보가 디지털화됨에 따라 2013년에 폐지되었습니다","F",""
"1","분리배출표시제에 대해 설명해 주세요.","2003년 당시에는 분리배출이라는 기호가 밑면에 적혀 있었고 분리배출표시는 12종으로 구성돼 있었습니다. 플라스틱 계열 재질은 영문 HDPEㆍLDPEㆍPP 등으로, 스틸은 철로, 알루미늄은 알루미늄으로 표기했으며 유리가 분리배출 마크에 추가로 적용됐습니다. 또한 비닐 및 필름 포장재에 대한 분리수거 전면 실시도 이때부터 시작됐습니다.","P","분리수거의 중요성에 대해 설명해 주세요."
"2","다이옥신에 대해 설명해 주세요.","염소를 함유하고 있는 유기화합물이 탈 때 다이옥신이 생성될 수 있으며, 쓰레기를 불태울 때 주로 발생합니다. 이 때문에 대부분의 국가에서는 소각시설에서 배출되는 다이옥신 양을 줄이기 위해 여러 가지 노력을 기울이고 있습니다.  다이옥신은 주로 몸 속의 에스트로겐 관련 내분비계에 작용하여 독성을 나타내기 때문에 내분비계교란물질로 분류됩니다.","P","에스트로겐에 대해 설명해 주세요."
"2","다이옥신에 대해 설명해 주세요.","97%가 넘어가는 대부분의 다이옥신은 음식에 포함되어 흡수하게 되며 약 3% 이하만 호흡기를 통해 흡수합니다. 가장 일반적인 흡수 경로는 쇠고기, 돼지고기나 닭고기, 우유 등에 들어 있는 지방에서 흡수하는 것입니다. 호흡기를 통해 흡수하는 경우에는 담배연기가 가장 일반적입니다.","P","담배연기의 유해성에 대해 설명해 주세요."
"2","다이옥신에 대해 설명해 주세요.","다이옥신이란 탄소를 함유하고 있는 유기화합물이 탈 때 생성되는 것을 말하며, 소각에 의해서 발생하며 화력발전소에 의해 에너지가 생성될 경우에도 부가적인 생산물로서 발생합니다. 따라서 다이옥신을 줄이기 위한 노력이 절찬리에 수행되고 있습니다.","F",""
"2","다이옥신에 대해 설명해 주세요.","다이옥신의 경우 배출되게 되면 자연적인 과정으로 분해되기 어렵고 대기중에 다이옥신이 부유하며 주로 호흡기를 통해 흡수되기 떄문에 각종 호흡기와 관련된 질병을 유발하게 됩니다. 코로나바이러스는 해당 다이옥신에 의해 발생하는 전염병 중 하나입니다.","F",""
"2","다이옥신에 대해 설명해 주세요.","다이옥신이란 염소가 들어있는 무기화합물이 소각될 때 발생하는 것으로 자연 생태계를 거쳐 음식물을 섭취할 떄 발생하고 있습니다. 현재 대부분의 인간은 다이옥신에 노출되어 있는 상태로 존재하며 다이옥신에 의해 평균수명이 줄어들게 되었습니다","F",""
"2","다이옥신에 대해 설명해 주세요.","2개의 산소 원자로 2개의 벤젠 고리가 연결되어 있고, 그 이외에 염소가 결합되어 있는 방향족 화합물입니다. 또한 이와 유사한 구조를 가진 퓨란 류를 포함하기도 합니다. 다이옥신의 독성연구는 주로 TCDD 중심으로 진행되어 있으며, TCDD의 축적 결과 피부질환, 면역력 감소, 기형아 출산, 성기 이상, 암 유발 등이 나타난다는 연구가 진행되었습니다. ","P","방향족 화합물에 대해 설명해 주세요."
"1","환경호르몬에 대해 설명해 주세요.","우리가 일상생활 속에서 노출되는 화학물질들 중에는 인체 내부에 존재하는 호르몬들의 작용에 영향을 주고 있습니다. 어떤 화학물질들은 이러한 호르몬들과 유사한 역할을 하기도 하고 어떤 화학물질들은 호르몬의 작용을 방해하기도 합니다. 이러한 외부 화학물질들을 통틀어 환경호르몬 혹은 내분비교란물질 이라고 합니다.","P","호르몬의 종류에 대해 설명해 주세요."
"1","환경호르몬에 대해 설명해 주세요.","산업화 이후부터 인간이 사용하였거나 지금도 사용하고 있는 합성화학물질의 종류는 약 십 만 종에 이르는데, 이 중 공식적으로 환경호르몬으로 분류하고 있는 것은 100여 종 정도입니다. 환경호르몬으로 분류하고 있는 화학물질들의 구체적인 종류는 국가나 기관별로 상당한 차이가 있는데, 이것은 판단기준이 표준화되어 있지 않기 때문입니다.","P","합성화학물질의 장점과 단점을 설명해 주세요."
"1","환경호르몬에 대해 설명해 주세요.","환경호르몬이란 환경에서 자체적으로 발생하는 모든 호르몬을 의미합니다. 주로 유기체에서 신진대사를 체내에서 조절하기 위해서 발생하는 성장호르몬, 갑상선호르몬, 성호르몬 등이 환경호르몬을 대표하는 예시입니다.","F",""
"1","환경호르몬에 대해 설명해 주세요.","환경호르몬은 산업의 발달로 인해서 인체에게 영향을 주는 합성화학물질로 체내에 들어오게 되면 호르몬과 같은 역할을 하게 됩니다. 환경호르몬에 의해서 체내의 성장호르몬이 촉진되어 평균 신장이 높아지는 결과가 발생했습니다","F",""
"1","환경호르몬에 대해 설명해 주세요.","산업화 이후부터 인간이 일회용품을 많이 발생시킴에 따라 다량의 다이옥신이 생성되게 되었습니다. 다이옥신이 체내에 들어오게 되면 호르몬과 같은 역할을 하기 떄문에 환경호르몬으로 부르게 되었고 환경호르몬은 주로 갑상선 비대증을 유발시키는 유해한 성분입니다.","F",""
"1","환경호르몬에 대해 설명해 주세요.","현재 특정 화학물질이 에스트로겐, 안드로겐, 갑상선호르몬과 같은 특정 호르몬 수용체에 직접적으로 결합하여 호르몬과 유사한 역할을 하거나 호르몬 수용체를 막아서 내부호르몬이 제 역할을 하지 못하도록 하면 환경호르몬으로 분류하고 있습니다. 다양한 인체 호르몬 중 여성 호르몬인 에스트로겐과 비슷한 역할을 하는 화학물질들의 종류가 가장 많이 알려져 있습니다.","P","안드로겐에 대해 설명해 주세요."
"2","환경호르몬의 특징을 설명해 주세요.","화학물질들이 환경호르몬으로 작용을 하여 인체에 유해성을 보이게 될 경우 기존의 유해화학물질들이 보이는 독성과는 다른 형태로 나타납니다. 화학물질의 독성은 노출수준이 높으면 높을수록 독성이 높아지는 선형적인 용량-반응관계를 보이지만 환경호르몬으로 작용하게 되면 반드시 노출수준이 높다고 더 유해성이 커지는 것이 아닙니다.","P","환경호르몬의 유해성에 대해 설명해 주세요."
"2","환경호르몬의 특징을 설명해 주세요.","우리 인체의 호르몬들은 그 수치가 높으면 높을수록 세포가 더 민감하게 반응하는 것이 아닙니다. 낮은 농도 범위에서는 조금만 올라가면 민감하게 반응을 하나 어느 정도 이상 올라가면 세포가 더 이상 반응을 하지 않거나 오히려 반응이 낮아지는 현상을 보입니다.","P","세포에 대해 설명해 주세요."
"2","환경호르몬의 특징을 설명해 주세요.","환경호르몬은 주로 뇌하수체 전엽에서 발생합니다 .대표적으로 성장호르몬 성호르몬 갑상선 호르몬이 있습니다. 뇌하수체 전엽은 간뇌의 시상하부에서 TRH라는 호르몬 분비신호를 통해서 발생하기 때문에 일정한 항상성을 가지고 있습니다","F",""
"2","환경호르몬의 특징을 설명해 주세요.","환경호르몬은 기존의 유해화학물질들이 호르몬과 같이 기능을 하는 것이기 떄문에 그 크기가 매우 작다는 특징이 있지만, 체내에 축적되지 않고 호르몬 수용체와 조건적으로 결합하기 때문에, 인체에 유해하다는 보고는 아직까지 나오고 있지 않습니다.","F",""
"2","환경호르몬의 특징을 설명해 주세요.","환경호르몬의 특징은 간에 의해서 분해가능하다는 것입니다. 환경호르몬의 대부분은 알코올과 결합하는 경우가 많아 음주를 하게 되면 체내의 환경호르몬이 섭취한 알코올과 결합하여 간뇌에서 분해되기 때문에 환경호르몬이 체내로 배출됩니다","F",""
"2","환경호르몬의 특징을 설명해 주세요.","현재 모든 화학물질의 노출허용기준은 화학물질의 용량은 높으면 높을수록 해롭다는 전제를 가지고 만들어지고 있습니다. 즉, 고농도에서 수행된 동물실험에서 나온 결과를 이용하여 사람들이 노출되는 정도의 저농도에서는 그 영향이 어느 정도일 것이라고 수학적으로 추정하여 개별 화학물질에 대한 노출허용기준을 결정합니다.","P","노출허용기준에 대해 설명해 주세요."
"2","환경호르몬에 건강에 미치는 영향을 설명해 주세요.","환경호르몬들이 생식기계, 갑상선, 시상하부 또는 뇌하수체 등에 영향을 미침으로써 생식기관의 발생 및 발달에 영향을 줄 수 있다는 보고는 수십 년 전부터 이미 있어 왔습니다. 많은 환경호르몬들이 에스트로겐과 유사한 작용을 하거나 항에스트로겐 작용을 하고 이중 생식기는 이러한 환경호르몬에 가장 영향을 많이 받는 장기입니다.","P","뇌하수체에 대해 설명해 주세요."
"2","환경호르몬에 건강에 미치는 영향을 설명해 주세요.","환경호르몬에 노출된 임산부가 출산한 2세들에서 남아의 경우 정자수의 감소, 정자 운동성 감소, 기형 정자의 발생증가, 생식기 기형, 정소암, 전립선 질환, 기타 생식과 관련된 조직의 이상들이 발견되었고, 여아의 경우 유방과 생식기관의 암, 자궁내막증, 자궁섬유종, 유방의 섬유세포질환 등이 보고된 바 있습니다.","P","기형 정자 및 생식기 기형이 발생되는 이유에 대해 설명해 주세요."
"2","환경호르몬에 건강에 미치는 영향을 설명해 주세요.","환경호르몬은 성호르몬에게 직접적인 타격을 주어 난임, 기형아의 출산 등의 문제를 유발합니다. 따라서 환경호르몬이 발생하는 제품을 생산하는 기업의 경우 즉각적으로 그 운영이 중단되며 해당 제품을 구매한 구매자에게 천문학적인 보상금을 지급해야 합니다","F",""
"2","환경호르몬에 건강에 미치는 영향을 설명해 주세요.","환경호르몬은 비만의 위험을 증가시킵니다. 성장호르몬을 억제하여 소아발달을 저해하기도 합니다. 그러나 해당 질병은 환경호르몬만이 원인이 되는 것이 아니라 유전물질과 복합적인 상호작용을 통해서 발생하는 특징을 가지고 있습니다","F",""
"2","환경호르몬에 건강에 미치는 영향을 설명해 주세요.","환경호르몬은 임산부의 경우에 치명적인 경우를 유발합니다. 주로 남아의 경우에 정자의 운동성이 강화된 상태로 발생하거나 성호르몬이 급속하게 발달되어 남성호르몬이 과도한 수치로 측정되는 경우가 발생하기도 합니다","F",""
"2","환경호르몬에 건강에 미치는 영향을 설명해 주세요.","최근 화학물질에 대한 환경 중 노출이 비만의 위험을 증가시킬 수 있다는 연구 결과들이 발표되고 있습니다. 비만을 야기할 수 있는 화학물질에는 유기염소계 농약, PCBs, 다이옥신, 불소화합물, 브롬화 방염제, 비스페놀 A, 올가노틴, 중금속류 등으로 매우 다양한 화학물질들을 포함하고 있는데, 이러한 화학물질이 환경호르몬으로 작용하여 비만을 일으킵니다.","P","비스페놀 A에 대해 설명해 주세요."
"2","폴리염화바이페닐에 대해 설명해 주세요.","염소와 비페닐을 반응시켜 만드는 매우 안정된 유기화합물로, 물에는 녹지 않지만 기름이나 유기용매에는 녹습니다. 절연성이나 열의 보존성이 높아 변압기, 자동차의 자동변속기의 전기절연체 및 각종 테이프, 도료, 인쇄잉크 등에도 쓰입니다. 염소가 포함된 대부분의 화합물은 2차 독성이 강한 경우가 많은데, PCB 역시 2차 독성이 발생할 수 있어 그 처리가 쉽지 않습니다.","P","유기용매에 대해 설명해 주세요."
"2","폴리염화바이페닐에 대해 설명해 주세요.","PCB는 어류와 무척추동물에게 특히 유독하며 PCB에 노출된 사람은 간기능장애, 피부염, 현기증 등이 유발됩니다. 다이옥신과 마찬가지로 체내에서 강력한 발암작용과 기형아 출산을 유발하는 것으로 알려져 있으며 자연환경과 인체에 축적됩니다. 특히 체내에 흡수되지 않고 접촉만 해도 안질, 손ㆍ발톱 변색 등을 유발합니다.","P","무척추동물에게 특히 유독한 이유를 설명해 주세요."
"2","폴리염화바이페닐에 대해 설명해 주세요.","폴리염화바이페닐이란 염소와 비페닐이 화학적으로 결합하여 매우 불안정하기 때문에 수용성을 띄게 됩니다 .또한 온도와 압력에도 굉장히 약하기 떄문에 처리에 용이한 폐기물에 속하며 재활용도 가능하다는 특징을 지니고 있습니다.","F",""
"2","폴리염화바이페닐에 대해 설명해 주세요.","폴리염화바이페닐은 PCB라고도 불리며, 인체에 유독한 성질을 가지고 있습니다. 주로 소화장애를 일으키며 변비, 치질, 장염 등 소화기관에 이상을 발생시키며 지속적으로 누적될 경우 위암이나 대장암을 유발하기도 합니다.","F",""
"2","폴리염화바이페닐에 대해 설명해 주세요.","폴리염화바이페닐은 염소가 포함되어있는 화합물이지만 독성이 없다는 특징을 가지고 있습니다. 또한 변압기와 자동 변속기에도 이용될 정도로 열의 보존성이 높고 분해 역시 용이하여 친환경적인 소재로 평가받고 있습니다.","F",""
"1","환경생태공학에 대해 설명해 주세요.","환경생태공학은 자연환경과 인간의 공생을 위한 지속 가능한 생태복원기술을 연구합니다. 또한 생태학은 지구촌 생물의 공생 관계를 연구합니다. 일반적으로 생태학은 육지, 해양, 담수 지역의 구조와 기능적인 문제를 취급하고 있습니다. 또한 환경생태학은 생물종이 자연환경에 순응하면서 항상성을 유지하고 서식하는 것을 연구합니다.","P","생태복원기술에 대해 설명해 주세요."
"1","환경생태공학에 대해 설명해 주세요.","일반적으로 환경생태학은 19세기 말까지 생물 개체의 적응 현상을 목적론적으로 해석하는 개체적응생태학이었습니다. 그렇지만 20세기 들어와서는 생물 개체의 습성·생리와 환경요인을 직접적으로 연관시킨 개생태학과 생물군집 분포 등을 환경과 연관시킨 군생태학이 주류를 이루고 있습니다.","P","개생태학과 군생태학에 대해 설명해 주세요."
"1","환경생태공학에 대해 설명해 주세요.","환경생태공학이란 환경을 인위적으로 변화시켜서 인간 활동을 원활하게 하는 기능을 합니다. 환경생태공학은 친환경적으로 환경을 변화시키기 떄문에 전체 생태계에는 영향을 주지 않지만  생물종의 변화가 급격하게 발생하는 특징을 가지고 있습니다. ","F",""
"1","환경생태공학에 대해 설명해 주세요.","환경생태공학이란 생물간의 공생관계를 연구하는 것으로 주로 생태학의 한 종류입니다. 다만 공학적인 용도에 의해서 발생하는 인위적인 변화는 환경생태 공학의 요인으로 치부하지 않으며 부가적인 행동으로만 처리될 뿐입니다.","F",""
"1","환경생태공학에 대해 설명해 주세요.","생태계에 직접적인 영향을 주지 않으면서 환경 생태를 공학적으로 이용가능하게 만드는 것이 환경생태공학의 목적입니다. 그러나 이로 인해 발생하는 환경요인은 간접적으로 연관시키며 해당 변화에 의한 책임을 일절 지지 않고 있습니다","F",""
"1","환경생태공학에 대해 설명해 주세요.","환경생태공학은 생태계의 보전과 생태계의 변화, 생태계의 구조와 기능, 그리고 생태 네트워크 및 복원 방안을 강구하는 학문이어서 매우 중요합니다. 환경생태공학은 전 세계적인 기후변화, 인구 증가와 식량 확보를 위하여, 또 지속 가능한 발전을 위하여 자연 자원의 건전한 이용·관리 및 대기, 물, 해양, 토양 등의 오염 처리, 환경 복원 등을 설계, 시공, 관리하는 학문입니다.","P","식량 확보의 중요성을 설명해 주세요."
"1","생태계에 대해 설명해 주세요.","생태계는 열린 계입니다. 에너지는 생태계에 필요한 입력 요소입니다. 태양은 생물권의 근본적인 에너지원이며 대부분의 자연 생태계를 직접 유지시킵니다. 또 바람, 비, 물의 흐름, 연료와 같은 에너지원들이 생태계에서 열이나 유기물질, 오염물질의 형태로 변환되어 흘러나갑니다.","P","생태계에서 태양의 역할을 설명해 주세요."
"1","생태계에 대해 설명해 주세요.","생태계의 주요한 생물 구성요소는 독립영양 구성요소와 종속영양 구성요소입니다. 독립영양 구성요소는 광합성을 통해 태양에너지를 고정하고 물, 이산화탄소, 질산염과 같은 단순한 무기물질로부터 먹이를 생산할 수 있습니다. 생태계의 생산자에 해당하는 육지식물과 수중조류 및 수초들이 독립영양 구성요소입니다.","P","광합성에 대해 설명해 주세요."
"1","생태계에 대해 설명해 주세요.","생태계란 생물 구성요소의 단위로서 에너지를 유발시키는 매개체 역할을 합니다. 에너지원을 자체적으로 생성하기 떄문에 독립적으로 존재할 수 있으며, 외부적인 환경에 구애받지 않고도 유지되어야만 생태계로 불리우고 있습니다.","F",""
"1","생태계에 대해 설명해 주세요.","생태계는 생물 구성요소들이 자체적인 사회를 구성한 것을 말합니다. 주로 독립영양 구성요소가 종속영양 구성요소에게 영향을 주는 방식으로 진행되며 각 생태계를 구성하는 독립영양 구성요소는 동일합니다.","F",""
"1","생태계에 대해 설명해 주세요.","생태계란 생물 구성요소와 비생물 구성요소로 구분됩니다. 생물의 구성요소는 그 정의가 호흡을 통해서 이산화탄소를 배출하는 것을 의미하며 비생물의 경우 해당 이산화탄소를 양분으로 하여 산소를 배출하는 식물에 해당합니다","F",""
"1","생태계에 대해 설명해 주세요.","생태계의 비생물 구성요소는 생태계를 작동시키는 두 가지의 주요 기능인 에너지 흐름과 물질순환으로 구분할 수 있습니다. 에너지는 태양이나 다른 외부 에너지원으로부터 유래합니다. 그리고 생물군집과 유기물질계를 통하여 열이나 유기체의 형태로 생태계 밖으로 흘러 나갑니다.","P","유기물질계에 대해 설명해 주세요."
"1","소음에 대해 설명해 주세요.","인간은 각자의 현재 상태라든가 주위 환경에 따라서 어떠한 소리든 소음으로 받아들일수 있습니다. 일반적으로 커다란 소리, 불협화음, 높은 주파수의 음 등이 소음으로 분류될 수 있지만 구체적으로 어떤 것을 소음으로 느끼느냐 하는 것은 개인의 심리 상태에 따라서 다릅니다.","P","주파수에 대해 설명해 주세요."
"1","소음에 대해 설명해 주세요.","소음의 발생 원인은 주로 자동차, 철도, 비행기와 같은 교통 수단의 이동에서 나오는 소음이나 공장에서 나는 기계음 등이 있습니다. 최근에는 아파트 생활이 늘어남에 따라 가정에서 사용하는 TV, 오디오, 피아노, 세탁기 등이 유발하는 생활소음이 큰 문제가 되고 있습니다.","P","생활소음에 대해 설명해 주세요."
"1","소음에 대해 설명해 주세요.","소음이란 인체에게 유해한 데시빌 이상의 소리를 의미합니다. 따라서 100 데시빌 이하의 소리는 소음으로 규정될 수 없으며 각 개인이 해당 소리를 불편하다고 느끼더라도 소음이 아니기 떄문에 법적 제재를 받을 수 없습니다.","F",""
"1","소음에 대해 설명해 주세요.","인간은 그 개인에 따라 심리상태가 다르기 때문에 같은 소리라 할지라도 개인마다 소음으로 받아들일 수 있는지 없는지에 대해서 차이를 보입니다. 따라서 소음의 경우 적극적인 대처가 불가능하여 법적으로 보호받을 수 없습니다","F",""
"1","소음에 대해 설명해 주세요.","구체적으로 어떤 것을 소음이라고 규정하기에는 개개인마다 소음을 느끼는 양식이 다르기 떄문에 어렵습니다. 따라서 소음을 일으키는 공공재의 경우 청각장애인이 거주하는 지역에 우선적으로 배치하는 것이 일반적입니다.","F",""
"1","소음에 대해 설명해 주세요.","인간은 그 청각 구조의 특성상 주파수가 1,000Hz 정도인 음을 가장 큰 소리로 느끼고 100Hz 정도인 저음을 가장 작은 소리로 듣게 됩니다. 인간이 음을 듣는 데는 이러한 특징이 있기 때문에, 인간이 불쾌함을 느끼는 소음을 측정할 때 단순히 dB 단위를 사용해서는 정확히 그 크기를 반영할 수 없습니다.","P","dB에 대해 설명해 주세요."
"2","공동주택 층간소음 방지기준에 대해 설명해 주세요.","공통주택의 층간소음에 대한 정부 고시안을 말합니다. 공통주택 층간소음으로 인한 피해가 늘어나자 정부는 '공동주택 층간소음 방지기준'을 정해 2004년 4월 23일부터 경량충격음에 대한 기준을 시행하기 시작했으며, 2005년 7월부터는 중량충격음에 대한 기준도 시행하였습니다.","P","경량충격음에 대해 설명해 주세요."
"2","공동주택 층간소음 방지기준에 대해 설명해 주세요.","주택건설기준 등에 관한 규정에 따르면 각 층간 바닥충격음이 경량충격음 즉, 비교적 가볍고 딱딱한 충격에 의한 바닥충격음은 58데시벨 이하, 중량충격음 즉, 무겁고 부드러운 충격에 의한 바닥충격음은 50데시벨 이하의 구조가 되도록 할 것을 규정하고 있습니다. 이 경우 바닥충격음의 측정은 국토해양부장관이 정하여 고시하는 방법에 의합니다.","P","중량충격음에 대해 설명해 주세요."
"2","공동주택 층간소음 방지기준에 대해 설명해 주세요.","공동주택 층간소음은 사회에서 발생하는 흔한 민원입니다. 층간소음은 그러나 법적으로 제재할 수없고 공동체의 양보를 통해서만 해결될 수 있기 때문에 정부는 현재 층간소음에 대한 어떠한 대처도 시행하고 있지 않습니다.","F",""
"2","공동주택 층간소음 방지기준에 대해 설명해 주세요.","층간 소음은 심각한 소음공해의 일종이기 떄문에 주택을 건설할 때 역시 층간소음을 최소화하기 위해서 규정을 제시하고 있습니다. 주로 바닥충격음은 18데시빌 이하로 존재해야 규정에 적합한 층간소음 소재로 평가받고 있습니다","F",""
"2","공동주택 층간소음 방지기준에 대해 설명해 주세요.","공동주택 층간소음 방지기준은 주로 빌라나 오피스텔을 기준으로 제시되었기 떄문에 일반 빌딩이나 아파트의 경우 해당 방지기준을 적용시킬 수 없는 한계가 있으며, 고층일수록 층간소음 방지기준을 준수할 수 없다는 한계가 있습니다","F",""
"2","공동주택 층간소음 방지기준에 대해 설명해 주세요.","국토해양부에서는 표준바닥구조를 구조별로 5종을 제시하고 온돌층을 제외한 콘크리트 슬래브 바닥두께를 벽식 및 혼합구조는 210mm 이상, 라멘구조는 150mm 이상, 무량판구조는 180mm 이상으로 고시하고 있습니다. 만약 주택건설업체들이 표준바닥구조 이외의 바닥충격음 차단구조로 시공하는 경우 역시 인정기관으로부터 성능확인을 위한 인정을 받아야 합니다.","P","무량판구조에 대해 설명해 주세요."
"1","소음의 발생인자 및 종류를 설명해 주세요.","환경소음은 현대 도시 생활에서 노출되는 소음의 종류와 주요 소음원입니다. 거주 실내 환경에서 피해가 되는 소음원은 외부에서 발생되는 소음과 공동주택 내부에서 발생되는 소음원으로 분류할 수 있습니다. 가장 주된 소음원은 외부에서 발생되는 항공기 소음, 철도 소음, 도로 소음 등 이동 발생원인 교통 소음입니다.","P","도로소음에 대해 설명해 주세요."
"1","소음의 발생인자 및 종류를 설명해 주세요.","직업 소음이 있습니다. 건설기계의 소음은 지반정지공사, 기초공사 및 발파소음으로 분류할 수 있으며, 정지공사에 사용되는 시공 기계는 굴삭기, 불도우저, 로우더, 그레이더 등으로 이들 기계의 발생소음은 엔진의 기동음이 주 소음원 입니다. 환경소음은 공동주택과 사무실 실내 내부에서 발생되는 소음원입니다.","P","발파소음에 대해 설명해 주세요."
"1","소음의 발생인자 및 종류를 설명해 주세요.","소음의 발생인자는 대부분 인위적인 행동에 의해서입니다. 또한 소음이라는 것은 도시의 주요한 특징이기 떄문에 도시 외의 지역에서는 소음이 전혀 발생하지 않으며, 도시에서 발생한 소음원이 외부로 유출되는 일도 없습니다.","F",""
"1","소음의 발생인자 및 종류를 설명해 주세요.","소음의 발생인자는 주로 직접소음에 의해서 동반됩니다. 주변에 존재하는 공사현장이나 기차,자동차 등의 운반설비가 이동하는 경우에 발생하며 굉장히 일시적이기 때문에 해당 인자는 인내심을 통해 해소할 수 있습니다.","F",""
"1","소음의 발생인자 및 종류를 설명해 주세요.","환경소음이란 현대 도시 생활에서 자연적으로 발생하는 소음으로 제재의 대상이 아닙니다. 인간의 목소리나, 발걸음 소리 혹은 자동차가 이동하는 소리등으로 그 소리의 크기와 관계없이 일시적이기 때문에 제재가 불가능하다는 특징을 가지고 있습니다","F",""
"1","소음의 발생인자 및 종류를 설명해 주세요.","레저활동 소음이 있습니다. 소아 청소년기에 노출될 수 있는 소음은 직업적 요인 외에 성인과 마찬가지로 취미 및 오락 활동, 가정 내 기계·기구, 음악, 교통 등의 소음에 상시적으로 노출될 수 있습니다.· 청소년기의 환경상의 소음 노출은 큰 소리를 내는 장난감과 개인용 음향기기, 클럽·밴드활동과 콘서트 등의 음악 연주회, 모터사이클, 모터스포츠 등의 레저활동과 관련이 있습니다.","P","음향기기에 따른 소음에 대해 설명해 주세요."
"1","소음이 건강에 미치는 영향을 설명해 주세요.","직업성 난청의 원인이 됩니다. 재해의 발생이나 작업능률의 저하 등 직접적인 각종 피해를 야기, 청각장애 이외에도 심혈관계 질환과 고혈압의 발생에 영향, 스트레스와 정신장애를 급격히 유발시키는 요인으로 작용하고 수행행동능력 장애, 수면 장애, 대화 방해 등 건강과 일상생활에 영향 등 이와 같은 소음으로 인한 청력장애로 신체적, 정서적, 행동학적, 사회적 기능에 영향을 끼칩니다.","P","난청에 대해 설명해 주세요."
"1","소음이 건강에 미치는 영향을 설명해 주세요.","심장 및 순환기계, 내분기계, 신경계 및 소화기계 등에 영향을 미칩니다. 호흡, 심박동률, 표피 혈류, 말초혈관의 수축, 피부온도, 떨림, 위액분비 기능, 위장관 활동, 뇌의 생물전기적 활동 등의 생리적인 효과와 혈중 지질, 혈중 포도당, 코티졸, 에피네프린, 노르에피네프린, 도파민, 성장호르몬, 마그네슘, 칼슘 농도 등의 변화와 같은 생화학적인 효과를 일으킵니다.","P","순환기계에 대해 설명해 주세요."
"1","소음이 건강에 미치는 영향을 설명해 주세요.","소음은 난청의 원인이 됩니다. 지속적인 소음은 청각의 예민도를 낮추기 때문에 해당 소음에 노출되는 시간이 길어질 수록 난청의 가능성이 높아지며 이에 부가적으로 저혈압을 일으키며 과도한 수면을 일으키기도 합니다.","F",""
"1","소음이 건강에 미치는 영향을 설명해 주세요.","소음은 청력을 저하시킵니다. 그러나 해당 청력 저하는 굉장히 일시적이기 때문에 소음 발생지역에서 벗어나게 되면 즉각적으로 회복되며 모든 소음이 단기적이기 떄문에 건강 상의 문제가 유발되고 있지는 않습니다.","F",""
"1","소음이 건강에 미치는 영향을 설명해 주세요.","소음은 일상생활, 사회생활에 지속적인 문제를 발생시켜 스트레스나 정신적인 문제를 일으키지만, 소음 자체에서 유발되는 신체적인 문제가 존재하지 않기 때문에 마음가짐이나 법적 정신 피해를 보상받는 방안으로 해소할 수 있습니다.","F",""
"1","소음이 건강에 미치는 영향을 설명해 주세요.","난청으로 인한 문제점이 있습니다. 청력의 저하, 난청은 소리의 감지, 언어의 이해 그리고 소리의 방향 근원지 탐지의 어려움 등을 야기하고, 의사소통의 문제는 난청의 정도와 유형에 따라 그 영향이 다양하지만 난청의 정도가 심하지 않더라도 일상생활에서의 어려움을 호소합니다.","P","청력에 대해 설명해 주세요."
"1","백색소음에 대해 설명해 주세요.","음폭이 넓어 공해에 해당하지 않는 소음입니다. 백색 잡음, 화이트 노이즈 등으로 불리며 무작위의 패턴을 보여주기 때문에 랜덤 노이즈라고도 합니다. 그래프로 나타내면 주파수 대역이 전체에 걸쳐 나타나는 평탄한 잡음입니다. 소음의 종류에는 특정 음높이를 가지고 있는 칼라 소음과 넓은 음폭을 가진 백색 소음이 있습니다.","P","음폭에 대해 설명해 주세요."
"1","백색소음에 대해 설명해 주세요.","하얀색 빛은 프리즘을 통과하면 모든 스펙트럼의 색을 보여주는데 이에 착안하여 백색처럼 넓은 음폭을 가지고 있다고 하여 백색 소음이라는 이름이 붙었습니다. TV와 라디오에서 나오는 잡음이 대표적인 백색 소음이고, 파도소리와 숲의 소리 등에도 백색 소음이 들어 있습니다. ","P","라디오 잡음에 대해 설명해 주세요."
"1","백색소음에 대해 설명해 주세요.","백색소음이란 음폭이 좁아서 공해에 해당하지 않는 소음이며 화이트 노이즈라고 알려져 있습니다. 주로 패턴화되어 있기 떄문에 인간의 청각으로 쉽게 관측되지 않지만 지속적으로 신체에 영향을 주는 소음이라고 여겨집니다","F",""
"1","백색소음에 대해 설명해 주세요.","화이트노이즈는 백색처럼 넓은 음폭을 가지고 있으며, 대표적으로 TV나 컴퓨터 등 가정제품이 발생시키는 미세한 소리를 일컫습니다. 그러나 화이트노이즈는 인위적인 소리만을 한정하기 때문에 자연적인 소음은 백색소음으로 고려되지 않습니다","F",""
"1","백색소음에 대해 설명해 주세요.","백색소음은 가전제품에서 주로 발생합니다. 저주파인 경우가 많기 떄문에 인간의 청각으로 감지될 수는 없지만, 저주파가 피부에 흡수되어  미세한 진동을 일으키는 경우가 있고 주파수 대역이 굉장히 좁다는 특징을 가지고 있습니다.","F",""
"1","백색소음에 대해 설명해 주세요.","가전제품에서 나오는 백색 소음에는 고주파가 섞여 있어 듣기에 불편한 경우가 많습니다. 집중 및 안정 효과를 얻기 위해서는 자연음향인 빗소리, 귀뚜라미 소리, 물 흐르는 소리 등이나 선풍기나 공기청정기 소리 같은 저주파의 기계음이 도움이 됩니다. 특히 파도소리나 계곡소리에 들어 있는 백색 소음은 인간 뇌파의 알파파를 동조시켜 심리적 안정을 불러와 수면을 촉진합니다.","P","알파파에 대해 설명해 주세요."
"2","소음관리진동법에 대해 설명해 주세요.","소음·진동으로 인한 피해를 방지하고 소음·진동을 적정하게 관리함으로써 모든 국민이 조용하고 쾌적한 환경에서 생활할 수 있도록 하기 위함을 목적으로 하며, 주요내용은 다음과 같습니다. 소음이란 기계·기구·시설 기타 물체의 사용 또는 사람의 활동으로 인하여 발생하는 강한 소리를 말하고, 진동이란 그러한 물체의 사용으로 인하여 발생하는 강한 흔들림을 말합니다.","P","소음과 진동의 예제를 설명해 주세요."
"2","소음관리진동법에 대해 설명해 주세요.","소음·진동의 배출허용기준은 환경부령으로 정하도록 되어 있고, 공장에서 나오는 소음·진동, 생활환경 주변의 사업장 및 공사장의 소음·진동, 교통기관에서 발생하는 소음·진동, 항공기의 소음 등은 본법의 관리대상입니다. 다만, 다른 법률이 소음·진동의 측정과 그에 따른 조치를 달리 정하고 있는 경우에는 그 시험방법에 따릅니다.","P","항공기의 소음에 대해 설명해 주세요."
"2","소음관리진동법에 대해 설명해 주세요.","소음관리 진동법이란 해당 소음과 반대방향의 진동수를 적용시켜 해당 소음을 공명하게 하여 상쇄하는 기법을 의미합니다. 주로 층간소음을 해소하기 위한 목적으로 사용되며, 진동이 약한 소음에만 적용될 수 있다는 특징을 지니고 있습니다","F",""
"2","소음관리진동법에 대해 설명해 주세요.","소음관리 진동법은 소음 진동으로 인해 발생하는 피해를 방지하기 위해서 소음을 일으키는 기계 기구 시설 기타 물체를 사용할 경우 해당 사용 공간에서 진동이나 소음을 감지하는 사람들에게 적절한 피해보상을 하는 제도입니다.","F",""
"2","소음관리진동법에 대해 설명해 주세요.","소음 진동을 발생시키는 설비를 설치하는 경우에 소음관리 진동법에 의해서 도로교통부서에 신고를 해야하며 허가를 받아야만 설비를 설치할 수 있습니다. 자체적으로 해당 설비를 설치할 경우 해당 기간 동안 발생한 피해에 대한 보상을 해야하는 의무가 주어집니다.","F",""
"2","소음관리진동법에 대해 설명해 주세요.","소음·진동을 발생시키는 설비를 설치하는 경우 보통은 시·도지사에게 신고만 하면 되지만, 학교 또는 종합병원 주변 등 대통령령이 정하는 지역에서는 허가를 받도록 하고 있습니다. 또, 시·도지사는 주민의 조용하고 쾌적한 생활환경을 보호하기 위하여 필요한 경우에는 일정한 지역을 교통소음·진동 관리지역으로 지정할 수도 있습니다.","P","교통소음의 종류를 설명해 주세요."
"1","토양에 대해 설명해 주세요.","대부분의 토양은 암석의 풍화물입니다. 지표면이나 지표 근처에 노출된 암석이 산소·물·열작용을 받아 대·소의 입자로 깨진 혼합물과 화학반응 생성물, 유기물로 구성되어 있습니다. 이 풍화 퇴적물질 사이는 공기와 물이 점유하고 있습니다. 이들 3상 사이에 침투·분포되어 있는 식물의 뿌리는 양분과 수분을 흡수하여 생장하므로 토양은 생명현상의 근원이 됩니다.","P","식물의 뿌리에 대해 설명해 주세요."
"1","토양에 대해 설명해 주세요.","토양이 생명현상의 근원이 되므로 우선 인간의 의·식·주 생활에 필수적인 것으로 보아야 할 것입니다. 실존적인 면에서의 정의는 토양이 3상계 입니다. 대부분의 토양에서는 고체상은 광물질 입자로 되어 있고, 이들 입자 사이에는 틈이 있어서 기체와 액체가 점유하고 있습니다.","P","광물질 입자에 대해 설명해 주세요."
"1","토양에 대해 설명해 주세요.","토양이란 암석이 풍화와 침식 과정을 거쳐서 미립자가 된 형태를 의미합니다. 토양은 그 비옥도에 따라서 구분되는데 비옥도는 유기물의 존재 유무에 따라서 구분됩니다. 유기물이 없는 토양이 더 비옥도가 높은 토양으로 평가되고 있습니다.","F",""
"1","토양에 대해 설명해 주세요.","대부분의 토양은 많은 유기물을 함유하고 있는데, 이로인해 토양에서 자체적인 생태계가 구축되어 있습니다. 따라서 생태계의 종류에 따라서 토양의 용도가 달라지게 되는데 보통의 경우 토양 생태계가 자립도가 높을 수록 농업에 적합합니다.","F",""
"1","토양에 대해 설명해 주세요.","토양은 다양한 풍화물이 누적되어 존재하기 때문에 연령을 파악하기 굉장히 어렵습니다. 또한 바람이나 비 등 자연현상에 의해서 끊임없이 뒤섞이기 때문에 대부분 지층의 종합적인 평균 나이를 통해 토양의 나이를 예측하는 정도에 불과합니다.","F",""
"1","토양에 대해 설명해 주세요.","토양에는 미생물이 서식하고 있어 이들의 호흡과 뿌리의 호흡에 의해서 발생되는 이산화탄소는 대기 중으로, 산소는 토양 중으로 확산됩니다. 작물재배·잔디·정원 토양의 바람직한 3상분포는 고체상 45 %, 유기물 5 %, 물과 공기는 각각 25 % 정도가 좋습니다.","P","미생물에 대해 설명해 주세요."
"1","지하수 오염에 대해 설명해 주세요.","자연적인 특정 성분이 필요 이상으로 많이 녹아 있는 지하수는 인체에 해로우므로 오염되었다고 말합니다. 질병 치료를 목적으로 특정 성분이 많이 함유된 물을 마시는 경우도 있으나 이는 어디까지나 예외적인 경우입니다. 질산염이 포함된 지하수를 복용한 갓난아기에게는 혈액중의 산소 부족을 일으키는 청색증이 나타납니다.","P","청색증에 대해 설명해 주세요."
"1","지하수 오염에 대해 설명해 주세요.","인위적인 원인에 의한 오염은 더욱 심각한데, 그 이유로는 인간의 의도적인 행위나 예기치 않은 사고 또는 눈에 보이는 지표수에 비하여 지하수에 대한 무관심 등을 들수 있습니다. 오염원은 생활하수·산업폐수·축산폐수 등과 같이 배출지점이 뚜렷하고 한정된 점오염원과 농경지·목초지·산림지·사육장·건축현장·광산·벌채지·폐기물처리장·쓰레기매립지·도심지·도로등과 같이 배출지역이 광범위한 비점오염원으로 나눌 수 있습니다.","P","비점오염원에 대해 설명해 주세요."
"1","지하수 오염에 대해 설명해 주세요.","지하수오염이란 지하수에 생활폐수나 공장폐수가 유입됨에 따라 자연적으로 발생하지 않은 오염물질이 지하수와 결합하여 발생합니다. 지하수오염의 과정떄문에 하수도에서 심각한 부가적 질병이 발생할 가능성도 있습니다.","F",""
"1","지하수 오염에 대해 설명해 주세요.","자연에 존재하는 지하수의 특정 성분이 갑자기 상승한 경우 지하수 오염으로 추측됩니다. 주로 인위적인 활동에 의해서 발생하는 경우가 있지만, 해당 성분의 비율이 조정될 뿐 인체에 유해하지는 않습니다.","F",""
"1","지하수 오염에 대해 설명해 주세요.","인위적인 원인에 의한 오염이 많이 발생하는데, 그러한 경우 인간의 예측 범위에서 벗어나지 않기 때문에 즉각적인 오염원 처리가 가능하며 지하수 오염이 발생하더라도 정화시설을 통해 완벽히 오염을 사전적으로 방지할 수 있습니다","F",""
"2","실내공기질 관리법에 대해 설명해 주세요.","이 법은 지하역사와 지하도 상가, 여객자동차터미널의 대합실, 공항의 여객터미널, 항만의 대합실, 도서관, 박물관 및 미술관, 의료기관, 실내 주차장, 철도역사의 대합실 등 불특정 다수의 사람들이 이용하는 시설과 아파트와 연립주택으로서 대통령령이 정하는 규모 이상의 공동주택을 적용대상으로 합니다.","P","아파트와 연립주택에 대해 설명해 주세요."
"2","실내공기질 관리법에 대해 설명해 주세요.","환경부 장관은 실내 공기질 공정시험방법을 정하여 고시해야 합니다. 공기질 유지기준은 시행규칙으로 정하되, 지역환경의 특수성을 고려하여 시·도의 조례로 유지기준을 더 엄격하게 정할 수 있습니다. 환경부 장관은 공기질 유지기준과는 별도로 공기질 권고기준을 마련하여 다중이용시설의 소유자 등에게 권고할 수 있습니다.","P","다중이용시설에 대해 설명해 주세요."
"2","실내공기질 관리법에 대해 설명해 주세요.","실내 공기는 폐쇄된 공간의 공기의 질을 유지하기 위해서 실내공기질 관리법의 규제를 받습니다. 시행규칙으로 공기질 유지기준을 정하기 떄문에 모든 지하시설은 상시적으로 에어컨을 가동하도록 규정받고 있습니다.","F",""
"2","실내공기질 관리법에 대해 설명해 주세요.","실내공기질 관리법은 지하도 상가, 혹은 대합실, 터미널과 같이 다수의 사람들이 모이는 곳을 대상으로 하며 불특정 다수가 있어야만 관리법의 제약을 받습니다. 따라서 아파트와 같은 고정적 주거시설은 해당 관리법의 대상이 아닙니다.","F",""
"2","실내공기질 관리법에 대해 설명해 주세요.","다중 이용시설의 소유자 등은 시행 규칙에 따라 환경부 장관의 허가를 통해서 해당 소유권을 인정받습니다. 해당 허가를 받지 않거나 혹은 5년이 지나기 전에 갱신하지 않을 경우에 해당 소유권은 국가로 귀속되게 됩니다.","F",""
"2","실내공기질 관리법에 대해 설명해 주세요.","다중이용시설의 소유자 등은 시행규칙에 따라 환경부 장관이 실시하는 실내 공기질 관리에 관한 교육을 받아야 합니다. 다중이용시설을 설치하는 자는 공기정화설비와 시행규칙의 기준에 따른 환기설비를 설치해야 합니다. 시공이 완료된 공동주택의 시공자는 실내 공기질의 측정결과를 시장·군수·구청장에게 제출하고 입주민들이 잘 볼 수 있는 장소에 공고해야 합니다.","P","공기정화설비에 대해 설명해 주세요."
"1","공기정화장치에 대해 설명해 주세요.","적당한 위생환경 또는 작업환경을 유지하기 위해 실내의 공기를 정화하는 경우와 오염된 공기를 대기 속으로 배출하기 전에 정화하는 경우가 있습니다. 공기조화장치 속에포함되는 공기여과기·공기세척기 등은 전자에 속하고, 원자력시설 등의 배기장치에 설치되는 것은 후자에 속합니다.","P","공기여과기에 대해 설명해 주세요."
"1","공기정화장치에 대해 설명해 주세요.","인간의 폐에 들어가면 해로운 먼지의 크기는 0.5∼5μm입니다. 독성이 있는 것은 물론 문제 밖의 일입니다. 또한 10μm 이상의 것은 육안으로도 보이므로 기분적으로 대단히 불쾌감을 줍니다. 따라서 공기정화장치는 이 범위의 먼지를 제거할 수 있어야 합니다.","P","먼지가 폐에 끼치는 영향을 설명해 주세요."
"1","공기정화장치에 대해 설명해 주세요.","적당한 위생환경을 유지하기 위해서는 공기정화장치가 필수적입니다. 또한 최근에는 미세먼지와 초미세먼지로 인해서 실내공기가 위협받기 떄문에 실내사업장을 운영하는 경우 공기정화장치가 필수적으로 설치되어 있어야만 합니다.","F",""
"1","공기정화장치에 대해 설명해 주세요.","일반적으로 공기정화장치는 그 정의가 넓은 범위를 차지하기 떄문에, 에어컨과 공기청정기와 같은 전문적인 기기 뿐만 아니라, 다용도 창문 혹은 환풍기, 기온을 변화시키는 난로 역시 공기정화장치로 포함하고 있습니다.","F",""
"1","공기정화장치에 대해 설명해 주세요.","적당한 위생환경 또는 작업환경을 유지하기 위해서 실내의 공기를 정화하는 장치를 공기정화장치라고 합니다. 그러나 공기정화장치는 고가를 자랑하기 떄문에 대중적으로 사용되지 못하고 있는 실정입니다.","F",""
"1","공기정화장치에 대해 설명해 주세요.","일반적으로 공기정화장치는 먼지의 크기와 농도에 대한 목표값에 따라 선택됩니다. 공기여과기는 직물 ·종이 ·유리섬유 등의 여과재에 공기를 통하여 그 속에 들어 있는 먼지를 제거하는 것으로, 여과재의 종류에 따라 성능도 크게 달라집니다. 공기세척기는 공기의 흐름 속에 대량의 물을 내뿜어 먼지를 제거하려는 것이며, 동시에 습도를 가감할 수 있기 때문에 섬유공장 등의 공기조화장치로 널리 사용되고 있습니다.","P","여과재에 대해 설명해 주세요."
"1","환기에 대해 설명해 주세요.","환기는 보통 실내의 공기를 창 밖의 공기와 교환하는 뜻으로 사용됩니다. 창문이나 환기통 등을 이용하는 자연환기와 송풍기나 환풍기를 사용하는 기계환기로 나뉩니다. 일반적인 환기의 목적은 더러워진 공기의 갱신과 열이나 습기 등의 제거입니다. 여기서 말하는 더러워진 공기라고 하는 것은 그 장소의 사용목적상 부적당한 냄새 ·연기 ·먼지 ·세균 ·습기 ·가스 등이 일정한도 이상 포함된 공기를 말합니다.","P","자연환기의 장점과 단점을 설명해 주세요."
"1","환기에 대해 설명해 주세요.","사람이 있는 실내의 공기상태의 좋고 나쁨의 판단에는 그 공기 중의 탄산가스의 농도를 지표로 사용합니다. 이것은 탄산가스 그 자체가 인체에 유해하다는 것이 아니라, 실내의 사람의 호흡에 의하여 탄산가스의 농도가 증가함에 따라 산소량은 감소되고 냄새의 증가 등으로 전반적인 공기의 상태가 나빠지는 것이 보통이므로, 그 종합적인 지표로서 이산화탄소의 농도에 주목하는 것입니다.","P","탄산가스의 농도에 대해 설명해 주세요."
"1","환기에 대해 설명해 주세요.","환기란 보통 실내의 공기에 강제적인 순환을 일으켜서 공기를 교환하는 시스템을 의미합니다. 단순히 창문을 여는 것만을 환기라고 하지않으며, 실내의 모든 공기가 외부의 공기로 대체되어야만 환기로 칭하고 있습니다.","F",""
"1","환기에 대해 설명해 주세요.","사람이 실내에 존재하게 되면 이산화탄소가 지속적으로 상승하기 떄문에 산소를 발생시키기 위해서는 적절한 환기가 필요합니다. 그러나 환기를 자주하게 되면 대기 중 이산화탄소 농도가 급격히 상승하기 떄문에 환경오염을 일으 킬 수 있습니다.","F",""
"1","환기에 대해 설명해 주세요.","실내 사람이 호흡을 통해 탄산가스가 늘어남에 따라 냄새 등이 발생하거나 호흡곤란이 발생하기 때문에 환기는 지속적으로 실시되어야 하며 따라서 창문이 존재하지 않는 주거시설같은 경우는 주택법에 의해 처벌의 대상이 됩니다","F",""
"1","환기에 대해 설명해 주세요.","공기 중 탄산가스 농도가 4∼5% 이상일 때는 위험합니다. 유해가스가 발생하는 장소에는 탄산가스의 농도가 한도 이하라도 안전하지 않습니다. 예를 들면, 난방 중인 실내에서는 일산화탄소에, 먼지가 많이 발생하는 작업장에서는 그 먼지의 농도에 주의하여 환기를 해야 합니다. 박테리아의 제거는 먼지를 제거하는 것이 효과적입니다.","P","일산화탄소에 대해 설명해 주세요."
"2","기계환기에 대해 설명해 주세요.","보통 기계환기장치에는 공기정화장치도 아울러 고려합니다. 넓은 공간 내에서 가스나 먼지를 제거하기 위하여 환기를 할 경우에는, 가스나 먼지가 발생하는 부분에서 국소적으로 배기하면 효과적이고 경제적입니다. 예를 들면 금속가루가 날려 흩어지는 그라인더 부근이나, 뿜칠 도장을 행하는 장소에서는 그 부분을 덮어씌우듯이 하여 배기구멍을 내면 금속가루나 도료의 미립자를 작업장 전체에 확산하지 않고, 배기량도 비교적 소량으로 환기의 목적을 달할수 있습니다.","P","도료의 미립자를 제거하는 방법에 대해 설명해 주세요."
"2","기계환기에 대해 설명해 주세요.","주방내에서 다량의 열기나 증기를 발생하는 장소에도 응용되며, 후드가 사용됩니다. 대형빌딩이나 지하상가에서는 화재 때 연기에 둘러싸여 탈출장소를 잃고 질식사하는 예가 많은데, 이것을 방지하기 위하여는 연기를 유효하게 배출시킬 수 있는 배연장치를 두어야 합니다. 이것도 일종의 환기장치입니다.","P","후드의 역할을 설명해 주세요."
"2","기계환기에 대해 설명해 주세요.","기계환기란 공기정화장치와 별도로 고려되어야 합니다. 넓은 공간에서 창문이 존재하지 않을 경우 공기정화장치를 설치하더라도 환기 정도가 부족할 수 있기 떄문에 기계환기장치인 환풍기를 강제적으로 설치해야만 합니다.","F",""
"2","기계환기에 대해 설명해 주세요.","주방내 다량의 연기가 발생하는 음식점의 경우에는 기계환기장치가 필수적으로 설치되어야 합니다. 그러나 기계환기장치는 매연가스를 생성하기 떄문에 별도의 공기정화장치에 연결되어 처리 후 배출되게 해야 합니다.","F",""
"2","기계환기에 대해 설명해 주세요.","넓은 공간에서 발생하는 가스나 먼지를 제거하기 위해서 기계환기가 필수적입니다. 그러나 자연적인 환기가 가능한 지역에서는 기계환기장치를 설치않아도 됩니다. 자연적 환기 가능 기준은 창문의 개수로 파악하고 있습니다.","F",""
"1","쓰레기 종량제에 대해 설명해 주세요.","쓰레기 배출량에 따라 그 처리비를 차등적으로 부과함으로써 쓰레기 배출량이 늘어나면 처리비도 그만큼 많이 부담하는 제도입니다. 환경부는 건물면적, 재산세 등을 과표로 쓰레기처리 수수료를 징수하던 종전의 제도를, 오염자 부담원칙에 따라 실제 배출량을 과표로 수수료를 부과하는 이 제도로 전환하였습니다.","P","오염자 부담원칙에 대해 설명해 주세요."
"1","쓰레기 종량제에 대해 설명해 주세요.","종량제 적용대상 폐기물은 일반 가정과 소규모 사업장에서 발생한 생활폐기물, 즉 일반 쓰레기입니다. 배출자는 일반 쓰레기를 규격봉투에 담아 배출해야 합니다. 규격봉투는 지정된 판매소에서 정해진 가격으로 구입합니다. 규격봉투에 쓰레기 처리수수료가 포함되어 있기 때문에 규격봉투에 담아 버린 쓰레기에 대해서는 따로 수거료를 낼 필요가 없습니다.","P","규격봉투에 대해 설명해 주세요."
"1","쓰레기 종량제에 대해 설명해 주세요.","쓰레기 배출량에 따라 균등하게 그 처리비를 지급하는 것으로 배출량에 따라 배수적으로 그 부담금을 지불하는 제도를 쓰레기 종량제라고 합니다. 따라서 양적인 차이만을 고려할 뿐 쓰레기의 질적차이를 고려하지 못하는 한계가 있습니다.","F",""
"1","쓰레기 종량제에 대해 설명해 주세요.","쓰레기 종량제는 주로 그 수량을 줄일 수 있는 가정쓰레기에 한하여 운영되고 있습니다. 각 구마다 다른 쓰레기 종량제를 실시하고 있기 떄문에 쓰레기 종량제에 드는 비용은 각 지방자치단체장의 재량에 따라 달라지는 성질이 있습니다.","F",""
"1","쓰레기 종량제에 대해 설명해 주세요.","일반 가정과 소규모 사업장에서 발생하는 일반 쓰레기가 쓰레기 종량제의 대상이 됩니다. 또한 일반가정과 소규모 사업장에서 배출하는 쓰레기의 양이 동등하기 떄문에 종량제 가격은 해당 두 대상이 동일하게 지급하고 있습니다","F",""
"1","폐기물 처리시설에 대해 설명해 주세요.","폐기물을 소각, 기계적 · 화학적 · 생물학적 처리 또는 매립 등을 통해 처리하는 시설을 말합니다. 폐기물관리법에 의한 폐기물처리시설은 쓰레기, 연소재, 오니, 폐유, 폐산, 폐알칼리 및 동물의 사체 등으로서 사람의 생활이나 사업활동에 필요하지 아니하게 된 물질의 중간처리시설과 최종처리시설 및 재활용시설을 말합니다.","P","오니에 대해 설명해 주세요."
"1","폐기물 처리시설에 대해 설명해 주세요.","기계적 처리시설은 동력 10마력 이상의 압축시설, 동력 20마력 이상의 파쇄 · 분쇄 시설, 동력 10마력 이상의 절단시설, 동력 10마력 이상의 용융시설, 연료화시설, 증발 · 농축시설, 분리 · 증류 · 추출 · 여과 등의 처리시설을 이용하여 폐기물을 처리하는 단위시설을 포함한 정제시설, 유수 분리시설, 탈수 · 건조 시설, 멸균 · 분쇄 시설을 말합니다.","P","마력의 단위에 대해 설명해 주세요."
"1","폐기물 처리시설에 대해 설명해 주세요.","폐기물 처리시설은 모든 곳에서 발생하는 폐기물을 종합하여 처리하는 시설을 의미합니다. 가정에서 발생하는 쓰레기나 사업장에서 발생하는 쓰레기 혹은 발전소에서 발생하는 쓰레기가 종합적으로 한 번에 처리되는 것이 특징입니다.","F",""
"1","폐기물 처리시설에 대해 설명해 주세요.","폐기물 처리는 주로 압축을 통해 이뤄집니다. 10마력 이상의 압축을 통해서 쓰레기를 압축한 각 쓰레기의 종류와 관계없이 소각하여 그 부피를 줄인 뒤 매립하는 방식으로 이뤄지며 이는 특수폐기물 역시 마찬가지로 적용됩니다.","F",""
"1","폐기물 처리시설에 대해 설명해 주세요.","폐기물 처리는 주로 소각에 의해서 이뤄집니다. 소각을 통해 화력발전소를 가동함과 동시에 쓰레기의 부피와 밀도를 감소시킬 수 있으며, 정화시설을 통해서 매연 역시 대기 중에 나올 떄 유해성분이 제거되어 나오기 떄문에 친환경적입니다","F",""
"1","폐기물 처리시설에 대해 설명해 주세요.","화학적 처리시설은 고형화 · 안정화 · 고화 시설, 반응시설, 응집 · 침전 시설을 말합니다. 생물학적 처리시설은 사료화 · 퇴비화 · 소멸화 시설, 소멸화 시설은 1일 처리능력 100㎏ 이상, 건조에 의한 사료화 · 퇴비화 시설 포함입니다. 그리고 호기성 · 혐기성 분해시설, 그 밖에 환경부장관이 폐기물을 안전하게 중간처리할 수 있다고 인정하여 고시하는 시설입니다.","P","화학적 처리시설에서 고형화가 필요한 이유를 설명해 주세요."
"1","환경영향평가에 대해 설명해 주세요.","환경영향평가는 환경오염 사전예방 수단으로서 사업계획을 수립 · 시행함에 있어서 해당사업의 경제성 · 기술성뿐만 아니라 환경성까지 종합적으로 고려하여 환경적으로 건전한 사업계획안을 모색하는 과정이자 계획기법이라 할 수 있습니다. 환경영향평가는 도시개발, 산업단지 조성 등의 개발사업을 대상으로 실시합니다.","P","도시개발 시 환경영향평가가 중요한 이유를 설명해 주세요."
"1","환경영향평가에 대해 설명해 주세요.","환경영향평가 대상사업의 사업계획을 수립하려고 할 때에 그 사업의 시행이 환경에 미치는 영향을 미리 조사 · 예측 · 평가하여 해로운 환경영향을 피하거나 줄일 수 있는 방안을 강구하는 것을 말합니다. 산업사회의 진전에 따른 개발사업의 시행으로 환경오염이 점차 심화되자 경제성, 기술성 외에 환경보전을 주요 인자로 하여 사업계획의 합목적성을 평가하여야 한다는 견해가 대두하였고 이에 따라 환경영향평가제도를 도입하였습니다.","P","환경보전 기준으로 사업계획의 합목적성을 평가하는 것에 대해 설명해 주세요."
"1","환경영향평가에 대해 설명해 주세요.","환경영향평가란 환경오염에 대해 해당 기업이 어느정도의 관심을 가지고 있는지를 측정하는 평가를 의미합니다. 이로 인해 사업에서 발생하는 이윤이 치명적으로 감소하게 되어 모든 영리단체에 경제적인 피해를 발생시켰습니다","F",""
"1","환경영향평가에 대해 설명해 주세요.","환경영향평가란 민간 사업자에게만 해당되며 지방자치단체나 공기업과 같은 국가 운영 단체에는 적용되지 않습니다. 민간사업자는 매 분기 환경영향에 대한 실적을 각 지방자치단체에 보고해야할 의무가 있으며 미 이행시 운영할 수 없습니다","F",""
"1","환경영향평가에 대해 설명해 주세요.","환경영향평가란 대상 사업의 사업 계획을 수립하려고할 떄 해당 사업이 환경에 미치는 영향을 사전적으로 조사하여 해당 사업의 진행 가능 유무를 측정합니다. 해당 평가에서 진행 불가로 판명난 사업일 경우 해당 지방자치단체에서 운영할 수 없습니다.","F",""
"1","환경영향평가에 대해 설명해 주세요.","특별시장 · 광역시장 · 도지사 · 특별자치도지사 또는 인구 50만 이상인 시의 시장은 환경영향평가대상사업의 범위에 해당하지 아니하는 사업에 대하여 지역의 특성 등을 고려하여 조례로 정하는 바에 따라 그 사업계획을 수립하거나 사업을 시행하려는 자로 하여금 환경영향평가를 실시하게 할 수 있습니다.","P","환경영향평가대상사업에 대해 설명해 주세요."
"1","토양의 산성화에 대해 설명해 주세요.","토양의 산성화는 강우량이 증발량보다 클 때 산염의 분해로 유리된 염기가 유실되어 산성토양이 되는 기후에 의한 토양 반응이 있고, 규산염 광물과 가수분해 산물의 분해, 부식이나 비료에 의한 산성화, 산성비와 공해물질 유입으로 인한 산성화 등이 있습니다.","P","비료에 의한 산성화에 대해 설명해 주세요."
"1","토양의 산성화에 대해 설명해 주세요.","비료에는 황산암모늄 ·과인산석회 ·황산칼륨 등이 들어 있는데, 식물이 자라는 데 필요한 질소, 인산, 칼륨을 이용하고 황산이 남기 때문에 흙이 산성으로 변하게 됩니다. 또한 식물은 생장을 위해 흙 속에서 염기성 금속을 섭취하는데, 염기를 충분히 섭취한 작물을 뿌리채 뽑으면 흙이 염기를 빼앗겨 산성이 강해집니다.","P","황산칼륨에 대해 설명해 주세요."
"1","토양의 산성화에 대해 설명해 주세요.","토양은 대부분 유기물질이 염기성을 띄기 떄문에 pH농도가 6과 7안팎의 낮은 염기성을 띄고 있으나, 황산암모늄, 황산 칼륨 등이 폐기물이나 산성비에 의해서 토양에 스며들면서 산성화가 일어나게 되어 pH농도를 9까지 끌어올리기도 합니다.","F",""
"1","토양의 산성화에 대해 설명해 주세요.","토양의 산성화란 염기성을 띄고 있는 토양의 pH농도가 급격하게 감소하여 4~5정도의 강한 산성을 지닌 형태로 변화하는 것을 말합니다. 토양이 산성화가 되면 식물의 크기가 기하급수적으로 커지는 부작용이 발생하기도 합니다.","F",""
"1","토양의 산성화에 대해 설명해 주세요.","토양의 산성화란 산성비가 지닌 수은, 납, 카드뮴, 알루미늄 등의 중금속이 토양에 섞이면서 pH농도가 상승하는 것을 의미합니다. 토양의 산성화는 굉장히 지엽적인 공간에서만 일어나는 현상이기 떄문에 인접지역으로 피해가 전파되지는 않습니다","F",""
"1","토양의 산성화에 대해 설명해 주세요.","산성비는 강이나 하천의 pH를 떨어뜨려 수은, 납, 카드뮴, 알루미늄 등 중금속의 용출량을 증대시켜 어류의 생태계에 나쁜 영향을 미칩니다. 또한 삼림 ·건조물에 피해를 주며, 토양도 산성화시킵니다. 토양이 산성화되면 식물이 제대로 자라지 못하게 되며, 낙엽이나 동물 사체의 분해가 제대로 되지 않아 토양 동물의 영양공급이나 먹이제공에 직접적으로 영향을 주게 됩니다.","P","pH에 대해 설명해 주세요."
"1","환경공학에 대해 설명해 주세요.","대기·수질·폐기물·토양·해양 등의 오염 예방과 소음 및 진동공해 방지 등의 환경문제를 해결하기 위하여 학문적인 연구를 하는 분야입니다. 넓은 의미로는 자연환경의 보전을 꾀하는 것이고, 좁은 의미로는 생산활동에 뒤따르는 각각의공해나 재해 방지 대책을 수립하는 것입니다.","P","폐기물의 종류를 설명해 주세요."
"1","환경공학에 대해 설명해 주세요.","역사상 유례가 없는 최대의 생활권 환경오염 문제에 직면하고 있는데, 이러한 문제의 해결은 특정 지역이나 한 국가의 문제가 아니라 지구촌 전체의 중대한 공동 과제로 제기되고 있습니다. 따라서 환경오염으로 인한 보건위생상의 위해현상을 방지하고, 인간의 환경을 쾌적하게 보전하려는 환경공학의 영역과 그 중요성은 갈수록 커지고 있습니다.","P","보건위생에 대해 설명해 주세요."
"1","환경공학에 대해 설명해 주세요.","환경공학은 환경오염물질이 인간의 활동과 동·식물의 생육에 피해를 일으키는 현상인 환경오염을 줄이려는 목적으로 환경오염물질을 배출하는 발생원에서 비용과 관계없이 고효율적인 환경오염 방지시설을 설계, 시공, 운전하기 위해 기술개발하는 것을 의미합니다.","F",""
"1","환경공학에 대해 설명해 주세요.","환경공학이란 환경에 존재하는 에너지를 이용하여 인간의 활동에 유의미한 재료로 활용하는 것으로서 환경파괴를 일으키며 생태계를 파괴하기 떄문에 OECD가입국가에서는 환경공학의 연구가 원천적으로 금지되어 있습니다.","F",""
"1","환경공학에 대해 설명해 주세요.","환경문제를 해결하기 위해서 학문적인 연구를 진행하는 것을 환경공학이라고 합니다. 그러나 자연 환경을 보존하는 것이 아닌 자연 환경에 인위적인 재료를 주입하여 환경의 질을 보다 높이는 것이어야 하며 그 외의 것은 환경공학으로 여겨지지 않습니다.","F",""
"1","환경공학에 대해 설명해 주세요.","세계무역기구의 출범과 한국의 OECD 가입에 따라 환경과 무역의 연계강화 및 환경정책의 변화에 대처하고자, 국내에서는 1992년부터 국가경쟁력의 중요한 요인으로 부각되고 있는 환경과학기술의 발전을 위하여 G7 환경공학기술개발사업을 실시하고 있습니다.","P","OECD에 대해 설명해 주세요."
"2","입자상물질에 대해 설명해 주세요.","입자상오염물질이라고도 합니다. 대기오염물질을 특성에따라 나눌 때 가스상오염물질에 대비되는 형태로서, 발생한 뒤 일정기간 대기 중에 흩어져 존재합니다. 입자의 크기가 물질의 성격에 큰 영향을 미치는데, 대기 중에 존재할 때는 시정장애를 일으키기도 하고, 일부 미세한 흡입분진은 인체의 폐나 호흡기에 들어가 치명적인 피해를 입히기도 합니다.","P","입자상물질이 호흡기에 미치는 영향을 설명해 주세요."
"2","입자상물질에 대해 설명해 주세요.","크기는 지름 0.0002㎛의 단일분자보다는 크고 500㎛보다는 작은데, 0.001~100㎛ 크기의 것은 에어로솔이라 부릅니다. 이 크기의 입자들은 대기 중에 짧게는 수초에서 길게는 몇 달 동안 머무는데, 크기가 0.1㎛보다 작은 입자들은 대기 중에서 자유브라운운동을 하여 각각의 분자들과 충돌합니다.","P","자유브라운운동에 대해 설명해 주세요."
"2","입자상물질에 대해 설명해 주세요.","입자상오염물질이라고 하며 단일분자보다 작은 경우에 입자상 오염물질로 규정됩니다. 주로 에어로솔이라고 부르며, 모든 에어로솔에 인체에 유해한 피해를 일으키는 성분이 함유되어 있지는 않으며, 대기 중에 지엽적으로 존재합니다","F",""
"2","입자상물질에 대해 설명해 주세요.","입자단위의 작은 크기의 물질이 공기중에 부유할 경우 이를 입자상물질이라고 합니다. 대기 중에 존재하는 경우가 많으며 인체에서 흡입할 경우 각종 신진대사 장애나 소화기관 장애를 일으키지만 호흡기에는 영향이 있지 않습니다","F",""
"2","입자상물질에 대해 설명해 주세요.","생성과정에 따라 1차입자와 2차입자로 나뉩니다. 2차입자는 발생원에서 대기 중에 방출된 가스상 물질이 광화학,열화학적 반응에 의해서 변질되어 입자상물질로 변화한 것이고 2차입자의 경우 해당 입자상물질이 인위적 과정을 거쳐 병원균을 함유할 경우입니다","F",""
"2","입자상물질에 대해 설명해 주세요.","생성과정에 따라 1차입자와 2차입자로 나뉩니다. 1차입자는 발생원에서 대기 중으로 직접 방출되는 것으로, 해염입자·토양입자·연소입자 등이 있습니다. 2차입자는 발생원에서 대기 중에 방출된 가스상물질이 광화학·열화학 반응을 하면서 생긴 입자로서 성분은 주로 황산염·질산염·암모늄염 및 유기물질입니다.","P","2차입자의 특징을 설명해 주세요."
"1","생태발자국에 대해 설명해 주세요.","인간이 지구에서 삶을 영위하기 위해 필요한 의식주, 에너지, 시설 등의 생산, 폐기물의 발생과 처리에 들어가는 비용을 개인 단위와 국가 단위, 지구 단위로 나타내는 방식입니다. 생태발자국은 헥타르 또는 지구의 개수로 수치화하는데, 그 수치가 클수록 지구에 해를 많이 끼친다는 의미이기 때문에 인간이 자연에 남긴 피해 지수로 이해할 수 있습니다.","P","헥타르의 단위에 대해 설명해 주세요."
"1","생태발자국에 대해 설명해 주세요.","음식, 주거, 교통, 소비재, 서비스 등 5개 소비범주와 에너지생산소비, 구조물환경, 정원, 경작지, 초지, 인공림, 자연림, 비생산적 토지 등 8개 토지이용 범주로 나누어 총소비량을 산출하고 이를 생산하는 데 사용된 1인당 토지면적을 추정하는 방식으로 측정 대상지역의 연평균 개인 소비량을 도출합니다.","P","비생산적 토지에 대해 설명해 주세요."
"1","생태발자국에 대해 설명해 주세요.","생태발자국이란 인간이 사용하는 생태계의 총 범위를 말하는 것입니다. 따라서 1인당으로 생태발자국인 개인 소비량을 도출하지 않으며 각 범위에 존재하는 모든 개인 소비량을 총합하여 범위적으로 결정하는 특징이 있습니다.","F",""
"1","생태발자국에 대해 설명해 주세요.","인간이 지구에서 생활하는데 필요한 모든 에너지 비용을 개인단위로 산출하는 것을 생태발자국이라고 합니다. 생태발자국 수치가 높을 수록 자연친화적인 활동이라고 평가받으며 수치가 작을수록 환경오염을 일으키는 활동으로 평가되고 있습니다.","F",""
"1","생태발자국에 대해 설명해 주세요.","생태발자국은 지구 생태계가 스스로 회복할 수 있는 개인 자연 소비량을 나타내는 것입니다 .따라서 생태발자국은 각 국가가 소비하는 자연 에너지의 기준이되며 해당 기준을 초과할 경우 국제적인 이익 산출에서 제약을 받게 됩니다","F",""
"1","생태발자국에 대해 설명해 주세요.","실례로 세계자연기금이 발표한 2014 지구생명보고서에 따르면, 지구 생태계가 스스로 회복할 수 있는 생태발자국 한계치는 1인당 1.8ha입니다. 그러나 실제 평균 생태발자국은 2.7ha로 조사되어 한계치를 0.9ha나 뛰어넘었습니다. 인구 100만 명 이상 152개 국을 대상으로 조사한 결과 생태발자국 크기 1위는 쿠웨이트였습니다.","P","쿠웨이트의 생태발자국 크기가 큰 이유를 설명해 주세요."
"1","건축폐기물에 대해 설명해 주세요.","고층 빌딩 건설에 의한 도시 재개발과 고속도로·교량 공사, 아파트 등 건축물의 해체나 신축 과정에서 발생하는 폐기물을 말합니다. 발생 종류로는 토사, 폐벽돌 및 폐블록, 폐콘크리트, 폐아스콘, 폐목재, 폐합성수지, 철근을 포함한 폐금속편류 등이 있습니다.","P","폐아스콘에 대해 설명해 주세요."
"1","건축폐기물에 대해 설명해 주세요.","건축물의 신축과 해체하는 과정에서 발생하는 토사, 폐벽돌, 폐콘크리트, 폐목재, 폐합성수지, 철근 등의 폐기물을 말합니다. 건설폐기물은 한번 발생하면 다량으로, 재활용 가능성이 높지만 공사 현장에서 혼합 배출되기 때문에 재활용률이 낮을 뿐만 아니라 효율적인 처리 체계를 구축하지 못한 실정이어서 어렵게 조성한 매립지의 수명을 단축합니다.","P","폐콘크리트에 대해 설명해 주세요."
"1","건축폐기물에 대해 설명해 주세요.","건축페기물이란 건축을 하면서 발생하는 폐기물을 총칭하는 용어입니다. 보통의 경우 건축이 일어날 떄 파괴를 동반하기 떄문에 건축 폐기물은 재활용이 불가능하고 불연소성물질이 많아 처치곤란한 물질로 평가되고 있습니다.","F",""
"1","건축폐기물에 대해 설명해 주세요.","건축폐기물은 건축물의 신축에서는 발생하지 않지만 해체하는 과정에서 발생하는 폐콘크리트, 폐벽돌, 폐목재, 폐합성수지 등을 말합니다. 한번 발생하면 그 지역의 범위와 상관없이 다량의 폐기물이 발생하기 떄문에 매립지의 수명을 단축시키게 됩니다.","F",""
"1","건축폐기물에 대해 설명해 주세요.","고층빌딩이 많아짐에 따라 건축폐기물이 감소하게 되었습니다. 대부분 고층 건물의 경우 건축 폐기물을 재활용할 여지가 충분하기 때문에 정부에서 역시 고층 빌딩에 대한 수요를 늘리고자 다양한 유인책을 활용하고 있는 상황입니다.","F",""
"2","자원회수시설에 대해 설명해 주세요.","기본 설비로 폐기물 수거차량 플랫폼, 폐기물 저장조, 폐기물 운반시설, 소각로, 잔류물 회수장치, 보일러 등 열에너지 회수장치, 대기오염방지용 가스 세정기, 소각재 회수장치, 집진장치, 가스 배출용 굴뚝 등이 있습니다. 저장조의 크기는 평균 2일분의 작업량을 저장할 수 있어야 합니다.","P","가스 배출용 굴뚝에 대해 설명해 주세요."
"2","자원회수시설에 대해 설명해 주세요.","소각장·소각시설·폐기물소각장·쓰레기소각장이라고도 합니다. 폐기물의 중간처리 방법 중화학적 방법인 소각을 위한 모든 설비를 말합니다. 설치와 운영에 관해서는 폐기물관리법 및 시행령과 시행규칙에서 규정하고 있습니다. 생활폐기물·사업장폐기물 등 처리 대상 폐기물의 종류를 구분하여 건설하며, 해당 폐기물만을 소각하여야 합니다.","P","폐기물관리법에 대해 설명해 주세요."
"2","자원회수시설에 대해 설명해 주세요.","자원회수시설이란 모든 쓰레기 처리 시설을 아울러서 정의하는 용어입니다. 단 자원회수시설은 재활용을 목적으로 설치되었기 떄문에 매립이나 소각과 같이 쓰레기에 화학적 물리적 변화를 일으키는 시설을 제외됩니다.","F",""
"2","자원회수시설에 대해 설명해 주세요.","소각처리와 매립시설로 자원회수시설을 양분화할 수 있습니다. 소각처리의 경우 주로 불연소물질을 회수하기 위해서 사용되며 매립시설의 경우 연소물질이 발생시키는 오염을 최소화하며 자원을 회수하는 특징을 지니고 있습니다.","F",""
"2","자원회수시설에 대해 설명해 주세요.","자원회수시설은 그 양이 많을 수록 좋으며 주택단지와 인접할 수록 해당 주택 거주자의 만족도가 상승하기 떄문에, 자원회수시설과 주택시설은 동반되어 건축되는 것이 일반적입니다. 아울러서 폐기물관리법에 의해 해당 주택시설은 별도의 보상을 받게 됩니다","F",""
"2","자원회수시설에 대해 설명해 주세요.","소각처리는 재활용이 가능한 것을 제외한 폐기물을 매립할 경우와 비교하여 부피는 95~99%, 무게는 80~85%를 줄일 수 있으므로, 소각장 건설은 매립지의 사용기간을 연장하는 효과도 얻을 수 있습니다. 그러나 소각처리 과정에서 발생하는 다이옥신 등의 유해물질과 먼지, 악취 및 주변의 교통혼잡 때문에 혐오시설로 인식되어 터를 선정하기가 어렵습니다.","P","다이옥신에 대해 설명해 주세요."
"2","자연휴식년제에 대해 설명해 주세요.","오염상태가 심각하거나 황폐화가 우려되는 국·공립공원 또는 등산객의 잦은이용으로 훼손이 심한 등산로·정상부·계곡 또는 보호할 필요성이 있는 희귀동식물 서식지에 대하여 일정 기간 출입을 통제함으로써 자연환경을 보호하고파괴된 생태계를 복원하려는 제도입니다.","P","희귀동식물에 대해 설명해 주세요."
"2","자연휴식년제에 대해 설명해 주세요.","자연휴식년제의 법적 근거는 자연공원법 제36조의 2의 규정입니다. 제36조 2는 공원관리청은 공원자원의 보호·육성, 훼손된 자연의 회복, 이용자의 안전 기타공익상 필요하다고 인정할 경우에는 공원구역 및 공원보호구역 중 일정 지역을 지정하여 일정 기간 그 지역의 출입을 제한하거나 금지할 수 있다고 규정하고 있습니다.","P","자연공원법 제36조의 2에 대해 설명해 주세요."
"2","자연휴식년제에 대해 설명해 주세요.","자연휴식년제란 일정기간 동안 해당 지역의 출입을 제한함으로써 자연의 회복을 일으키게하는 제도입니다. 우리나라의 경우 GDP인접지역이 현재 자연휴식년제도의 규제를 받아 60년 정도 자연력을 회복하고 있는 상황입니다.","F",""
"2","자연휴식년제에 대해 설명해 주세요.","자연휴식년제는 자연공원법 제 35조의 규정입니다. 공원관리청에서 공원자원의 보호 육성 훼손된 자연의 회복 기타 공익의 증진을 위해서 공원보호구역으로 지정되면 등산객 또는 방문객이 영구적으로 출입할 수 없게 됩니다.","F",""
"2","자연휴식년제에 대해 설명해 주세요.","자연휴식년제란 해당 지역의 자연을 보존하고 재사용시키기 위해서 사용되는 제도로서 그린벨트로 가장 대중적으로 알려져있습니다. 기타공익상의 이유에서는 발생할 수 없으며, 자연이 지속적으로 훼손되는 곳에 한해서만 적용될 수 있습니다.","F",""
"2","자연휴식년제에 대해 설명해 주세요.","정부에서는 자연휴식년제를 지속적으로 실시하는 한편 자연휴식년제가 적용되고 있는 구간에 대한 객관적이고 과학적인 조사를 병행하고 있습니다. 즉, 자연휴식년제의 적용으로 생태계가 어떻게 변화하고 있으며, 인위적 복원조치로 어떤 효과가 나타나는지를 확인하기 위해 주요 구간별로 모니터링을 시행하고 있습니다.","P","생태계에 대해 설명해 주세요."
"2","생물다양성보존협약에 대해 설명해 주세요.","1987년 6월 유엔환경계획기구는 생물다양성 문제에 대한 국제적 행동계획의 수립을 결정하고, 1988년·1990년 전문가 회의를 개최하여 국제적인 생물다양성 보호를 위한 국제협약 초안이 작성되었습니다. 그후 여러 차례 실무회의를 거쳐 1992년 6월 브라질 리우데자네이루에서 열린 리우회의에서 각국의 정상들이 서명하였습니다.","P","리우회의에 대해 설명해 주세요."
"2","생물다양성보존협약에 대해 설명해 주세요.","목적은 생물종을 보호하여 희귀유전자의 보전, 생태계의 다양성, 생태계의 균형유지 등에 있습니다. 그러나 중요한 생물공학기술의 이전문제와 생물다양성 보전을 위한 재정지원문제는 합의를 보지 못하였습니다. 또한 미국은 미국 내의 반발로 서명을 하지 않았습니다. 한국은 1992년 리우회의에서 가입하였습니다.","P","생태계의 다양성에 대해 설명해 주세요."
"2","생물다양성보존협약에 대해 설명해 주세요.","생물다양성보존협약이란 한 지역의 생물종이 급격하게 감소하게 된 경우에 해당 파괴를 일시적으로 제한하는 휴식년제를 적용할 수 있도록 한 국제적인 협약을 의미합니다. 이는 미국을 비롯한 G11국가가 모두 가입되어 있는 상황입니다.","F",""
"2","생물다양성보존협약에 대해 설명해 주세요.","생물종을 보호하고 고유 유전자를 보전하여 생태계의 균형을 유지하는 것을 약속한 협약이 생물다양성보존협약입니다. 그러나 우리나라를 포함하여 대부분의 선진국이 해당 협약을 제대로 준수하지 않거나 탈퇴하고 있는 상황입니다.","F",""
"2","생물다양성보존협약에 대해 설명해 주세요.","생물다양성보존협약은 생태계의 균형을 유지하기 위한 목적으로 유전자를 보존하고 생태계의 다양성을 확보하기 위해서 해당 문제에 관한 적극적인 재정지원을 약속한 협약입니다. 현재 가장 적극적으로 유지되고 있는 지구생태계보호 협약입니다.","F",""
"1","환경세에 대해 설명해 주세요.","환경오염 문제에 대하여 정부가 대처할 수 있는 정책수단의 유형으로는 직접개입, 간접개입, 직접규제, 시장에 맡기는 방법, 환경교육 및 홍보 등을 들 수 있는데, 이 가운데 간접개입에 해당합니다. 정부가 환경오염 행위를 직접 간섭할 것이 아니라 경제적인 유인 원리를 통해서 간접적으로 생산자나 소비자의 행태에 영향을 주어 환경오염을 통제하는 것이 더 바람직하다는 취지를 살리는 방법입니다.","P","환경오염 문제에 대한 정부의 직접개입에 대해 설명해 주세요."
"1","환경세에 대해 설명해 주세요.","최초의 국제적인 논의는 OECD의 조사를 계기로 이루어졌는데, 1990~91년의 자료에 근거하여 여러 형태의 명시적·묵시적 부담금과 조세들의 현황을 파악하여 1993년에 발표하였습니다. 환경적 특성에 따라 연료에 대한 체계적인 과세는 상대적으로 최근의 개념이며, 에너지원에 대한 탄소세나 그 밖의 환경세는 많은 국가들에서 논의되어 온 반면에, 일부 국가만이 지금까지 환경목적에 따라 체계적인 에너지세를 이행해 왔습니다. ","P","탄소세에 대해 설명해 주세요."
"1","환경세에 대해 설명해 주세요.","환경세란 환경오염을 일으켜 법적 절차를 밟게된 기업 혹은 개인에게 부과되는 의무로서 벌금의 일종입니다. 주로 탄소화합물이나 질소화합물을 불법적으로 투기한 개인 혹은 기업에게 환경세를 부과하는 경우가 많습니다.","F",""
"1","환경세에 대해 설명해 주세요.","환경오염 문제에 대한 간접세의 일종으로 환경세는 환경오염에 대한 정부의 직접적인 개입에 해당합니다. 환경세는 주로 소비세로 부과되며 환경친화적이지 않은 제품을 구입할 경우 환경세가 적용되어 판매되는 것을 볼 수 있습니다.","F",""
"1","환경세에 대해 설명해 주세요.","주로 1993년 인근에 환경세가 등장한 것으로 보여지고 있는데, 환경 개선을 목적으로 현재 국제적으로 부과되는 세금의 일종으로 전환되었지만, 개인에게만 부과되는 한계가 있으며, 기업의 경우 환경세가 아닌 탄소세나 탄소배출권 등으로 제한받고 있습니다.","F",""
"1","환경세에 대해 설명해 주세요.","환경분야에 대한 정부의 투자재원은 1995년부터 시행된 환경개선특별회계에 따라 환경개선부담금, 배출부과금, 폐기물예치금·부담금, 수질개선부담금 등 각종 부담금을 동 회계에 통합하여 조달하고 있으며 일부는 정부의 일반회계 재원에서 충당하고 있습니다. 여기에는 오염원인자부담원칙이나 생산자부담원칙 등과 같은 일반원칙이 적용됩니다.","P","환경개선부담금에 대해 설명해 주세요."
"1","의료폐기물에 대해 설명해 주세요.","병·의원, 보건소, 의료관계 연구소와 교육기관 등에서 배출하는 폐기물로서 사업계 일반폐기물을 포함한 각종 폐기물을 말하는데, 탈지면·가제·붕대·기저귀·인체적출물·주사기·주사침·체온계·시험관 등의 검사기구, 분석장치·엑스선필름폐현상액·유기용제 등이 이에 속하며, 의료관계 폐기물 또는 병원 폐기물이라고도 합니다.","P","인체적출물에 대해 설명해 주세요."
"1","의료폐기물에 대해 설명해 주세요.","총 발생량의 약 1/4이 혈액·체액·분뇨 등에 오염된 폐기물로 이를 통해 감염될 위험성이 높고, 검사실과 조제실에서 발생하는 각종 폐약품과 독극물 및 수은 등 유해중금속에 오염될 위험이 있으며, 주사바늘·유리병 등은 폐기물 청소원이나 처리업자에게 부상과 감염의 위험을 안겨줍니다.","P","주사바늘 처리 시 유의할 점을 설명해 주세요."
"1","의료폐기물에 대해 설명해 주세요.","의료폐기물이란 X-ray와 같이 방사성 물질을 사용함에 있어서 발생하는 폐기물을 말합니다. 따라서 방사선 의학을 하는 곳에서 전문적으로 처리합니다. 또한 공업 방사선 물질에 비해서 그 위험도가 낮기 떄문에 병원이나 의료기관에서 직접적으로 처리합니다","F",""
"1","의료폐기물에 대해 설명해 주세요.","의료폐기물이란 발생장소에 따라서 구분하는 것입니다. 주사침, 약품의 폐기물, 붕대, 가제 등이 속해 있지만, 병원이 운영됨에 따라 발생하는 모든 쓰레기로 확장되는 개념이기 때문에, 가정에서 발생하는 쓰레기와 같은 것 역시 포함됩니다.","F",""
"1","의료폐기물에 대해 설명해 주세요.","의료 폐기물은 굉장히 위험하고 처리가 복잡하여 전문적인 회수가 필요합니다. 특히 약품과 같은 경우 마약성분이 함유되어 있는 경우가 많아서 악용될 소지가 있습니다. 이를 방지하기 위해서 의료 폐기물은 중앙정부에서 직접 수거하여 화력발전의 원료로써 기능합니다.","F",""
"1","의료폐기물에 대해 설명해 주세요.","의료폐기물의 처리를 의료기관 자체나 외부 처리업체에서 소각을 기본으로 삼았습니다. 감염성 폐기물은 수집 즉시 소독하거나 소각해야 하지만 체온계등 중금속을 함유한 폐기물을 소각을 할 경우 유해성분이 공중으로 방출되어 환경오염을 유발하는 폐해가 발생합니다.","P","체온계 처리 시 유의할 점을 설명해 주세요."
"2","국제환경규격에 대해 설명해 주세요.","ISO 14000 규격이라고도 합니다. 환경경영체제에 관한 국제 표준화 규격의 통칭으로, 기업활동 전반에 걸친 환경경영체제를 평가하여 객관적으로 인증하는 것입니다. 기업이 단순히 해당 환경법규나 국제기준을 준수했는지를 평가할 뿐만 아니라 경영활동 전단계에 걸쳐 환경방침, 추진계획, 실행 및 시정 조치, 경영자 검토, 지속적 개선들의 포괄적인 환경경영도 실시하고 있는지를 평가합니다.","P","ISO 14000 시리즈에 대해 설명해 주세요."
"2","국제환경규격에 대해 설명해 주세요.","ISO 14000 시리즈란 ISO/TC 207에서 환경경영에 대한 규격화를 추진하는 규격들의 일련번호로서 표준화가 추진되고 있는 7개의 주제별로 10단위씩 번호가 부여됩니다. 이중 ISO 14001 규격은 환경경영체제 사용을 위한 세부지침으로 1996년 9월에 제정되었고, 10월 보완규격인 환경감사 규격이 제정·공표되었습니다.","P","ISO 14001에 대해 설명해 주세요."
"2","국제환경규격에 대해 설명해 주세요.","국제환경규격이란 환경경영체제에서 존재하는 모든 기업이나 정부가 지켜야하는 규격으로서 해당 규격으로 인해 각 기업이 가지고 있는 고유의 디자인이 훼손되었지만 환경 친화적인 제품을 만들게 된 장단점을 모두 가지고 있는 규격입니다.","F",""
"2","국제환경규격에 대해 설명해 주세요.","국제환경규격은 ISO규격이라고하며 규격들의 표준화가 추진되고 있는 각 10개의 주제별로 7단위씩 번호가 부여됩니다. 1999년에 개발되었으며 현재는 20개의 주제로 세분화되고 단위 역시 10단위로 구체화되어있습니다.","F",""
"2","국제환경규격에 대해 설명해 주세요.","ISO 14000규격이라고도 불립니다. 국제 표준화 규격으로 기업활동을 하는 모든 영리단체를 대상으로 진행되고 있습니다. 기업은 해당 환경법규나 국제기준을 준수하는 것만으로도 해당 규격에 적합한 기업으로 평가받고 있습니다.","F",""
"2","국제환경규격에 대해 설명해 주세요.","1990년대 들어 환경보호를 위한 국제적 공동대응 필요성이 제기됨에 따라 1991년 유엔환경개발회의에서 ISO와 IEC에 환경관리에 관한 국제표준 제정을 요청하였습니다. 1993년 ISO와 IEC는 SAGE을 설치하고, 이 그룹의 건의에 따라 ISO/TC207을 설립하였습니다. 1996년 9월 ISO 14001 국제규격이 제정되고 각국에서 ISO 14000 인증제도 실시를 시작하였습니다.","P","SAGE에 대해 설명해 주세요."
"1","생태하천에 대해 설명해 주세요.","생태 하천이란, 하천이 지닌 본래의 자연성과 생태적 기능이 최대화될 수 있도록 조성된 건강한 하천을 말합니다. 여기서 건강한 하천이란 수온, 빛, 토양, 지질, 서식지, 강우 등의 물리적 총체성과 영양염, 유기물, 탁도, 중금속, pH, 용존산소 등의 화학적 총체성이 조화를 이루고, 이를 바탕으로 생물 다양성, 먹이사슬 등의 생물학적 총체성이 유지되는 하천을 의미합니다.","P","먹이사슬에 대해 설명해 주세요."
"1","생태하천에 대해 설명해 주세요.","하천을 둘러싼 사회·문화·환경적 여건이 변화함에 따라 하천 관리의 방향과 패러다임 또한 변화하고 있습니다. 과거에는 이수나 치수를 중심으로 관리 위주의 정비 사업을 하면서 하천 본연의 모습을 대부분 상실하였으나, 오늘날에는 하천의 생태환경적 가치와 기능을 중시하는 방향으로 맑은 물과 건강한 수생태계를 회복하고자 하는 국민적 관심이 증대되고 있습니다.","P","수생태계의 특징을 설명해 주세요."
"1","생태하천에 대해 설명해 주세요.","생태하천이란 하천이 가지고 있는 고유의 생태능력을 측정한 하천을 말합니다. 따라서 반드시 생태적 기능이 최대치로 측정될 수는 없습니다. 인위적인 행위에 의해서 생태적 기능을 최대화시킨 생태하천은 자연 순환이 적절하게 수행되지 않습니다.","F",""
"1","생태하천에 대해 설명해 주세요.","하천을 둘러싼 생태계를 생태하천이라고 표현하고 있습니다. 하천을 중심으로 운영되기 떄문에, 하천에서 영양분을 받는 유기체가 그 대상이 되며, 먹이사슬, 생물 다양성 생물학적 총체성 등이 하천의 수질에 영향을 받기 떄문에, 변동성이 커서 측정할 수 없습니다.","F",""
"1","생태하천에 대해 설명해 주세요.","생태하천은 인위적인 행위에 의해서 하천의 생태 에너지를 최대화시킨 하천을 의미합니다. 따라서 인공하천의 한 종류로 구분될 수 있으며, 생태계가 자연순환되지 않기 떄문에 생명체의 번식이 이뤄지지 않아 인공적으로 생명체를 주입해야만 생태계가 유지되는 특성이 있습니다","F",""
"1","먹이사슬에 대해 설명해 주세요.","먹이사슬은 한 생태계 내 생물들 간의 먹고 먹히는 관계를 나타내는 개념으로 1차생산자로부터 최상위 육식자까지의 선형적인 연결을 말합니다. 구체적인 종 간의 먹이관계를 나타내기도 하고 1차생산자, 1차소비자, 2차소비자, 최상위 육식자 등 기능집단의 먹이연쇄를 나타내기도 합니다.","P","1차생산자의 특징을 설명해 주세요."
"1","먹이사슬에 대해 설명해 주세요.","생산자에서 1차소비자인 초식자, 초식자에서 2차, 3차소비자인 육식자로 이어지는 먹이사슬은 널리 알려져있습니다. 이 먹이사슬을 초식 먹이사슬이라고 합니다. 생태계에는 초식 먹이사슬 이외에 또 다른 에너지 경로가 존재하는데 이를 유기물잔해 먹이사슬이라고 합니다.","P","유기물잔해 먹이사슬에 대해 설명해 주세요."
"1","먹이사슬에 대해 설명해 주세요.","먹이사슬은 한 생태계에서 발생하는 영양분의 보급 과정을 의미하며 1차생산자로 시작해 최상위 육식자까지의 연결선을 말합니다. 단 여기서 1차생산자는 식물로 최상위 육식자는 인간으로 고정되며 그 사이에는 생태계에 따라 다양하게 분포되어 있습니다.","F",""
"1","먹이사슬에 대해 설명해 주세요.","먹이사슬은 생산자에서 최종 소비자까지 생태계가 유지되는 연결고리를 의미합니다. 최종소비자의 범위는 굉장히 넓고 분포가 다양하기 떄문에 먹이사슬은 한 시점의 생태계로 규정지을 수 없기떄문에 보통 국가단위로 먹이사슬을 정의합니다","F",""
"1","먹이사슬에 대해 설명해 주세요.","생태계에 존재하는 소비자와 생산자의 관계를 나타내는 연결고리입니다. 이때 모든 식물은 소비자의 지위에 포함되기 떄문에 먹이사슬은 주로 동물 간의 연결관계만을 나타내게 되며 최종소비자는 늘 인간으로 귀결되고 있습니다.","F",""
"1","먹이사슬에 대해 설명해 주세요.","숲 생태계에서 생산된 유기물 중 아주 작은 부분만 1차소비자인 초식동물에게 이용되고 나머지는 모두 유기물잔해가 됩니다. 이 유기물잔해를 이용하는 토양미생물 및 토양소동물들이 유기물을 분해하고 이들 생물로부터 시작하는 먹이사슬이 형성되는데 이를 유기물잔해 먹이사슬이라고 합니다.","P","토양미생물들의 역할을 설명해 주세요."
"2","비오톱에 대해 설명해 주세요.","특정 식물이나 동물들이 어울어진 생태계가 유지될 수 있는 생태공간을 의미하나, 좁은 의미로는 도시화가 진행된 지역에서 야생동물들이 서식할 수 있도록 생태계를 보전·복원하려는 목적으로 조성한 숲, 가로수, 습지, 하천 화단 등의 자연이나 설치물들을 부르는 말로 더 많이 사용됩니다.","P","습지에 대해 설명해 주세요."
"2","비오톱에 대해 설명해 주세요.","그리스어로 생명을 뜻하는 접두사 '비오스'와 장소라는 의미를 가진 '토포스'의 합성어로, 약 100년 전 독일의 생물학자 에른스트 하인리히 헤켈에 의해 제창되었습니다. 1980년대 초부터 독일, 프랑스, 스위스 등 유럽에서 관심을 모으기 시작한 후 1992년 브라질 리우데자네이루의 유엔환경개발회의에서 생물의 다양성보전조약이 체결되면서 범세계적인 과제로 대두되었습니다.","P","다양성보전조약에 대해 설명해 주세요."
"2","비오톱에 대해 설명해 주세요.","비오톱이란 생태계가 유지될 수 없는 생태공간으로 정의합니다. 인위적인 행동에 의해서 먹이사슬이나 생태계의 순환고리가 파괴된 상황을 지칭하며, 생명을 뜻하는 그리스어 비오스와 파괴라는 의미를 가진 토포스의 합성어입니다.","F",""
"2","비오톱에 대해 설명해 주세요.","비오톱이란 독일의 생물학자 에른스트 하이닐히 헤켈에 의해 정의된 개념으로 생태공간을 의미하지만, 넓은 의미로는 도시화가 진행된 지역에서 유지되는 도시 생태계도 포함하고 있기 때문에 인간 역시 비오톱의 구성요소로 작동합니다.","F",""
"2","비오톱에 대해 설명해 주세요.","비오톱이란 도시에 존재하는 인공 생태계를 의미합니다. 우리나라의 경우 한강을 기준으로 하는 하천생태계가 대표적으로 비오톱은 인공적인 생태계이기 떄문에 선순환이 일어나지 않으며 순환이 발생하기 위해서는 인위적인 생물 주입이 필요합니다.","F",""
"2","비오톱에 대해 설명해 주세요.","일본과 미국에서도 비오톱에 관한 연구가 활발해지고 있으며, 우리나라에서도 한강 생태계보전과 청주 생태도시 조성 등에 비오톱 기법이 이용되었습니다. 또한 장기적으로는 모든 도시의 전역에 걸쳐 비오톱 지도를 작성하여 도시 및 지역 계획의 기초 자료로 활용하고자 하는 사회적 차원의 노력들이 이어지고 있습니다.","P","한강 생태계보전에 대해 설명해 주세요."
"1","폐기물 부담금을 설명해 주세요.","1992년에 제정한 자원의 절약과 재활용 촉진에 관한 법률에 따라 생산단계에서부터 폐기물의 발생량을 원천적으로 감소시키고 재질의 개선 등 제품의 환경성을 고려하도록 할 목적으로 도입·시행된 제도입니다. 오염자부담원칙에 따라 환경부하가 높은 제품에 대하여 해당 제품의 가격에 환경비용을 포함시켜 환경비용을 합리적으로 배분하고 제품의 환경친화성을 높이는 효과를 기대한 경제적 유인책입니다.","P","환경부하가 높다는 의미를 설명해 주세요."
"1","폐기물 부담금을 설명해 주세요.","부과대상은 재활용과 관리가 어려운 품목들로서 유리병, 플라스틱용기 등을 사용하는 살충제와 금속캔·유리병·플라스틱 용기를 사용하는 유독물 제품, 부동액, 껌, 1회용 기저귀, 담배, 플라스틱 제품 및 포장재 등이 포함됩니다. 요율은 부과대상에 따라 다른데, 껌에는 판매가의 1.8%의 종가세 성격의 부담금이 부과되고 있습니다.","P","각 폐기물의 요율을 설명해 주세요."
"1","폐기물 부담금을 설명해 주세요.","폐기물부담금이란 1992년에 원천적으로 모든 폐기물 생성에 대해 부과하는 금액으로 해당 제품의 금액에 폐기물 처리비용을 가산하는 것을 말합니다. 주로 판매가의 18%를 부담금으로 부과하는 직접세의 형태를 띄고 있습니다.","F",""
"1","폐기물 부담금을 설명해 주세요.","제품이 폐기물을 만들것이라고 예측되는 경우에 폐기물 부담금이 부과되는 경우가 발생합니다. 유리병, 플라스틱 용기 등이 해당되며 해당 폐기물이 재활용이 가능할 경우 부담금이 면제되기 떄문에 현재는 대부분의 상품이 폐기물부담금을 지불하고 있지는 않습니다","F",""
"1","폐기물 부담금을 설명해 주세요.","1992년에 생산단계에서부터 지속적으로 발생하는 폐기물의 절대적 수량을 감소시키기 위해서 제정된 법률을 근거로하여 부과되는 벌금의 형태입니다. 일정 수준의 폐기물 이상을 배출할 경우 폐기물 부담금을 납부해야 하는 의무를 지게 됩니다.","F",""
"1","환경 위생에 대해 설명해 주세요.","인간의 신체 발달, 건강, 생존에 악영향을 미치는, 또는 미칠 우려가 있는 모든 육체적 환경 요인을 조정하여 쾌적한 생활의 확충을 꾀하는 것입니다. 활동 분야는 상하수도, 오물 처리, 해충 구제, 식품 위생, 노동 위생, 방사능 방제 등 광범위한 영역에 걸쳐 있습니다.","P","방사능 방제에 대해 설명해 주세요."
"1","환경 위생에 대해 설명해 주세요.","공중위생의 한 분야입니다. 물, 쥐, 곤충, 영업 시설 등에 의한 건강장애를 미연에 방지하는 것을 목적으로 하고 있습니다. 감시·지도의 대상으로는 영업시설로 유흥업소, 여관, 이발소, 세탁소 등입니다. 또 생활환경정비의 대상으로 상하수도, 분뇨처리, 쓰레기, 공해방지 등이 있습니다.","P","공중위생에 쥐가 미치는 영향을 설명해 주세요."
"1","환경 위생에 대해 설명해 주세요.","환경위생은 폐쇄적 공간에 한정되어 시행되는 위생을 의미합니다. 대중적으로 열려있지 않은 공간이나 창고와 같이 정기적인 위생처리가 불가능한 지역의 경우 국가 차원에서 월 단위로 환경위생사를 직접 보내어 해당 환경의 위생을 파악합니다.","F",""
"1","환경 위생에 대해 설명해 주세요.","인간이 처하게 되는 모든 환경에 대한 위생입니다. 따라서 환경위생은 신체발달, 건강, 생존에 악영향을 끼칠 수 있는 육체적 환경 요인 뿐만 아니라, 정신적환경까지 포함하기 떄문에 위생처리가 될 수 있는 모든 공간은 환경위생의 범위라고 할 수 있습니다.","F",""
"1","환경 위생에 대해 설명해 주세요.","환경위생은 그 종류가 단일해야 합니다. 환경위생의 경우 위생관리의 대부분을 차지하기 때문에 가장 기본적인 오물처리, 해충구제 정도에 국한되어야 합니다. 환경 위생을 전 공간에 시행한 뒤, 미흡한 부분이 있다면 전문적인 위생관리 단계로 넘어가는 것이 일반적입니다.","F",""
"2","소음진동배출시설에 대해 설명해 주세요.","공장과 같이 일정 지역에 설치된 고정발생원을 말합니다. 특성상 장기간 소음과 진동을 일으켜 인근지역의 주민과 시설에 상습적으로 피해를 줄 수 있기 때문에 철저한 관리가 필요합니다. 진동을 일으키는 시설은 해당 시설이 설치된 건물 안팎에 2차소음을 내는 것이 보통입니다.","P","소음과 진동의 관계를 설명해 주세요."
"2","소음진동배출시설에 대해 설명해 주세요.","소음이나 진동을 내는 공장의 기계·기구·시설로서 환경부령으로 정하는 것입니다. 사업자가 시설을 설치·변경하려면 소음·진동방지시설을 설치해야 하고, 방지시설설치 이후에는 배출기준이 소음·진동배출허용기준에 적합해야 합니다. 또 배출시설과 방지시설의 정상적인 운영·관리를 위하여 반드시 환경관리인을 두어야 합니다.","P","환경관리인의 역할을 설명해 주세요."
"2","소음진동배출시설에 대해 설명해 주세요.","소음진동배출시설이란 소음이나 진동을 내는 공장나 가정에게 부여되는 환경명령으로서 개인이나 사업자가 시설을 설치할 경우에 소음 진동방지시설을 반드시 설치해야하며, 해당 허가를 준수하지 않은 시설은 그 즉시 파괴대상이됩니다","F",""
"2","소음진동배출시설에 대해 설명해 주세요.","공장과 같이 일정 지역에서 지속적으로 소음과 진동을 유발하는 대상을 소음진동배출시설로 규정하고 있습니다. 해당 배출시설로 규정된 경우 배출기준이 소음,진동 배출허용기준 그 이상이어야만 합니다.","F",""
"2","소음진동배출시설에 대해 설명해 주세요.","소음진동고정발생원의 경우 소음진동배출시설로 규정됩니다. 대통령령으로 정하는 공장은 모두 배출시설설치 허가 대상에 무조건적으로 포함되도록 1996년에 규정되어 소음진동방지시설을 반드시 설치해야만 운영가능합니다.","F",""
"2","소음진동배출시설에 대해 설명해 주세요.","시설로 인한 피해는 국지적인 점을 감안하여 1993년에 배출시설의 설치허가 등에 관한 업무를 환경부장관에서 시·도지사의 고유업무로 전환하였습니다. 한편, 공업단지등 기타 대통령령으로 정하는 공장에 대해서는 배출시설설치허가 대상에서 제외하였고, 1997년 3월 7일부터는 소음진동규제법을 개정하였습니다.","P","소음진동규제법의 개정 내용을 설명해 주세요."
"2","포터가설에 대해 설명해 주세요.","적절하게 설계된 환경규제는 환경보전에 기여할 뿐 아니라 장기적으로는 생산 코스트를 감소시키는 등의 기술혁신을 가져와 생산성 향상에도 기여한다는 가설입니다. 미국 하버드대학교의 교수 마이클포터가 주장하였습니다. 일반적으로 환경규제의 강화는 생산성을 향상시키기 위해 이용할 수 있는 자원을 환경보전을 위해 투입하도록 하기 때문에 기업의 생산성을 저하시키고, 경제에 타격을 주는 것으로 생각되고 있습니다.","P","마이클포터에 대해 설명해 주세요."
"2","포터가설에 대해 설명해 주세요.","포터는 미국의 산업 중에서도 막대한 환경보전 비용을 부담하게 된 화학산업이 국제경쟁력을 개선시킨 점과 환경규제가 상대적으로 엄격한 독일이나 일본의 GDP나 생산성의 상승률이 미국보다 높다는 점 등을 근거로, 이런 가설을 세웠습니다. 일본의 자동차산업은 1970년대 당시로서는 세계에서 가장 엄격한 배기가스 규제를 충족시키는 과정에서 연비 등을 개선하는 데도 성공함으로써 후일 무역마찰을 일으킬 정도의 가격경쟁력을 갖추게 되었습니다.","P","GDP에 대해 설명해 주세요."
"2","포터가설에 대해 설명해 주세요.","포터가설이란 미국의 하버드대학교 교수 마이클포터가 주장한 가설로서, 기술혁신이 일어날 수록 환경오염정도가 심해진다는 가설입니다. 기술혁신으로 자원에 대한 사용 범위가 늘어남에 따라 해당 자원이 소모됨으로써 오염이 발생한다는 가설입니다.","F",""
"2","포터가설에 대해 설명해 주세요.","환경규제는 기술의 혁신이 일어남에 따라서 생산성 향상을 일으킨다는 가설이 포터가설입니다. 그러나 환경 규제를 강화하여 생산성 향상이 일어나는 것은 단기적인 현상으로 장기적인 관점으로 보았을 때 해당 가설이 부정됩니다","F",""
"2","포터가설에 대해 설명해 주세요.","포터가설은 환경 규제의 강도가 심해질수록 장기적으로 기술혁신을 가져온다는 가설로 영국 옥스퍼드대학교 교수 마이클 포터가 주장한 가설에 해당됩니다. 그러나 환경 규제가 강화되지 않더라도 기술혁신이 발생하기 떄문에 인과관계가 아닌 상관관계로 해석되고 있습니다.","F",""
"2","포터가설에 대해 설명해 주세요.","환경규제에 의해서 총수요가 증대하고, 혹은 그것을 계기로 산업구조의 전환이 진전됨으로써 매크로경제에 플러스가 되는 일은 있지만, 이것은 기술수준이 바뀌지 않더라도 일어날 수 있습니다. 그러나 포터가설은 환경규제를 계기로 기술수준 자체가 개선된다고 주장하고 있습니다.","P","매크로경제에 대해 설명해 주세요."
"2","환경 모니터링에 대해 설명해 주세요.","최근급속한 공업화에 따른 환경오염은 지구 전체에 있어서 중대한 문제로 대두되고 있습니다. 지금까지 환경에 관한 조사와 모니터링은 수없이 이루어졌지만, 통일적이고 정기적·광역적인 관측은 이루어지지 않았습니다. 1968년 파리에서 개최된 국제학술연합회의에서 '환경문제과학위원회'의 설립이 권고되었고, 이에 따라 1969년 ICSU의 특별위원회로 SCOPE가 창설되었습니다.","P","ICSU에 대해 설명해 주세요."
"2","환경 모니터링에 대해 설명해 주세요.","모니터링의 목적은 환경 속에서 일어나는 자연의 변화와 인간이 일으키는 변화에 관한 정량적인 지식과 이들 변화가 인류의 건강과 복지에 미치는 영향에 관한 지식을 증가시키는 일입니다. 또한 환경에 관한 이해를 증가시키는 일, 특히 자원을 관리하는 기초로서 생태계 안에서 역학적 균형이 어떻게 유지되고 있는가를 아는 일입니다.","P","생태계의 역학적 균형에 대해 설명해 주세요."
"2","환경 모니터링에 대해 설명해 주세요.","환경모니터링은 지구 전체에 있어 중대한 문제로 관측되어지는 모든 환경적인 현상에 대해서 관측하는 것을 의미합니다. 파리에서 개최된 환경문제과학위원회가 환경 모니터링을 주도하며 프랑스를 중심으로 모든 국가 주요 환경자원을 합법적으로 감시하고 있습니다","F",""
"2","환경 모니터링에 대해 설명해 주세요.","공업화에 따른 환경오염이 중요한 문제가 되면서 환경모니터링을 시행하고 있습니다. 각 국가가 서로 다른 국가의 환경 자원을 감시함으로써 이뤄지며 이를 통해 국제적인 환경을 보호하고자 합니다. 주로 생태자원으로 분류된 자원을 대상으로 합니다","F",""
"2","환경 모니터링에 대해 설명해 주세요.","환경 모니터링은 환경 자원이 풍부한 지역에 CCTV를 설치하여 이에 대한 파손과 파괴를 감시하는 것을 의미합니다. 따라서 환경 모니터링은 개인 역시 진행할 수 있으며 환경 모니터링을 통해 얻은 손해는 해당 손해를 일으킨자가 부담합니다","F",""
"1","건설소음에 대해 설명해 주세요.","도로나 건물의 건설 과정에서 발생하는 소음입니다. 시 ·도지사는 규제지역을 지정할 때에는 정온을 요하는 주요시설, 주거형태, 개발상황, 소음 ·진동 규제의 필요성 등을 참작하여 건설소음 ·진동 규제기준을 초과하거나 초과할 우려가 있는 지역을 우선 규제지역으로 정하도록 법에서 정하고 있습니다.","P","규제지역을 선정하는 기준에 대해 설명해 주세요."
"1","건설소음에 대해 설명해 주세요.","건설현장에서 각종 공사로 인하여 발생하는 소음으로 생활소음과 같이 소음진동규제법에서 건설소음 ·진동 규제지역과 범위 등을 법으로 규제하고 있습니다. 법에서 건설소음 규제기준은 주거지역, 준도시지역중 취락지구 및 운동휴양지구, 학교, 병원, 공공도서관의 부지경계선으로부터 조석, 주간, 심야로 구분하여 규제하고 있습니다.","P","취락지구에 대해 설명해 주세요."
"1","건설소음에 대해 설명해 주세요.","건설소음이란 도로나 건물의 건설 과정에서 발생한 소음입니다. 최근 건설 자체의 시간이 단축됨에 따라 건설소음 역시 단기적인 소음으로 전환되어 현재는 소음 공해를 일으키지 않으며 일시적인 도시 현상으로 평가됩니다","F",""
"1","건설소음에 대해 설명해 주세요.","건설현장에서 발생하는 모든 소리를 의미합니다. 인부들의 목소리나 기계음 등이 해당되며 해당 건설이 진행될 때 소음 피해가 발생한 지역은 건설 회사에서 자체적으로 해당 피해자에게 손해배상금을 지급해야하는 규정이 있습니다","F",""
"1","건설소음에 대해 설명해 주세요.","건설소음이 발생하는 곳은 주로 재개발이 활발한 지역이나, 신도시 개발 지역 등에 해당됩니다. 이 지역에서는 아직 사람들이 밀접하게 존재하지 않기 때문에 해당 소음으로 발생하는 피해는 다른 소음공해보다 미미합니다.","F",""
"1","건설소음에 대해 설명해 주세요.","특히 공사에 많은 소음을 수반하는 항타기, 항발기를 사용하는 공사나 착암기, 공기압축기, 굴착기, 브레이커 등을 사용하는 특정공사의 경우에는 사전에 신고를 하도록 규제하고 있습니다. 특정공사를 하는 경우에는 당해 공사개시 7일 전까지 특정공사 사전신고서에 공사 개황도를 첨부하여 시 ·도지사에게 제출하도록 규정하고 있습니다.","P","항타기와 착암기에 대해 설명해 주세요."
"2","환경용량에 대해 설명해 주세요.","자연계에는 생산부문과 소비부문으로부터 폐기된 쓰레기를 생태적으로 해롭지 않거나 유익한 것으로 다시 바꾸어놓는 능력을 가지고 있습니다. 이때 대기·물·토양이 순환장소로써 작용하고 생물체가 매체로서 움직여 일정한 생태계가 유지되고 화학적 분해작용과 상호사이클의 균형이 보존됩니다.","P","화학적 분해작용에 대해 설명해 주세요."
"2","환경용량에 대해 설명해 주세요.","자연환경이 스스로 정화하여 생활환경의 질적 수준을 일정하게 유지하고 자원을 재생산할 수 있는 능력을 양으로 환산한 것을 환경용량이라 합니다. 자연의 자정능력에는 한계가 있습니다. 버려진 폐기물이 자연의 자정능력을 초과하지 않을 때는 아무 문제가 없지만 이것이 자연의 자정능력을 초과할 때는 환경오염 문제가 생깁니다.","P","자연의 자정능력의 한계에 대해 설명해 주세요."
"2","환경용량에 대해 설명해 주세요.","환경용량이란 자연계에 존재하는 소비량의 총합입니다. 인간의 경우 환경용량이 굉장히 많기 때문에 대부분 환경용량을 측정할 경우 인간을 제외한 대상 범위의 생명체로 국한하여 측정하고 있습니다","F",""
"2","환경용량에 대해 설명해 주세요.","자연환경이 스스로 자가치유가 가능한 범위의 오염은 환경용량의 범위 내에 있는 오염입니다. 자원의 재생산과 소비가 일치하거나 소비가 더 적을 때 환경용량의 범위에 해당하며, 해당 범위를 넘어가게 되면, 자연의 자정능력이 발달하게 되는 계기가 됩니다","F",""
"2","환경용량에 대해 설명해 주세요.","자연이 소비되지 않으면서 지속적으로 재생산되는 용량을 환경용량입니다. 따라서 환경용량을 측정하기 위해서는 해당 지역에 환경소비가 전혀 존재하지 않았던, 혹은 발생하고 있지 않는 환경에서 그 평균치를 계산해야만 합니다","F",""
"2","환경용량에 대해 설명해 주세요.","자연이 잠식되지 않으면서 계속 생산해낼 수 있는 서비스의 최대 생산용량으로  볼수 있습니다. 원상회복이 불가능할 정도로 자연환경이 훼손되면 자연이 생산하는 재화와 서비스가 영원히 중단된다는 뜻입니다. 또 정화되지 못하는 환경오염으로 인해 자연계의 생명체가 생존을 위협받게 되므로 심각한 문제로 받아들여야 합니다.","P","환경오염의 오염원에 대해 설명해 주세요."
"2","인포테라에 대해 설명해 주세요.","국제 환경정보원 조회시스템으로서 환경에 관한 정보의 국제적인 교류를 추진할목적으로 설립된 전세계적인 규모의 정보교환 시스템입니다. INFORTERRA란 정보와 지구의 두 단어를 합성한 것으로 1972년 스웨덴의 스톡홀롬에서 개최된 국제연합인간환경회의에서 환경정보 교환을 위한 국제적인 조직의 필요성이 대두된 이래 1975년 국제연합환경계획에 의해 설립되었습니다.","P","스톡홀름에서 개최된 국제연합인간환경회의에 대해 설명해 주세요."
"2","인포테라에 대해 설명해 주세요.","이용자에게 어디서 어떤 정보를 입수할 수 있는지를 알려주기 위하여 회원각국의 대표기관을 그 나라의 환경에 관한 정보를 갖고 있는 기관을 정보원으로 등록하고 UNEP로 통보하면 UNEP에서는 그것을 정리한 국제정보원명부를 작성하여 인쇄물과 전자매체의 형태로 각국의 국가대표기관에 배포합니다.","P","국제정보원명부의 내용을 설명해 주세요."
"2","인포테라에 대해 설명해 주세요.","인포테라란 각국의 정보원의 목록으로 해당 정보원은 각 국에서 정보원의 국적의 국가의 이득을 위해서 노력합니다. 거주 국가의 기밀이나 군사 정보 등을 훔쳐서 국적 국가에게 보고하는 스파이와 같은 행위를 하는 자를 말합니다","F",""
"2","인포테라에 대해 설명해 주세요.","인포테라란 국제 환경정보원에서 만들어낸 감시원으로서 국제 환경위원회에 속하지 않은 국가를 대상으로 해당 국가가 환경을 파괴하는지를 지속적으로 감시하고 해당 위원회에 가입하도록 지속적인 압박을 행사하는 자를 말합니다","F",""
"2","인포테라에 대해 설명해 주세요.","인포테라는 국제연합인간환경회의 회원 각국의 대표기관의 대표자를 의미합니다. 각 나라의 환경 상태와 양태를 보고하며, 다른 국가와 이를 비교하여 본인 국가의 환경적 이익을 위해 최선을 다하는 것을 목표로 하는 직업입니다","F",""
"2","인포테라에 대해 설명해 주세요.","각국의 국가 대표기관은 이용자의 의뢰를 받으면 국제정보원명부를 검색하여 적절한 정보원의 목록을 이용자에게 제공하고 이용자는 제공받은 목록 중에서 정보원을 선택하여 직접 정보제공을 의뢰하고 정보를 입수하거나, 국가대표기관이 해당자료를 직접 각국 국가대표기관에 요청하여 이용자에게 제공하기도 합니다.","P","인포테라 이용자의 제한에 대해 설명해 주세요."
"1","교통소음에 대해 설명해 주세요.","자동차의 주행에 따르는 소음에는 엔진소리, 배기소리, 타이어와 도로면과의 마찰음 따위가 있습니다. 일반적으로 저속으로 주행할 때에는 엔진음이 주체이고 고속인 경우는 타이어 음이 주체가 됩니다. 자동차 소음의 특성은 대책에 의한 소음 저하가 어렵고 생활에 밀착된 소음입니다.","P","생활밀착형 소음의 효율적 관리방법에 대해 설명해 주세요."
"1","교통소음에 대해 설명해 주세요.","교통수단이 되는 자동차, 기차, 항공기 등의 주행시 생기는 소음입니다. 철도소음은 간헐적이고 열차 통과중의 소음 레벨은 대개 일정합니다. 주요소음발생원은 열차의 주행에 수반하는 차량과 레일의 충돌과 마찰에 의한 소음입니다. 철로 인근에서 발생하는 소음은 10m 이내에서 90㏈ 이상의 수준을 기록합니다.","P","마찰음의 평균 dB을 설명해 주세요."
"1","교통소음에 대해 설명해 주세요.","교통소음이란 교통 수단이 발생시키는 소음입니다. 고속으로 자동차가 움직일 때 발생하는 소음이나 급 브레이크를 밟을 때 나는 소리를 통칭하는 용어로서 자동차가 존재한다면 교통소음에 대한 벌금을 의무적으로 부과당합니다","F",""
"1","교통소음에 대해 설명해 주세요.","교통소음은 자동차, 기차 ,항공기의 주행시 생기는 소음입니다. 여기에서 주행이란 자동차가 운동을 시작하는 시점부터 측정하기 떄문에 아주 느린 속도로 달리더라도 무조건적으로 교통소음이 발생한다고 보고 있습니다","F",""
"1","교통소음에 대해 설명해 주세요.","자동차의 주행에 따르는 소음이 교통 소음의 대표적인 예시입니다. 주로 타이어와 도로면의 마찰음에 의해서 발생하며, 콘크리트지형일 경우 그 소음이 배가되기 때문에, 도로교통법에 따라 모든 도로에서는 콘크리트를 원료로 사용할 수 없게 규정하고 있습니다","F",""
"1","교통소음에 대해 설명해 주세요.","항공기 소음은 발생 음량이 많고, 금속성의 고주파음입니다. 또한 간헐적인 충격음이며 상공에서 발생하기 때문에 피해 면적이 극히 넓습니다. 제트기의 소음은 일반적으로 이착륙 지점에서 2km 이내의 통과 선상에서 90㏈ 이상, 3~4km 떨어진 곳에서 80~85㏈이 됩니다.","P","고주파음의 특징을 설명해 주세요."
"2","환경내성식물에 대해 설명해 주세요.","대기오염 등에 의한 악영향을 받지 않도록 유전자 변환 등의 기술을 이용하여 개량한 식물입니다. 저온, 건조, 대기오염, 염분 등에 대한 내성식물을 연구하는 목적은 건조지나 한냉지 등 지금까지 경작에 적합하지 않던 토지에서도 생장할 수 있는 유용작물을 개발하려는 것입니다.","P","유전자 변환 기술을 설명해 주세요."
"2","환경내성식물에 대해 설명해 주세요.","대기오염물질인 이산화황은 식물의 탄산고정반응, 즉 탄소가 환원되어 당으로 되는 대사경로를 가로막고, 동시에 전자전달반응도 방해하는 활성산소를 생성하는 등 광합성 기능을 저해합니다. 활성산소는 반응도가 높은 분자종이기 때문에 생물은 이들에 의해서 세포 내의 DNA나 단백질, 지방질 등이 파괴되어 활동이 저해를 받지 않도록 활성산소를 소거할 수 있는 효소계를 갖추고 있습니다.","P","활성산소에 대해 설명해 주세요."
"2","환경내성식물에 대해 설명해 주세요.","환경내성식물이란 환경오염이 발생하여도 일정 기간동안 생존할 수 있는 식물을 의미합니다. 고온, 저온, 다습, 건조 등 어떠한 상황에서도 살아남는 식물만이 환경내성식물로 규정되고 있으며 우리나라에서는 소나무만 해당됩니다.","F",""
"2","환경내성식물에 대해 설명해 주세요.","환경내성식물이란 계절이나 대기의 변화 혹은 환경의 인위적인 변화에도 그 모습이 변하지 않는 식물을 말합니다. 따라서 개화시기를 제외하고 온전하게 그 모습이 일정해야 하기 때문에 단풍나무와 은행나무 등은 제외됩니다","F",""
"2","환경내성식물에 대해 설명해 주세요.","환경내성식물이란 환경오염이 심해짐에 따라 DNA조작을 통해서 식물들의 환경에 대한 저항성을 높인 인공식물을 의미합니다. 그러나 환경 내성식물은 DNA조작의 부작용으로 인해 생식의 문제가 발생하여 유전이 발생하지 않습니다,.","F",""
"2","환경내성식물에 대해 설명해 주세요.","효소계의 증강 등에 의해서 열악한 환경에서도 생장할 수 있는 환경내성식물의 재배기술이 개발되고 있습니다. 이 기술이 개발되면 이제까지 농지로 사용할 수 없던 장소도 농지로 쓸 수 있게 되며, 이에 의한 식량 증산도 기대할 수 있습니다. 한국을 비롯하여 일본과 미국 등 농업선진국에서 여러 가지 종자의 배합에 의한 품종개량이나 유전자 재결합기술을 이용한 환경내성식물의 연구가 활발하게 진행되고 있습니다.","P","품종개량의 목적을 설명해 주세요."
"1","야생생물보호구역에 대해 설명해 주세요.","육지의 일정한 지역 또는 물이 가까운 육지에서 서식하는 생물을 위한 피난지 또는 보호구역으로 보존과 보호를 위해 유지되는 구역을 말한다. 보호 대상은 야생의생물 중 멸종위기종, 보호대상종, 수렵금지종 등입니다. 미국의 경우는 국립공원, 보호구, 보전구 등의 세 가지 형태가 있습니다. 국립공원은 보호지역 외측에 완충지대가 있어 이곳에서는 수렵이나 인간의 거주가 금지됩니다.","P","보호대상종에 대해 설명해 주세요."
"1","야생생물보호구역에 대해 설명해 주세요.","보호구은 그 바로 바깥 쪽에는 사람이 거주할 수 있으며, 보전구에서는 야생동물과 원주민이 공존하며 생활합니다. 국립공원과 보호구에서는 원주민의 퇴거가 선결되어야 하므로 생활기반을 잃은 원주민과 국립공원·보호구 추진기관 사이에 분쟁이 일어나기도 합니다.","P","국립공원의 역할을 설명해 주세요."
"1","야생생물보호구역에 대해 설명해 주세요.","야생생물보호구역이란 야생동물을 수렵할 수 없는 공간에 해당되며, 우리나라의 경우 육지의 동물만을 규정하는 것으로 해양 생물은 야생생물로 취급되지 않기 떄문에 보호받을 수 없습니다. 단, 해양과 육지를 왕복하는 동물의 경우에는 보호대상이됩니다","F",""
"1","야생생물보호구역에 대해 설명해 주세요.","야생생물보호구역은 멸종위기종, 보호대상종, 수령금지종이 밀집한 지역을 지정하는 것이 일반적입니다. 따라서 보호구역으로 지정되지 않은 지역이라도 해당 지역에서 해당 종이 발견될 경우 즉각적으로 야생생물보호구역으로 지정하고 있습니다.","F",""
"1","야생생물보호구역에 대해 설명해 주세요.","국제거래협약에 의해서 야생생물보호구역을 지정합니다. 한 번 야생생물보호구역으로 지정된 지역은 해당 지역에 서식하는 모든 생물이 멸종위기종,보호대상종,수령금지종에서 벗어나지 않는 이상 지정이 취소되지 않습니다.","F",""
"1","야생생물보호구역에 대해 설명해 주세요.","1973년 채택된 멸종위기종에 관한 국제거래협약은 멸종위기종 또는 멸종위험종으로 지정된 675종의 생물들의 생체표본 제작이나 야생생물 양산을 목적으로 한 상업적 거래를 금지한것입니다. 1992년 유엔환경개발회의의 리우회의에서 채택된 생물다양성보존협약은 야생생물 보전과 보호에 관한 세계의 관심을 높였고 국제적 기준을 마련하였습니다.","P","멸종위험종에 대해 설명해 주세요."
"1","빗물 이용에 대해 설명해 주세요.","빗물은 대기 중에 있는 수증기가 응결되어 지표면으로 떨어지는 것입니다. 지표면에 떨어지는 빗물은 지표면 위를 흘러 하천에 유입되거나, 지표면에서 다시 증발되거나, 지하로 스며들어 식물에 흡수되거나, 지하수가 되어 다시 순환하게 됩니다. 그러나 산업화, 도시화로 지표면이 아스팔트와 같은 불투수층으로 덮이게 되면서, 빗물의 유출량이 급격하게 증가하고 지하수는 줄어들어 물 부족 문제가 발생하게 되었습니다.","P","지하수와 하천을 비교해서 설명해 주세요."
"1","빗물 이용에 대해 설명해 주세요.","최근 이상기후 현상에 따른 가뭄과 홍수가 잦아지면서, 물 순환을 원활하게 하기 위한 대책 마련이 요구되고 있습니다. 이러한 문제들을 해결하기 위한 방법의 하나로 친환경적인 빗물 이용에 대한 관심이 높아지고 있는데, 빗물 이용은 빗물의 유출량을 감소시키고 빗물을 저장하고 이를 처리하여 활용함으로써 물 부족 문제를 해결하고 하천의 수질을 개선시키며 산불과 같은 자연재해의 피해를 막기 위한 방법입니다.","P","이상기후의 원인에 대해 설명해 주세요."
"1","빗물 이용에 대해 설명해 주세요.","빗물을 이용하는 방법은 토양이 염기성이 많을 경우 현대의 비는 대부분 산성을 띄기 때문에 토양의 중화작용을 위해서 사용하고 있습니다. 생활폐수에서 각종 염기성 물질이 발생하는 것은 일반적으로 토양에 스며들며 비가오는 경우 중화됩니다.","F",""
"1","빗물 이용에 대해 설명해 주세요.","빗물은 지역마다 그 양의 차이가 많기 떄문에, 빗물을 통해 수자원이 부족한 국가를 지원할 수 있습니다. 최근에는 빗물 자체를 상품으로 건조 지역에 판매하는 국가도 많아지며, 해당 방식을 통해 국제적인 물부족이 해소되었습니다","F",""
"1","빗물 이용에 대해 설명해 주세요.","빗물을 적극적으로 활용하는 나라는 독일인데, 지하수의 활용을 통해 사용합니다. 독일은 지하수를 한 번에 전체적으로 관리하기 때문에 한 번 지하수를 전체 소비한 뒤에 이를 재정화하여 다시 지하수로 만드는 방식으로 쓰는데, 해당 지하수가 비어있을 때 빗물을 채워넣어 지하환경을 보존합니다","F",""
"1","빗물 이용에 대해 설명해 주세요.","특히 독일은 빗물 이용을 적극적으로 실시하고 있는 나라 중 하나입니다. 독일은 도시에서 지하수를 원수로 사용하고 있기 때문에 빗물 이용을 늘려 지하수를 보전하고자 노력하고 있습니다. 이에 따라 빗물 관리 체계가 상당히 발달되었는데, 대표적인 예가 공공 하수도로 빗물을 유출시킬 경우 우수세라는 빗물 처리 부담금을 부과하는 제도입니다.","P","독일의 우수세에 대해 설명해 주세요."
"2","환경경영체제에 대해 설명해 주세요.","환경경영이란 기존의 품질경영을 환경분야에까지 확장한 개념으로, 환경관리를 기업경영의 방침으로 삼고 기업활동이 환경에 미치는 부정적인 영향을 최소화하는 것을 말하며, 환경경영체제는 환경경영의 구체적인 목표와 프로그램을 정해 이의 달성을 위한 조직, 책임, 절차 등을 규정하고 인적·물적인 경영자원을 효율적으로 배분해 조직적으로 관리하는 체제를 의미합니다.","P","기업활동이 환경에 미치는 부정적 영향에 대해 설명해 주세요."
"2","환경경영체제에 대해 설명해 주세요.","환경규격에 대한 국제 표준인 ISO 14000 시리즈 가운데 ISO 14001과 14004 규격이 규정하고 있는 분야입니다. ISO 14001은 EMS 요건을 규정하고 있는데, 여기에는 일반요건, 환경방침, 계획, 실행 및 운영, 점검 및 시정조치, 경영자 검토 등으로 구성되어 있습니다. ISO 14004는 EMS의 원칙, 체제 및 지원기법에 관한 일반지침을 규정하고 있습니다.","P","ISO 14004에 대해 설명해 주세요."
"2","환경경영체제에 대해 설명해 주세요.","환경경영체제란 영업외부환경과 내부환경을 관리하는 체제를 의미합니다. 영업 외부 환경이란 영업이 진행되는 과정에서 영업과 관련 없지만 추후에 영업 이익에 포함되는 것들 예를 들어, 품위 유지비나 교통비 등을 말합니다. 이는 영업의 성패와는 무관하며 이를 분석할 필요성은 적으나, 영업 외부 환경 분석을 통해 해당 사안을 삭감하여 영업이익의 상승을 일으킬 수는 있습니다.","F",""
"2","환경경영체제에 대해 설명해 주세요.","환경규격을 준수하여 제품을 생산하는 것 역시 환경경영체제의 종류로 볼 수 있습니다. 환경경영은 국제적으로 강제적인 규정이기 떄문에 환경 규격을 준수하지 않은 제품은 상품성을 측정받을 수 없기 때문에 기업은 무조건적으로 환경경영체제를 준수해야하는 의무가 존재합니다","F",""
"2","환경경영체제에 대해 설명해 주세요.","환경경영이란 기존의 품질경영 중심이었던 기업이 환경에 대한 무관심을 반성하고 환경에 보다 적극적인 제품을 만드는 기업 체제를 의미합니다. 환경관리를 기업 경영의 방침으로 삼고, 제품의 상품성보다 환경친화성을 우선시합니다.","F",""
"2","환경경영체제에 대해 설명해 주세요.","품질경영체제는 고객의 욕구가 주요한 관심사인 반면, 환경경영체제는 광범위한 이해관계자의 욕구와 환경보호에 대한 사회적 필요성을 반영하고 있다는 점에서 차이가 있습니다. 또한 ISO 9000 시리즈는 시장경쟁력을 유지하기 위해서 기업이 자발적으로 참여할 수 있는 선택적 개념의 시스템인 반면, ISO 14000 시리즈는 환경적으로 건전하지 못한 기업은 궁극적으로 생존하기 어렵다는 점에서 선택의 여지가 적은 절대적 개념의 시스템이라 할 수 있습니다.","P","ISO 9000에 대해 설명해 주세요."
"2","진동공해에 대해 설명해 주세요.","주로 기계나 기구의 사용으로 인한 강한 진동을 가리킵니다. 주로 지반을 통하여 건축물에 전파되어 건물 안에 2차 소음을 발생시키고 파동의 형태로 인체에까지 전파됩니다. 정도에 따라서는 발생원에서 멀리 떨어진 건축물과 인체에까지 파동이 미치기도 합니다.","P","파동에 대해 설명해 주세요."
"2","진동공해에 대해 설명해 주세요.","진동을 느꼈을 때의 불쾌감이나 스트레스 등의 심리적 영향은 진동감각만으로 느끼는 것이 아니라, 진동의 영향을 받아 흔들리는 물체를 본다든지 하는 감각적인 측면까지 포함해서 종합적인 결과로 나타나게 됩니다. 즉 소음공해처럼 감각적 측면도있지만 물리적인 현상을 동반한다는 점이 다릅니다.","P","진동공해가 동반하는 물리적 현상에 대해 설명해 주세요."
"2","진동공해에 대해 설명해 주세요.","진동공해란 파장이 발생시키는 공해를 의미합니다. 최근 인공적인 지진이 발생하는 것이 늘어남에 따라, 지진 역시 진동 공해에 포함되게 되었습니다. 또한 진동공해는 소리와 기타 부수적인 피해를 발생시키기도 합니다.","F",""
"2","진동공해에 대해 설명해 주세요.","진동공해란 기계나 기구 등의 사용으로 강한 진동을 느껴 일상생활이 불가능한 공해를 의미합니다. 따라서 개인이 다리를 떠는 행동을 통해 주위 사람들에게 진동이 느껴져 불쾌감을 주면 이 역시 진동공해의 일부로 고려하고 있습니다","F",""
"2","진동공해에 대해 설명해 주세요.","진동공해는 단발적으로는 결코 발생하지 않으며, 소음 공해와 결합하여 발생합니다. 주로 지반을 통하여 건축물에 전파되지만, 소음공해와 다르게 건축이나 사람에게 물리적인 피해를 발생시키지 않는다는 특징을 가지고 있습니다.","F",""
"2","진동공해에 대해 설명해 주세요.","공해로서의 진동 발생원은 주로 공장의 기계, 교통기관, 건설장비 등을 꼽을 수 있습니다. 여기서 발생하는 진동은 대부분 영향권 안에 있는 사람과 동물의 심리적 불쾌감을 일으켜 수면을 방해하고 업무능률을 떨어트리며, 장기간 지속될 경우 스트레스·정서장애·생리기능장애 등을 초래합니다. 심한 경우 건물을 손상시키기도 합니다.","P","정서장애의 발현증상에 대해 설명해 주세요."
"2","광공해현상에 대해 설명해 주세요.","밤하늘의 오염도를 측정하는 지표로 삼기도 합니다. 깊은 밤인데도 도심에 켜 있는 각종 조명·가로등·네온사인 등은 도시 주변 산에 자리잡은 천체관측소의 관측을 방해하고, 식물의 광합성 작용에 혼란을 일으키며 곤충들은 바이오리듬을 잃어버려 이상행동을 초래합니다.","P","곤충들의 바이오리듬에 대해 설명해 주세요."
"2","광공해현상에 대해 설명해 주세요.","여름철 도시의 매미들이 밤중에도 시끄럽게 우는 것은 광공해현상 때문입니다. 또한 광원에서 발생하는 빛과 열기는 식물의 생장에 영향을 끼치는데, 가로수와 근접한 가로등이나 나무에 감아 놓은 장식용 전구는 빛과 열 그리고 전자파를 발산해 피해를 입히는 것으로 알려졌습니다.","P","전자파가 식물의 생장에 미치는 영향을 설명해 주세요."
"2","광공해현상에 대해 설명해 주세요.","광공해현상이란 광원에서 발생하는 빛에 의해 피해를 입는 것을 의미합니다. 주로 밤에 가로등이 환하게 비춰서 잠을 못자는 것이 대표적인 예시이며, 도심지역에서만 발생하며 도시의 주변부나 외곽에서는 발생하지 않는 특징이 있습니다","F",""
"2","광공해현상에 대해 설명해 주세요.","인공불빛 떄문에 광공해현상이 발생합니다. 달이 관측되지 않는 것을 통해 가시적으로 알 수 있습니다. 인공백야라고도 하며, 밤 자체가 지속적으로 밝기 때문에 식물이 허상적인 광합성을 하게되어 이산화탄소량이 증가하는 현상입니다.","F",""
"2","광공해현상에 대해 설명해 주세요.","밤에 발생하는 현상으로 인해 공해가 발생하는 것을 모두 광공해현상이라고 합니다. 또한 해당 공해는 모두 불빛을 동반하는 현상이어야 하기 떄문에 여름철 도시의 매미들이 밤중에 시끄럽게 우는 것은 광공해 현상으로 고려하지 않습니다","F",""
"2","광공해현상에 대해 설명해 주세요.","대기오염물질과 인공불빛 때문에 시야에서 별이 사라지는 현상입니다. 미국이나 일본 등지에서는 가로등을 설치할 때, 전구에 반드시 갓을 씌우는 등의 시책을 펴고 있습니다. 실제로 가로등 밑과 가로등을 벗어난 곳에서 별의 수를 세어 보면 그 차이를 쉽게 확인할 수 있습니다.","P","가로등에 갓을 씌웠을 때 나타나는 효과를 설명해 주세요."
"1","생물지표에 대해 설명해 주세요.","일정한 환경에서 기준이 되는 생물을 통해 환경상태나 환경을 구성하는 여러 가지요소의 상황을 측정하는 지표를 말합니다. 여기서 기준이 되는 생물이란 한정된 환경에서 이동이 없고, 비교적 분포지역이 넓으며, 오염 피해에 민감하게 반응해 환경에 변화가 생길 경우 빠르게 영향을 받는 생물을 말합니다.","P","분포지역이 넓어야 하는 이유를 설명해 주세요."
"1","생물지표에 대해 설명해 주세요.","생물지표는 환경오염에 대한 생태계의 영향을 평가하는 지표로 많이 이용됩니다. 물리적·화학적 오염 측정 방법이 특정 오염요소에 국한되는 것과는 달리 복합오염에 대한 종합평가가 가능하고, 2차 오염에 대한 위험성이 전혀 없다는 장점을 가지고 있습니다.","P","2차오염에 대한 위험성이 없다는 의미를 설명해 주세요."
"1","생물지표에 대해 설명해 주세요.","생물지표란 일정한 환경에서 해당 생물의 평균생존 수와 그 분폴르 측정하는 지표를 의미합니다. 인간의 경우 지구상 대부분의 환경에서 생존할 수 있기 때문에 지표가 가장 높으며, 멸종위기종이 가장 지표가 낮게 측정되고 있습니다","F",""
"1","생물지표에 대해 설명해 주세요.","생물지표는 환경오염에 대한 생태계의 영향을 평가하는 지표를 의미합니다. 따라서 환경오염이 발생한 지역에서는 생물지표가 지나치게 높게 나오고 생물지표가 높으면 2차적인 오염의 위험성이 발생할 가능성이 높다고 판단되고 있습니다","F",""
"1","생물지표에 대해 설명해 주세요.","생물지표란 일정한 환경에서 어떠한 생물을 기준 삼아 해당 환경상태나 환경을 구성하는 여러 요소를 파악하는 것을 말합니다. 따라서 생물지표에 사용되는 생물은 생존력이 매우 강한 바퀴벌레와 같은 생물체를 쓰는 것이 일반적입니다","F",""
"1","생물지표에 대해 설명해 주세요.","생물지표 가운데 측정 생물이 식물인 경우 이를 지표식물이라 하고, 동물인 경우 지표동물이라고 합니다. 대표적인 지표식물에는 들깨·깨꽃·곰솔·배나무 등이 있는데, 들깨는 이산화황과 접하게 되면 잎 가장자리부터 연한 흑색 반점이 나타나기 시작해 점차 잎 전체로 번져나가 나중에는 흑갈색으로 바뀌고, 오존과 접할 경우에도 비슷한 반응이 일어납니다.","P","지표동물의 예제를 설명해 주세요."
"1","우주쓰레기에 대해 설명해 주세요.","지구궤도를 회전하고 있는 인공 물체입니다. 수명을 다한 인공위성 로켓의 상단 부분과 로켓과 인공위성을 분리할 때 발생한 파편들입니다. 추정에 의하면 10cm 이상 크기가 7,000개, 1∼10cm 크기가 1만 7500개, 0.1∼1cm 크기가 350만 개 이상이 지구궤도에서 떠돌고 있습니다.","P","지구궤도에 대해 설명해 주세요."
"1","우주쓰레기에 대해 설명해 주세요.","우주 쓰레기들은 초속 3∼7.8km 고속으로 비행을 하고 있기 때문에 우주비행을 하는 우주선이나 21세기 초에 건설될 우주정거장 건설에 큰 문제점으로 부각되고 있습니다. 만일 우주쓰레기가 우주선이나 우주정거장과 충돌할 경우 큰 피해가 발생되기 때문입니다. 이 때문에 우주 쓰레기를 줄이는 문제는 우주개발의 큰 과제 중의 하나입니다.","P","우주쓰레기가 우주개발에 미치는 영향을 설명해 주세요."
"1","우주쓰레기에 대해 설명해 주세요.","우주쓰레기란 우주에 부유하거나 존재하고 있는 쓰레기를 말하며 대부분 인공적으로 만들어진 경우가 많습니다. 우주 전체에서 발생하는 쓰레기는 대부분 인간이 만든 것으로 인공물체가 수명을 다하여 우주에 전파되어 여러 행성의 공전 주기를 변화시키는 문제를 낳았습니다","F",""
"1","우주쓰레기에 대해 설명해 주세요.","우주쓰레기는 수명이 다한 인공위성이나 탐사선을 가리킵니다. 해당 쓰레기로 인해, 지구에서 관측되는 별의 양이 줄어들게 되었고, 해당 쓰레기들은 지구로 추락할 우려가 있어, 현재는 우주쓰레기를 청소하는 기계를 통해 처리하고 있습니다.","F",""
"1","우주쓰레기에 대해 설명해 주세요.","우주쓰레기는 운동을 하지 않고 우주의 흐름에 따라 부유하고 있는 우주선이나 인공위성의 파편들을 의미합니다. 해당 쓰레기들은  태양계 전체로 산발적으로 분포되어 있으며, 지구 근처에는 거의 존재하지 않습니다.","F",""
"2","이콜로지 운동에 대해 설명해 주세요.","이콜로지라는 원어를 그대로 쓸 경우, 인간과 자연과의 사이에 바람직한 관계를 찾아내고 그 실현을 향해 움직이는 사회운동, 생활자세, 사상, 학술 연구 등을 가리키는 일이 많습니다. 사회운동으로서의 이콜로지는 과학으로서의 생태학과는 전혀 다른 것이지만, 생태계의 구조에 관한 지식은 이콜로지 운동의 사상이나 구체적 활동의 기반이 되기도 합니다.","P","이콜로지와 생태학과의 관계를 설명해 주세요."
"2","이콜로지 운동에 대해 설명해 주세요.","이콜로지의 본질은 관계로부터 세계를 바라보는 것입니다. 개개의 생물, 무생물은 어떠한 경우든 홀로 존재하는 것이 아니며, 모든 것이 관계의 망으로 연결되고 그 연결로 인하여 개개의 존재가 그 존재를 보증받는다는 전체론적인 세계관이 기본이 됩니다. 즉 관계야말로 개개의 존재를 규정하고 있으며, 만물의 인식에는 이러한 관계에 대한 이해를 빼놓을 수 없다는 의식입니다.","P","생물과 무생물을 비교해서 설명해 주세요."
"2","이콜로지 운동에 대해 설명해 주세요.","이콜로지라는 것은 자연과 자연사이의 관계를 통해서 발생하는 경제적인 지표를 측정하는 것을 의미합니다. 따라서 개개의 생물이 대상이 되며, 미립자나 무생물은 해당 지표 측정에서 제외되어 계산하고 있습니다.","F",""
"2","이콜로지 운동에 대해 설명해 주세요.","이콜로지는 자연에 대한 인간의 소비를 보다 효율적으로 하기 위해서 자연과 인간의 관계를 바라보며, 해당 관계를 모두 연결하는 것을 의미합니다. 관계를 통해 세계를 바라보는 것으로 그 중심에는 인간을 두고 측정하는 것이 일반적입니다","F",""
"2","이콜로지 운동에 대해 설명해 주세요.","이콜로지는 관계를 통해 세상을 바라보는 철학의 한 종류입니다. 개개인의 존재는 관계에 의해 규정되기 떄문에 사회성이 존재하지 않는 인간 외의 생물이나 무생물의 경우 해당 철학의 대상이 될 수 없습니다.","F",""
"2","이콜로지 운동에 대해 설명해 주세요.","이콜로지는 경제성장주의, 경쟁원리, 거대 신앙이 지배하는 현대문명에 대신할 의식으로서, 나 자신 이외의 인간을 포함한 다양한 존재를 존중하고 연대하며 생명세계를 유지하는 시스템의 지속을 거스르지 않는 생활이나 사회의 양상을 명확하게 실현할 것을 목표로 하고 있습니다.","P","경제성장주의가 환경에 미친 영향을 설명해 주세요."
"2","생태적 빈곤성에 대해 설명해 주세요.","생태계가 악화되거나 파괴된 정도를 가리킵니다. 다른 지역에 비해 특히 도시에서 생태적 빈곤성이 심각하게 나타납니다. 산업화가 진행됨에 따라 도시에 빠른 속도로 인구가 유입되면서 시가지 개발을 위한 건물과 도로가 크게 증가하였고, 녹지와 같은 생태적 공간은 점점 줄어들게 되었습니다.","P","산업화가 생태계에 미친 부정적 영향을 설명해 주세요."
"2","생태적 빈곤성에 대해 설명해 주세요.","도시 표면이 콘크리트나 아스팔트로 포장되어 도시에 불투수층이 늘어나면, 비가 내렸을 때 빗물을 흡수하고 저장할 수 있는 토양이 부족하여 홍수 위험이 증가하게 됩니다. 또한 도시의 건물이나 자동차에서 발생하는 인공열은 도시의 기온을 높여 열섬 현상을 발생시키며, 이는 도시 내 생태계 교란을 일으킬 수 있습니다.","P","열섬 현상에 대해 설명해 주세요."
"2","생태적 빈곤성에 대해 설명해 주세요.","생태적 빈곤성이란 생태계가 파괴되어 더이상 자연의 생성이 일어나지 않고 소비만 남았을 때를 지칭하는 용어입니다. 따라서 인위적인 행동이 있어야만 생태적 빈곤성이 발생하며 사막과 같은 지역에서는 생태적 빈곤성이 발생하지 않습니다","F",""
"2","생태적 빈곤성에 대해 설명해 주세요.","생태적 빈곤성이 높으면 생태계의 교란이 활발해지게 됩니다. 생태계 빈곤성은 생태계가 약화되거나 파괴될 때 상승하게 되는데 이로 인해 생태계에 존재하는 생명체의 다양성이 높아져서 생태계의 교란이 발생하는 원리입니다","F",""
"2","생태적 빈곤성에 대해 설명해 주세요.","생태계의 빈곤성은 주로 생태계가 무분별하게 파괴된 도심지역에서 발생합니다. 해당 지역에는 녹지와 같은 자연활동 지역이 존재하지 않기 때문에 생태계가 존재하지 않는 것으로 파악되며 이로인해 생태계의 빈곤성이 발생합니다","F",""
"2","생태적 빈곤성에 대해 설명해 주세요.","도시의 생태적 빈곤성을 해결하기 위해서는 녹지를 확대하여 생태적 공간을 회복시키는 것이 중요합니다. 이를 위해 도시 주변에 개발제한구역을 설정하거나, 도심과 바깥 지역의 녹지대를 연결하는 바람길을 조성하고, 공원과 같은 녹지 공간 확대 및 부족한 녹지를 보충하기 위해 건물 옥상에 정원을 설치하거나, 복개하천을 자연 하천으로 복원하는 등 다양한 노력이 이루어지고 있습니다.","P","복개하천에 대해 설명해 주세요."
"1","화학물질공해에 대해 설명해 주세요.","천연이든 인공이든 많은 화학물질이 생활용품이나 식품 속에 함유되어 있습니다. 식품등의 제조과정에서 유해한 화학물질이 섞여 들어가는 경우도 있으나, 일반적으로는 환경에 방출된 화학물질이 그 오염된 흙이나 물, 그리고 공기를 통해서 다시 인체에 들어오는 경우가 많습니다.","P","생활용품에 포함된 화학물질의 예제를 설명해 주세요."
"1","화학물질공해에 대해 설명해 주세요.","폐기물에 함유된 수은이 미나마타병을 발증한다는 사실이 화학물질공해의 예입니다. 바다 등 자연계는 커다란 자정작용을 지니고 있으나, 그 능력의 한계를 넘으면오 염이 진행되는 것처럼, 화학물질의 생성·분해가 자연계의 순환에 조화되는 한계를넘는 데에 화학물질공해가 일어나는 근원이 있습니다.","P","미나마타병에 대해 설명해 주세요."
"1","화학물질공해에 대해 설명해 주세요.","화학물질공해란 천연 화학물질이 현존해있는 지역을 벗어나 새로운 생태계에 유입됨으로써 해당 생태계를 파괴하는 자연재해를 일컫는 용어입니다. 따라서 화학물질공해는 방지될 수 없으며 치유만 가능한 현상으로 칭해집니다","F",""
"1","화학물질공해에 대해 설명해 주세요.","생태계의 먹이사슬을 통해서 인공적인 화학물질이 체내에 들어와 각종 질병을 일으키는 현상을 화학물질 공해라고 합니다. 천연물질은 대부분 인체에 무해한 경우가 많기 떄문에 화학물질공해는 인공적 화학물질에서만 발생합니다","F",""
"1","화학물질공해에 대해 설명해 주세요.","화학물질공해란 화학물질이 자연계에 퍼짐에 따라서 생태계가 변화하는 모든 현상을 가리킵니다 수은에 의한 미나마타병이나 바이러스의 전파로 인해 발생하는 전염병 혹은 유전자 조작물질의 개발 역시 화학물질공해의 예시입니다","F",""
"1","빌딩풍해에 대해 설명해 주세요.","지상 1백m 이상의 고층 빌딩 사이에서 일어나는 각종 풍해 현상을 가리킵니다. 고층빌딩이 있는 지역의 아래쪽에서는 바람이 빌딩의 주위에서 소용돌이치고 급강하하거나 풍속이 2배 이상으로 빨라지기도 하며 때로는 무풍상태가 됩니다. 이 때문에 간판이나 지붕이 날아가거나 전선이 끊어질 때도 있습니다.","P","무풍상태가 발생하는 이유를 설명해 주세요."
"1","빌딩풍해에 대해 설명해 주세요.","지상 150m 이상의 빌딩이 건립되면 상공에서는 바람이 일정한 방향으로 불고 있어도 아래쪽에서는 바람이 빌딩의 주위에서 소용돌이치고 급강하할 수 있습니다. 연기·배기가스가 소용돌이 현상으로 지상에 흘러서 국지적인 대기오염이 발생합니다. 고층 빌딩이 밀집되어 있는 도심지에서는 새로운 도시공해로 나타나고 있습니다.","P","도시공해의 종류를 설명해 주세요."
"1","빌딩풍해에 대해 설명해 주세요.","빌딩풍해란 높은 빌딩이 건축됨에 따라 빌딩과 빌딩사이의 마찰력이 발생하여 바람의 강도가 강해지게 되는데 이를 빌딩풍해라고 합니다. 빌딩풍해는 초속 300m정도로 굉장히 강력하여 태풍과 유사한 강풍을 동반하게 됩니다","F",""
"1","빌딩풍해에 대해 설명해 주세요.","빌딩풍해란 바람이 일정한 세기로 불고 있다가 고층 빌딩을 만나면 빌딩을 지나는 바람의 속도가 갑작스럽게 빨라지는 현상을 의미합니다. 이는 바람의 세기가 높아질 경우만 해당하며 바람의 세기가 낮아질 때는 빌딩풍해로 고려되지 않습니다","F",""
"1","빌딩풍해에 대해 설명해 주세요.","고층빌딩으로 인해 바람의 방향이나 속도가 급격하게 변화하는 것을 빌딩풍해라고 합니다. 빌딩풍해의 피해가 늘어남에 따라 우리나라는 1백m 이상의 고층빌딩의 건축을 규제하는 환경법을 제정하여 2018년부터 시행하고 있습니다","F",""
"2","공해덤핑에 대해 설명해 주세요.","환경덤핑이라고도 합니다. 1970년 미국 베들레헴 철강회사의 사장이 처음 사용한 용어입니다. 환경규제가 적은 국가의 기업은 낮은 오염방지비용을 부담하는데, 이는 정부로부터 보조금을 받는 것과 같은 효과를 낳고, 이러한 국가의 상품은 결국 수입국 생산품의 경쟁력을 약화시켜 수입국 산업에 피해를 주게 된다는 것입니다.","P","공해덤핑이 수입국 산업에 피해를 주는 이유에 대해 설명해 주세요."
"2","공해덤핑에 대해 설명해 주세요.","개발도상국이 처음 국제시장에 진출할 때는 비교우위가 있는 1차산품과 노동집약적상품을 수출합니다. 수출전략이 성공하면 개발도상국은 점차 제조업 부문에 투자를 하게 되고, 값싼 공해유발기술을 이용하여 제조업 부문으로 비교우위를 옮겨갑니다. 그 결과 공업화에 성공하면 엄청난 양의 에너지와 자원을 소모하여 지구환경을 악화시킬 가능성이 큽니다.","P","노동집약적상품에 대해 설명해 주세요."
"2","공해덤핑에 대해 설명해 주세요.","공해덤핑이란 환경 규제가 높은 국가의 기업은 상대적으로 낮은 오염방지비용을 부담하는데 이로 인해 규제가 높더라도 더 많은 공해오염물질을 생산하게 되어 총합적인 환경오염의 감소가 없어지는 현상을 의미합니다.","F",""
"2","공해덤핑에 대해 설명해 주세요.","공해덤핑이란 주로 개발도상국에서 발생하는 것으로, 개발도상국은 보통 환경 규제가 적기 때문에 오염방지비용도 낮아 공해물질이 지속적으로 발생하며 이로 인해 개발도상국의 환경오염이 지속적으로 증가되는 현상을 의미합니다","F",""
"2","공해덤핑에 대해 설명해 주세요.","다국적 기업이 공장을 환경 규제가 모국보다 적은 개발도상국에 배치하여, 해당 제품 생산에서 발생하는 오염물질을 개발도상국에 그대로 방치하는 것을 공해덤핑이라고 합니다. 국제적인 협약에 의해서 해당 문제가 공론화됨에 따라 현재는 공해덤핑에 대한 문제가 발생하지 않습니다","F",""
"2","공해덤핑에 대해 설명해 주세요.","다국적기업들은 자국 안에서 점차 환경에 대한 규제가 심해지고 노동기준과 임금수준이 높아지자 개발도상국으로생산공장을 이전하고 여기에서 생산된 물품을 자국 및 해외로 수출합니다. 미국 등선진국 정부에서도 공해를 유발하는 기업의 제3세계 진출을 장려하고 있는 실정입니다. 이로서 공해덤핑 시비는 갈수록 선진국과 개발도상국 간의 무역분쟁으로 심화될 것이 예상됩니다.","P","다국적기업에 대해 설명해 주세요."
"2","도시폐열에 대해 설명해 주세요.","인구가 과밀한 도심부에서는 폐열로서 열에너지가 당연히 발생합니다. 예컨대, 쓰레기를 소각할 때 발생하는 열로생기는 비교적 고온이며 국소 집중형인 폐열, 송전·변전 때 줄 발열로 발생하는 폐열, 생활하수 등이 갖고 있는 30∼40℃ 정도의 낮은 하수 폐열 등 비교적 광범위하게 분포되어 있는 저온의 폐열입니다.","P","하수폐열에 대해 설명해 주세요."
"2","도시폐열에 대해 설명해 주세요.","도시폐열은 인간 실생활과 극히 직접적으로 관련이 되어 있는 것이며, 이런 점에서 그 회수·활용 등의 면에서 다른 폐열 에너지와는 다른 특징을 갖고 있습니다. 이 때문에 도시폐열은 그 열원으로서 이용가치를 논의하기 이전에, 도시환경을 쾌적하게 만들기 위해 이를 회수하여 제거하는 방법의 연구가 더 급하고, 중요한 과제로 되어 있습니다.","P","도시폐열이 다른 폐열 에너지와 다른 특징을 설명해 주세요."
"2","도시폐열에 대해 설명해 주세요.","도시가 폐쇄적인 경우에 도시폐열이 발생합니다. 열이 순환되지 않고 지속적으로 도심 내부에 머무름으로써 발생하며 기온역전현상이나 열섬현상을 동반하게 됩니다. 그러나 겨울에 주로 일어나기 떄문에 환경적인 피해는 발생하지 않습니다","F",""
"2","도시폐열에 대해 설명해 주세요.","인구가 많은 도심부에서 공기가 순환되지 못해 열에너지가 다량으로 발생하게 되며 이로 인해 주변부보다 15~20도 이상 온도가 상승함에 따라 사람들이 건조열에 화상을 입거나 열사병에 걸리는 현상은 도시폐열이 그 원인으로 작용하는 것입니다","F",""
"2","도시폐열에 대해 설명해 주세요.","도시폐열은 대부분 상온보다 높기 떄문에 인간생활에 유용하게 사용될 수 있습니다. 주로 열펌프를 활용하여 도시가스나 공장을 가동할 때 필요한 열을 도시폐열을 통해서 확보하거나, 찜질방,사우나 등에서도 효율적으로 사용되고 있습니다","F",""
"2","도시폐열에 대해 설명해 주세요.","도시폐열은 대부분의 경우 상온에 아주 가깝습니다. 이 때문에 그대로의 온도에서는 이것을 인간생활에 유용하게 이용할 방도가 없습니다. 따라서 이를 이용하기 위해서는 열펌프의 활용이 필수적입니다. 즉, 열펌프로 폐열의 온도를 높여 난방·급탕용의 온열원으로 이를 이용합니다.","P","도시폐열이 상온에 가까운 이유를 설명해 주세요."
"2","환경정보체계에 대해 설명해 주세요.","환경에 관한 자료를 체계적인 분류기준과 코드화 작업을 통해서 업무에 효율적으로 이용하는 시스템입니다. 환경정보의 체계적인 구축은 분야별 지리정보 시스템을 통합하여 환경정책 수립에 있어 의사결정 지원시스템을 구축하는 것이 목표입니다. 대기 오염 정보, 수질 오염 정보, 고형 폐기물 처리 정보, 유해 폐기물 위치 평가 등 각종 오염원의 생성과 관련된 정보의 효율적 관리를 위한 것입니다.","P","고형폐기물의 특징을 설명해 주세요."
"2","환경정보체계에 대해 설명해 주세요.","환경정보를 체계적으로 구축·분석할 수 있는 시스템입니다. 구축 시스템으로는 수질환경정책지원 통합시스템, 환경영향평가를 위한 인공위성 분석자료시스템, 자연환경 문헌정보시스템, 수도정보시스템, 생물종 정보시스템 등이 있습니다. 환경정보를 자연환경·생활환경·사회경제환경으로 크게 나누고, 이들을 다시 23개의 평가항목으로 구분합니다.","P","수도정보시스템에 대해 설명해 주세요."
"2","환경정보체계에 대해 설명해 주세요.","환경정보체계란 환경 자체를 데이터로 만들어서 보존,보전하는 체계를 의미합니다. 주로 대기오염이나 수질오염을 측정하는데 사용되며 그 외의 지역은 통계화나 수치화가 어렵기 떄문에 환경정보체계를 한정적으로 사용하고 있는 상황입니다.","F",""
"2","환경정보체계에 대해 설명해 주세요.","환경정보를 체계적으로 구축 분석할 수 있는 시스템을 말합니다. 그러나 주로 공익적인 목적으로만 사용되며, 기업에서는 사용되지 않습니다. 환경정보를 모두 자연환경으로 분류하고 이를 7개의 항목으로 구분하여 환경오염의 정도를 구분하는 시스템입니다","F",""
"2","환경정보체계에 대해 설명해 주세요.","환경에 대한 자료를 체계적인 코드화 작업을 통해 해당 환경 자료를 컴퓨터가 해석할 수 있도록 변환시키는 체계를 환경정보체계라고 합니다. 이를 통해 환경오염이나 환경운동에 대한 효과를 시뮬레이션할 수 있게 되었습니다.","F",""
"2","환경정보체계에 대해 설명해 주세요.","자연환경은 기상, 지형·지질, 동·식물상, 해양환경, 수리·수문의 5개 항목과 그 세부항목으로 나누고, 생활환경은 토지이용, 대기질, 수질, 토양, 폐기물, 소음·진동, 악취, 전파장해, 일조장해, 위락·경관, 위생 및 공중보건의 11개 항목과 그 세부항목으로, 그리고 사회경제환경은 인구, 주거, 산업, 공공시설, 교육, 교통, 문화재의 7개 인자와 그 세부항목으로 분류합니다.","P","사회경제환경의 세부항목에 대해 설명해 주세요."
