"1","포퓰리즘에 대해 설명해 주세요.","어원은 인민이나 대중 또는 민중을 뜻하는 라틴어 ‘포풀루스’에서 유래하였으며, 대중주의 또는 민중주의, 인민주의라고도 합니다. 포퓰리즘에 대한 정의를 정확하게 규정하기는 어렵지만 일반적으로 대중의 견해와 바람을 대변하고자 하는 정치 사상 및 활동을 가리키며, 소수의 엘리트가 다수의 대중을 지배하는 엘리트주의에 상대하는 개념으로 간주됩니다.","P","엘리트주의에 대해 설명해 주세요."
"1","포퓰리즘에 대해 설명해 주세요.","대중주의(大衆主義) 또는 포퓰리즘(Populism)은 이데올로기 혹은 정치철학으로서, 다수의 ""대중""을 ""엘리트""를 보다 우위의 주체로 보고 있습니다. 역사적으로 엘리트를 중심으로 이뤄진 정치 및 사회 체제의 변화의 부작용을 비판하면서 등장했습니다. 엘리트 주의를 배제하고 대중을 최고의 선으로 본 포퓰리즘은 ""보통사람들의 요구와 바람을 대변하려는 정치 사상, 활동""이라고 정의하고 있습니다.","F",""
"1","포퓰리즘에 대해 설명해 주세요.","포퓰리즘은 다수를 위한 정책을 통해 정치 및 사회 체제의 변화를 도모하고, 다수의 지지를 얻어내고, 직접적인 정치 참여를 강조하는 이데올로기 입니다. 다수 대중의 동의와 참여를 중요하게 생각하는 점 때문에, 소수를 위한 정책 수립이 어렵다는 단점이 있어 민주주의를 통해 부작용을 해소하고 있습니다.","F",""
"1","포퓰리즘에 대해 설명해 주세요.","정치 지도자들은 정치적 편의를 위해 포퓰리즘이라는 이데올로기를 만들어, 대중을 교묘하게 조종하는 사상적 도구로 사용하고 있습니다. 실질적 민주주의가 아닌 형식적 민주주의의 한 형태로, 대중의 지지를 받기 위해 비현실적인 정책을 내세우고, 실제로는 변화가 생기지 않는다는 점이 큰 특징입니다. ","F",""
"1","포퓰리즘에 대해 설명해 주세요.","대중에게 호소해서 다수를 위한 정책을 수립하고 다수의 지지를 얻어내기 위하여 노력한다는 점, 다수의 지배를 강조하고 직접적인 정치 참여를 강조한다는 점에서 포퓰리즘은 민주주의와 맥을 같이합니다. 즉, 기득권 정치 세력과는 달리 대중의 눈높이에서 그들의 목소리를 직설적으로 표출하고 진정한 민주주의를 위하여 현실을 타개합니다.","P","기득권에 대해 설명해 주세요."
"1","포퓰리즘에 대해 설명해 주세요.","정치 지도자들이 정치적 편의나 기회주의적 생각으로 포퓰리즘을 활용하면서, 실제로는 비민주적 행태와 독재 권력을 공고히 한다고 비판합니다. 즉, 권력과 대중의 정치적 지지를 얻기 위하여 비현실적인 정책을 내세울 뿐이며, 국가와 국민이 아니라 특정 집단의 정치적 목적을 위한 수단으로 악용될 수 있다는 점을 지적합니다.","P","포퓰리즘이 악용될 수 있다는 의미를 설명해 주세요."
"1","3권 분립에 대해 설명해 주세요.","3권분립 이론의 핵심은 자유주의적 요청에 따라 국가권력으로부터 국민의 자유를 지키려는 데 그 진가가 있습니다. 적극적으로 국가권력의 능률향상을 위한 제도가 아니라 소극적으로 국가권력의 집중과 전횡을 막으려는 것이며, 국가권력과 그것을 행사하는 인간에 대한 회의적이고 비판적인 인간관에 근거하고 있습니다.","P","국가권력을 행사하는 비판적인 인간관에 대해 설명해 주세요."
"1","3권 분립에 대해 설명해 주세요.","3권분립 이론의 핵심은 자유주의적 요청에 따라 국가권력으로부터 국민의 자유를 지키려는 데 그 진가가 있습니다. 이때문에 적극적으로 국가권력의 능률향상을 위한 제도라고 볼 수 있습니다. 부차적 효과로 국가권력의 집중과 전횡을 막을 수 있습니다. ","F",""
"1","3권 분립에 대해 설명해 주세요.","3권분립주의는 법치주의의 한 제도로서 다른 조직원리인 군제자나 공화제와는 결코 결합될 수 없는 개념입니다. 또한 3권분립은 자유주의적 요소이므로, 민주주의와 반드시 결부되는 개념입니다. 이 때문에 전제정부를 기반으로 한 입헌정부에서는 적용되기 어렵다는 특징을 가지고 있습니다. ","F",""
"1","3권 분립에 대해 설명해 주세요.","오늘날의 민주주의 국가는 전제화의 우려가 없으므로, 권력분립의 원칙에 반대하는 입장이 주를 이루고 있습니다. 오히려 고전적 권력분립제도가 국가의 효율성을 저해하여, 국가성장과 발전의 저해요소가 되고 있다는 점 때문입니다. ","F",""
"1","3권 분립에 대해 설명해 주세요.","3권분립주의는 국민주권주의와는 달리, 법치주의의 한 제도로서 다른 조직원리인 군주제나 공화제와도 결합될 수 있습니다. 또 3권분립은 자유주의적 요소이므로, 민주주의와 반드시 결부되는 것은 아닙니다. 그러나 3권분립의 원칙은 오늘날 전제정부에 대한 입헌정부의 특징으로서 파악되고 있습니다.","P","입헌정부에 대해 설명해 주세요."
"1","3권 분립에 대해 설명해 주세요.","권력분립의 원칙에 반대하는 설도 나타나고 있습니다. 전제화의 우려가 없는 오늘날의 민주주의국가에서는 권력의 통합 ·강화가 요청되므로, 전제정치를 막기 위한 고전적인 권력분립제도는 유지될 수 없다는 주장입니다. 그러나 권력분립의 이론은 앞으로도 자유주의적인 정치적요청으로서의 의의를 가질 것이고, 국가권력의 비대와 인권침해의 우려가 있는 현실에서 볼 때 여전히 필요한 제도입니다.","P","전제정치에 대해 설명해 주세요."
"2","전체주의에 대해 설명해 주세요.","전체주의라는 용어가 일반적으로 쓰이기 시작한 것은 1930년대 후반부터인데, 당초에는 이탈리아의 파시즘, 독일의 나치즘, 일본의 군국주의 등을 가리키는 말로 사용되다가 제2차 세계대전 이후의 냉전체제하에서는 공산주의를 지칭하게 되어 반공산주의 슬로건으로 전용되기 시작하였습니다.","P","파시즘에 대해 설명해 주세요."
"2","전체주의에 대해 설명해 주세요.","전체주의라는 용어는 고대국가부터 쓰이기 시작한 용어로, 국가를 위해 국민 전체가 개인의 이익보다 집단의 이익을 우선시 해야 한다는 뜻으로 사용되고 있습니다. 이후 제2차 세계대전 이후의 냉전체제하에서 공산주의를 지칭하게 되어 반공산주의 슬로건으로 전용되기 시작하였습니다.","F",""
"2","전체주의에 대해 설명해 주세요.","전체주의란 개인의 모든 이익을 제한하고 집단의 이익을 우선시해야 한다는 파시즘, 나치즘, 군국주의로부터 탄생한 개념입니다. 국민의 모든 정치생활 및 경제,사회,문화생활에 절대적인 통제를 가하는 것이 가능합니다. 이후 전체주의에 반하는 개념으로 공산주의가 등장하였습니다.","F",""
"2","전체주의에 대해 설명해 주세요.","전체주의란 개인의 이익보다 집단의 이익이 우선시 되어야 한다는 이데올로기입니다. 개인주의와 대립되는 개념으로 오해하기 쉬우나, 개인이 전체 속에서 얻는 혜택의 범위와 요소들을 생각해 봤을 때 양자가 명확히 대립되는 개념이라 보기는 어렵습니다. 오히려 전체주의와 개인주의는 상호 간에 시너지를 주는 개념에 가깝습니다.","F",""
"2","전체주의에 대해 설명해 주세요.","전체주의란 개인의 이익보다 집단의 이익을 강조하여 집권자의 정치권력이 국민의 정치생활은 물론, 경제·사회·문화생활의 모든 영역에 걸쳐 전면적이고 실질적인 통제를 가하는 것을 말합니다. 전체주의에는 파시즘과 공산주의를 포함하고 있지만, 이 양자를 일괄적으로 규정하기는 매우 곤란합니다.","P","공산주의에 대해 설명해 주세요."
"2","전체주의에 대해 설명해 주세요.","전체주의에 대한 정의나 속성에 관해서 확정된 정설이 있는 것은 아닙니다. 일반적으로 전체주의는 개인주의와 대립되는 개념으로 이해되고 있습니다. 이러한 일반적 의미에서의 전체주의는 부분에 대한 전체의 선행성과 우월성을 주장합니다. 프리드리히는 전체주의를 정치적 지배의 특수한 형태라고 규정하였습니다.","P","프리드리히의 전체주의에 대해 설명해 주세요."
"1","민족주의에 대해 설명해 주세요.","민족주의가 성립하기 위해 세계는 하나라고 하는 이상과 이것을 바탕으로 하여 세워진 세계제국이 무너지고 많은 독립국가가 나타나, 종래의 보편적인 종교 ·문화를 대신하는 새로운 민족적인 종교 ·문화를 창조하여야 한다는 조건이 필요합니다. 또한 이렇게 이룩된 독립국가를 국민들이 ‘우리들의 국가’로서 받아들여 사랑하고 이에 긍지를 느끼게 되어야 한다는 것입니다.","P","독립국가의 특징을 설명해 주세요."
"1","민족주의에 대해 설명해 주세요.","민족주의는 근대국가 이전부터 존재했던 개념으로, '국가'라는 개념이 등장하기 이전의 시대에 개인들이 자신의 민족을 중심으로 국가 구분을 했다는 것으로부터 시작합니다. 때문에 영토적으로는 프랑스에 속하고 있으나, 자신을 영국계 민족이라 생각하면 자신을 영국인이라 생각하는 등의 현상이 나타났습니다. 때문에 민족이라는 개념을 중심으로 근대 국가가 탄생하게 되었습니다. ","F",""
"1","민족주의에 대해 설명해 주세요.","민족주의는 과거부터 특정 집단이 가지고 있던 보편적 종교, 문화를 중심으로 독립국가가 구성되면서 생겨난 개념입니다. 같은 민족이라는 개념을 가진 국민들이 독립국가를 만들었고, 이를 기반으로 왕을 절대군주로 인정하고 민족부흥을 위해 국민의 권리를 자발적으로 국가에 이양했습니다. ","F",""
"1","민족주의에 대해 설명해 주세요.","최초의 민족주의 개념이 나타난 사례는 유태인으로 이들은 세계 다양한 곳에 퍼져 있으나 보편적으로 공유하는 종교,생활이 존재했습니다. 이처럼 보편적으로 공유하는 가치관이 비슷한 사람들끼리 민족을 이루고, 집단을 위한 국가를 만들어 민족정신을 유지, 확대하려고 하는 민족의 정신상태나 정책원리를 뜻합니다.","F",""
"1","민족주의에 대해 설명해 주세요.","16세기 이후에 나타난 독립국가는 그 대부분이 절대주의 국가였기 때문에, 국민들이 이것을 ‘우리들의 국가’로서 받아 들이기에는 너무 거리가 먼 존재였습니다. 왕은 절대군주로서 절대권을 가지고 있었으며 국민은 전혀 권리를 가지지 못한 상태에 놓여 있었습니다.","P","왕이 가진 절대권에 대해 설명해 주세요."
"1","민족주의에 대해 설명해 주세요.","민족에 기반을 둔 국가의 형성을 지상목표로 하고, 이것을 창건 ·유지 ·확대하려고 하는 민족의 정신상태나 정책원리 또는 그 활동을 말합니다. 세계에서 최초로 이와 같은 현상이 나타난 곳은 17세기경의 영국입니다. 그러므로 민족주의를 세계에서 제일 먼저 꽃피운 나라도 영국이라 할 수 있습니다.","P","영국의 민족주의에 대해 설명해 주세요."
"2","신탁통치에 대해 설명해 주세요.","국제연맹이 당시 독일 및 터키에서 분리된 지역에 대하여 위임통치를 실시했는데 국제연합은 이를 계승·수정하여 신탁통치제도를 설치하였습니다. 신탁통치 지역은 종래의 위임통치지역, 제2차 세계대전의 결과 패전국에서 분리된 지역, 영유국이 자발적으로 신탁통치제도 아래에 두는 지역의 세가지가 있습니다.","P","위임통치지역에 대해 설명해 주세요."
"2","신탁통치에 대해 설명해 주세요.","신탁 통치는 과거 그리스에서 나타난 통치 형태로, 델포이 신전의 사자들이 전하는 신탁을 받아 신의 뜻으로 통치를 하던 것을 뜻합니다. 신탁은 국가 정책에 절대적이었으며, 이는 로마제국이 멸망하기 전까지 명맥이 이어졌습니다.","F",""
"2","신탁통치에 대해 설명해 주세요.","국제 연맹에서는 독일 및 터키 등 분리된 지역에 대해 위임통치를 실시했는데, 국제연합은 이를 계승하고 수정하여 신탁통치제도를 집대성 했습니다. 제 2차 세계대전 이후 국민자결주의 원칙에 따라 제 3세계 국가들의 승인과 자발적 동의를 전제로 신탁통치제도를 운영했습니다. ","F",""
"2","신탁통치에 대해 설명해 주세요.","신탁통치는 국제 연합이 해당 지역이 충분히 독립될 만한 요건들이 충족된 경우, 독립을 할 수 있도록 돕는 국제적 원조 제도 입니다. 현재 북마리아나 연방 등의 3개 지역이 신탁통치지역으로 남아 있습니다. 한국 역시 모스크바 삼상회의의 결과 신탁통치가 5년간 이뤄졌습니다. ","F",""
"2","신탁통치에 대해 설명해 주세요.","통치하는 시정국은 이 제도의 기본목적에 따라 평화 증진·주민 보호·인권존중·자치 또는 독립에의 원조를 도모해야 합니다. 통치는 신탁통치이사회 및 총회에 의한 보고의 심사, 주민의 청원, 정기적 시찰 등을 통하여 감독됩니다. 전략지역에 대해서는 안전보장이사회가 감독합니다.","P","안전보장이사회가 감독하는 전략지역에 대해 설명해 주세요."
"2","신탁통치에 대해 설명해 주세요.","국제연합 성립 뒤 신탁통치 하에 있게 된 지역은 11개 지역이었으나 차례로 독립하였고 미국의 신탁통치하에 있던 대양주 4개지역, 즉 마셜 제도·북마리아나 연방·미크로네시아 연방·벨라우 제도 등도 미국과 협정으로 독립함으로써 현재 남아 있는 신탁통치지역은 없습니다. 한국은 모스크바 삼상회의의 결의로 8·15광복 직후 5년 동안의 신탁통치가 협의되었지만 한국인의 반탁운동으로 이루어지지 않았습니다.","P","벨라우 제도에 대해 설명해 주세요."
"2","의원내각제에 대해 설명해 주세요.","대통령제와 함께 현대 입헌민주국가의 양대 정부형태를 이룹니다. 이 제도에서는 내각이 그 성립 및 존속에 있어 특히 하원의 신임을 필요로 하며, 국회의 내각불신임이 있을 때에는 내각은 총사직하거나 국회를 해산하여 국민에게 신임을 묻는 총선거를 실시하고 그 결과에 따라 진퇴를 결정하여야 합니다.","P","대통령제에 대해 설명해 주세요."
"2","의원내각제에 대해 설명해 주세요.","대통령제는 완전한 민주주의를 기반으로 탄생한 지도체제인 것과 달리 의원내각제는 여전히 전통적인 입헌민주주의에 기반한 정부형태입니다. 때문에 내각의 성립 및 존속은 국민의 신임을 받고 있는 한 절대적이라 할 수 있습니다. 때문에 의원 내각제 내에서는 대통령이 존재할 수 없으며, 양립불가합니다. ","F",""
"2","의원내각제에 대해 설명해 주세요.","의원내각제는 입법부와 행정부 사법부 역시 내각에 기반한 것으로 봅니다. 그러나 각각 전문성을 가진 의원들이 3권을 독자적으로 분리해서 운영하고 있으므로, 엄격한 권력분립의 원칙은 지켜지고 있습니다. 때문에 서로 불가피한 경우가 아닌 이상 국회와 의각은 상호에 대해 권리를 행사할 수 없습니다. ","F",""
"2","의원내각제에 대해 설명해 주세요.","행정부의 핵심인 다수당내각 또는 연립내각을 조각함으로써 정당을 통한 입법권과 행정권의 연대가 이루어집니다. 이와 같이 이 제도는 국회의 내각신임에 의한 국회의 법적 우위성을 기초로 하는 입법권과 행정권의 융합을 그 원리로 합니다. 때문에 국회의 법적인 절대우위성이 보장되며, 입법권과 행정권은 국회를 견제할 권리가 존재하지 않습니다. ","F",""
"2","의원내각제에 대해 설명해 주세요.","이 제도는 입법부와 행정부에 관한 한, 대통령제에서와 같은 엄격한 권력분립의 원리가 적용되지 않습니다. 오히려 '권력의 융화' 또는 '융화를 통한 의존'의 원리에서 국회가 내각을 조직·해산하는 권한을 가짐으로써 내각에 대한 국회의 법적 우위성을 인정하는 데 그 특징이 있습니다.","P","입법부에 대해 설명해 주세요."
"2","의원내각제에 대해 설명해 주세요.","행정부의 핵심인 다수당내각 또는 연립내각을 조각함으로써 정당을 통한 입법권과 행정권의 연대가 이루어집니다. 이와 같이 이 제도는 국회의 내각신임에 의한 국회의 법적 우위성을 기초로 하는 입법권과 행정권의 융합을 그 원리로 합니다. 그러나 이것이 국회의 법적인 절대우위성과 국회의 입법권 및 행정권의 집중을 의미하는 것은 아닙니다.","P","국회에 대해 설명해 주세요."
"2","레지스탕스에 대해 설명해 주세요.","역사적으로 볼 때 제2차 세계대전에서 넓은 뜻으로는 파시즘 정권에 대한 저항을 가리키며, 좁은 뜻으로는 프랑스인민의 독일점령군과 비시정권에 대한 저항운동을 말합니다. 즉 제2차 세계대전 중 나치스 독일에 의하여 점령된 프랑스·덴마크·노르웨이·네덜란드·벨기에·유고슬라비아·체코슬로바키아·그리스·폴란드·소련등의 유럽 제국에서 비합법적으로 전개된 독일에 대한 저항운동을 가리킵니다.","P","저항운동의 특징을 설명해 주세요."
"2","레지스탕스에 대해 설명해 주세요.","역사적으로 레지스탕스는 기원이 오래된 개념으로, 침략당한 조국을 해방시키기 위한 모든 애국투쟁을 뜻하는 용어입니다. 타국이 조국을 침략해 왔을 때, 국민들이 자발적으로 레지스탕스를 조직하여 이에 대항하여 조국을 되찾고자 하는 운동으로, 특성상 타국과의 연계와는 관련이 없습니다.","F",""
"2","레지스탕스에 대해 설명해 주세요.","레지스탕스는 칠먁당한 조국을 해방시키기 위한 애국투쟁이라는 뜻입니다. 제2차 세계대전 당시 독일이 유럽 전역을 침략하면서, 각 국가별로 레지스탕스 운동이 치열하게 전개되었습니다. 독일 나치즘에 대한 반격으로 유의미한 성과를 이뤘으나, 레지스탕스의 근본적 한계 때문에 타국과의 연합을 방해하는 결과를 초래했습니다.","F",""
"2","레지스탕스에 대해 설명해 주세요.","레지스탕스는 프랑스이민의 독일점령군과 비시정권에 대한 저항운동을 뜻합니다. 나치즘에 저항하고자 한 유럽 국가들은 레지스탕스 운동을 합법화하고, 독일에 대한 저항운동을 국가 차원으로 확대했습니다. ","F",""
"2","레지스탕스에 대해 설명해 주세요.","원래 레지스탕스는 침략당한 조국을 해방시키기 위한 애국투쟁이었으나, 침략자인 독일이 나치즘이라는 인간 멸시의 전체주의적 체제를 그들의 점령 하에 있는 각국에게 강제하려고 하였던 점에서 인간의 자유와 존엄을 지키려는 투쟁의 성격을 띠게 되었습니다. 따라서 각국의 레지스탕스는 각각 연합군의 대독일전의 승리에 크게 기여했습니다.","P","나치즘에 대해 설명해 주세요."
"1","무정부주의에 대해 설명해 주세요.","무정부주의는 국가와 법 또는 감옥·사제·재산 등이 없는 사회를 지칭한 것인데, 요즘 일상적으로 혼란·무질서 등을 의미하는 말로 사용되기도 합니다. 무정부주의는 하나의 사회철학이며 정치이념으로, 개인의 자유를 최상의 가치로 내세우고 그에 대한 모든 억압적인 힘을 부정하는 것입니다.","P","개인의 자유의 중요성을 설명해 주세요."
"1","무정부주의에 대해 설명해 주세요.","무정부주의는 국가와 법 또는 감옥·사제·재산 등이 없는 사회를 지칭한 것입니다. 요즘 일상적으로 혼란·무질서 등을 의미하는 말로 사용하고 있으나, 이는 옳은 표현은 아닙니다. 무정부주의는 하나의 사회철학이며 정치이념으로, 국가 없는 사회를 추구한다는 점에서 세계주의와 연결되는 개념입니다. ","F",""
"1","무정부주의에 대해 설명해 주세요.","무정부주의는 세계화와 관련된 개념으로 지구 속에서 인간은 하나의 세계를 공유하고 있을 뿐이며, 이를 제약하는 국가 존재의 필요성을 부정하는 개념입니다. 때문에 인간의 공동체적 삶을 추구하고, 하나의 세계 속의 인간 사회가 가장 자연스럽다는 것을 강조하고 있습니다. ","F",""
"1","무정부주의에 대해 설명해 주세요.","서구에서 무정부주의를 뜻하는 아나키스트 운동은 국가를 가리지 않고 전개되었으나, 동양권 국가 특히 한국에서는 아나키스트 운동이 일어나지 않았습니다. 식민지배 하에서 일제에 대항하기 위해서는 권력과 자원을 총동원한 통일 정부의 필요성이 간절했기 때문입니다. ","F",""
"1","무정부주의에 대해 설명해 주세요.","무정부주의의 특징은 인간은 본래 선의 능력을 가진 착한 존재인데, 관습·제도·권력 따위가 타락하게 만든다고 생각합니다. 인간은 사회적인 존재로서 자발적으로 서로 협력할 때 가장 인간다워지고 공동체적인 삶을 추구하는 것이 인간의 본능이며, 따라서 이러한 사회가 가장 자연스러운 것이고 국가는 그에 반대되는 것이라고 여깁니다.","P","국가와 인간의 본능의 관계를 설명해 주세요."
"1","무정부주의에 대해 설명해 주세요.","한국에서는 일제강점기 때 항일민족의 한 형태로 무정부주의 운동이 한 때 나타났습니다. 국내에서는 1923년 서동성이 대구에서 진우연맹이란 단체를 조직하여 시작되었습니다. 이 조직은 무정부주의적 사상을 기본으로 하고 있기 때문에 아나키스트 운동이라 합니다.","P","아나키스트에 대해 설명해 주세요."
"2","제네바 협약에 대해 설명해 주세요.","적십자조약이라고도 합니다. 이 조약의 목적은 전쟁 기타 무력분쟁이 발생한경우에 부상자·병자·포로·피억류자 등을 전쟁의 위험과 재해로부터 보호하여가능한 한 전쟁의 참화를 경감하려는 것입니다. 이 협약은 1949년 8월 12일 제네바회의에서 채택된 4가지 조약으로 되어 있습니다.","P","제네바 회의에 대해 설명해 주세요."
"2","제네바 협약에 대해 설명해 주세요.","적십자조약이라고도 합니다. 이 조약의 목적은 전쟁 기타 무력분쟁이 발생한경우에 부상자·병자·포로·피억류자 등을 전쟁의 위험과 재해로부터 보호하여가능한 한 전쟁의 참화를 경감하려는 것입니다. 그러나 게릴라군의 경우는 전쟁의 위험을 유발한 가해자로 보아, 협약의 보호범위 안에 포함시키지 않았습니다. ","F",""
"2","제네바 협약에 대해 설명해 주세요.","1949년 제네바협약은 이상과 같은 여러법규를 대신하고 보완한 것입니다. 때문에 근대 전의 불완전한 조건들을  타파하기 위해 소급적용되지 않는 것이 특징입니다. 협약의 발효는 1949년 이후부터 이며, 본 협약을 지키지 않는 국가에 대해 강력한 조치를 취하고 있습니다.","F",""
"2","제네바 협약에 대해 설명해 주세요.","이 협약은 '전지에 있는 군대의 부상자 및 병자의 상태개선에 관한조약', '해상에 있는 군대의 부상자·병자·난선자의 상태개선에 관한 조약', '포로의 대우에 관한 조약', '전시의 민간인 보호에 관한 조약'의 4개 조약이 있습니다. 포로의 대우에 관한 조약의 경우, 포로는 별다른 절차 없이 조속히 귀국으로 송환시킬 것을 명시하고 있습니다. ","F",""
"2","제네바 협약에 대해 설명해 주세요.","이 협약은 '전지에 있는 군대의 부상자 및 병자의 상태개선에 관한조약', '해상에 있는 군대의 부상자·병자·난선자의 상태개선에 관한 조약', '포로의 대우에 관한 조약', '전시의 민간인 보호에 관한 조약'의 4개 조약이 있습니다. 전쟁 희생자의 보호에 관한 최초의 조약은 1864년 '전지의 군대에서의 부상자 및 병자의 상태개선에 관한 조약'이며, 그후 1906년과 1929년에 개정되었습니다.","P","포로의 대우에 관한 조약을 설명해 주세요."
"2","제네바 협약에 대해 설명해 주세요.","1949년 제네바협약은 이상과 같은 여러법규를 대신하고 보완한 것으로서 특히 근대전의 여러 조건에 적응하도록 새로이 작성된 것이니다. 1977년 제네바외교관회의에서 제네바협약을 보완하기 위한 2개의 '제네바협약 추가의정서'가 채택되었으며, 이 의정서는 게릴라대원에게 전투원의 자격을 부여하고 민방위에 관한 새로운 규정을 둔 것 등이 특징입니다.","P","게릴라 대원의 특징을 설명해 주세요."
"1","국가에 대해 설명해 주세요.","일정한 지역·영토 내에 거주하는 사람들로 구성되고, 그 구성원들에 대해최고의 통치권을 행사하는 정치단체이자 개인의 욕구와 목표를 효율적으로 실현시켜줄 수 있는 가장 큰 제도적 사회조직으로서의 포괄적인 강제단체 입니다. 국가란 말은 대체로 동일민족을 중심으로 해서 형성되기 시작한 근세국가의 명칭으로 쓰인 것이라고 볼수 있습니다.","P","통치권에 대해 설명해 주세요."
"1","국가에 대해 설명해 주세요.","일정한 지역·영토 내에 거주하는 사람들로 구성되고, 그 구성원들에 대해최고의 통치권을 행사하는 정치단체이자 개인의 욕구와 목표를 효율적으로 실현시켜줄 수 있는 가장 큰 제도적 사회조직입니다. 국민의 권리 실현이 국가의 존재 이유이므로, 강제단체로 보기는 어렵습니다. ","F",""
"1","국가에 대해 설명해 주세요.","국가는 일정 지역의 인간이 그들의 공동체적 필요를 위하여 창설한 것으로, 그 구성원들을 위하여 일체성과 계속성을 가지고 요청을 수행하며, 내외의 적으로부터 공동체를 지키고 유지하려는 목적을 가진 조직입니다. 이는 하나의 정치적 단위로, 국가의 3요소 중 국민이 가장 중요하므로, 국민 국가만을 의미합니다.","F",""
"1","국가에 대해 설명해 주세요.","팔레스타인 자치 정부 설립 이전의 팔레스타인 국민의 예처럼 국민이 해당 국가의 통치 없이 존재할 때 이를 나라라고 부르지 않습니다 그러나 주권을 행사하는 영토를 가지지 않는다고 해서 국가가 존재하지 않는다고 보기는 어렵습니다.","F",""
"1","국가에 대해 설명해 주세요.","국가는 인류의 역사만큼이나 오래되었으며, 최초의 형태와 현대의 형태 사이에는 큰 차이가 있지만, 국가를 구성하는 3가지 요소, 즉 영토·국민·주권에 의하여 정의됩니다. 일반적으로 국가의 어원은 스타토로, 15세기 이탈리아의 도시국가를 가리키는 말이었는데, 마키아벨리가 군주론에서 사용한 이후로 각국에서 사용하게 되었습니다.","P","마키아벨리의 군주론을 설명해 주세요."
"1","국가에 대해 설명해 주세요.","복수민족으로 구성된 미국과 같은 국가도 있고, 아프리카나 라틴아메리카처럼 동일민족이 갈라져서 구성된 국가도 있습니다. 지금은 고대도시국가·로마제국·중세 봉건국가·근세 전제군주국가·근대 자유주의국가·현대 사회주의국가에 이르는 모든 종류의 정체를 지니는 단체를 포괄해서 국가라고 합니다.","P","중세 봉건국가에 대해 설명해 주세요."
"2","민족자결주의에 대해 설명해 주세요.","민족자결주의의 발표는 당시 강대국의 지배를 받던 전세계의 수많은 약소민족들에게 커다란 희망과 용기를 불러일으켰습니다. 이에 따라 민족자결주의의 정신은 전 세계로 확산되어, 식민지 상태의 약소민족들이 독립을 쟁취하기 위한 기본권과 정당성을 주장하는데 사상적 근거가 되었으며, 이를 통해 수 많은 민족들이 독립운동을 전개하기도 하였습니다. ","P","강대국에 대해 설명해 주세요."
"2","민족자결주의에 대해 설명해 주세요.","민족자결주의는 당시 강대국의 지배를 받던 전세계 수많은 약소민족들이 연합하여 발표한 것입니다. 이에 따라 민족자결주의의 정신은 전 세계로 확산되어, 식민지 상태의 약소민족들이 독립을 쟁취하기 위한 기본권과 정당성을 주장하는 사상적 근거가 되었습니다. ","F",""
"2","민족자결주의에 대해 설명해 주세요.","한국의 3·1운동도 민족자결주의의 영향을 받기도 하였습니다. 이러한 정신은 꾸준히 계승되어 제2차 세계대전 이후의 식민지 민족의 독립에 영향을 주었고, 국제연합헌장, 식민지독립선언 등에 포함되었습니다. 그러나 민족자결주의는 아이디얼한 개념으로, 실천적 구속력이 없다고 판단되어 국제법상에는 반영되어 있지 않습니다. ","F",""
"2","민족자결주의에 대해 설명해 주세요.","민족자결주의는 미국대통령 윌슨이 발표한 내용으로, 전세계 수많은 약소민족의 강압에 의해 형식적으로 발표한 내용입니다. 이를 계기로 식민지 국가들의 독립이 보장되기를 소망하였으나, 형식적 개념에 불과하여 실천적 형태로는 나타나지 못했습니다.","F",""
"2","민족자결주의에 대해 설명해 주세요.","한국의 3·1운동도 민족자결주의의 영향을 받기도 하였습니다. 이러한 정신은 꾸준히 계승되어 제2차 세계대전 이후의 식민지 민족의 독립에 영향을 주었고, 국제연합헌장, 식민지독립선언 등에 포함되어, 민족자결주의는 오늘날 모든 민족이 스스로 정치적 선택을 결정짓는 국제법상의 하나의 확고한 원칙이 되었습니다.","P","국제법에 대해 설명해 주세요."
"1","입헌주의에 대해 설명해 주세요.","19세기의 입헌주의는 자유주의와 군주주의와의 결합에 의한 입헌군주제로 이해되었지만, 입헌군주제가 거의 소멸된 오늘날의 민주국가에서는 다소의 이론은 있으나 대체로 자유민주주의와 동의어로 이해됩니다. 따라서 입헌주의는개인의 자유와 권리를 보장하기 위하여 통치권력을 제한하고 합리화하려던 근대 시민혁명의 전개과정에서 나타난 성문헌법 제정의 요구에 따라 정립된 것으로 보는것이 일반적입니다.","P","성문헌법에 대해 설명해 주세요."
"1","입헌주의에 대해 설명해 주세요.","19세기의 입헌주의는 자유주의와 군주주의와의 결합에 의한 입헌군주제로 이해되었습니다. 그러나 여전히 강대국인 영국과 일본과 같은 나라에서 입헌군주제를 유지하고 있기 때문에, 대체로 자유민주주의와는 다른 개념으로 구분합니다. ","F",""
"1","입헌주의에 대해 설명해 주세요.","입헌주의는 각국의 정치적 상황에 따라 그 내용에 있어 강조되는 점이 다르며 근대 헌법의 역사적 변천과 더불어 다양성을 냅니다. 다만, 19세기 자유주의와 군주주의의 결합으로 출발했다는 근원적 한계 때문에 국민의 자유와 권리보다는 통체권력이 더 우위에 있다는 문제점을 가지고 있습니다. ","F",""
"1","입헌주의에 대해 설명해 주세요.","근대 입헌주의헌법의 특징인 기본인권의 보장 ·권력분립 ·법치주의는 입헌주의의 본질적 요건이라고 할 수 있습니다. 그러나 현대의 입헌주의는 유산시민계급의 이익에 치중한 극단적인 개인주의와 자유주의를 바탕으로 하는시민적 민주주의로 변모하고 있습니다.","F",""
"1","입헌주의에 대해 설명해 주세요.","입헌주의는 각국의 정치적 상황에 따라 그 내용에 있어 강조되는 점이 다르며 근대 헌법의 역사적 변천과 더불어 다양성을 나타내기는 하지만, 통치권력의 제한과 합리화를 통한 개인의 자유와 권리의 보장이 그 핵심을 이룹니다. 입헌주의는 자유 ·평등 ·국민자치를 그 중심사상으로 하고 국민의 자유와 권리를 보장하기 위한 제도입니다.","P","통치권력의 제한의 필요성을 설명해 주세요."
"1","입헌주의에 대해 설명해 주세요.","근대 입헌주의헌법의 특징인 기본인권의 보장 ·권력분립 ·법치주의는 입헌주의의 본질적 요건이라고 할 수 있습니다. 그러나 입헌주의의 내용은 오늘날에 와서많은 변모를 보여 주고 있습니다. 근대의 입헌주의는 그 성립 당시의 주역인 유산시민계급의 이익에 치중한 극단적인 개인주의와 자유주의를 바탕으로 하는시민적 민주주의를 그 내용으로 하는 것이 었습니다.","P","유산시민계급에 대해 설명해 주세요."
"2","정족수에 대해 설명해 주세요.","정족수에는 의사진행에 필요한 의사정족수와 의결을 하는 데 필요한 의결정족수가 있습니다. 정족수는 합의체와 안건에 따라 다릅니다. 국회의 정족수는 다음과 같습니다. 의사정족수는 본회의의 경우 재적의원 5분의 1 이상의 출석이 있어야 하고, 의결정족수는 원칙적으로 재적의원 과반수의 출석과 출석의원의 과반수 찬성이어야 합니다.","P","의결정족수에 대해 설명해 주세요."
"2","정족수에 대해 설명해 주세요.","정족수에는 의사진행에 필요한 의사정족수와 의결을 하는 데 필요한 의결정족수가 있습니다. 정족수는 합의체와 안건에 따라 다릅니다. 두 개념이 구분되어 있기는 하지만, 실제로 의결정족수를 채우기 위해서는 의결종족수가 선행되어야 하므로 실질적으로는 같은 개념이라 볼 수 있습니다. ","F",""
"2","정족수에 대해 설명해 주세요.","정족수에는 의사진행에 필요한 의사정족수와 의결을 하는 데 필요한 의결정족수가 있습니다. 국회의 정족수는 다음과 같습니다. 의사정족수는 본회의의 경우 재적의원 5분의 1 이상의 출석이 있어야 하고, 의결정족수는 원칙적으로 출석인원에 별다른 제한 없잇 출석의원의 과반수 찬성이면 됩니다.","F",""
"2","정족수에 대해 설명해 주세요.","합의체가 의사를 진행시키거나 의결을 하는 데 필요한 최소한도의 인원수를 말합니다. 상법상의 정족수는 다음과 같습니다. 주주총회의 의사 또는 결의를 성립시키는 데 필요한 주주 수를 뜻합니다. 출석한 주주의 인원수가 과반수이면 의결됩니다. ","F",""
"2","정족수에 대해 설명해 주세요.","합의체가 의사를 진행시키거나 의결을 하는 데 필요한 최소한도의 인원수를 말합니다. 상법상의 정족수는 다음과 같습니다. 주주총회의 의사 또는 결의를 성립시키는 데 필요한 주주의 최소한의 지주수를 말합니다. 출석한 주주의 인원수와 더불어 지주수에 의하여 정하여 집니다.","P","주주총회에 대해 설명해 주세요."
"1","연방주의에 대해 설명해 주세요.","연방의 어원은 계약, 동맹, 협약 등을 라틴어의 포이두스 입니다. 연방주의의 정의는 학자에 따라 다양하고, 현재 연방제를 채택하고 있는 세계 각 국가의 연방 정부의 형태 역시 다양한 형태를 보이고 있습니다. 따라서 이러한 특징을 모두 포함하는 연방주의 정의를 제시하기 어려운 면이 있습니다.","P","연방정부의 특징을 설명해 주세요."
"1","연방주의에 대해 설명해 주세요.","연방주의는 전체적인 통치가 중앙에 존재하지만, 소규모 단위의 자율성을 보장하는 형태를 말합니다. 중앙 정부는 지역 단위의 의사결정에 어떠한 방식으로도 관여할 권한이 없으며, 오직 이들의 활성화와 조화만을 돕는 역할을 수행합니다. 이 때문에 다양한 정책적 실험을 할 수 있는 가능성을 가지고 있습니다. ","F",""
"1","연방주의에 대해 설명해 주세요.","연방주의는 중앙정부 외에 소규모 단위의 정치적 자율성을 보장하는 형태를 뜻합니다. 세계 각 국가의 연방 정부의 형태는 미국식 연방주의로 통일되어 하나의 기준을 이루고 있습니다. 따라서 연방주의는 사실상 '미국식' 연방주의라는 개념이 함의되어 있습니다.","F",""
"1","연방주의에 대해 설명해 주세요.","연방주의가 경제적 효율을 초래하는 것은 사실이지만, 국가의 통합과 지역적인 형평이 조화를 조화한다는 큰 장점이 있습니다. 미국, 캐나다, 독일, 스위스 등이 연방주의 또는 연방 정부의 대표적 사례입니다. 한편 유고슬라비아와 체코슬라바키아 등은 연방원리를 채택하였으나, 지역간의 경제적 불균형 때문에 이내 분리되었습니다. ","F",""
"1","연방주의에 대해 설명해 주세요.","연방주의는 전제적인 통치를 견제하는 한편 중앙 정부와 같은 대규모 단위로부터 소규모 단위의 자율성을 보장하고 이들의 활성화와 조화를 돕는다는 장점이 있습니다. 또한 지역의 이익을 대변하고 정책적인 실험을 할 수 있는 가능성을 갖고 있습니다. 그러나 연방제도는 다양한 정치적 실험의 가능성과 자율성 등으로 인하여 정치적 낭비를 야기할 수 있습니다.","P","연방주의가 정책정 실험을 할 수 있는 가능성이 있다는 의미를 설명해 주세요."
"1","연방주의에 대해 설명해 주세요.","연방주의는 국가의 통합과 지역적인 형평의 조화를 이루기 어려운 경우가 있을 수 있다는 문제 등이 있습니다. 미국, 캐나다, 독일, 스위스, 아르헨티나, 브라질, 멕시코, 호주, 인도 등이 연방주의 또는 연방 정부의 대표적인 사례입니다. 한편 유고슬라비와 체코슬로바키아는 연방원리를 채택하여 연합을 시도하였으나 이내 분리되었습니다.","P","유고슬라비가 채택한 연방원리에 대해 설명해 주세요."
"2","간접선거에 대해 설명해 주세요.","간접선거와는 달리 직접선거는 선거권자가 직접 피선거인을 선거합니다. 간접선거의 특징인 두 단계의 선거절차는 중간자의 개입으로 인하여 선거권자의 의사가 왜곡될 우려가 있거나, 선거권자의 의사가 중간자를 매개로 그대로 반영될 경우 중간자가 무의미해지는 문제점을 가지고 있습니다.","P","선거권자에 대해 설명해 주세요."
"2","간접선거에 대해 설명해 주세요.","간접선거는 선거권자가 직접 피선거인을 선거하면, 피선거인이 국가원수나 대표자를 선거하는 제도를 뜻합니다. 여기서 피선거인은 선거자의 의사를 그대로 반영하여 선거권자의 의사가 왜곡될 우려는 없습니다. 그러나 의사 왜곡이 전혀 일어나지 않는다는 점에서 중간자의 존재의 의미에 대해 문제의식을 가지고 있습니다. ","F",""
"2","간접선거에 대해 설명해 주세요.","미국의 대통령선거는 각 주에 할당된 선거인단선거에 이어 선거인단에 의한 공식적인 대통령선거가 이루어지는 대표적인 간접선거입니다. 그러나 선거인단 선거 때 선거인 후보자들이 특정후보에 대한 찬·반이 명시하지 않고, 국민의 의사와 무관하게 자신의 의견을 바꿔 투표하는 사례들이 생겨나 대통령선거의 본질을 흐리고 있습니다. ","F",""
"2","간접선거에 대해 설명해 주세요.","한국에서는 역사적으로 직접선거만을 인정하고 있기 때문에, 아직 간접선거가 이루어진 적은 없습니다. 유신헌법과 제5공화국 헌법아래 간접선거를 위한 개헌을 시도 했으나, 각지의 민주화 운동을 통해 여러 번 무산되었습니다. ","F",""
"2","간접선거에 대해 설명해 주세요.","미국의 대통령선거는 각 주에 할당된 선거인단선거에 이어 선거인단에 의한 공식적인 대통령선거가 이루어지는 대표적인 간접선거입니다. 그러나 선거인단 선거 때 선거인 후보자들이 특정후보에 대한 찬·반이 명시되기 때문에 선거인단선거가 바로 대통령선거의 의미를 가집니다.","P","미국의 대통령 선거의 특징을 설명해 주세요."
"2","간접선거에 대해 설명해 주세요.","한국에서는 제헌헌법과 제3차 개헌헌법 아래에서 각각 초대 대통령과 내각제대통령을 국회에서 간접선거로 선출하였으며, 유신헌법과 제5공화국 헌법아래에서는 통일주체국민회의와 대통령선거인단이 각각 간접선거로 대통령을 선출하였습니다. 그러나 1986년 이후 민주화의 주요 이슈로 ‘직선제개헌’이 부각되어 1987년 ‘6·29선언’을 통하여 직접선거제가 수용되었습니다.","P","유신헌법에 대해 설명해 주세요."
"2","패스트트랙에 대해 설명해 주세요.","정치에서는 법안이나 정책의 신속한 처리와 관련한 용어로 사용합니다. 한국에서는 국회법 제85조의 2에 따른 '신속처리안건 지정'을 패스트트랙이라 부릅니다. 긴급하고 중요한 안건을 신속하게 처리하기 위해 2015년 도입한 제도로, 일정 기간 내 해당 법안이 본회의에 상정되도록 만들었습니다.","P","국회법 제85조의 2에 대해 설명해 주세요."
"2","패스트트랙에 대해 설명해 주세요.","정치에서는 법안이나 정책의 신속한 처리와 관련한 용어로 사용합니다. 한국에서는 국회법 제85조의 2에 따른 '신속처리안건 지정'을 패스트트랙이라 부릅니다. 긴급하고 중요한 안건을 진중하게 처리하게 위해 중요하지 않은 안건의 의사결정 시간을 줄이기 위해 도입되었습니다.","F",""
"2","패스트트랙에 대해 설명해 주세요.","패스트트랙 안건의 지정 권한은 국회의장이나 위원장에게 있습니다. 의장이나 위원장이 지정한 안건은 지정동의에 대한 표결을 바로 진행합니다. 전체 또는 상임위원회 재적의원 5분의 3 이상이 찬성하면 해당 법안은 지정과 동시에 법안이 의결됩니다. ","F",""
"2","패스트트랙에 대해 설명해 주세요.","패스트트랙 안건으로 지정된 법안에 대해 소관 상임위원회는 180일, 법제사법위원회는 본회의가 시작되기 전까지 심사를 마쳐야 합니다. 법제사법위원회에서 심사를 거부하는 경우 본회의에 상정될 수 없습니다. 본회의에 상정되지 못한 법안은 국무총리의 재량에 따라 본회의에 상정될 수도 있습니다. ","F",""
"2","패스트트랙에 대해 설명해 주세요.","패스트트랙 안건을 지정하려면 전체 혹은 소관 상임위원회 재적의원 과반수의 서명을 받아 국회의장이나 위원장에게 제출해야 합니다. 의장이나 위원장은 지정동의에 대한 표결을 바로 진행하여, 전체 또는 상임위원회 재적의원 5분의 3 이상이 찬성하면 해당 법안은 '신속처리대상 안건'으로 지정됩니다.","P","상임위원회의 역할에 대해 설명해 주세요."
"2","패스트트랙에 대해 설명해 주세요.","패스트트랙 안건으로 지정된 법안에 대해 소관 상임위원회는 180일, 법제사법위원회는 90일 이내에 심사를 마쳐야 합니다. 본회의에 부의된 이후로는 60일 이내에 본회의에 상정되어야 합니다. 따라서 패스트트랙 안건은 최대 330일 이내에 본회의에 상정됩니다. 상임위원회에서 안건조정제도 등을 통해 심사 기간을 90일까지 줄이고 국회의장 재량에 따라 부의 기간을 생략하면 180일 이내에 본회의에 상정할 수도 있습니다.","P","법제사법위원회에 대해 설명해 주세요."
"1","매니페스토에 대해 설명해 주세요.","선거와 관련하여 유권자에 대한 계약으로써의 공약, 곧 목표와 이행 가능성, 예산 확보의 근거 등을 구체적으로 제시한 공약을 말합니다. 평가 기준으로는 공약의 구체성, 검증 가능성, 달성 가능성, 타당성, 기한 명시의 5가지가 있습니다. 이 5가지의 영어 첫글자를 따서 '스마트 지수'로써 공약을 분석 및 평가합니다.","P","유권자에 대해 설명해 주세요."
"1","매니페스토에 대해 설명해 주세요.","선거와 관련하여 유권자에 대한 계약으로써의 공약, 곧 목표와 이행 가능성, 예산 확보의 근거 등을 구체적으로 제시한 공약을 말합니다. 평가 기준으로는 공약의 구체성, 검증 가능성, 달성 가능성, 타당성, 기한 명시의 5가지가 있습니다. 만약 피선거자가 본 공약을 수행하지 않으면, 법제상의 불이익을 받을 수 있습니다. ","F",""
"1","매니페스토에 대해 설명해 주세요.","이 개념은 유권자들의 환심을 사기 위해 검증되지 않은 공약을 남발하는 문제점을 해결하기 위해 영국 보수당 당수인로버트 필이 구체화된 공약의 필요성을 강조한 데 기원을 두고 있습니다. 때문에 피선거인이 매니페스토 10대 정책을 통과하게 위해서는 총 10단계를 거쳐야 공약을 공표할 수 있습니다. ","F",""
"1","매니페스토에 대해 설명해 주세요.","한국에서는 2000년에 전개되었던 낙천·낙선운동의 연장선상에서, 2006년 5월 31일의 지방선거를 계기로 후보자들이 내세운 공약이 구체성을 띠고 있으며 실현 가능한지, 곧 '갖춘 공약'인지의 여부를 평가하자는 법안이 의결되어 헌법상 강제성을 가지게 되었습니다. ","F",""
"1","매니페스토에 대해 설명해 주세요.","이 개념은 1834년 영국 보수당 당수인 로버트 필이 유권자들의 환심을 사기 위한 공약은 결국 실패하기 마련이라면서 구체화된 공약의 필요성을 강조한 데 기원을 둡니다. 1997년 영국 노동당의 토니 블레어가 집권에 성공한 것은 매니페스토 10대 정책을 구체적으로 제시한 데 힘 입었습니다.","P","매니페스토 10대 정책에 대해 설명해 주세요."
"1","매니페스토에 대해 설명해 주세요.","한국에서는 2000년에 전개되었던 낙천·낙선운동의 연장선상에서, 2006년 5월 31일의 지방선거를 계기로 후보자들이 내세운 공약이 구체성을 띠고 있으며 실현 가능한지, 곧 '갖춘 공약'인지의 여부를 평가하자는 매니페스토 운동이 시민단체를 중심으로 전개되었습니다.","P","지방선거에 대해 설명해 주세요."
"1","관료제에 대해 설명해 주세요.","국민에 의한 정기적인 선거세례를 받는 대의제에 대비하여 쓰이는 말입니다. 관료제는 절대주의가 낳은 제도입니다. 따라서 절대주의의 지배를 타파하여 대의제를 확립한 영국과, 영국과 같은 강력한 절대주의의 지배 없이 대의제를 형성한 미국에서는 국민에게 봉사하는 민주적인 공무원제도가 확립되었습니다. ","P","대의제에 대해 설명해 주세요."
"1","관료제에 대해 설명해 주세요.","국민에 의한 정기적인 선거세례를 받는 대의제에 대비하여 쓰이는 말입니다. 관료제는 절대주의 지배를 타파하기 위해 만든 제도로, 절대적 권력자가 아닌 행정의 전문성을 가진 관료들이 국정을 운영하자는 취지로 사용되고 있습니다.  이와 같은 맥락의 제도는 엘리트적 공무원제도가 있습니다.  ","F",""
"1","관료제에 대해 설명해 주세요.","전문적인 능력을 소유함으로써 임명된 행정관이, 국민에 대한 민주책임을 가지고 정치지도를 행하는 통치제도 입니다. 관직의 체계는 직무의 체계로 수평적으로 이루어져 있으며, 이는 위계훈동의 영예와 대우를 보장합니다. ","F",""
"1","관료제에 대해 설명해 주세요.","관료제는 대규모 행정관리 활동보다는 소규모 행정관리에 적합한 운영체계라 할 수 있습니다. 의사결정 과정에서 너무 많은 관료가 있는 경우, 의사결정이 지연될 수 있으며, 문제점에 대한 책임소재가 불분명해질 수 있습니다. 때문에 직무를 합리적, 계층적으로 운영하기 위해서는 관료제로부터 탈피해야 합니다. ","F",""
"1","관료제에 대해 설명해 주세요.","전문적인 능력을 소유함으로써 임명된 행정관이, 국민에 대한 민주책임의 보장을 면제받고, 정치지도를 행하는 통치제도입니다. 관직의 체계는 직무의 체계가 아니라, 상사에 대한 복종의 체계로 여겨졌으며, 그것이 위계훈등의 영예와 대우면에서 뒷받침되어 있었습니다.","P","통치제도의 종류에 대해 설명해 주세요."
"1","관료제에 대해 설명해 주세요.","관료제란 오늘날 여러 가지 의미로 사용되고 있어 한 마디로 그 개념을 정의하기는 사실상 곤란합니다. 그러나 일반적으로 이해되고 있는 의미로는, 집단 또는 조직 내에서의 직무를 합리적·계층적으로 나누어 대규모적인 행정관리 활동을 수행하는 조직의 유형 내지 그 관리 운영의 체계라 말 할 수 있습니다.","P","조직의 특징을 설명해 주세요."
"1","국민주권의 원리를 설명해 주세요.","민주정치의 기본 원리에는 국민 주권의 원리, 입헌주의의 원리, 국민 자치의 원리, 권력 분립의 원리의 4가지가 있습니다. 이 중 국민 주권의 원리는 국가의 의사를 결정하는 주권이 국민에게 있으며 정치 권력은 국민의 동의와 지지를 바탕으로 행사되어야 정당성이 있음을 의미하는 것으로, 국민주권주의라고도 합니다.","P","국민자치의 원리에 대해 설명해 주세요."
"1","국민주권의 원리를 설명해 주세요.","민주정치의 기본 원리에는 국민 주권의 원리, 입헌주의의 원리, 국민 자치의 원리, 권력 분립의 원리의 4가지가 있습니다. 이 중 국민 주권의 원리는 기본 권리 중 가장 우선시 되는 것으로, 국가의 의사를 결정하는 주권이 국민에게 있다는 뜻입니다. 때문에 정치 권력이 국민의 동의와 지지를 얻지 못하면 해당 국가의 정당성을 부여 받지 못한 것으로 보며, 이 경우 국제법상 국가의 지위를 박탈당할 수 있습니다. ","F",""
"1","국민주권의 원리를 설명해 주세요.","여기에서 '주권'은 국내적으로 최고의 권력이며, 국외에 대해서는 독립의 권력을 의미합니다. 여기서 '국민'은 개별적 성격의 국민을 뜻하는 것으로, 통일체로서의 전체국민을 의미하는 것은 아닙니다. 통일체로서의 전체국민을 의미하는 경우, 전제주의로 갈 위험성이 있기 때문에 사회계약설에 근거하여 계약의 주체를 개별 국민으로 보고 있습니다. ","F",""
"1","국민주권의 원리를 설명해 주세요.","우리나라에서는 국민 주권의 원리를 구현하기 위해 국민대표제를 실시하고 있습니다. 국민대표제는 주권자인 국민이 그들의 대표자를 선출하여 그 대표자로 하여금 국민을 대신하여 국가 의사를 결정하게 하는 제도입니다. 여기서 대표자는 국회의원으로, 선거된 국회의원은 대통령에 대한 선거권을 가지게 됩니다. ","F",""
"1","국민주권의 원리를 설명해 주세요.","여기에서 '주권'은 국내에 있어서는 최고의 권력이며, 국외에 대해서는 독립의 권력을 의미합니다. 또한 '국민'은 개별적인 국민이 아닌 '이념적ㆍ정치적 통일체로서의 전체 국민'을 가리킵니다. 이러한 원리의 바탕은 사회계약설에 근거하여 국가의 성격을 이해하고 계약의 주체를 국민으로 보고 있음을 의미하는 것이기도 합니다.","P","사회계약설에 대해 설명해 주세요."
"1","국민주권의 원리를 설명해 주세요.","우리나라에서는 국민 주권의 원리를 구현하기 위해 국민대표제를 실시하고 있습니다. 국민대표제는 주권자인 국민이 그들의 대표자를 선출하여 그 대표자로 하여금 국민을 대신하여 국가 의사를 결정하게 하는 제도입니다. 의회제도의 보장, 국회의원과 대통령에 대한 선거제도, 국민의 선거권과 공무담임권의 보장 등이 해당됩니다.","P","국회의원에 대해 설명해 주세요."
"2","불가침조약에 대해 설명해 주세요.","동맹조약이나 상호원조조약은 필연적으로 제3국에 대항하는 의미를 갖지만, 이것은 체결국간의 전쟁 가능성을 배제하려는 안전보장에 관한 조약입니다. 국제연맹 규약이나 부전조약에 의하여 침략전쟁이 일반적으로 위법화된 이후, 특별히 개별적인 불가침조약이 체결되는 것은 체결국의 특수한 정치적 ·군사적인 편의를 도모하기 위한 경우가 많습니다.","P","부전조약에 대해 설명해 주세요."
"2","불가침조약에 대해 설명해 주세요.","불가침 조약에서 조약 위반에 대한 국제법상 강제력을 갖추고 있어, 조약을 어기는 경우 국제연합을 통한 경제, 군사적 제재를 받을 수 있습니다. 제2차 세계대전 이후 패전국을 중심으로 불가침 조약이 체결되었고, 이에 의거하여 국가 간의 전쟁을 효과적으로 방지하고 있습니다.","F",""
"2","불가침조약에 대해 설명해 주세요.","불가침 조약은 체결국간의 전쟁 가능성을 배제하려는 안전보장에 관한 조약입니다. 국제연합에 의해 보증된 제도로 조약이 체결된 국가 사이에서 일방적으로 파기되는 경우 막대한 배상금을 물어줘야 하는 것이 큰 특징입니다. ","F",""
"2","불가침조약에 대해 설명해 주세요.","제2차 세계대전 무렵 독일, 소련, 일본 등이 상호 동맹을 위해 불가침 조약을 처음으로 체결하였습니다. 이는 제2차 세계대전을 성공적으로 수행하여 패권을 얻기 위한 조약으로, 전쟁 직후 불가침 조약을 통한 군사연합 등의 위험성을 이유로 국제법상 금지되고 있습니다.","F",""
"2","불가침조약에 대해 설명해 주세요.","불가침조약에는 조약 위반에 대한 효과적인 제재를 갖추지 못한 것이 보통이며, 정세의 변화에 따라 조약이 파기되기 쉽습니다. 제2차 세계대전 무렵에는 중국 ·소련, 독일 ·소련, 일본 ·소련 등 불가침조약이 체결되었지만, 독 ·소불가침조약은 독일에 의하여, 일 ·소조약은 소련에 의하여 각각 일방적으로 파기되었습니다.","P","독소불가침조약에 대해 설명해 주세요."
"1","독재에 대해 설명해 주세요.","독재라는 말은 매우 다의적으로 사용되고 있으나, 일반적으로는 국민의 기본권을 보장하는 헌법에 의거한 민주정치 ·입헌정치에 대하여, 의회제민주주의 ·권력분립제 등 민주적 체제를 갖지 않고 한 개인 또는 그를 둘러싼 소수자를 정점으로 하는 집권적 전제정치, 헌법의 민주적 제도와 절차에 의하지 않은 권력적 ·자의적 지배를 강행하는 정치를 말합니다.","P","집권적 전제정치의 특징을 설명해 주세요."
"1","독재에 대해 설명해 주세요.","독재라는 말은 국민의 기본권을 보장하는 헌법을 개헌하여, 민주적 체제를 법적으로 붕괴하는 것을 뜻합니다. 때문에 헌법의 민주적 제도와 절차는 따르고 있으나, 권력이 그 자체로 위헌적인 성격으로 하고 있으며, 이를 기반으로 권력을 강행하는 정치를 뜻합니다. ","F",""
"1","독재에 대해 설명해 주세요.","현대사회에는 사회적 위기가 구조적으로 깊고 상시화 함에 따라 위기대응을 명목으로 한 독재정치가 나타나는 국가가 있습니다. 이 경우 강력한 군사력을 기반으로 카리스마적 기대를 받는 지도자가 사회의 근본 개혁을 시도하며, 이러한 독재자들은 투표와 정당 같은 민주적 제도를 거치지 않고 권력을 얻게 됩니다. ","F",""
"1","독재에 대해 설명해 주세요.","제2차 세계대전당시의 이탈리아의 파시스트 독재, 독일의 나치스 독재, 일본의 군국주의 독재, 소련의 프롤레타리아 독재, 북한의 김일성 독재 등이 그 전형적인 예입니다. 이들 국가는 의회 시스템이나 국민 선거 시스템이 전혀 존재하지 않으며, 전제국가의 왕과 같은 권력을 수행합니다. ","F",""
"1","독재에 대해 설명해 주세요.","현대사회에는 사회적 위기가 구조적으로 깊고 상시화 함에 따라 위기대응을 명목으로 한 독재정치가 나타나는 국가가 있습니다. 특히 대중운동을 기반으로 하여 카리스마적 기대를 받는 지도자가 사회의 근본적 개혁과 끊임없는 외침을 구실로 민주주의를 내걸고 권력을 집중하는 현상이 있습니다.","P","독재정치가 나타나는 국가에 대해 설명해 주세요."
"1","독재에 대해 설명해 주세요.","제2차 세계대전당시의 이탈리아의 파시스트 독재, 독일의 나치스 독재, 일본의 군국주의 독재, 소련의 프롤레타리아 독재, 북한의 김일성 독재 등이 그 전형적인 예입니다. 이들은 권력의 분산을 주장하는 자유주의에 적대하여, 지도자 독재 또는 프롤레타리아트 독재라는 형태로 독재의 장기화를 정면으로 긍정하는 이론을 갖추면서 출현하는 점이 공통적입니다.","P","프롤레타리아 독재에 대해 설명해 주세요."
"2","선거제도의 기본원칙을 설명해 주세요.","오늘날에는 보통선거가 선거의 기본원칙으로 되어 있으나, 연혁적으로 보면 그 발달과 확립은 점진적이었고, 이 원칙이 전세계적으로 완전히 확립된 것은 제2차 세계대전 후의 일입니다. 특히 재산 또는 성별에 의한 제한선거가 철폐된 것은 최근의 일입니다. 한국은 1948년 제헌헌법에서 보통선거를 채택하였습니다.","P","제한선거에 대해 설명해 주세요."
"2","선거제도의 기본원칙을 설명해 주세요.","보통선거는 선거의 기본원칙으로, 연혁적으로 선거라는 제도의 탄생과 함께 시작되었습니다. 보통선거의 확립과 함께 성별과 재산에 의한 차별제도가 철폐되었으나, 유일하게 인종에 대한 제한선거만이 인정되지 않았고 1950년대에 들어 철폐되었습니다. ","F",""
"2","선거제도의 기본원칙을 설명해 주세요.","보통선거는 모든 유권자에게 동등하게 1인 1표의 투표권을 인정하는 것입니다. 보통선거는 개인마다 능력이나 정치의식의 차이가 있음에도 불구하고 각 개인의 정치의사를 1표로 환원시키는 것이므로 정치의식을 가지고 행사한 1표와 매수된 부패표를 같은 가치로 취급하는 모순이 있다는 비판을 받기도 합니다.","F",""
"2","선거제도의 기본원칙을 설명해 주세요.","선거권자가 피선거권자를 선출하는 것으로, 직접선거와 간접선거 모두가 포함되는 포괄적 개념입니다. 국민의사에 직결되어 있다는 점에서 직접선걱와 간접선거 중 무엇이 더 민주적인 제도인가에 대한 가치판단은 불가합니다. 때문에 오늘날에는 직접선거와 간접선거 중 어떤 것을 선거법의 공리로 채택하는가는 국민과 국가의 판단에 의거합니다. ","F",""
"2","선거제도의 기본원칙을 설명해 주세요.","평등선거는 모든 유권자에게 동등하게 1인 1표의 투표권을 인정하는 것입니다. 불평등선거는 시민민주주의시대에 많이 볼 수 있었던 제도이며, 평등선거는 현대 대중민주주의의 소산입니다. 평등선거는 개인마다 능력이나 정치의식의 차이가 있음에도 불구하고 각 개인의 정치의사를 1표로 환원시키는 것이므로 정치의식을 가지고 행사한 1표와 매수된 부패표를 같은 가치로 취급하는 모순이 있다는 비판을 받기도 합니다.","P","불평등선거에 대해 설명해 주세요."
"2","선거제도의 기본원칙을 설명해 주세요.","선거권자가 중간선거인을 선정하지 않고 직접 피선거권자를 선출하는 것으로, 간접선거에 대응하는 말입니다. 일반적으로 직접선거가 간접선거에 비하여 국민의 의사에 직결되어 있다는 점에서 민주적인 제도라고 할 수 있습니다. 유럽에서는 19세기에 간접선거가 널리 채용되었는데, 그 후 국민의 정치의식이 높아지자 점차 직접선거로 전환, 오늘날에는 직접선거가 선거법의 공리로 되어 있습니다.","P","선거법에 대해 설명해 주세요."
"2","선거구 법정주의에 대해 설명해 주세요.","선거의 공정성을 위해 선거구를 법률로 획정해야 한다는 원칙과 제도입니다. 선거에서 대표자를 선출하는 단위 구역을 선거구라고 합니다. 선거구는 선거 결과에 직접적인 영향을 미치기 때문에 객관적인 기준에 따라 그 경계를 명확히 정할 필요가 있는데, 이에 선거구를 법률로 획정하도록 하는 것이 선거구 법정주의입니다.","P","선거구의 기준에 대해 설명해 주세요."
"2","선거구 법정주의에 대해 설명해 주세요.","선거의 공정성을 위해 선거구를 법률로 획정해야 한다는 원칙과 제도입니다. 대표자가 동일한 인구를 대표할 수 있도록 선거구는 동일한 인구수를 기준으로 선거구를 지정합니다. 이를 통해 선출된 국민의 대표들은 동일한 권력을 가질 수 있으며, 선거구를 법률로 획정하도록 하는 것이 선거구 법정주의입니다. ","F",""
"2","선거구 법정주의에 대해 설명해 주세요.","선거구 법정주의는 선거구 획정의 공정성을 확보하고 게리맨더링, 즉 특정 후보자나 특정 정당에 유리하도록 선거구를 자의적으로 획정하는 것을 방지하기 위한 목적에서 비롯되었습니다. 우리나라에서는 선거구 획정 기준과 절차를 공직선거법에서 규정하고 있으며, 특정 정당이 유리한 선거구에서 기명순서를 상위에 기재하지 못하도록 법률로 정하고 있습니다. ","F",""
"2","선거구 법정주의에 대해 설명해 주세요.","평등 선거를 위해서는 선거구 간 인구 비례가 1대 1이 가장 이상적입니다. 그러나 모든 지역에 인구가 고르게 분포하지 않는 것이 아니기 때문에 인구가 부족한 지역 대표자의 수가 수도권에 비해 적다는 문제점을 가지고 있습니다. 때문에 지역 대표성, 인구 격차, 개발 불균형 등의 추가적인 요소들을 고려하여야 한다는 논의가 진행되고 있습니다. ","F",""
"2","선거구 법정주의에 대해 설명해 주세요.","선거구 법정주의는 선거구 획정의 공정성을 확보하고 게리맨더링, 즉 특정 후보자나 특정 정당에 유리하도록 선거구를 자의적으로 획정하는 것을 방지하기 위한 목적에서 비롯되었습니다. 우리나라에서는 선거구 획정 기준과 절차를 공직선거법에서 규정하고 있으며, 선거구의 공정한 획정을 위해 국회에 선거구 획정위원회를 두고 있습니다.","P","게리맨더링에 대해 설명해 주세요."
"2","선거구 법정주의에 대해 설명해 주세요.","평등 선거를 위해서는 선거구 간 인구 비례가 1대 1이 가장 이상적이지만, 모든 지역에 인구가 고르게 분포하지 않는 것이 아니고 지역의 특성도 반영되어야 할 필요가 있기 때문에 현실적으로 불가능합니다. 따라서 실제로는 지역 대표성, 인구 격차, 개발 불균형 등의 추가적인 요소들을 고려하여 허용 기준을 정하게 되어 있으며, 이는 시대적·정치적·사회적 상황에 따라 변화하기도 합니다.","P","인구격차에 따른 선거구 획정에 대해 설명해 주세요."
"1","여당에 대해 설명해 주세요.","자유민주주의국가에서는 복수정당제가 정치체제의 기본으로 되어 있습니다. 그러므로 정당간의 정책대결을 통한 의회정치가 중심이 되어 정치가 이루어지는데, 이 때 정권을 잡은 정당, 즉 여당은 자기들이 원하는 인물들로 정부를 구성하고, 그들을 통해 정책을 수행하게 됩니다.","P","복수정당제의 장단점을 설명해 주세요."
"1","여당에 대해 설명해 주세요.","자유민주주의국가에서는복수정당제가 정치체제의 기본으로 되어 있습니다. 그러므로 정당간의 정책대결을 통한 의회정치가 중심이 되어 정치가 이루어지는데, 이 때 소수당의 경우 대통령을 배출하더라도 여당으로 인정받을 수 없습니다. ","F",""
"1","여당에 대해 설명해 주세요.","여당이 되는 조건은 대통령중심제와 의원내각제 모두 동일합니다. 전자의 경우 국회의원 총선거의 결과 의석수가 많은 정당이 여당이 되고, 후자의 경우는 총선거의 결과 국회에서 다수의석을 차지하는 정당이 여당이 됩니다. 한국은 대통령중심제를 채택하고, 또한 여러 개의 정당이 대결하면서도국민들의 성향과 총선거 결과는 뚜렷한 양당체제의 양상을 드러내고 있습니다.","F",""
"1","여당에 대해 설명해 주세요.","민주주의 국가에서는 복수정당제가 정체체제의 기본으로 되어 있습니다. 그러므로 정당간의 정책대결을 통한 의회정치가 중심이 되어 정치가 이루어 지는데, 만약 국회의원의 80% 이상을 얻은 정당은 모든 법안을 의사결정정족수를 충족시켜 법안을 발의할 수 있으므로 일당독재체제가 이루어집니다. ","F",""
"1","여당에 대해 설명해 주세요.","여당이 되는 조건은 대통령중심제의 경우와 의원내각제의 경우가 상이합니다. 전자의 경우는 국회의원 총선거의 결과에 상관없이 대통령을 배출한 정당이 여당이 되고, 후자의 경우는 총선거의 결과 국회에서 다수의석을 차지하는 정당이 여당이 됩니다. 한국은 대통령중심제를 채택하고, 또한 여러 개의 정당이 대결하면서도국민들의 성향과 총선거 결과는 뚜렷한 양당체제의 양상을 드러내고 있습니다.","P","양당체제에 대해 설명해 주세요."
"2","입헌군주제의 종류를 설명해 주세요.","군주는 헌법상 여러 가지 권한을 지니고 있지만, 실질적으로는 의회·내각의 결정·집행을 형식적으로 재가·승인하는 명목적·의례적인 존재에 불과합니다. 영국은 명예혁명 이후 군주가 현실적으로 정치에 참여하는 기회가 줄었습니다. 19세기에 이르러 의회주권이라는 말이 생길 정도로 군주는 형식적인 존재가 되었고, 의회와 내각이 통치권의 주체가 되었습니다.","P","영국의 명예혁명에 대해 설명해 주세요."
"2","입헌군주제의 종류를 설명해 주세요.","영국의 명예혁명 이후 군주가 현실적으로 정치에 참여할 수 있는 모든 헌법상 기회를 박탈하였습니다. 군주는 상징적이고 형식적인 존재가 되었고, 통치권의 주체는 오직 의회와 내각 뿐입니다. 군주는 국가의 정통성과 국민 공동체 정신의 통합의 상징으로 존재합니다.","F",""
"2","입헌군주제의 종류를 설명해 주세요.","군주는 재가나 승인을 하는 의례적 존재이며, 의회, 내각이 국정의 전반을 결정, 집행하는 것을 뜻합니다. 헌법상 군주는 여러 권한을 가지고 있지만, 실질적으로 행사할 수 있는 권한은 없습니다. 다만, 군대의 통수권에 대해서는 군주의 헌법상 권리가 인정되며, 오직 군주를 통해서만 국가 차원에서 군사작전을 수행할 수 있습니다.","F",""
"2","입헌군주제의 종류를 설명해 주세요.","영국은 명예혁명 이후 군주가 현실적으로 정치에 참여하는 기회를 줄이고, 19세기에 이르러 의회주권이라는 말이 생길 정도로 군주는 형식적인 존재가 되었고, 의회와 내각이 통치권의 주체가 되었습니다. 현대에 와서는 군주라는 말은 유명무실한 개념이 되었고, 입헌군주제를 채택하고 있는 국가는 일본을 마지막으로 존재하지 않습니다. ","F",""
"2","입헌군주제의 종류를 설명해 주세요.","군주는 통치자이며, 강대한 지배권을 가지고 실제로 이를 행사합니다. 외견상으로는 3권분립체제를 취하고 있으나, 군주는 대권에 의한 군대의 통수권 및 관리임명권을 가지며, 의회는 통치권의 주체가 아니라 자문의 역할을 할 뿐입니다. 이러한 점에서 이 유형은 절대주의가 반드시 극복되어 있는 것도 아니며, '군주는 군림하고 통치한다'고 일컬어집니다.","P","군대의 통수권에 대해 설명해 주세요."
"1","정치자금에 대해 설명해 주세요.","정치자금의 적정한 제공을 보장하고 그 수입과 지출내역을 공개하여 투명성을 확보하며 정치자금과 관련한 부정을 방지함으로써 민주정치의 건전한 발전에 기여함을 목적으로 정치자금법이 제정·시행되고 있습니다. 여기서 정치자금이라함은 당비, 후원금, 기탁금, 보조금과 정당의 당헌·당규 등에서 정한 부대수입을 말합니다.","P","기탁금에 대해 설명해 주세요."
"1","정치자금에 대해 설명해 주세요.","정치자금의 적정한 제공을 보장하고 그 수입과 지출내역을 공개하여 투명성을 확보하며 정치자금과 관련한 부정을 방지함으로써 민주정치의 건전한 발전에 기여함을 목적으로 정치자금법이 제정·시행되고 있습니다. 여기서 정치자금이라함은 오직 국가재정만을 의미하며, 그 외 기타 명목의 후원금은 법적으로 금지하고 있습니다. ","F",""
"1","정치자금에 대해 설명해 주세요.","정치활동을 위하여 정당, 공직선거에 의하여 당선된 자, 공직선거의 후보자 또는 후보자가 되고자 하는 자, 후원회·정당의 간부 또는 유급사무직원 그 밖에 정치활동을 하는 자에게 제공되는 국가 보조금을 뜻합니다. 공직선거의 후보자의 경우 국고에서 정치자금을 대출해주고, 최소 투표율을 달성하지 못한 경우 20%는 자비로 지출해야 합니다. ","F",""
"1","정치자금에 대해 설명해 주세요.","정치자금법은 그 기본원칙으로 국가에 의해서만 정치자금이 지급되며, 정치자금은 국민의 의혹을 사는 일이 없도록 공명정대하게 운용되어야 하고, 그 회계는 공개하도록 하고 있습니다. 한편 정치자금은 정치활동을 위하여 소요되는 경비로만 지출하여야 하며, 사적 경비로 지출하거나 부정한 용도로 지출하여서는 아니됩니다.","F",""
"1","정치자금에 대해 설명해 주세요.","정치활동을 위하여 정당, 공직선거에 의하여 당선된 자, 공직선거의 후보자 또는 후보자가 되고자 하는 자, 후원회·정당의 간부 또는 유급사무직원 그 밖에 정치활동을 하는 자에게 제공되는 금전이나 유가증권, 그 밖의 물건과 그 자의 정치활동에 소요되는 비용을 말합니다. ","P","유가증권에 대해 설명해 주세요."
"1","정치자금에 대해 설명해 주세요.","정치자금법은 그 기본원칙으로 누구든지 이 법에 의하지 아니하고는 정치자금을 기부하거나 받을 수 없으며, 정치자금은 국민의 의혹을 사는 일이 없도록 공명정대하게 운용되어야 하고, 그 회계는 공개하도록 하고 있습니다. 한편 정치자금은 정치활동을 위하여 소요되는 경비로만 지출하여야 하며, 사적 경비로 지출하거나 부정한 용도로 지출하여서는 아니됩니다.","P","정치자금법에 대해 설명해 주세요."
"1","비례대표제에 대해 설명해 주세요.","비례대표제는 각 정당의 득표수에 비례해 의석수를 분배하고 당선자를 뽑는 방식입니다. 당선에 기여하지 못하는 표인 사표를 방지하고 국민의 다양한 의사를 반영할 수 있다는 장점이 있습니다. 반면 의석 배분 방식이 복잡하고 군소정당이 난립하여 정국이 불안정해질 수 있다는 단점도 있습니다.","P","군소정당에 대해 설명해 주세요."
"1","비례대표제에 대해 설명해 주세요.","비례대표제는 각 지역의 득표수에 비례해 지역별로 의석수를 분배하고 당선자를 뽑는 방식입니다. 각 지역별로 투표율을 높이고, 선거에 참여하지 않는 것을 방지하기 위한 제도 입니다. 반면 과도한 선거 경쟁을 부추기고 지역갈등을  유발하는 등의 단점도 있습니다.","F",""
"1","비례대표제에 대해 설명해 주세요.","정당명부식 비례대표제는 정당마다 득표한 비율에 맞춰 사전에 제출한 후보 명부 순서대로 당선자가 정해지는 방식입니다. 유권자는 정당이 제시한 후보 명부를 참고해 투표할 정당을 선택할 수 있습니다. 만약 유권자가 명부 순서에 동의하지 않는 경우, 정당 투표로 후보의 명부 순서를 바꿀 수 있습니다. ","F",""
"1","비례대표제에 대해 설명해 주세요.","단기이양식 비례대표제는 유권자들이 후보자에 대한 선호도에 따라 순위를 매기며, 그 선호 순위에 따라 표가 이양되면서 당선자를 결정하는 방식입니다. 후보자 개인이 입후보하는 방식으로 유권자는 명부상의 개인에게 투표합니다. 당선된 개인은 초과득표를 제2선호에 따라 다른 후보에게 이양해 주는 방식입니다. 이 때 다른 후보는 같은 정당이 아닌 경우에도 가능합니다. ","F",""
"1","비례대표제에 대해 설명해 주세요.","정당명부식 비례대표제는 정당마다 득표한 비율에 맞춰 사전에 제출한 후보 명부 순서대로 당선자가 정해지는 방식입니다. 유권자는 정당이 제시한 후보 명부를 참고해 투표할 정당을 선택할 수 있습니다. 유권자가 후보자가 아닌 정당에 대해 투표하는 것이 가장 큰 특징입니다.","P","비례대표 후보자 선정에 대해 설명해 주세요."
"1","비례대표제에 대해 설명해 주세요.","단기이양식 비례대표제는 유권자들이 후보자에 대한 선호도에 따라 순위를 매기며, 그 선호 순위에 따라 표가 이양되면서 당선자를 결정하는 방식입니다. 후보자 개인이 입후보하는 방식으로 유권자는 명부상의 개인에게 투표합니다. 당선된 개인은 초과득표를 제2선호에 따라 같은 정당의 다른 후보에게 이양해 주는 방식입니다.","P","단기이양식 비례때표제의 장단점을 설명해 주세요."
"1","부재자투표에 대해 설명해 주세요.","공무나 개인적 사정으로 지정된 투표소에서 선거일에 투표할 수 없는 유권자들을 위한 제도입니다. 선거 참여가 어려운 유권자에게도 투표할 수 있는 권리를 보장하기 위해 시행합니다. 투표소에 가기 어렵거나 특수한 사정에 있는 유권자들의 투표 참여를 위해 고안된 제도입니다.","P","특수한 사정의 종류를 설명해 주세요."
"1","부재자투표에 대해 설명해 주세요.","공무로 인해 지정된 투표소에서 선거일에 투표할 수 없는 유권자들을 위한 제도입니다. 선거 참여가 어려운 유권자에게도 투표할 수 있는 권리를 보장하기 위해 시행합니다. 투표소에 가기 어렵거나 특수한 사정에 있는 유권자들의 투표 참여를 위해 고안된 제도입니다. 개인적 사정의 경우 투표일 20일전에 국가에 신고하여야 합니다.","F",""
"1","부재자투표에 대해 설명해 주세요.","사전투표는 유권자의 투표참여율을 높이기 위해 도입된 제도로 별도의 사전 신고 없이 선거일 전에 유권자 지역구의 사전투표소에서 투표하도록 만든 제도입니다. 2013년 4월 재보궐선거에 처음 도입됐으며 2014년 제6회 지방선거에서 전국적으로 시행되었습니다. 선거일에 개인적 사정이 있는 경우 미리 투표할 수 있다는 장점이 있습니다.","F",""
"1","부재자투표에 대해 설명해 주세요.","사전투표와 별개로 선거일에 거동이 어려워 투표소에서 투표할 수 없는 사람은 ‘거소투표’ 제도를 통해 선거권을 행사할 수 있습니다. 거소투표는 전자투표방식입니다. 중대한 신체장애로 거동할 수 없는 사람, 병원·요양소·교도소 등에 거주하는 사람, 투표소에 갈 수 없을 정도로 멀리 떨어진 지역에 근무하는 사람은 거소투표대상자가 될 수 있습니다.","F",""
"1","부재자투표에 대해 설명해 주세요.","사전투표는 유권자의 투표참여율을 높이기 위해 도입된 제도로 별도의 사전 신고 없이 전국 사전투표소에서 투표하도록 만든 제도입니다. 2013년 4월 재보궐선거에 처음 도입됐으며 2014년 제6회 지방선거에서 전국적으로 시행되었습니다. 투표용지는 사전투표소에서 제공되므로 신분증만 지참하면 투표할 수 있어 시간·거리·비용 등을 절감할 수 있습니다.","P","재보궐선거에 대해 설명해 주세요."
"1","부재자투표에 대해 설명해 주세요.","사전투표와 별개로 선거일에 거동이 어려워 투표소에서 투표할 수 없는 사람은 ‘거소투표’ 제도를 통해 선거권을 행사할 수 있습니다. 거소투표는 우편을 통한 투표방식입니다. 중대한 신체장애로 거동할 수 없는 사람, 병원·요양소·교도소 등에 거주하는 사람, 투표소에 갈 수 없을 정도로 멀리 떨어진 지역에 근무하는 사람은 거소투표대상자가 될 수 있습니다.","P","거소투표의 특징을 설명해 주세요."
"2","군사정보보호협정에 대해 설명해 주세요.","영어 약자로 '지소미아' 라고도 합니다. 이념이나 체제를 공유하거나 동맹 등 현실적 이익이 합치하는 국가 간에 주변의 위협 요소를 줄이고 분쟁을 관리·해결하기 위해 체결합니다. 개별 국가는 군사정보보호협정을 통해 안보 영역을 확대하고 테러리즘이나 마약과 같은 초국가적 범죄나 자연재해 등의 대응에 활용할 수 있습니다.","P","지소미아의 목적을 안보 측면에서 설명해 주세요."
"2","군사정보보호협정에 대해 설명해 주세요.","영어 약자로 '지소미아' 라고도 합니다. 이념이나 체제를 공유하거나 동맹 등 현실적 이익이 합치하는 국가 간에 주변의 위협 요소를 줄이고 분쟁을 관리·해결하기 위해 체결합니다. 개별 국가는 군사정보보호협정을 통해 안보 영역을 확대하고 상호간의 군사적 정보를 모두 공개하고 교환합니다.","F",""
"2","군사정보보호협정에 대해 설명해 주세요.","한국은 군사정보보호협정을 미국만을 상대로 맺을 수 있습니다. 이는 한국전쟁 이후 주한미군을 주둔시키면서 정해진 조약체결때문 입니다. 별다른 추가 동의 없이 자동으로 연장되고 있습니다. 한쪽 당사자가 유효기간 만료 전 상대방에 종료 의사를 통보하면 해당 기간 이후로 종료됩니다.","F",""
"2","군사정보보호협정에 대해 설명해 주세요.","군사정보보호협정의 주체는 각 국가의 정부 혹은 국방부입니다. 협정에 따라 교환 가능한 군사정보의 유형은 통상 2급 이하 군사비밀과 1급 군사비밀로 나눠지며, 상대 국가가 1급 군사비밀을 교환하는 경우, 그에 상응하는 군사기밀을 교환하는 것이 원칙입니다. ","F",""
"2","군사정보보호협정에 대해 설명해 주세요.","군사정보보호협정의 주체는 각 국가의 정부 혹은 국방부입니다. 어떤 형태라도 실질적인 정보교환에 큰 차이는 없으나, 정부간 협정은 국제법적 의무와 책임이 발생합니다. 협정에 따라 교환 가능한 군사정보는 통상 2급 이하 군사비밀이며, 1급 군사비밀은 제외됩니다. 국가 간 정보보호협정 체결 후 '군수지원협정'이 뒤따르는 경우도 많습니다.","P","1급 군사비밀에 대해 설명해 주세요."
"2","군사정보보호협정에 대해 설명해 주세요.","한국은 미국·캐나다·영국 등 약 30여 개국과 군사정보보호협정을 맺고 있습니다. 협정 체결 시 정해진 유효기간이 있으며, 이 기간이 지나면 자동으로 연장되는 형태가 일반적입니다. 한쪽 당사자가 유효기간 만료 전 상대방에 종료 의사를 통보하면 해당 기간 이후로 종료됩니다.","P","한국이 군사정보보호협정을 맺고 있는 30여 개국에 대해 설명해 주세요."
"1","정책에 대해 설명해 주세요.","일반적으로는 정부 또는 정치단체가 취하는 방향을 가리킵니다. 국가의 정책을 국책이라고도 부르는데, 오늘날에는 정당을 비롯하여 노동조합이나 경영자단체및 개인의 정책이라도 그 내용과 성질이 공공적인 것이라면 정책이라고 하며, 미국에서는 이것을 공공정책이라 부르고 있습니다.","P","공공정책에 대해 설명해 주세요."
"1","정책에 대해 설명해 주세요."," 정부 또는 정치단체가 취하는 방향을 가리킵니다. 국가의 정책은 국책이라 부르기도 합니다. 오늘날에는 정당을 비롯하여 노동조합이나 경영자단체및 개인도 정책을 내놓고 있는데, 내용과 성질이 공공적인 것이라도 엄밀한 의미에서 정책의 개념에 포함되지 않습니다. ","F",""
"1","정책에 대해 설명해 주세요.","정책은 일정한 목표를 합리적으로 추구 ·실현하기 위하여 불가결한 것으로서 최근에는 컴퓨터의 도입으로 합리적인 장기정책의 수립이 가능하게 되었습니다. 정책 실현을 위해서는 강제력이 동원 되어야 하므로, 국가만이 정책을 수립하고 실행할 수 있습니다.","F",""
"1","정책에 대해 설명해 주세요.","정부에 의해 결정된 모든 행동방침을 뜻합니다. 공익에 부합하지 않는 것이라도, 다양한 분야에서 다양한 형태로 나타날 수 있습니다. 때로는 공익에 반하기도 하며, 이러한 정부의 결정이나 방침에 따르지 않을 때는 벌검, 감금 등의 조치를 받게 됩니다. ","F",""
"1","정책에 대해 설명해 주세요.","정책은 일정한 목표를 합리적으로 추구 ·실현하기 위하여 불가결한 것으로서 최근에는 컴퓨터의 도입으로 합리적인 장기정책의 수립이 가능하게 되었습니다. 외교정책 ·농업정책 ·사회정책 ·노동정책 ·교육정책이라고 할 경우 국가가 추진하는 것으로 이해되기 쉽지만, 이경우도 국가의 권력을 현실적으로 담당하는 정부의 정책인 것이며, 의회정치하에서는 정권을 담당하고 있는 정당의 정책인 것입니다.","P","외교정책의 특징을 설명해 주세요."
"1","정책에 대해 설명해 주세요.","공공문제를 해결하고자 정부에 의해 결정된 행동방침을 말합니다. 정책은 법률·정책·사업·사업계획·정부방침·정책지침·결의 사항과 같이 여러 형태로 표현됩니다. 정책에는 합법적 강제력을 수반하는 권위가 부여되며, 따라서 이러한 정부의 결정이나 방침에 따르지 않을 때는 벌금·제재·감금·규제·제한 등의 조치를 받게 됩니다.","P","정책의 합법적 강제력에 대해 설명해 주세요."
"2","부작위에 대해 설명해 주세요.","마땅히 해야 할 것으로 기대되고 있는 행위인데도 하지 않는 태도를 말합니다. 작위와 상반되는 개념입니다. 그러나 엄밀히 말하면 그 구별은 행위 자체에 의해서 이루어지는 것이 아니고 보는 관점에 의해 구별되어지는 것입니다. 부작위란 아무것도 하지 아니하는 것을 의미하는 것이 아니라 규범적으로 기대된 일정한 행위를 하지 않는 것을 두고 말합니다.","P","작위에 대해 설명해 주세요."
"2","부작위에 대해 설명해 주세요.","마땅히 해야 할 것으로 기대되고 있는 행위인데도 하지 않는 태도를 말합니다. 작위와 상반되는 개념입니다. 그러나 엄밀히 말하면 그 구별은 행위 자체에서 이루어지는 것입니다. 아무 것도 하지 않았다면, 그 행위 자체로 부작위라 간주될 수 있습니다. ","F",""
"2","부작위에 대해 설명해 주세요.","국가 권력의 부작위에 대해서 국민은 부작위위법확인소송을 진행할 수 있습니다. 법률상에 구체적이고 명확하게 국가의 행위가 규정되어 있음에도 불구하고, 수행하지 않았을 경우에만 부작위 소송을 할 수 있습니다. 때문에 부작위 소송은 굉장히 엄격한 제한규정을 두고 있습니다. ","F",""
"2","부작위에 대해 설명해 주세요.","부작위는 마땅히 해야 할 것으로 기대되는 행위 인데도 하지 않는 것을 말합니다. 때문에 국가의 행정부작위는 행정소송을 통해 제기할 수 있으나, '마땅히'라고 명시된 규정이 굉장히 모호하기 때문에 '행위'자체에 대해 행정기관의 위법성을 입증하는 것은 쉽지 않습니다. ","F",""
"2","부작위에 대해 설명해 주세요.","행정청의 부작위에 대해서는 부작위위법확인소송 등의 행정소송을 제기할 수 있습니다. 부작위위법확인소송은 행정청이 당사자의 신청에 대하여 상당한 기간 내에 일정한 처분을 할 법률상의 의무가 있음에도 불구하고 이를 하지 아니한 것에 대한 위법확인을 구하는 소송을 말합니다.","P","행정소송에 대해 설명해 주세요."
"1","지방분권에 대해 설명해 주세요.","통치상의 권한이 지방정부에 대폭 분산되어 있는 체제를 지방분권이라고 합니다. 중앙집권과 상반되는 개념입니다. 지방분권이란 국가의 통치권과 행정권의 일부가 각 지방정부에 위임 또는 부여되어 지방주민 또는 그 대표자의 의사와 책임 아래 행사하는 체제를 말합니다.","P","행정권에 대해 설명해 주세요."
"1","지방분권에 대해 설명해 주세요.","통치상의 권한이 지방정부에 대폭 분산되어 있는 체제를 지방분권이라고 합니다. 이는 중앙집권과 동시에 이뤄지며, 중앙의 강력한 영향력을 바탕으로 통치권과 행정권의 일부가 각 지방정부에 위임되는 것을 뜻합니다. 때문에 중앙집권력이 강해질수록 지방분권 역시 강해지는 특징을 가지고 있습니다. ","F",""
"1","지방분권에 대해 설명해 주세요.","지방분권은 중앙정부가 입법권 사법권을 그 지방의 고유사무로 인식하고 독자적인 입장에서 부여된 권한을 행사하여 자주적으로 행정을 수행하는 자치적 분권입니다. 때문에 각 지방자치단체에 따라 사법적 해석이 달라지며, 지방의회에 의해 입법 발의도 가능합니다. ","F",""
"1","지방분권에 대해 설명해 주세요.","지방분권은 지방의 특수성과 실정에 맞는 행정을 할 수 있고, 행정의 민주화를 실현할 수 있습니다. 또한 지방의 행정기관이나 주민들의 사기와 창의성을 향상시키고 애향심을 고취하는 등의 장점을 갖고 있습니다. 지방분권은 지방자치단체의 고유 권한이 커지면서, 중앙집권에 비해 재정적 효율성이 크다는 장점도 가지고 있습니다. ","F",""
"1","지방분권에 대해 설명해 주세요.","지방분권에는 두 가지의 형태가 있습니다. 그 하나는 중앙정부가 국가사무와 권한을 각 지방정부에 위임하여 그들로 하여금 중앙정부의 감독 아래 수행하도록 하는 행정적 분권이고, 다른 하나는 지방자치단체가 그 지방의 모든 행정사무를 고유사무로 인식하고 독자적인 입장에서 부여된 권한을 행사하여 자주적으로 행정을 수행하는 자치적 분권 입니다.","P","자치적 분권에 대해 설명해 주세요."
"1","지방분권에 대해 설명해 주세요.","지방분권은 중앙집권에 비하여, 지방의 특수성과 실정에 맞는 행정을 할 수 있고, 민주통제를 강화하고 행정의 민주화를 실현할 수 있으며, 지방의 행정기관이나 주민들의 사기와 창의성을 향상시키고 애향심을 고취하는 등의 장점을 갖고 있습니다. 그러나 지방분권은 지방자치단체의 재정적 자립이 어렵다는 점과 중앙집권이 가지는 장점을 지니지 못한 점이 단점으로 지적되고 있습니다.","P","애향심을 고취하기 위한 방안에 대해 설명해 주세요."
"2","조례에 대해 설명해 주세요.","지방자치단체가 스스로 제정하는 자주법의 일종입니다. 즉, 조례란 지방자치단체가 그 권한에 속하는 사무에 관하여 법령의 범위 내에서 지방의회의 의결을 통해 제정하는 자치 규범을 말합니다. 조례는 지방자치단체의 장 또는 지방의회 의원에 의하여 제안되며, 제안된 조례안은 재적의원 과반수의 출석과 출석의원 과반수로 의결됩니다.","P","지방의회에 대해 설명해 주세요."
"2","조례에 대해 설명해 주세요.","지방자치단체가 스스로 제정하는 자주법의 일종입니다. 즉, 조례란 지방자치단체가 그 권한에 속하는 사무에 관하여 법령의 범위 내에서 지방의회의 의결을 통해 제정하는 자치 규범을 말합니다. 조례는 지방자치단체의 장 또는 지방의회 의원에 의하여 제안되는데, 해당 지방단치자체 내에서는 법률보다 우선합니다.","F",""
"2","조례에 대해 설명해 주세요.","지방자치단체가 스스로 제정하는 자주법의 일종입니다. 조례의 내용이 헌법 질서에 위배되지 않는 범위 내에서 해당 지방자치단체의 최고 상위법 역할을 하게 됩니다. 조례의 내용은 별도의 국회 절차 없이 지방 의회에서 결정할 수 있습니다.","F",""
"2","조례에 대해 설명해 주세요.","지방 자치단체의 장 등 집행기관이 국가의 지방 행정기관의 지위에서 국가사무를 위임받아 집행하는 이른바 기관위임사무와 기타 지방자치단체의 집행기관의 권한에 속하는 사무로서, 지방의회의 의결권 여부와 무관하게 조례를 제정할 수 있습니다.","F",""
"2","조례에 대해 설명해 주세요.","우리나라의 조례 제정의 과정에는 미국 등지에서 볼 수 있는 타운 미팅이나 공청회와 같은 제도가 없고 중앙통제만이 있습니다. 조례안이 의회에서 의결되었을 때에는 의장은 의결된 날로부터 5일 이내에 그 자치단체의 장에게 이를 이송하여야 하고, 이를 이송받은 자치단체의 장은 15일 이내에 공포하여야 합니다.","P","공청회에 대해 설명해 주세요."
"2","조례에 대해 설명해 주세요.","조례로써 규정할 수 있는 사항의 범위는 지방자치단체의 권한에 속하는 사무 전반에 걸칩니다. 지방자치단체의 사무이면 그것이 고유사무이든 위임사무이든 모두 조례의 규정 사항이 된다는 뜻입니다. 그러나 지방 자치단체의 장 등 집행기관이 국가의 지방 행정기관의 지위에서 국가사무를 위임받아 집행하는 이른바 기관위임사무와 기타 지방자치단체의 집행기관의 권한에 속하는 사무로서 지방의회에 의결권이 없는 사항에 관하여서는 조례를 제정할 수가 없습니다.","P","고유사무와 위임사무를 비교해서 설명해 주세요."
"1","전자정부에 대해 설명해 주세요.","정부조직 내외의 지식과 정보를 전자적으로 체계화하여 정부조직을 능률적으로 관리하고 국민들에게 신속하고 능률적인 행정 서비스를 제공하는 정부를 말합니다. 다시 말하면 전자정부는 정보기술을 이용해 행정 업무를 혁신하고 국민에 대해 양질의 행정 서비스를 효율적으로 제공하는 지식 정보사회의 정부라고 할 수 있습니다.","P","행정 서비스의 특징을 설명해 주세요."
"1","전자정부에 대해 설명해 주세요.","정부조직 내외의 지식과 정보를 전자적으로 체계화하여 정부조직을 능률적으로 관리하고 국민들에게 신속하고 능률적인 행정 서비스를 제공하는 정부를 말합니다. 그러나 정부 정보의 전산화 과정에서 국민에 대한 정보가 초고속 정보통신망을 통해 유출되는 문제점이 발견되고 있습니다.","F",""
"1","전자정부에 대해 설명해 주세요.","전자정부란 컴퓨터와 초고속 정보통신망을 통해 행정사무의 자동화와 대민 서비스를 신속히 그리고 적시에 수행할 수 있게 네트워크화된 정부를 말합니다. 그러나 대민 서비스를 전자적으로 제공함에 있어, 국민의 생체 정보를 필요로 한다는 점에서 위험성이 증대되고 있습니다.","F",""
"1","전자정부에 대해 설명해 주세요.","전자정부의 구축으로 조직 내부의 행정정보화가 이루어졌고, 행정수요자에 대해서는 초고속 정보통신망을 통해 전자 행정 서비스가 실현되었습니다. 그러나 전산화된 정보에 접근하기 위해서는 여러 인증 단계를 거쳐야 하므로, 레드 테이프의 폐단이 사라지지 않고 있으며 단위 조직들 간의 의사소통이 어려워지는 단점을 가지고 있습니다. ","F",""
"1","전자정부에 대해 설명해 주세요.","행정정보체계를 초고속 정보통신망으로 네트워크화하여 행정업무의 생산성과 효율성을 크게 높이는 정부를 말합니다. 쉽게 말해서 전자정부란 컴퓨터와 초고속 정보통신망을 통해 행정사무의 자동화와 대민 서비스를 신속히 그리고 적시에 수행할 수 있게 네트워크화된 정부를 말합니다.","P","네트워크화된 정부의 장점을 설명해 주세요."
"1","전자정부에 대해 설명해 주세요.","전자정부의 구축으로 조직 내부의 행정정보화가 이루어졌고, 행정수요자에 대해서는 초고속 정보통신망을 통해 전자 행정 서비스가 실현되었습니다. 즉, 행정조직 내부에서는 기록의 전산화로 각종 문서를 현격히 줄일 수 있어 이른바 레드 테이프의 폐단을 제거시킬 수 있었고 단위 조직들 간에 의사소통이 원활해집니다.","P","레드 테이프에 대해 설명해 주세요."
"1","공청회에 대해 설명해 주세요.","의회나 행정기관이 사회 일반에 영향력이 큰 안건이나 정책을 결정하기 전에, 해당 분야의 학식이나 경험이 풍부한 전문가나 이해 당사자들을 참석케 하여 그들의 의견을 듣는 공개회의 입니다. 공청회는 정책결정권을 주민의 대표기관인 의회나 행정기관에 부여하되 주민들도 견해를 진술하여 이를 정책에 반영할 기회를 가진다는 점에서 주민참여의 한 형태라 말할 수 있습니다.","P","공청회에 전문가와 주민을 참석케 하는 이유를 설명해 주세요."
"1","공청회에 대해 설명해 주세요.","의회나 행정기관이 사회 일반에 영향력이 큰 안건이나 정책을 결정하기 전에, 해당 분야의 학식이나 경험이 풍부한 전문가나 이해 당사자들을 참석케 하여 그들의 의견을 듣는 공개회의 입니다. 주민들도 공청회에 참여할 수는 있으나, 자신의 견해를 진술할 수는 없다는 점에서 주민참여의 한 형태라 보기 어렵습니다. ","F",""
"1","공청회에 대해 설명해 주세요.","의회나 행정기관이 사회 일반에 영향력이 큰 안건이나 정책을 결정하기 전에, 주민들의 견해를 공개적으로 듣는 공개회의 입니다. 주민들의 견해가 정책에 반영될 기회를 가진다는 점에서 주민참여의 한 형태라고 볼 수 있으나, 해당 안건의 중요성에 비해 회의의 전문성이 떨어진다는 단점을 가지고 있습니다. ","F",""
"1","공청회에 대해 설명해 주세요.","우리나라는 1970년대 후반에 이르러 고도의 경제성장과 더불어 정치적·경제적·사회적 제도의 개선에 대한 국가시책이 활성화하기 시작하였습니다. 그리하여 오늘날에는 국회위원회·행정기관·사회단체 및 언론기관 등에서 널리 활용하고 있습니다. 공청회의 의견 역시 법적 구속력을 가지고 있으며, 공청회에서의 발언은 법적 처벌의 근거가 됩니다. ","F",""
"1","공청회에 대해 설명해 주세요.","우리나라는 1970년대 후반에 이르러 고도의 경제성장과 더불어 정치적·경제적·사회적 제도의 개선에 대한 국가시책이 활성화하기 시작하였습니다. 그리하여 오늘날에는 국회위원회·행정기관·사회단체 및 언론기관 등에서 널리 활용하고 있습니다. 공청회의 의견은 법적 구속력은 갖지 못하나, 정치적·도의적 구속력을 갖는다고 할 수 있습니다.","P","법적 구속력에 대해 설명해 주세요."
"1","공천에 대해 설명해 주세요.","공천은 정치권에서 정당이 공직선거 후보자를 추천하는 것으로, 정당에서 대통령 선거나 국회의원 선거에 출마할 후보자를 추천하는 것입니다. 그러나 국회의원 후보자로 입후보하는 데 있어서는 정당의 공천이 꼭 필요하지는 않습니다. 즉, 헌법에서는 무소속 의원을 인정하고 있으므로 정당의 공천을 받지 않고도 탈당하여 무소속으로 국회의원선거 후보자로 출마할 수 있는 것입니다.","P","무소속 의원에 대해 설명해 주세요."
"1","공천에 대해 설명해 주세요.","공천은 정치권에서 정당이 공직선거 후보자를 추천하는 것으로, 정당에서 대통령 선거나 국회의원 선거에 출마할 후보자를 추천하는 것입니다. 때문에 국회의원 후보자로 입후보하는 데 있어서는 정당의 공천이 꼭  필요합니다. 그러나 헌법에서는 무소속 의원을 인정하고 있으므로 정당의 공천을 받지 않고도 탈당하여 무소속으로 국회의원선거 후보자로 출마할 수 있습니다.","F",""
"1","공천에 대해 설명해 주세요.","헌법상 정당이 있어야만 국회의원 후보자로 출마할 수 있기 때문에, 정당의 공천을 받으면 법적 요건이 성립됨과 동시에 정당 차원의 선거 지원을 받을 경우 당선 확률이 더 높아집니다. 이 때문에 정당의 공천을 받기 위한 경쟁이 치열합니다. 정당의 입장에서도 다수의 후보자가 나오게 되면 표가 분산되어 선거에서 패배할 수 있기 때문에, 후보자 1명을 정당 차원에서 집중적으로 지지하는 것이 선거에서 유리합니다.","F",""
"1","공천에 대해 설명해 주세요.","우리나라에서는 공천 과정을 법적으로 규정하고 있습니다. 구체적 절차가 법률에 명시되어 있으므로, 각 정당은 공천 방법을 법률상 준수해야 합니다. 다만, 법적 절차 준수 여부만 법적 구속력이 있으므로, 공개 비공개의 권한은 각 정당에게 있습니다. 때문에 비공개적인 심사과정을 거쳐 공천자 명단을 발표하고 있습니다.","F",""
"1","공천에 대해 설명해 주세요.","정당의 공천을 받아 정당 차원의 선거 지원을 받을 경우 당선 확률이 더 높아지므로, 법적 요건이 아니더라도 정당의 공천을 받기 위한 경쟁이 치열합니다. 정당의 입장에서도 다수의 후보자가 나오게 되면 표가 분산되어 선거에서 패배할 수 있기 때문에, 후보자 1명을 정당 차원에서 집중적으로 지지하는 것이 선거에서 유리합니다.","P","표의 분산을 막기 위한 방안을 설명해 주세요."
"1","공천에 대해 설명해 주세요.","우리나라에서는 공천 과정을 법적으로 규정하지 않고 그 구체적 절차를 당헌으로 정하도록 되어 있습니다. 따라서 공천 방법은 정당마다 다릅니다. 다만 일반적으로 정당들은 당선 가능성, 개혁성, 당의 기여도 등의 공천심사 기준을 정하고 공천심사위원회를 구성한 뒤 비공개적인 심사과정을 거쳐 공천자 명단을 발표하고 있습니다.","P","당헌에 대해 설명해 주세요."
"2","예산의 원칙에 대해 설명해 주세요.","현대적 예산원칙으로서 강조되고 있는 원칙에는, 계획의 원칙, 책임의 원칙, 보고의 원칙, 예산의 적절한 수단구비의 원칙, 다원적 절차의 원칙, 재량의 원칙, 시기 신축성의 원칙, 예산기구 상호성의 원칙 등이 있습니다. 현대적 예산원칙은 20세기 행정국가 시대에 행정부로 하여금 예산의 효율적 관리와 적극적 행정을 수행할 수 있도록 고안된 것이라 하여 이를 행정국가론적 예산원칙이라고 부르기도 합니다.","P","재량의 원칙을 설명해 주세요."
"2","예산의 원칙에 대해 설명해 주세요.","오늘날과 같은 행정국가 시대에는 현대적 예산원칙이 강조되고 있습니다. 전근대적인 행위로 규정되는 전통적 예산원칙은 철저히 배제되고 있습니다. 적어도 민주주의 국가라면 입법부에 의한 행정통제를 포기할 수 없는 일이기 때문입니다.","F",""
"2","예산의 원칙에 대해 설명해 주세요.","예산통일의 원칙에는 특별회계예산과 목적세와 같은 예외가 있고, 예산단일의 원칙에 대한 예외로서 특별회계예산과 추가경정예산을 인정하고 있으며, 예산사전의결의 원칙에 대한 예의로서 준예산과 대통령의 재정상 긴급조치를 인정하고 있습니다. 그러나 예산한정성의 원칙에는 절대적으로 예외를 두고 있지 않습니다.","F",""
"2","예산의 원칙에 대해 설명해 주세요.","현대적 예산원칙으로서 강조되고 있는 원칙에는, 계획의 원칙, 책임의 원칙, 보고의 원칙, 예산의 적절한 수단구비의 원칙, 다원적 절차의 원칙, 재량의 원칙, 시기 신축성의 원칙, 예산기구 상호성의 원칙 등이 있습니다. 현대적 예산원칙은 20세기 행정국가 시대에 행정부로 하여금 예산의 효율적 관리와 적극적 행정을 수행할 수 있도록 고안된 것이라 하여 이를 행정국가론적 예산원칙이라고 부르기도 합니다.","F",""
"2","예산의 원칙에 대해 설명해 주세요.","현대적 예산원칙은 20세기 행정국가 시대에 행정부로 하여금 예산의 효율적 관리와 적극적 행정을 수행할 수 있도록 고안된 것이라 하여 이를 행정국가론적 예산원칙이라고 부르기도 합니다. 이는 행정부의 독자적 영역으로, 에산 추경안은 국회의 의결이 없더라도 추경안을 집행할 수 있습니다.","P","입법부의 행정통제에 대해 설명해 주세요."
"2","예산의 원칙에 대해 설명해 주세요.","예산통일의 원칙에는 특별회계예산과 목적세와 같은 예외가 있고, 예산단일의 원칙에 대한 예외로서 특별회계예산과 추가경정예산을 인정하고 있으며, 예산사전의결의 원칙에 대한 예의로서 준예산과 대통령의 재정상 긴급조치를 인정하고 있으며, 예산한정성의 원칙에는 많은 예외를 인정하고 있습니다.","P","추가경정예산에 대해 설명해 주세요."
"1","자치권에 대해 설명해 주세요.","지방자치단체가 지역공동단체로서의 그 존립 목적을 실현하기 위해 가지는 자율적 통치권을 말합니다. 자치단체의 자치권은 자치입법권과 자치행정권으로 크게 나뉘며, 자치행정권은 다시 자치조직권· 협의의 자치행정권· 자치재정권으로 구분됩니다. 자치단체가 그 지역 내에서 법률에 의하여 정해진 자치 행정을 할 수 있는 권능입니다.","P","자치재정권에 대해 설명해 주세요."
"1","자치권에 대해 설명해 주세요.","공적 지배권이라는 점에서 국가의 통치권과 그 성질이 같다고 할 수 있으나 이 자치권의 본질에 대해서는 두 견해가 예로부터 대립되고 있습니다. 그 하나는 지방자치단체의 자치권은 국가의 통치권의 일부가 국가로부터 부여된 것이며, 따라서 본래 지방자치단체의 자치권이라는 것은 본질적으로 존재할 수 없다는 견해입니다.","F",""
"1","자치권에 대해 설명해 주세요.","지방자치단체는 천부적으로 고유의 자치권을 가지는 것으로서, 국가라 할지라도 그 고유의 자치권을 침해해서는 안 된다는 견해가 있습니다. 이러한 견해는 주민자치의 입장에서 본 정치적 의미의 자치권 개념입니다. 해당 견해에 따르면 자치권은 천부적인 것이므로, 국가가 존재하지 않더라도 발생할 수 있습니다.","F",""
"1","자치권에 대해 설명해 주세요.","지방자치단체가 지역공동단체로서의 그 존립 목적을 실현하기 위해 가지는 자율적 통치권을 말합니다. 자치단체의 자치권은 자치입법권과 자치행정권으로 크게 나뉘며, 자치입법권은 다시 자치조직권· 협의의 자치행정권· 자치재정권으로 구분됩니다. 자치단체가 그 지역 내에서 법률에 의하여 정해진 자치 행정을 할 수 있는 권능입니다.","F",""
"1","자치권에 대해 설명해 주세요.","공적 지배권이라는 점에서 국가의 통치권과 그 성질이 같다고 할 수 있으나 이 자치권의 본질에 대해서는 두 견해가 예로부터 대립되고 있습니다. 그 하나는 지방자치단체의 자치권은 국가의 통치권의 일부가 국가로부터 부여된 것이며, 따라서 국가로부터 부여된 범위 안에서만 행사할 수 있다는 견해입니다.","P","자치권과 통치권의 관계를 설명해 주세요."
"1","자치권에 대해 설명해 주세요.","지방자치단체는 천부적으로 고유의 자치권을 가지는 것으로서, 국가라 할지라도 그 고유의 자치권을 침해해서는 안 된다는 견해가 있습니다. 이러한 견해는 주민자치의 입장에서 본 정치적 의미의 자치권 개념입니다. 천부적 고유권으로서의 자치권 학설은 역사적·발생사적으로 수긍하는 점도 있습니다.","P","주민자치의 장단점을 설명해 주세요."
"2","국회의 구성에 대해 설명해 주세요.","양원제는 연방국가에 있어서는 지방의 이익을 옹호해 줄 수 있고, 상원의 구성이 직능적 대표로도 될 수 있고, 상원이 원로원적인 역할을 하며급진적인 개혁을 막을 수 있고, 하원의 경솔한 의결이나 성급한 과오를 시정할수 있고, 상원이 하원과 정부간의 충돌을 완화할 수 있는 등 장점이 있습니다.","P","상원과 하원에 대해 설명해 주세요."
"2","국회의 구성에 대해 설명해 주세요.","양원제는 형식적 권력분립이 이루어져 있지만, 상원에 권력이 더 집중된 관계로 경솔한 의결이나 성급한 과오가 이뤄질 수 있습니다. 때문에 상원과 하원 간의 충돌이 빈번하며, 이 점을 전략적으로 정부가 이용하여 의회와 정부간의충돌의 주체를 바꿀 수 있습니다. ","F",""
"2","국회의 구성에 대해 설명해 주세요.","양원제는 국정의 신속한 처리를 가능하게 하여, 급진적인 개혁을 이룰 수 있도록 합니다. 국정의 신속한 처리가 일워 지면서, 국회의 경비를 절약할 수 있습니다. 반면 단원제의 경우 경솔한 의결이나 성급한 과오를 시정할 수 있다는 장점이 있습니다. ","F",""
"2","국회의 구성에 대해 설명해 주세요.","오늘날 양원제와 단원제의 비율은 대동소이한 것으로 나타나고 있습니다. 최근들어 양원제의 장점이 부각되면서 대다수의 나라가 양원제를 선택하고자 노력하고 있습니다. 때문에 전통적인 민주주의 제국, 뉴질랜드 등에서만 단원제를 채택하고 있습니다.","F",""
"2","국회의 구성에 대해 설명해 주세요.","덴마크·룩셈부르크·파나마·뉴질랜드 등의 국가에서 채용되고 있는 단원제는 국정의 신속한 처리를 할 수 있고, 국회의 경비를 절약할 수 있으며, 국민의사를 직접적으로 반영할 수 있는 장점이 있는 대신에 국정심의의 경솔, 하원의 정부에 대한 횡포 등의 단점이 있습니다.","P","덴마크의 단원제에 대해 설명해 주세요."
"2","국회의 구성에 대해 설명해 주세요.","오늘날 과거에 비하여 점차로 양원제의 채용국이 줄어들고 있는 것은 신흥 제국의 대다수가 단원제를 선택하고 있는 경향 때문이라고 할 수 있습니다. 그러나 전통적인 민주주의 제국에서도 뉴질랜드·덴마크·스웨덴 등 1세기 이상에 걸쳐 양원제를 채택한 나라들이 단원제를 채택하기에 이르렀습니다.","P","민주주의 제국에 대해 설명해 주세요."
"1","보궐선거에 대해 설명해 주세요.","당선인이 임기 개시 이후 기타 범법 행위로 인한 유죄판결로 피선거권을 상실하거나 사망, 사퇴 등의 사유로 궐석되었을 때 그 자리를 보충하기 위하여 실시하는 선거로, 보결선거라고도 합니다. 대통령이 궐위된 때는 그 자격을 상실한 날로부터 60일 이내에 후임자를 선거해야 합니다.","P","궐석에 대해 설명해 주세요."
"1","보궐선거에 대해 설명해 주세요.","당선인이 임기 개시 전 기타 범법 행위로 인한 유죄판결로 피선거권을 상실하거나 사망, 사퇴 등의 사유로 궐석되었을 때 그 자리를 보충하기 위하여 실시하는 선거로, 보결선거라고도 합니다. 이미 임기가 시작된 국회의원의 경우 면책의 특권이 발동되므로, 이에 대해서는 유죄유무를 떠나 법적 책임을 물을 수 없기 때문에 보궐선거는 시행되지 않습니다. ","F",""
"1","보궐선거에 대해 설명해 주세요.","국회의원의 궐원이 생길 때에는 지역구 전국구 의원을 막론하고 중앙성거관리위원회에서 궐원통지를 받은 후 10일 이내에 그 궐원된 의원이 선거 당시에 소속한 정당의 전국구 국회의원 후보자명부에 기재된 순위에 따라 궐원된 국회의원의 의석을 승계할 자를 결정하여야 합니다.","F",""
"1","보궐선거에 대해 설명해 주세요.","비례대표 국회의원 및 비례대표 지방의회의원에 궐원이 생긴 때에는 국민이 직접 후보자를 고르지 않았으며, 정당에 투표한 것이라는 비례대표라는 성격상 추가적인 보궐선거는 이뤄지지 않습니다. 또한 해당 정당은 궐원 인원에 대해서도 의석을 승계할 결정권이 존재하지 않습니다.","F",""
"1","보궐선거에 대해 설명해 주세요.","지역구 국회의원의 궐원시에는 보궐선거를 실시하며, 전국구 국회의원에 궐원이 생긴 때는 중앙선거관리위원회가 궐원통지를 받은 후 10일 이내에 그 궐원된 의원이 선거 당시에 소속한 정당의 전국구 국회의원 후보자명부에 기재된 순위에 따라 궐원된 국회의원의 의석을 승계할 자를 결정하여야 합니다.","P","중앙선거관리위원회에 대해 설명해 주세요."
"1","보궐선거에 대해 설명해 주세요.","비례대표 국회의원 및 비례대표 지방의회의원에 궐원이 생긴 때에는 중앙선거관리위원회는 궐원통지를 받은 후 10일 이내에 그 궐원된 의원이 선거당시에 소속한 정당의 비례대표 국회의원후보자명부 및 비례대표 지방의회의원 후보자명부에 기재된 순위에 따라 궐원된 의석을 승계할 자를 결정하여야 합니다.","P","국회의원후보자명보에 대해 설명해 주세요."
"1","다수결 원리에 대해 설명해 주세요.","대의민주정치와 더불어 민주정치의 기본원리입니다. 다수가 찬성한 것이 언제나 옳다고할 수는 없으며, 다수의 힘을 믿고 부정 ·부당한 것을 강요하는 경우도 있을 수있습니다. 그렇다고 해서 소수의 결정을 다수에게 강요하는 것은 한층 피해가 클것이므로, 다수결원리가 민주적인 방법이라고 할 수는 있지만, 다수결원리 자체가 민주주의라는 것은 아닙니다.","P","다수결원리와 민주주의의 관계를 설명해 주세요."
"1","다수결 원리에 대해 설명해 주세요.","대의민주정치와 더불어 민주정치의 기본원리입니다. 다수가 찬성한 것이 언제나 옳다고할 수는 없으며, 다수의 힘을 믿고 부정 ·부당한 것을 강요하는 경우도 있을 수있습니다. 이러한 부작용이 있다고 해서, 공공의 이익이 유의미하게 줄어드는 것은 아니기 때문에 다수결의 원리는 그 자체로 가장 완전한 민주적 방법이라고 볼 수 있습니다. ","F",""
"1","다수결 원리에 대해 설명해 주세요.","다수결원리가 민주주의적인 의결방법으로 인정받기 위하여는, 첫째로 충분한 토론과 언론의 자유가 널리 보장되어야 하며, 둘째로 소수자의 권리가 항상 존중되어 반대하는 소수자의 주장이 자유로이 표명되어야 합니다. 가령, 다수자의 생각이 결정되었을 때라도 되도록 반대 소수자가 다수자의 의견으로 변화할 수 있도록 하는 것이 절대적 조건입니다. ","F",""
"1","다수결 원리에 대해 설명해 주세요.","다수결에는 과반수의 찬성으로 결정되는 원칙외에 2/3 이상의 찬성으로 결정되는 특별다수결, 출석자가 아닌 재적자 과반수 이상의 찬성으로 결정되는 절대다수결 등이 있습니다. 특히 전원일치 ·만장일치의 경우, 가장 완전한 다수결의 원칙으로 간주됩니다.  ","F",""
"1","다수결 원리에 대해 설명해 주세요.","다수결원리가 민주주의적인 의결방법으로 인정받기 위하여는, 첫째로 충분한 토론과 언론의 자유가 널리 보장되어야 하며, 둘째로 소수자의 권리가 항상 존중되어 반대하는 소수자의 주장이 자유로이 표명되어야 합니다. 또 가령, 다수자의 생각이 결정되었을 때라도 되도록 반대 소수자의 의견을 받아들여서 실행해 나가는 것이 절대적인 조건입니다.","P","효율적 토론을 위한 방안을 설명해 주세요."
"1","다수결 원리에 대해 설명해 주세요.","다수결에는 과반수의 찬성으로 결정되는 원칙외에 2/3 이상의 찬성으로 결정되는 특별다수결, 출석자가 아닌 재적자 과반수 이상의 찬성으로 결정되는 절대다수결 등이 있으며, 전원일치 ·만장일치도 일단은 다수결의 범주에 속하나 개인의 의사가 무시되는 그 허위성으로 인하여 배척됩니다.","P","만장일치의 특징을 설명해 주세요."
"1","대통령제에 대해 설명해 주세요.","대통령중심제 또는 대통령책임제라고도 합니다. 이 제도는 미국에서 시작된것으로서, 그 특징은 다음과 같습니다. 행정부는 그 성립 ·조직과 존속 ·지위에 있어 입법부로부터 독립되어 있습니다. 행정부는 그 성립 또는 조직에 있어서 입법부인 국회로부터 독립해 있는 것이 원칙입니다.","P","행정부의 역할을 설명해 주세요."
"1","대통령제에 대해 설명해 주세요.","대통령중심제 또는 대통령책임제라고도 합니다. 이 제도는 미국에서 시작된것으로서, 그 특징은 다음과 같습니다. 행정부는 그 성립 ·조직과 존속 ·지위에 있어 입법부로부터 독립되어 있습니다. 그러나 행정부의 고위 관료가 임명되기 위해서는 입법부의 승인이 전제되어야 한다는 점에서 국회로부터 완전히 독립되어 있다고 보기는 어렵습니다. ","F",""
"1","대통령제에 대해 설명해 주세요.","이 제도는 분립 또는 분리의 원리에 따라 국회와 행정부의 조직이나 작용에 있어서 가능한 한 양자를 분리시키고 있습니다. 이 제도밑에서는 국회의원과 행정부 공무원의 겸임이 인정되지 않는 것이 원칙입니다. 그러나 예외적으로 경제와 안보 등의 중요한 안건들을 처리 할 때, 국회와 행정부 간의 의사소통의 원활함과 전문성 강화를 위해 해당 행정부 공무원은 국회의원과 겸임할 수 있습니다. ","F",""
"1","대통령제에 대해 설명해 주세요.","이 제도에서는 국회와 행정부 양자간의 견제와 균형이 강조됩니다. 그래서 미국에서는 대통령이 법률안거부권을 가지는 대신, 국회의 상원은 조약의 비준과 고급공무원 임명에 대한 동의권을 가지며, 또 일반적으로 국회는 행정기관의 설치와 활동에 관한법률제정, 국정조사, 탄핵 등을 통하여 행정부를 견제하고 있습니다. 다만 예산심의의 경우 국고를 재정 및 집행하는 것은 행정부 고유의 영역이므로 이는 국회로부터 견제받을 수 없습니다.","F",""
"1","대통령제에 대해 설명해 주세요.","이 제도는 분립 또는 분리의 원리에 따라 국회와 행정부의 조직이나 작용에 있어서 가능한 한 양자를 분리시키고 있습니다. 이 제도밑에서는 국회의원과 행정부 공무원의 겸임이 인정되지 않는 것이 원칙입니다. 즉, 직업공무원에 속하는 행정부 공무원은 물론이지만 행정 각 부 장 ·차관과 같은 정치적 공무원이라고 하는 행정부 공무원과 국회의원의겸임이 금지되는 것이 원칙입니다.","P","정치적 공무원에 대해 설명해 주세요."
"1","대통령제에 대해 설명해 주세요.","이 제도에서는 국회와 행정부 양자간의 견제와 균형이 강조됩니다. 그래서 미국에서는 대통령이 법률안거부권을 가지는 대신, 국회의 상원은 조약의 비준과 고급공무원 임명에 대한 동의권을 가지며, 또 일반적으로 국회는 행정기관의 설치와 활동에 관한법률제정, 예산심의, 국정조사, 탄핵 등을 통하여 행정부를 견제하고 있습니다.","P","탄핵제도에 대해 설명해 주세요."
"2","소수파정권에 대해 설명해 주세요.","소수파정권은 정권의 운명, 법안의 운명이 타당에게 넘어가기 때문에 오늘날의 의회 정치의 상식으로는 극단적인 사태를 제외하면 예외적인 존재입니다. 본격 정권을 구축하기까지의 선거관리 내각의 성격이 강합니다. 다당체제의 국가에서는 단독으로 의석의 과반 수를 획득한 정당이 없는 경우에 연립정권을 체결하게 될 것입니다.","P","선거관리 내각에 대해 설명해 주세요."
"2","소수파정권에 대해 설명해 주세요.","소수파정권은 정권의 운명, 법안의 운명이 타당에게 넘어가기 때문에 오늘날의 의회 정치의 상식으로는 극단적인 사태를 제외하면 예외적인 존재입니다. 예외적인 경우라고 하여, 법적 정통성이 침해되는 것은 아니기 때문에 다당체제의 국가에서는 단독으로 의석의 과반 수를 획득한 정당이 있더라도 연립정권은 체결되지 않습니다. ","F",""
"2","소수파정권에 대해 설명해 주세요.","민주주의론에서는 소수파정권의 평가가 높지 않습니다. 실제로 소수파정권은 불안정하여 적극적인 정책을 실행할 수 없음을 나타내는 데이터가 집계되고 있습니다. 이를 분석한 결과 국민적 지지를 얻지 못하기 때문에 안정성이 현저히 떨어지며, 행정 추진에 있어어도 약한 모습을 보이고 있습니다.","F",""
"2","소수파정권에 대해 설명해 주세요.","소수 연립정권의 체결이 합리적으로 보일 수 있으나, 국가 전반의 효율성을 고려하면 불합리한 것이 사실입니다. 예를 들면 의회의 위원회제가 강력하면 정권이라 하더라도 정책에 대한 영향력이 약하기 때문에 소정당으로서 연립정권에 참여하기보다 야당으로서 활약하는 쪽이 효과적인 경우가 많습니다.","F",""
"2","소수파정권에 대해 설명해 주세요.","민주주의론에서는 소수파정권의 평가가 높지 않습니다. 그러나 소수파정권은 불안정하여 적극적인 정책을 실행할 수 없을 것이라고 하지만 데이터를 집계하여 분석한 결과 일반적으로 생각하고 있는 이상으로 안정적이며 정권 면에서의 업적도 많습니다. 소수파정권의 대부분은 연립정권이 아니라 단독 소수정권입니다.","P","연립정권에 대해 설명해 주세요."
"2","소수파정권에 대해 설명해 주세요.","소수 연립정권의 체결이 불합리하게 보일 수 있지만 경우에 따라서는 오히려 합리적입니다. 예를 들면 의회의 위원회제가 강력하면 야당일지라도 정책에 영향을 미칠 수 있기 때문에 여야당간의 영향력에는 큰 차이가 없습니다. 소정당으로서 연립정권에 참여하기보다 야당으로서 활약하는 쪽이 효과적인 경우가 있습니다.","P","소수정당이 야당으로 활약한다는 의미를 설명해 주세요."
"2","이원적정부제에 대해 설명해 주세요.","즉, 통치권력이 대통령과 총리에게 이분화되어 있는 정체로 원칙적으로는 대통령이 국가원수로서 통치권을 행사하고 총리가 행정권을 행사합니다. 이러한 의미에서 준대통령제 또는 제약된 의원내각제라고도 합니다. 그 대표적인 예로 바이마르헌법의 정부형태를 들 수 있습니다.","P","총리의 역할을 설명해 주세요."
"2","이원적정부제에 대해 설명해 주세요.","즉, 통치권력이 대통령과 국회의장에게 이분화되어 있는 정체로 원칙적으로는 대통령이 국가원수로서 행정권을 행사하고 국회의장이가 법안을 통해 세부적인 통치권을 행사합니다. 이러한 의미에서 준대통령제 또는 제약된 의원내각제라고도 합니다. 그 대표적인 예로 바이마르헌법의 정부형태를 들 수 있습니다.","F",""
"2","이원적정부제에 대해 설명해 주세요.","대통령은 국민의 직접선거에 의하여 선출되어 의회로부터 독립되어 있습니다. 내각은 의회에 대하여 책임을 집니다. 다만, 대통령은 총리지명권을 가지되 의회의 동의를 요하며, 의회는 내각불신임권을 가지고, 이에 대하여 내각은 연대책임을 지며 대통령은 의회를 해산할 수 있다는 점에서 완벽한 이원정부제는 실현될 수 없습니다. ","F",""
"2","이원적정부제에 대해 설명해 주세요.","전시 또는 기타 국가비상시에 대통령은 긴급권을 발동할 때에는 총리의 동의만 있다면 외회의 동의 없이 행정권을 직접 행사할 수 있습니다. 이 제도의 장점은 평상시에는 입법부와 행정부의 마찰을 피할 수 있고, 비상시에는 신속한 국정처리가 가능하다는 것입니다. 그러나 대통령에 대한 내각과 의회의 견제수단이 마련되어 있어 비상대권의 행사는 의회기능의 축소와는 무관합니다. ","F",""
"2","이원적정부제에 대해 설명해 주세요.","대통령은 국민의 직접선거에 의하여 선출되어 의회로부터 독립되어 있습니다. 내각은 의회에 대하여 책임을 집니다. 대통령은 총리지명권을 가지되 의회의 동의를 요하며, 의회는 내각불신임권을 가지고, 이에 대하여 내각은 연대책임을 지며 대통령은 의회를 해산할 수 있습니다.","P","내각불신임권에 대해 설명해 주세요."
"2","이원적정부제에 대해 설명해 주세요.","전시 또는 기타 국가비상시에 대통령은 긴급권을 발동하여 총리와 내각의 동의 없이 행정권을 직접 행사할 수 있습니다. 이 제도의 장점은 평상시에는 입법부와 행정부의 마찰을 피할 수 있고, 비상시에는 신속한 국정처리가 가능하다는 것입니다. 그러나 대통령에 대한 내각과 의회의 견제수단이 마련되어 있지 않기 때문에 대통령의 비상대권의 행사는 의회기능의 축소를 가져올 우려가 있다는 단점도 있습니다.","P","긴급권에 대해 설명해 주세요."
"2","국회의원의 특권과 권리에 대해 설명해 주세요.","국회의원은 국민 전체의 대표이자 회의체 구성원으로서 국회의 의사형성에 적극적으로 참가하여야 할 책무를 지며, 그 직책을 충분히 수행하기 위하여 발언·표결의 자유와 불체포특권 및 상당한 세비와 기타 편익을 받을 권리를 인정받고 있습니다. 이는 국회의원이 여러 가지 이해나 편견에 사로잡히는 일 없이 자유롭게 활동할 수 있는 자주성·독립성을 확보하기 위하여 인정되고 있는 것입니다.","P","불체포특권에 대해 설명해 주세요."
"2","국회의원의 특권과 권리에 대해 설명해 주세요.","국회의원은 국민 전체의 대표이자 회의체 구성원으로서 국회의 의사형성에 적극적으로 참가하여야 할 책무를 지며, 그 직책을 충분히 수행하기 위하여 발언·표결의 자유와 불체포특권 및 상당한 세비와 기타 편익을 받을 권리를 인정받고 있습니다. 발언, 표결의 자유는 국회 밖에서도 적용되며, 국회 본회의의 진행이 방해되면 국정운영이 어렵기 때문에 강력범죄라는 예외적 사항만 빼면 임기동안은 그 어떤 죄를 지어도 불체포 및 불기소 특권을 가지게 됩니다.","F",""
"2","국회의원의 특권과 권리에 대해 설명해 주세요.","불체포특권은 영국에서 그 유래를 찾아 볼 수 있는데, 영국에서는 16세기 후반에 성문법으로 인정된 것으로 이는 전제군주의 대권에 대항하여 획득한 의원과 국회의 특권이라고 할 수 있습니다. 이와 같은 불체포특권은 행정부의 불법한 억압으로부터 국회의 자율적인 자유활동을 보장하기 위하여 인정된 것이므로, 의원은 그 어떠한 경우에도 행정부로부터 체포, 구금이 불가능한 것을 뜻합니다. ","F",""
"2","국회의원의 특권과 권리에 대해 설명해 주세요.","면책특권은 일찍이 1689년 영국의 권리장전에서 그 기원을 찾아 볼 수 있으나, 미국 헌법에 와서 비로소 의원의 천부적 특권으로 인정하게 되었습니다. 이것은 국회가 정부에 대한 정책통제기관으로서의 기능을 다하고 국민의 대표자로서 공정한 입법 및 민의의 충실한 반영을 다할 수 있게 하기 위하여 국민이 국회의원에게 자신들의 천부적 권리를 양도하여 자유롭게 직무를 수행하는 것을 보장하기 위한 것입니다.","F",""
"2","국회의원의 특권과 권리에 대해 설명해 주세요.","불체포특권은 영국에서 그 유래를 찾아 볼 수 있는데, 영국에서는 16세기 후반에 성문법으로 인정된 것으로 이는 전제군주의 대권에 대항하여 획득한 의원과 국회의 특권이라고 할 수 있습니다. 이와 같은 불체포특권은 행정부의 불법한 억압으로부터 국회의 자율적인 자유활동을 보장하기 위하여 인정된 것이므로, 의원의 범죄행위에 대한 책임면제가 아니고 행정부에 의한 부당한 체포·구금으로부터 자유로운 국회기능을 보장하는 것이 그 목적입니다.","P","자유로운 국회기능 보장의 중요성을 설명해 주세요."
"2","국회의원의 특권과 권리에 대해 설명해 주세요.","면책특권은 일찍이 1689년 영국의 권리장전에서 그 기원을 찾아 볼 수 있으나, 미국 헌법에 와서 비로소 의원의 특권으로 인정하게 되었습니다. 이것은 국회가 정부에 대한 정책통제기관으로서의 기능을 다하고 국민의 대표자로서 공정한 입법 및 민의의 충실한 반영을 다할 수 있게 하기 위하여 국회의원이 자유롭게 직무를 수행하는 것을 보장하기 위한 것입니다.","P","국회의 정책통제기관 역할에 대해 설명해 주세요."
"1","의회주권에 대해 설명해 주세요.","영국의회가 역사적으로 가지는 광범한 권능과 결부됩니다. 영국에서는 왕권에 대항하여 자유를 쟁취하는 오랜 투쟁을 언제나 의회가 주도하였습니다. 최초의 헌법인 대헌장을 비롯하여 권리청원·인신보호령·권리장전 등의 모든 헌법의 기본문서는 국왕에 대한 의회의 승리의 결과였습니다.","P","영국의 대헌장에 대해 설명해 주세요."
"1","의회주권에 대해 설명해 주세요.","영국의회가 역사적으로 가지는 광범한 권능과 결부됩니다. 영국에서는 왕권을 존중하나, 왕권의 절대성을 줄일 필요성을 느꼈고 자유를 쟁취하는 오랜 투쟁의 화합을 언제나 의회가 주도하였습니다. 이러한 공로를 인정 받아 국왕으로부터 의회는 의회주권을 부여 받았습니다. ","F",""
"1","의회주권에 대해 설명해 주세요.","의회는 국왕과 국민 사이에서 중재의 역할을 수행하면서 자유주의를 실행해 왔습니다. 국민들은 의회의 중재기능을 믿고 국왕을 상징적 의미로 남겨 두었고, 국왕은 군림하지만 실질적인 통치권은 갖지 못하게 되었습니다. 그러나 이 말이 의회만능주의를 의미하는 것은 아닙니다. 의회주권론이 처음 나온 것은 시민혁명기에 필머 등의 군주주권론에 대항하기 위한 것이었습니다.","F",""
"1","의회주권에 대해 설명해 주세요.","영국의 의회주권은 의회의 최고권력을 의미합니다. 그런데 19세기 중엽 이후 선거권이 확대되어 국민의 비중이 커지자 의회주권의 개념을 국민과의 관계에서 설정할 필요가 생겼습니다. 국민의 비중이 커지면서 최고권력을 국민과 함께 누려야 한다는 인식이 생겼고, 이 때문에 법적 주권자'인 의회와 '정치적 주권자'인 국민이 통합되어 의회주권을 완성하게 됩니다.","F",""
"1","의회주권에 대해 설명해 주세요.","국민의 힘이 아니라 의회의 힘으로 절대주의를 밀어내고 자유주의를 실현함으로써 국왕은 군림하지만 실질적인 통치권은 갖지 못하게 되었습니다. 그러나 이 말이 의회만능주의를 의미하는 것은 아닙니다. 의회주권론이 처음 나온 것은 시민혁명기에 필머 등의 군주주권론에 대항하기 위한 것이었습니다.","P","필머의 군주주권론에 대해 설명해 주세요."
"1","의회주권에 대해 설명해 주세요.","영국의 의회주권은 의회의 최고권력을 의미합니다. 그런데 19세기 중엽 이후 선거권이 확대되어 국민의 비중이 커지자 의회주권의 개념을 국민과의 관계에서 설정할 필요가 생겼습니다. 이것을 다이시는 '법적 주권자'인 의회와 '정치적 주권자'인 국민으로 양립시켜 설명하였습니다.","P","의회주권과 국민의 관계에 대해 설명해 주세요."
"2","양원제에 대해 설명해 주세요.","군주제국가에서의 양원제는 군주국가의 구조적 특수성에 기인합니다. 군주국가와 같이 사회구조가 귀족과 평민이라는 이원적 구조에 입각하고 있는 경우에는 상원은 귀족으로, 하원은 평민으로 구성함으로써 이 두 정치세력 간에 균형과 이익의 조화를 꾀하고, 때로는 군주의 정치적 권익을 수호하려는데 양원제의 존재이유가 있습니다.","P","귀족과 평민으로 각각 상원과 하원을 구성한 이유를 설명해 주세요."
"2","양원제에 대해 설명해 주세요.","군주제국가에서의 양원제는 군주국가의 구조적 특수성에 기인합니다. 군주국가와 같이 왕과 평민이라는 이원적 구조에 입각하고 있는 경우에는 상원은 왕의 역할을 대변하며, 하원은 평민으로 구성함으로써 이 두 정치세력 간에 균형과 이익의 조화를 꾀하고, 군주의 정치적 권익을 수호하려는데 양원제의 존재이유가 있습니다.","F",""
"2","양원제에 대해 설명해 주세요.","연방국가이면서 대통령제인 경우에는 권력의 균형을 위하여 대통령의 권력기반이 되는 하원의 권한에 대한 우월성을 인정합니다. 의원 내각제의 경우에는 의회 권력의 합리화를 위하여 양원의 권한을 대등하게 부여 합니다. ","F",""
"2","양원제에 대해 설명해 주세요.","양원제를 채택하는 경우에 양원의 기본관계는 독립조직의 원칙, 독립의결의 원칙, 동시활동의 원칙에 의하여 지배됩니다. 그리고 양원제를 채용하는 경우에는 동시활동의 원칙에 의거하여 양원의 선거 방법을 동일하게 적용하여, 직접선거를 통해 의원을 선출합니다. ","F",""
"2","양원제에 대해 설명해 주세요.","양원제를 채택하는 경우에 양원의 기본관계는 독립조직의 원칙, 독립의결의 원칙, 동시활동의 원칙에 의하여 지배됩니다. 그리고 양원제를 채용하는 경우에는 양원의 조직적 특수성과 기능적 상위를 고려, 선거방법을 달리하여 상원은 간접선거, 하원은 직접선거에 의하여 선출하는 경우가 있습니다.","P","동시활동의 원칙을 설명해 주세요."
"2","양원제에 대해 설명해 주세요.","연방국가이면서 대통령제인 경우에는 권력의 균형을 위하여 양원의 권한을 대등하게 하지만, 의원내각제인 경우에는 권력의 합리화를 위하여 하원의 권한에 우월성을 인정합니다. 단일국가에서는 정부형태가 대통령제인 경우 양원의 권한을 대등하게 하는 경우도 있고, 하원의 권한에 우월성을 인정하는 경우도 있습니다.","P","하원의 권한에 우월성을 인정한다는 의미를 설명해 주세요."
"1","공화정에 대해 설명해 주세요.","군주제에 상대되는 개념입니다. 이 제도에서는 국정에 참여하는 대표자·원수는 국민의 투표로 선출되며, 일반적으로 대통령제나 합의체제의 형태를 취하게 됩니다. 또한 대표민주제·의회민주제·코먼웰스도 같은 뜻으로 사용될 때가 있습니다. 영국이나 일본은 세습군주가 존재하고 있는 점에서는 군주제이지만, 주권이 국민에게 있으므로 실질적으로는 공화제입니다.","P","코먼웰스에 대해 설명해 주세요."
"1","공화정에 대해 설명해 주세요.","군주제에 상대되는 개념입니다. 이 제도에서는 국정에 참여하는 대표자·원수는 국민의 투표로 선출되며, 예외가 없는 한 대통령제의 형태를 취하게 됩니다.  영국이나 일본은 세습군주가 존재하고 있는 점에서는 여전히 공화정 체제가 아니라 군주제라고 볼 수 있습니다.","F",""
"1","공화정에 대해 설명해 주세요.","군주제에서 국가의 원수는 혈통적으로 세습되는 개인이지만, 공화제에서 국가의 원수는 국민이 선출한 대표자입니다. 공화제의 특징은 출생에 따른 봉건적인 차별을 부정하고, 국민주권·자유·평등·민주주의를 원리로 삼는다는 것입니다. 그러나 대표자에 대한 향수로 인해 차기 국가의 원수를 직계가족에게 국민들이 자발적으로 세습시키는 등 군주제는 현대적인 모습으로 여전히 남아 있습니다. ","F",""
"1","공화정에 대해 설명해 주세요.","고대 그리스나 스위스의 직접민주제적 공화국을 제외하고는, 미국과 프랑스 처럼 간접민주제적 공화국으로 볼 수 있습니다. 고대로마의 경우에도 황제를 필두로 군주제를 채택하고 있으며, 시민혁명 이후 공화정을 채택하기 전의 직접공화제는 역사 속에서 찾아볼 수 없습니다. ","F",""
"1","공화정에 대해 설명해 주세요.","군주제에서 국가의 원수는 혈통적으로 세습되는 개인이지만, 공화제에서 국가의 원수는 국민이 선출한 대표자입니다. 공화제의 특징은 출생에 따른 봉건적인 차별을 부정하고, 국민주권·자유·평등·민주주의를 원리로 삼는다는 것입니다. 영국의 청교도혁명·미국의 독립전쟁·프랑스혁명·러시아혁명 등은 모두 공화제 확립의 길을 터놓은 것들입니다.","P","청교도혁명에 대해 설명해 주세요."
"1","공화정에 대해 설명해 주세요.","고대 그리스·스위스·미국·프랑스 등은 민주제적 공화국, 고대로마는 군인과 귀족에 의한 귀족제적 공화국, 중세 이탈리아의 베네치아는 상인 귀족에 의한 과두제적 공화국이라고 할 수 있습니다. 민주제적 공화국에서도 고대그리스나 스위스는 직접민주제적 공화국이며, 미국과 프랑스는 간접민주제적 공화국입니다.","P","과두제적 공화국에 대해 설명해 주세요."
"1","외교에 대해 설명해 주세요.","외교는 일반적으로 국가와 국가간의 관계를 의미합니다. 이 경우에도 한 국가의 대외정책 그 자체를 뜻하는 용어로 쓰이는가 하면, 대외관계의 처리방법을 가리키는 말로 쓰일 때도 있습니다. 전자는 대외정책의 결정이라고 하는 입법적 측면을, 후자의 경우는 대외정책의 수행이라는 집행적 측면을 가리키는 것이라 볼 수 있습니다.","P","대외정책의 수행 시 주의해야 할 점을 설명해 주세요."
"1","외교에 대해 설명해 주세요.","외교는 일반적으로 국가와 국가간의 관계를 의미합니다. 이 경우에도 한 국가의 대외정책 그 자체를 뜻하는 용어로 쓰이는가 하면, 대외관계의 처리방법을 가리키는 말로 쓰일 때도 있습니다. 전자는 대외정책의 수행이라고 하는 집행적적 측면을, 후자의 경우는 대외정책의 결정이라는 입법적 측면을 가리키는 것이라 볼 수 있습니다.","F",""
"1","외교에 대해 설명해 주세요.","외교는 그것이 정책이거나 교섭이거나를 막론하고 최소한의 희생으로 최대한의 국가이익을 실현하는 것을 목적으로 합니다. 국민의 안전을 책임지는 국가의 이익은 언제나 가장 우선적으로 안전보장 측면에 있습니다. 때문에 국익실현의 수단으로 군사력이 가장 중시되고 있으며, 안전보장이 실현되는 경우 예외적으로 경제적 이해의 측면을 고려합니다. ","F",""
"1","외교에 대해 설명해 주세요.","외교는 그것이 정책이거나 교섭이거나를 막론하고 최소한의 희생으로 최대한의 국가이익을 실현하는 것을 목적으로 합니다. 국가의 안전보장을 위해 최소한의 희생은 불가피한 것으로 판단하여, 국익실현의 수단으로 국민에게 외교적 강제력을 행사할 수 있습니다. ","F",""
"1","외교에 대해 설명해 주세요.","외교는 그것이 정책이거나 교섭이거나를 막론하고 최소한의 희생으로 최대한의 국가이익을 실현하는 것을 목적으로 합니다. 그 국가이익은 안전보장의 측면에 중점을 둘 수도 있고, 경제적 이해의 측면에 역점을 둘 경우도 있습니다. 또 그러한 국익실현의 수단으로서는 상황에 따라 군사력이 중시되는 경우와 때로는 경제력의 이용이나 국제여론에의 호소, 또는 문화적 ·선전적 힘이 사용될 경우도 있습니다.","P","국익실현의 수단으로 군사력이 중시되는 경우에 대해 설명해 주세요."
"2","G20에 대해 설명해 주세요.","회원국은 미국·프랑스·영국·독일·일본·이탈리아·캐나다 등 G7에 속한 7개국과 유럽연합 의장국에 한국을 비롯한 아르헨티나·오스트레일리아·브라질·중국·인도·인도네시아·멕시코·러시아·사우디아라비아·남아프리카공화국·터키를 포함하는 신흥시장 12개국을 더한 20개국입니다. 유럽연합 의장국이 G7에 속할 경우에는 19개국이 됩니다.","P","G7에 대해 설명해 주세요."
"2","G20에 대해 설명해 주세요.","회원국은 미국·프랑스·영국·독일·일본·이탈리아·캐나다 등 G7에 속한 7개국과 유럽연합 의장국에 한국을 비롯한 아르헨티나·오스트레일리아·브라질·중국·인도·인도네시아·멕시코·러시아·사우디아라비아·남아프리카공화국·터키를 포함하는 신흥시장 12개국을 더한 20개국입니다. 유럽연합 의장국이 G7에 속할 경우에는 회원국의 동의를 얻어 추가적으로 한 국가를 더 선발합니다.","F",""
"2","G20에 대해 설명해 주세요.","1999년 12월 독일에서 첫 회의가 열린 이래 매년 정기적으로 회원국의 재무장관과 중앙은행 총재의 회담입니다. 세계적 금융위기 발생을 계기로 2008년부터 장관급 회의로 격상되었습니다. 회의의 주요 내용은 국제금융의 현안이나 특정 지역의 경제위기 재발 방지책, 선진국과 신흥시장간의 협력체제 구축 등 입니다.","F",""
"2","G20에 대해 설명해 주세요.","G20은 5개 그룹으로 나뉘는데, 미국·캐나다·사우디아라비아·오스트레일리아가 1그룹, 러시아·인도·터키·남아프리카공화국이 2그룹, 브라질·아르헨티나·멕시코가 3그룹, 영국·프랑스·독일·이탈리아가 4그룹, 한국을 포함한 일본·중국·인도네시아가 5그룹입니다. 이는 종합적으로 국가의 영향력을 측정하여 그룹을 나눈 것으로, 발언권의 영향력이 달라집니다. 사무국은 G20이 시작된 이래로 미국이 연임하고 있습니다. ","F",""
"2","G20에 대해 설명해 주세요.","1999년 12월 독일에서 첫 회의가 열린 이래 매년 정기적으로 회원국의 재무장관과 중앙은행 총재가 회담하다가 세계적 금융위기 발생을 계기로 2008년부터 정상급 회의로 격상되었습니다. 회의의 주요 내용은 국제금융의 현안이나 특정 지역의 경제위기 재발 방지책, 선진국과 신흥시장간의 협력체제 구축 등 입니다.","P","중앙은행의 역할을 설명해 주세요."
"2","G20에 대해 설명해 주세요.","G20은 5개 그룹으로 나뉘는데, 미국·캐나다·사우디아라비아·오스트레일리아가 1그룹, 러시아·인도·터키·남아프리카공화국이 2그룹, 브라질·아르헨티나·멕시코가 3그룹, 영국·프랑스·독일·이탈리아가 4그룹, 한국을 포함한 일본·중국·인도네시아가 5그룹입니다. 별도의 사무국은 없으며, 의장국이 1년간 사무국 역할을 합니다.","P","의장국의 역할을 설명해 주세요."
"1","냉전에 대해 설명해 주세요.","제2차 세계대전 이후 양극체제하에서의 사회주의진영과 자본주의진영 간의 정치 ·외교 ·이념상의 갈등이나 군사적 위협의 잠재적인 권력투쟁입니다. 무기를 사용하지 않는 전쟁으로, 열전과 대조되는 개념입니다. 냉전이라는 용어는 미국의 평론가 리프먼이 저술한 논문에서 비롯되었고, 미국의 재정전문가이며 대통령의 고문이었던 버나드 바루크가 1947년 의회토론에서 이 용어를 처음 사용하였습니다.","P","버나드 바루크가 냉전이라는 용어를 사용한 배경을 설명해 주세요."
"1","냉전에 대해 설명해 주세요.","제2차 세계대전 이후 양극체제하에서의 사회주의진영과 자본주의진영 간의 정치 ·외교 ·이념상의 갈등이나 군사적 위협의 잠재적인 권력투쟁입니다. 냉전이라는 용어를 보면 알 수 있듯, 차가운 긴장감이 지속되면서 무기를 사용하는 전쟁을 상시 염두해 두고 있습니다. ","F",""
"1","냉전에 대해 설명해 주세요.","독일의 경우에는 냉전의 영향력을 인정받고 있으나, 한국의 경우 냉전의 영향력을 어디까지로 볼 것인가에 대한 논쟁이 있어왔습니다.  미 ·소 양국은 카이로회담의 내용을 이행하기 위해 위도 38도선을 경계로 하여 각각 남한과 북한에게 체제의 자유권을 주었습니다. 이에 따라 북한은 소련을 모델로 사회주의체제가 들어섰고, 남한은 미국을 모델로 자본주의체제가 수립되었습니다. 이후 양체제의 대결이 첨예화되면서 냉전으로 인한 분단이 아니냐는 지적이 많았으나, 자발적으로 체제를 선택했다는 점에서 냉전의 개념을 적용하기에 다소 과장되었단 측면이 지배적입니다.","F",""
"1","냉전에 대해 설명해 주세요.","파리헌장에서 ‘대결과 분열의 시대는 유럽에서 종말을 고하였다’라고 선언하여 냉전의 종말이 이루어 졌습니다. 이는 명백히 사회주의권이 몰락함으로써 냉전체제 자체가 무너져버렸기 때문에 냉전이 완전히 종식되었다는 선언입니다. ","F",""
"1","냉전에 대해 설명해 주세요.","독일과 마찬가지로 한국의 분단도 냉전으로 인한 것입니다. 45년 일본의 패망과 함께 미 ·소 양국은 카이로회담의 내용을 이행하기 위해 위도 38도선을 경계로 하여 각각 남한과 북한을 점령하였습니다. 이들의 점령목적은 일본군의 무장해제와 사회질서유지를 위한 것이었지만, 38선을 경계로 북한은 소련에 의해 사회주의체제가 들어섰고, 남한은 미국에 의해 자본주의체제가 수립되어 양체제의 대결이 첨예화되었습니다.","P","카이로회담에 대해 설명해 주세요."
"1","냉전에 대해 설명해 주세요.","파리헌장에서 ‘대결과 분열의 시대는 유럽에서 종말을 고하였다’라고 선언하였으나 이를 냉전의 종말로 보는가의 여부에 대해서는 이견이 존재합니다. 전자는 사회주의권이 몰락함으로써 냉전체제 자체가 무너져버렸기 때문에 냉전이 끝났다고 주장하는 반면 후자는 사회주의권의 몰락으로 국제질서가 평화공존기에 들어선 것은 확실하지만, 냉전의 구도 자체는 그대로 존재한다고 주장합니다.","P","파리헌장의 내용을 설명해 주세요."
"1","식민지에 대해 설명해 주세요.","오늘날의 식민지는 이주식민지보다는 착취식민지가 더 합당한 뜻을 지니고 있습니다. 즉 식민지라고 하면 그 지역의 주권이 원주민에게서 다른 나라로 넘어간 지역을 가리키는 말입니다. 또한 넓은 뜻의 식민지에는 형식상 식민지는 아니라고 하더라도 실질상 식민지라고 할 수 있는 것이 많습니다.","P","착취식민지에 대해 설명해 주세요."
"1","식민지에 대해 설명해 주세요.","오늘날의 식민지는 이주식민지가 더 합당한 뜻을 지니고 있습니다. 즉 식민지라고 하면 그 지역의 원주민이 다른 나라로 넘어가 피식민국가의 실질적 영향력이 증대되거나 타국가의 이주자가 많아진 지역을 가리키는 말입니다. 즉 형식상 식민지는 아니라고 하더라도 실질상 식민지라고 할 수 있는 것을 이주식민지라 볼 수 있습니다. ","F",""
"1","식민지에 대해 설명해 주세요.","식민지란 제국주의 시대에 피식민 국가들이 식민국가를 개척하면서, 그들의 문화와 자본을 전파하여 자발적으로 문화에 동화되게 한 것을 뜻합니다. 때문에 물리적 강제력을 동원되지 않았으며, 동원될 필요조차 없었습니다. 이를 통해 알 수 있듯 식민지란 한 국가의 문화적 영향력이 신민국가에 너무 깊게 행사되어 실질적으로 국가 전체가 종속되는 것을 뜻합니다. ","F",""
"1","식민지에 대해 설명해 주세요.","위임통치 지역이나 신탁통치 지역은 식민지로 보기 어렵습니다. 위임통치는 제1차 세계대전 이후 연합국이 패전국의 독립을 위해 보호하는 수단으로 이용되었고, 신탁통치는 제2차 세계대전 이후 나타난 형태로 주민의 자치,독립을 촉진하는 것을 도왔습니다. 때문에 내용상 식민지에 가까워 보이더라도 실질적으로나 형식적으나 위임통치, 신탁통치 지역은 식민지로 보지 않는 것이 타당합니다.","F",""
"1","식민지에 대해 설명해 주세요.","실질적으로 식민지이면서 형식상 식민지가 아닌 것처럼 가장된 것으로 위임통치 지역이나 신탁통치 지역이 있습니다. 위임통치는 제1차 세계대전 후 연합국이 패전국을 통치하는 수단으로 이용되었고, 신탁통치는 제2차 세계대전 이후 나타난 형태입니다. 주민의 자치·독립을 촉진하는 것을 전제로 하는 국제연합의 신탁통치지도 원리와 현실 사이에는 상당한 거리가 있어 실질적으로는 식민지에 가깝다고 할 수 있습니다.","P","신탁통치지도에 대해 설명해 주세요."
"2","보호조약에 대해 설명해 주세요.","국가와 국가간에 보호관계를 설정하는 국제조약입니다. 여기에서 보호관계라 함은 보통 일국이 타국에 외교권을 양도하는 대신 보호를 받게되는 관계를 말합니다. 보호조약은 국제조약이기 때문에 보호국과 피보호국과의 관계는 국제법관계입니다. 따라서 피보호국에게는 국제법상의 법인격은 물론이고 완전한 권리능력도 계속 인정됩니다.","P","법인격에 대해 설명해 주세요."
"2","보호조약에 대해 설명해 주세요.","국가와 국가간에 보호관계를 설정하는 국제조약입니다. 여기에서 보호관계라 함은 보통 일국이 보호를 받게 되는 관계를 말합니다. 보호조약은 국제조약이기 때문에 보호국과 피보호국과의 관계는 국제법관계입니다. 따라서 피보호국에게는 국제법상의 법인격은 물론이고 완전한 권리능력도 계속 인정되며 외교권도 보장 받습니다.","F",""
"2","보호조약에 대해 설명해 주세요.","피보호국은 보호국의 일부를 구성하는 역할을 수행하므로, 보호국의 국내법이 피보호국에 적용됩니다. 다만, 보호국이 제3국과 체결하는 조약은 피보호국에는 적용되지 않습니다. 하지만 보호국이 제3국과 전쟁을 하는 경우에는 피보호국이 반드시 교전국의 지위를 가져야 합니다. ","F",""
"2","보호조약에 대해 설명해 주세요.","피보호국은 보호국과의 보호관계를 설정한 국제조약(보호조약)을 체결하였으므로, 피보호국의 보호국에 대한 군사적 적대행위는 국제법상 인정되지 않습니다. 보호국은 피보호국에 법인격을 양도받았기 때문에 군사적 적대행위가 발생하는 경우 이는 전쟁으로 보지 않고, 반란으로 해당됩니다.","F",""
"2","보호조약에 대해 설명해 주세요.","피보호국은 보호국의 일부를 구성하는 것이 아니므로 보호국의 국내법이 피보호국에 적용되지 않습니다. 보호국이 제3국과 체결하는 조약도 피보호국에는 적용되지 않습니다. 또한 보호국이 제3국과 전쟁을 하는 경우에도 피보호국이 반드시 교전국의 지위를 가지는 것은 아닙니다. 그리고 피보호국의 보호국에 대한 군사적 적대행위는 반란이 아니고, 국가와 국가간의 전쟁에 해당됩니다.","P","제3국에 대해 설명해 주세요."
"2","미국의 중간선거에 대해 설명해 주세요.","미국에서는 대통령의 임기는 4년, 하원의원은 2년, 상원의원은 6년인데, 2년마다 3분의 1씩을 다시 선출합니다. 따라서 대통령의 임기 중간에 상·하 양원의원이 새로 선출되게 되어 있어서 이런 명칭이 붙었습니다. 중간선거는 현직 대통령의 과거 2년간의 정치에 대한 여론의 반응을 보여주는것 으로서,  현 행정부에 대한 중간 평가적 성격을 보입니다.","P","대통령과 의원의 임기가 다른 이유를 설명해 주세요."
"2","미국의 중간선거에 대해 설명해 주세요.","미국에서는 대통령의 임기는 4년, 하원의원은 2년, 상원의원은 6년인데, 2년마다 3분의 1씩을 다시 선출합니다. 따라서 대통령의 임기 중간에 상·하 양원의원이 새로 선출되게 되어 있어서 이런 명칭이 붙었습니다. 중간선거는 현직 대통령이 의회와의 의견격차를 줄여 행정집행의 효율성을 보장하기 위한 것으로, 행정부가 안정되는 2년차에 시행되는 것이 원칙입니다. ","F",""
"2","미국의 중간선거에 대해 설명해 주세요.","현 대통령의 신임 여부를 판단하는 척도가 되는 선거로, 차기 대통령선거를 예측하는 자료가 되기도 합니다. 주로 2년차에 시행된다는 점에서, 레임덕의 영향으로부터 자유롭기 때문에 중간선거를 통해 다수당의 지지를 확보한 행정부가 더욱 자신감을 갖고 국정을 추진해 나갈수 있습니다.","F",""
"2","미국의 중간선거에 대해 설명해 주세요.","역사적으로 미국의 중간선거에서는 민주당·공화당 양당의 구분이 없이 재집권한 대통령 소속의 정당이 승리한 사례가 많습니다. 이 때문에 미국의 중간선거는 대통령의 신임에 대한 문제점을 제기하는 것보다 행정부 집행을 강화하도록 하는 성격을 가지고 있습니다.","F",""
"2","미국의 중간선거에 대해 설명해 주세요.","현 대통령의 신임 여부를 판단하는 척도가 되는 선거로, 차기 대통령선거를 예측하는 자료가 되기도 합니다. 특히 연방 상원·하원의 의석 획득, 곧 의회의 다수당이 되느냐 소수당이 되느냐에 따라 행정부가 궁지에 몰릴 수도 있고, 더욱 자신감을 갖고 국정을 추진해 나갈수도 있습니다.","P","다수당이 국정 추진에 도움이 되는 측면을 설명해 주세요."
"2","미국의 중간선거에 대해 설명해 주세요.","역사적으로 미국의 중간선거에서는 민주당·공화당 양당의 구분이 없이 재집권한 대통령 소속의 정당이 승리한 사례는 매우 드뭅니다. 재집권한 여당은 중간선거에서 평균 28석 정도의 하원의석을 야당에 내주었으나, 1998년 11월 3일에 치러진 중간선거에서는 예상을 뒤엎고 여당인 민주당이 승리하였습니다.","P","미국 공화당 특징을 설명해 주세요."
"1","핵확산금지조약에 대해 설명해 주세요.","영어 머리글자를 따서 NPT 라고 약칭해서 부르기도 합니다. 1966년 후반부터 핵무기 확산 방지에 관하여 미·소의 타협이 진전되어 1967년 초에는 미·소간에 기본적 합의가 이루어졌으나, 미·소 초안의 심의를 맡았던 제네바 군축위원회에서 비핵보유국들은 그 내용을 비판하였습니다.","P","비핵보유국에 대해 설명해 주세요."
"1","핵확산금지조약에 대해 설명해 주세요.","영어 머리글자를 따서 NPT 라고 약칭해서 부르기도 합니다. 1966년 후반부터 핵무기 확산 방지에 관하여 미·소의 타협이 진전되어 1967년 초에는 미·소간에 기본적 합의가 이루어졌습니다. 미·소 초안의 심의를 맡았던 제네바 군축위원회에서 비핵보유국들은 핵전쟁의 위협으로부터 벗어날 수 있다는 점에서 본 조약의 내용에 비판없이 동의하였습니다.","F",""
"1","핵확산금지조약에 대해 설명해 주세요.","조약의 내용은 핵무기 보유국은 핵무기나 기폭장치 또는 그에 대한 개발을 하지 않을 것을 승인한 것입니다. 핵보유국은 핵무기나 기폭장치를 제조하거나 획득하지 않을 것을 약속하며, 원자력을 핵무기나 기폭장치로 전용하는 것을 방지하기 위하여 국제원자력기구의 사찰을 비롯한 안전 조치를 받아들이는 것을 골자로 합니다.","F",""
"1","핵확산금지조약에 대해 설명해 주세요.","1995년 조약의 연장을 결정하는 회의에서 국제 평화를 위해 본 조약을 무기한 연장을 지지하는 제3세계 비핵보유국과 핵무기의 군사적 이점을 노리고자 기한부 연장을 주장하는 핵보유국의 입장이 팽팽히 맞섰으나, 조약의 평가 절차를 강화하고 핵보유국의 핵군축 노력 원칙을 채택하는 선에서 무기한 연장에 합의하였습니다.","F",""
"1","핵확산금지조약에 대해 설명해 주세요.","조약의 내용은 핵무기 보유국은 핵무기나 기폭장치 또는 그에 대한 관리를 제3국에 양도하지 않을 것을 약속하고, 비보유국은 핵무기나 기폭장치를 제조하거나 획득하지 않을 것을 약속하며, 비보유국은 원자력을 핵무기나 기폭장치로 전용하는 것을 방지하기 위하여 국제원자력기구의 사찰을 비롯한 안전 조치를 받아들이는 것을 골자로 합니다.","P","국제원자력기구에 대해 설명해 주세요."
"1","핵확산금지조약에 대해 설명해 주세요.","1995년 조약의 연장을 결정하는 회의에서 무기한 연장을 지지하는 핵보유국들과 핵무기 독점의 위험성을 제기하며 기한부 연장을 주장하는 제3세계 비핵보유국들의 입장이 팽팽히 맞섰으나, 조약의 평가 절차를 강화하고 핵보유국의 핵군축 노력 원칙을 채택하는 선에서 무기한 연장에 합의하였습니다.","P","핵보유국이 제시한 핵군축 노력에 대해 설명해 주세요."
"1","부동층에 대해 설명해 주세요.","투표를 할 때 자신이 지지하는 특정한 정당이 존재하지 않는 사람들 입니다. 자신이 지지하는 특정 후보자나 특정 정당을 결정을 하지 않은 상태로 투표할 때의 정세나 분위기에 따라 지지하는 후보나 정당이 변할 가능성이 있는 집단입니다. 정치인에 대한 실망으로 야기된 유권자들의 정치에 대한 무관심으로 인하여 부동층이 증가하고 있습니다.","P","정세를 판단하는 방법에 대해 설명해 주세요."
"1","부동층에 대해 설명해 주세요.","투표를 할 때 자신이 지지하는 특정한 정당에게만 투표를 하는 사람들입니다. 자신이 지지하는 특정 후보자나 특정 정당 외에는 표심이 움직이지 않아 부동층이라는 집단 명명을 하였습니다. 자신이 지지하는 정치인에 대한 이슈가 생기더라도, 이를 가짜뉴스나 선동으로 생각하여 부동층이 증가하고 있습니다. ","F",""
"1","부동층에 대해 설명해 주세요.","투표를 할 때 자신이 지지하는 특정한 정당이 존재하지 않는 사람들 입니다. 자신이 지지하는 특정 후보자나 특정 정당을 결정을 하지 않은 상태로 투표할 때의 정세나 분위기에 따라 지지하는 후보나 정당이 변할 가능성이 있는 집단입니다. 인터넷의 발달로 정치인과 정치에 대한 접근성이 증가하면서, 자신이 지지하던 정당에서 벗어나 다양한 의견을 전반적으로 고려하는 부동층이 점차 증가하고 있습니다.","F",""
"1","부동층에 대해 설명해 주세요.","선거의 투표행위에서 볼 수 있는 특정의 정당을 지지하지 않는 집단입니다. 자각적인 것과 무자각적인 것이 혼합되어 나타나므로, 정세의 분위기에 쉽게 흔들리는 모습을 보입니다. 부동층이란 자기가 갖고 있는 정치관에 의거하여 여러 정당의 정책을 무자각하고 있지만, 자각적으로 관찰하여 전반적 정치정황에서 적의한 투표행동을 행합니다.","F",""
"1","부동층에 대해 설명해 주세요.","선거의 투표행위에서 볼 수 있는 특정의 정당을 지지하지 않는 집단입니다. 자각적인 것과 무자각적인 것으로 분류되며, 자각적 부동층이란 자기가 갖고 있는 정치관에 의거하여 여러 정당의 정책을 관찰하여, 전반적 정치정황에서 적의한 투표행동을 행합니다. 영국에서의 2대 정당의 정상적인 운영은 이러한 부동층의 존재에 의하는 바가 크게 되는 것과 관계가 있습니다.","P","무자각적 부동층에 대해 설명해 주세요."
"2","자치령에 대해 설명해 주세요.","일반적으로 자치령이라 할 때는 국제법상 특별한 지위에 있는 영국자치령을 가리킵니다. 이전에는 영국 본국의 식민지를 의미하였으나, 현재는 조약체결 등 독자적인 외교권을 가지며 대외적으로는 영국 본국과 동등한 지위를 가지고 영국연방을 구성하는 주권국가를 지칭한다는 1926년 밸푸어보고서는 자치령이 영국 본국과 대등한 자격을 가진다고 기술하고 있습니다.","P","벨푸어 보고서에 대해 설명해 주세요."
"2","자치령에 대해 설명해 주세요.","일반적으로 자치령이라 할 때는 국제법상 특별한 지위에 있는 영국자치령을 가리킵니다. 이전에는 영국 본국의 식민지를 의미하였으나, 현재는 조약체결 등 독자적인 외교권을 가지며 대외적으로는 영국 본국과 동등한 지위를 가진 것으로 보이기 쉽습니다. 그러나 926년 밸푸어보고서는 자치령이 영국 본국과 결코 대등한 자격을 가지지 않고 있다고 기술했습니다.","F",""
"2","자치령에 대해 설명해 주세요.","자치령은 독립성을 가지고 외교관계 처리에 관한 사전통고를 할 의무를 삭제했습니다. 이 때문에 영국연방 제국 상호간에는 외교사절 파견의 필요성이 없으며, 대영국연방의 통일성을 유지하기 위한 영국연방의 구성국의 개념으로 쓰이고 있습니다. ","F",""
"2","자치령에 대해 설명해 주세요.","자치령은 영국연방 구성국에 독립성을 보장해주는 것으로, 제2차 세계대전 이후 인도가 공화제를 채택하도록 하는 등 영국연방의 구성국으로의 개념을 더 강조하고 있습니다. 영국연방의 통일성을 강조하면서, 자유로운 의견진술이 가능하도로 하고 있으며 대등한 국가로 외교사절이 파견됩니다.","F",""
"2","자치령에 대해 설명해 주세요.","자치령은 독립성을 가지나 영국연방의 통일성을 유지하기 위하여 각 구성국은 특히 외교관계의 처리에 관한 한 사전통고 및 의견진술의 기회를 부여할 의무를 집니다. 영국연방 제국 상호간에는 외교사절이 파견되지 않고, 고등판무관이 파견됩니다. 그런데 제2차 세계대전 이후에는 인도가 공화제를 채택하는 등 구성국에 변화가 생김으로써 자치령에 대신하여 영국연방의 구성국의 개념으로 더 자주 쓰이고 있습니다.","P","외교사절의 역할을 설명해 주세요."
"1","국경에 대해 설명해 주세요.","주권국가의 공간적 관할권이 배타적으로 미치는 범위로서 국가간 영토나 공해를 가르는 실제적이고 가상적인 경계선입니다. 국가간에 고정된 국경이 생기게 된 것은근대 주권국가가 성립되면서였고, 대략 17~18세기에 이르러 자연지리적 경계를 기준으로 한 오늘날의 국경선이 설정되기 시작하였습니다.","P","영토에 대해 설명해 주세요."
"1","국경에 대해 설명해 주세요.","주권국가의 공간적 관할권이 배타적으로 미치는 범위로서 국가간 영토나 공해를 가르는 실제적인 가상선만을 경계선으로 인정합니다. 국가간에 고정된 국경이 생기게 된 것은 근대 주권국가가 성립되면서였고, 대략 17~18세기에 이르러 정복과 관련한 역사를 경계를 기준으로 한 오늘날의 국경선이 설정되기 시작하였습니다.","F",""
"1","국경에 대해 설명해 주세요.","국경은 일반적으로 산맥 ·하천 ·호수 등의 자연적 지형이나 지구의 경도 ·위도 등의 인위적인 것을 이용하여 그어집니다. 국가간의 조약체결은 원칙상 배제되고 있는데 이는 국경의 설정문제를 둘러싸고 당사국간의 이해관계가 상충하여 영유권 분쟁을 줄이려는 목적 때문입니다.","F",""
"1","국경에 대해 설명해 주세요.","국경 경쟁의 예시를 들자면, 한국의 경우 두만강의 경계와 관련하여 중국과 마찰이 있었고, 독도의 영유권을 둘러싸고 일본과 국경문제가 발생하였습니다. 자연과 지리적 경계를 기준으로 국경선이 정해지는데, 백두산이 한반도와 중국을 가로지르면서 경계선 설정에 어려움이 있기 때문입니다. 그리고 독도는 명백히 자연적으로 울릉도에 귀속되는 섬으로 분류되고 있음에도 불구하고 일본이 자국의 영토라 주장하고 있습니다. ","F",""
"1","국경에 대해 설명해 주세요.","국경은 일반적으로 산맥 ·하천 ·호수 등의 자연적 지형이나 지구의 경도 ·위도 등의 인위적인 것을 이용하여 그어지는데, 때로는 국가간의 조약체결을 통해 설정되기도 합니다. 국경의 설정문제를 둘러싸고 당사국간의 이해관계가 상충하여 많은 국가들이 영유권 분쟁에 휘말렸습니다.","P","영유권 분쟁의 예제를 설명해 주세요."
"1","국경에 대해 설명해 주세요.","한국의 경우 두만강의 경계와 관련하여 중국과 마찰이 있었고, 독도의 영유권을 둘러싸고 일본과 국경문제가 발생하였습니다. 한말에 백두산정계비에 실린 내용 가운데 토문강에 대한 해석의 차이로 청나라와 의견대립이 있었습니다. 그리고 독도는 1953년부터 한국경비대가 상주하고 있음에도 불구하고 일본은 기회있을 때마다 자국의 영토라고 주장하고 있습니다.","P","백두산정계비에 대해 설명해 주세요."
"2","더블린 조약에 대해 설명해 주세요.","제 3국의 국민이나 무국적자가 조약 가입국에 국제보호 신청을 할 경우 그 심사를 책임질 국가를 결정하기 위한 기준과 체계를 규정한 조약입니다. 일종의 유럽연합 국제법으로, 49개 조항으로 이루어져 있습니다. 핵심 내용은 유럽으로 들어오는 난민은 처음 입국한 국가에서 망명 신청을 해야 한다는 것입니다.","P","망명에 대해 설명해 주세요."
"2","더블린 조약에 대해 설명해 주세요.","제 3국의 국민이나 무국적자가 조약 가입국에 국제보호 신청을 할 경우 그 심사를 책임질 국가를 결정하기 위한 기준과 체계를 규정한 조약입니다. 일종의 유럽연합 국제법으로, 49개 조항으로 이루어져 있습니다. 핵심 내용은 유럽으로 들어오는 마지막으로 정착한 국가에서 망명 신청을 해야 한다는 것입니다.","F",""
"2","더블린 조약에 대해 설명해 주세요.","조약에 따르면 난민들은 최종적으로 거주할 유럽 국가에서 난민 자격 심사를 받아야 하며, 다른 유럽 국가로 이동하여 난민 지위 신청을 할 경우 자신이 망명 신청을 한 국가로 이송됩니다. 이런 조치가 가능한 것은 유럽공동체법에 따라 14세 이상의 난민 또는 월경자의 지문을 등록하는 유로닥이라는 지문 데이터베이스가 유럽 각 나라에 공유되고 있기 때문입니다.","F",""
"2","더블린 조약에 대해 설명해 주세요.","더블린조약은 유럽 내 일부 국가들에 불공평한 난민 집중 상황을 초래한 원인으로 지목되며 비판의 대상이 되었습니다. 자신이 선택한 국가에서 난민 신청이 이루어진다는 점 때문에 북아프리카 및 중동 지역 난민과 불법이주자들은 복지가 잘 되어 있는 북유럽을 선호하여, 핀란드 등 몇몇 국가에게 과도한 부담을 지우는 부작용을 낳았기 때문입니다.","F",""
"2","더블린 조약에 대해 설명해 주세요.","조약에 따르면 난민들은 처음 발을 디딘 유럽 국가에서 난민 자격 심사를 받아야 하며, 다른 유럽 국가로 이동하여 난민 지위 신청을 할 경우 처음 입국한 국가로 이송됩니다. 이런 조치가 가능한 것은 유럽공동체법에 따라 14세 이상의 난민 또는 월경자의 지문을 등록하는 유로닥이라는 지문 데이터베이스가 유럽 각 나라에 공유되고 있기 때문입니다.","P","유로닥에 대해 설명해 주세요."
"2","더블린 조약에 대해 설명해 주세요.","더블린조약은 유럽 내 일부 국가들에 불공평한 난민 집중 상황을 초래한 원인으로 지목되며 비판의 대상이 되었습니다. 지리적 특성상 북아프리카 및 중동 지역 난민과 불법이주자들의 유럽 관문이 되는 그리스, 이탈리아 등 몇몇 국가에게 난민 수용에 대한 과도한 부담을 지우는 부작용을 낳았기 때문입니다.","P","더블린조약의 부작용을 자세히 설명해 주세요."
"2","비준에 대해 설명해 주세요.","우리나라 헌법도 조약의 체결 및 비준권을 대통령에게 부여하며, 상호원조 또는 안전보장에 관한 조약, 중요한 국제조직에 관한 조약, 우호통상항해조약, 국가나 국민에게 중대한 재정적 부담을 지우는 조약, 또는 입법사항에 관한 조약의 체결·비준에 대하여는 국회의 동의를 얻도록 규정하였습니다.","P","우호통상항해조약에 대해 설명해 주세요."
"2","비준에 대해 설명해 주세요.","우리나라 헌법도 조약의 체결 및 비준권을 대통령에게 부여하며, 상호원조 또는 안전보장에 관한 조약, 중요한 국제조직에 관한 조약, 우호통상항해조약, 국가나 국민에게 중대한 재정적 부담을 지우는 조약, 또는 입법사항에 관한 조약의 체결·비준에 대하여는 국회의 동의가 필요 없는 대통령 고유의 권한으로 보고 있습니다.","F",""
"2","비준에 대해 설명해 주세요.","조약체결의 전권을 위임받은 대통령이 조약을 체결하고 서명한 다음의 절차는 존재하지 않습니다. 조약체결권자인 국가원수가 독자적으로 비준을 하는 이유는 조약이 국가와 국민에게 중대한 영향을 끼치는 중대사항이므로 신속하게 이루어져야 하기 때문입니다.","F",""
"2","비준에 대해 설명해 주세요.","조건부, 또는 부분적 비준이 가능합니다. 부분적 비준의 경우 새로운 조약 내용의 제안이 아니기 때문에, 상대국은 이에 대하여 동의 ·거절 ·외교교섭 재개 등 어느 것이라도 선택할 수가 있습니다. 비준은 모든 조약에 필요하며, 그중 예외적으로 부속협정 ·교환공문·잠정협정·행정협정 등에는 비준이 필요 없습니다.","F",""
"2","비준에 대해 설명해 주세요.","조약체결의 전권을 위임받은 전권위원이 조약을 체결하고 서명한 다음에 조약체결권자인 국가원수 또는 내각이 다시 비준을 하는 이유는 조약이 국가와 국민에게 중대한 영향을 끼치는 중대사항이므로 최종적으로 심사하고 검토할 기회를 갖고자 하는 데 있고, 또한 민주국가에서는 국회의 동의를 얻어야 하기 때문입니다.","P","국가원수에 대해 설명해 주세요."
"2","비준에 대해 설명해 주세요.","비준은 무조건 또는 전체적으로 해야 하고, 조건부 또는 부분적 비준은 비준의 거절또는 새로운 조약 내용의 제안이라고 간주되며, 상대국은 이에 대하여 동의 ·거절 ·외교교섭 재개 등 어느 것이라도 선택할 수가 있습니다. 비준은 모든 조약에 필요한 것은 아니며 중요하지 않은 조약, 즉 부속협정 ·교환공문·잠정협정·행정협정 등에는 비준이 필요 없습니다.","P","부속협정에 대해 설명해 주세요."
"1","국제협력에 대해 설명해 주세요.","고도로 정치적인 국제평화를 위한 협력도 이에 속하나 좁은 뜻에서는 경제적·사회적 사항을 비롯한 문화적·인도적·기술적 사항에 관한 여러 국가 간의 협력을 말합니다. 국제연맹이 결성되던 무렵부터 실시된 교통·통과의 자유, 통상에 대한 국제 간의 공평한 대우, 노동조건의 개선, 여성 및 아동의 매매 금지, 아편이나 유해물질의 단속, 질병의 방지에 관한 협력 등이 그 예입니다.","P","아편에 대해 설명해 주세요."
"1","국제협력에 대해 설명해 주세요.","경제적·사회적 사항을 비롯한 문화적·인도적·기술적 사항에 관한 여러 국가 간의 협력을 말합니다. 초고속 인터넷 연결망이 구축된 이후부터 실시된 교통·통과의 자유, 통상에 대한 국제 간의 공평한 대우, 노동조건의 개선, 여성 및 아동의 매매 금지, 아편이나 유해물질의 단속, 질병의 방지에 관한 협력 등이 그 예입니다.","F",""
"1","국제협력에 대해 설명해 주세요.","국제협력은 제국주의 시대에 식민지 개척을 위해 국제관계가 긴밀해진 시기부터 두드러졌고, 국제협력을 위해 국제기구 등 많은 것이 설치 되었습니다. 이를 통해 성공적으로 식민지 개척을 도왔고, 통치 기술을 공유하는 등 국제협력이 널리 이루어지게 되었습니다.","F",""
"1","국제협력에 대해 설명해 주세요.","국제연합은 국제문제를 인종·성·언어·종교에 의한 차별없이 모든 사람의 인권과 기본적 자유를 존중하면서 해결할 것을 강조하고, 국제평화와 병행하는 경제적·사회적·문화적 국제협력의 달성을 목적으로 합니다. 그러나 이상적이고 형식적인 성격이 강해, 국제기구 밑에 이사회 외의 별도의 기관은 존재하지 않으며, 임무에 대한 추진은 거의 이뤄지지 않고 있습니다. ","F",""
"1","국제협력에 대해 설명해 주세요.","국제협력은 국제관계가 갑자기 긴밀해진 19세기 후반부터 두드러졌고, 국제협력을 위한 일반조약이나 국제기구 등 많은 것이 설치되었는데, 20세기에 접어들면서부터 국제연맹, 나아가서는 국제연합기구 아래 국제평화유지를 중심으로 하는 국제협력이 널리 이루어지면서부터 특히 현저한 양상을 보였습니다.","P","국제기구의 특징을 설명해 주세요."
"1","국제협력에 대해 설명해 주세요.","국제연합은 국제문제를 인종·성·언어·종교에 의한 차별없이 모든 사람의 인권과 기본적 자유를 존중하면서 해결할 것을 강조하고, 국제평화와 병행하는 경제적·사회적·문화적 국제협력의 달성을 목적으로 합니다. 총회 밑에 특히 경제사회 이사회를 두고, 이를 중심으로 국제협력 분야별로 그 대표적 국제기구를 두어, 국제협력의 목적·임무를 총괄적·조직적으로 강력하게 추진하고 있습니다.","P","국제기구의 종류를 설명해 주세요."
"2","영세중립에 대해 설명해 주세요.","국가간의 조약에 의하여 자위의 경우를 제외하고는 영구히 전쟁에 참가하지 않는 의무를 지는 국가의 지위 또는 국책입니다. 국제법상 조약을 체결함으로써 타국으로부터 영토보전과 정치적 독립에 대한 보장을 받고 있는 나라를 영세중립국이라 하고, 이 조약을 영세중립조약이라 합니다.","P","국책에 대해 설명해 주세요."
"2","영세중립에 대해 설명해 주세요.","국가간의 조약에 의하여 어떠한 예외도 없이 영구히 전쟁에 참가하지 않는 의무를 지는 국가의 지위 또는 국책입니다. 제2차 세계대전 당시 전쟁을 파국으로 끌고간 죄를 물어 국제법상 조약을 체결함으로써 전쟁을 수행할 권리를 잃은 나라를 세중립국이라 하고, 이 조약을 영세중립조약이라 합니다.","F",""
"2","영세중립에 대해 설명해 주세요.","영세중립제도는 적극적방어형식으로 세력균형제도와 그 궤도를 같이합니다. 즉, 강대국들 사이에 약소국이 있어 그 약소국의 자의적 또는 타의적 향배에 따라 세력균형이 깨어져 침략의 우려가 있는 경우의 국가적 방어권의 한 방식으로 출현한 것이 바로 이 제도이기 때문입니다.","F",""
"2","영세중립에 대해 설명해 주세요.","현재 영세중립국으로는 스위스 ·오스트리아 ·라오스의 3개국이 있습니다. 로마교황을 원수로 하는 국제법상 특수한 국가인 바티칸은 영세중립국에 포함되지 않습니다. 이는 바티칸이 타국의 평화를 위협할 정치적 목적이 없다고 판단하였기 때문인데, 이는 특수한 경우라고 볼수 있습니다 ","F",""
"2","영세중립에 대해 설명해 주세요.","영세중립제도는 평화유지방식으로서의 세력균형제도와 그 궤도를 같이합니다. 즉, 강대국들 사이에 약소국이 있어 그 약소국의 자의적 또는 타의적 향배에 따라 세력균형이 깨어질 우려가 있는 경우의 평화유지의 한 방식으로 출현한 것이 바로 이 제도이기 때문입니다.","P","영세중립제도와 세력균형제도의 유사점을 설명해 주세요."
"2","영세중립에 대해 설명해 주세요.","현재 영세중립국으로는 스위스 ·오스트리아 ·라오스의 3개국이 있습니다. 이 밖에 로마교황을 원수로 하는 국제법상 특수한 국가인 바티칸도 1929년 이탈리아와의 라테란협정에 의하여 영세중립국이 되었으나, 이것은 정치적 목적이 없는 특수한 경우입니다. 스위스는 1815년 빈회의에서 영세중립국이 되었고, 그 후 파리회의에서 재확인 되었습니다.","P","라테란 협정에 대해 설명해 주세요."
"1","동맹에 대해 설명해 주세요.","동맹을 이루는 국제적 합의를 ‘동맹조약’이라고 합니다. 동맹은 ‘일정한 경우’에 한해서 법적 원조의 쌍무적 의무를 지게 되는데 그성격에 따라 공격동맹 ·방어동맹 ·공수동맹으로 구분됩니다. 동맹은 일시적 결합인 점에서 영구적 결합인 연방국가 또는 국가연합과 구별됩니다.","P","공수동맹에 대해 설명해 주세요."
"1","동맹에 대해 설명해 주세요.","동맹을 이루는 국제적 합의를 ‘동맹조약’이라고 합니다. 동맹은 ‘일정한 경우’에 한해서 법적 원조의 쌍무적 의무를 지게 되는데 그성격에 따라 공격동맹 ·방어동맹 ·공수동맹으로 구분됩니다. 동맹은 영구적 결합인 점에서 탈퇴와 가입이 자유로운 일시적 결합인 연방국가 또는 국가연합과 구별됩니다.","F",""
"1","동맹에 대해 설명해 주세요.","동맹은 쌍무적 의무를 부담하므로 그러한 의무가 없는 보호조약이나 담보조약과 구별됩니다. 동맹의 대표적인 예로는 1815년의 신성동맹, 1902년의 영 ·일동맹 등입니다. 동맹은 개별적 안전보장의 전형적인 방법입니다. 원조는 주로 군대 통과의 허가, 기지의 제공, 금전적 ·물질적 원조를 뜻하는 것이며, 쌍무적 관계이긴 하나 개별성을 강조하고 있으므로 병력과 관련한 것은 동맹의 범위에서 제외하고 있습니다.","F",""
"1","동맹에 대해 설명해 주세요.","동맹조약은 상호 전쟁이나 기타 무력의 행사를 하지 않을 것을 약속하는 집단적 안전보장조약입니다. 1945년의 국제연합헌장, 1947년의 전미상호방위조약, 1949년의 북대서양조약 등이 동맹조약의 대표적 사례입니다. 지역적 집단안전보장조약도 일종의 동맹조약으로 보려는 견해도 있습니다.","F",""
"1","동맹에 대해 설명해 주세요.","동맹은 쌍무적 의무를 부담하므로 그러한 의무가 없는 보호조약이나 담보조약과 구별됩니다. 동맹의 대표적인 예로는 1815년의 신성동맹, 1902년의 영 ·일동맹 등입니다. 동맹은 개별적 안전보장의 전형적인 방법입니다. 원조는 주로 병력에 의하는 것이지만 그 밖에도 군대 통과의 허가, 기지의 제공, 금전적 ·물질적 원조도 있습니다.","P","쌍무적 의무에 대해 설명해 주세요."
"1","동맹에 대해 설명해 주세요.","동맹조약은 상호 전쟁이나 기타 무력의 행사를 하지 않을 것을 약속하는 집단적 안전보장조약과 구별됩니다. 1945년의 국제연합헌장, 1947년의 전미상호방위조약, 1949년의 북대서양조약 등은 동맹조약이 아니라 집단적 안전보장조약입니다. 그러나 지역적 집단안전보장조약도 일종의 동맹조약으로 보려는 견해도 있습니다.","P","국제연합헌장에 대해 설명해 주세요."
"2","제국주의에 대해 설명해 주세요.","제국주의란 말이 사회적 의미를 가지게 된 것은 1877년 러시아가 콘스탄티노플을 점령하려고 하였을 때 영국의 총리 디즈레일리가 무력행사에 의한 강경정책을 취하여 이른바 징고이즘이 생겨난 이후부터 입니다. 이 때부터 제국주의는 종종 열광적인 주전론 같은 뜻으로 쓰이게 되었습니다.","P","징고이즘에 대해 설명해 주세요."
"2","제국주의에 대해 설명해 주세요.","제국주의는 대영제국이나 로마제국 등 강력한 정치, 경제, 군사적 지배권을 가진 제국을 표방하여 국가의 비전으로 삼는 것을 말합니다. 당시의 헤게모니를 가진 제국주의 국가를 모방하여 프랑스, 미국 등이 성공적으로 제국이라는 칭호를 달게 되었습니다. ","F",""
"2","제국주의에 대해 설명해 주세요.","강력한 군사력을 바탕으로 정치, 경제, 군사적 지배권을 다른 민족이나 국가로 확장시키려는 패권주의 정책을 말합니다. 근대에 들어 탄생한 개념으로 근대 이전의 로마제국 등은 제국주의 개념에 포함되지 않습니다. 주로 19세기 후반부터 20세기 초까지 영국,프랑스, 독일 등이 타국가를 침탈한 과정을 특정하는 용어로 쓰입니다. ","F",""
"2","제국주의에 대해 설명해 주세요.","근대 이후 강력한 군사력을 토대로 정치, 경제, 군사적 지배권을 다른 민족이나 국가로 확장시키려는 패권주의 정책을 말합니다. 영국, 프랑스, 미국 등의 열강들을 모방하여 제국주의를 표방한 여러 국가들이 생겨났지만, 제국이라는 칭호를 부여 받은 제국의 승인 없이는 제국주의 열강에 들어갈 수 없어 세계대전이 유발되었습니다.","F",""
"2","제국주의에 대해 설명해 주세요.","강력한 군사력을 토대로 정치, 경제, 군사적 지배권을 다른 민족이나 국가로 확장시키려는 패권주의 정책을 말합니다. 근대 이전에는 로마제국이나 몽골제국이 대표적인 사례며, 근대에 이르러서는 나폴레옹 제국에 대해 쓰였습니다. 그러나 현대 정치·경제학에서는 주로 19세기 후반부터 20세기 초반까지 영국, 프랑스, 독일, 미국, 일본과 자본주의 열강이 아시아와 아프리카를 침탈한 과정을 특정하는 용어로 쓰입니다.","P","로마제국의 제국주의에 대해 설명해 주세요."
"2","문화식민주의에 대해 설명해 주세요.","막강한 경제력과 정보력을 이용해 다른 나라를 문화적으로 지배하려는 새로운 개념의 식민주의 입니다. 정보통신기술이 고도로 발달한 현대에 와서는 막대한 정보력을 이용해 타국을 지배하려는 움직임이 나타나기 시작하였는데, 미디어임페리얼리즘이 대표적인 예입니다. 이는 미국을 비롯한 몇몇의 서방 국가가 정보시장을 독점해 세계 정보질서를 지배한다는 말입니다.","P","미디어임페리얼리즘에 대해 설명해 주세요."
"2","문화식민주의에 대해 설명해 주세요.","막강한 문화력을 이용해 다른 나라를 문화적으로 지배하려는 새로운 개념의 식민주의입니다. 정보통신기술이 고도로 발달한 현대에 와서 막대한 미디어 산업을 통해 타국을 지배하려는 움직임이 나타났는데, 미디어임페리얼리즘이 대표적인 예입니다. 이는 미국을 비롯한 영향력있는 서방 국가가 할리우드와 같은 문화산업을 통해 다른 국가의 문화산업을 종속시키고, 일률적으로 만드는 현상을 의미합니다. 이를 통해 인도에서는 발리우드가 탄생했습니다. ","F",""
"2","문화식민주의에 대해 설명해 주세요.","식민지주의는 제2차 세계대전이 끝나기 전까지 제국주의국가들이 막대한 경제력과 군사력을 바탕으로 약소국을 무력으로 장악해 정치적·경제적·문화적으로 지배한 것을 말합니다. 이 당시 제국주의국가들은 피식민지인의 자발적 협조를 얻기 위해 서구식 문화 등을 침투시켜 자국의 문화에 동화 되도록 문화식민주의 정책을 활용했습니다.","F",""
"2","문화식민주의에 대해 설명해 주세요.","1990년대 이후에는 전세계적으로 인터넷이 보급되면서 문화식민주의는 더욱 노골화되어 많은 국가들은 경쟁적으로 자신의 문화를 타국에 침투시키는 데 힘을 쏟아 왔습니다. 경제력과 정보력을 바탕으로 한 문화식민주의는 경제 대국들이 인터넷의 장점을 이용해 자국의 문화를 알리는 데 막대한 투자를 하는 것을 뜻합니다. 대한민국 역시 경제 대국으로 문화식민주의에 입각하여 한류 열풍을 국가적으로 주도했습니다. ","F",""
"2","문화식민주의에 대해 설명해 주세요.","1990년대 이후에는 전세계적으로 인터넷이 보급되면서 문화식민주의는 더욱 노골화되어 많은 국가들은 경쟁적으로 자신의 문화를 타국에 침투시키는 데 힘을 쏟아 왔습니다. 특히 경제력과 정보력이 막강한 미국을 비롯해 경제 대국들은 세계 어디서든 실시간으로 정보를 받아 볼 수 있는 인터넷의 장점을 이용해 자국의 문화를 알리는 데 막대한 투자를 하고 있습니다.","P","정보력에 대해 설명해 주세요."
"2","문화식민주의에 대해 설명해 주세요.","식민지주의는 제2차 세계대전이 끝나기 전까지 제국주의국가들이 막대한 경제력과 군사력을 바탕으로 약소국을 무력으로 장악해 정치적·경제적·문화적으로 지배한 것을 말합니다. 전후에는 이와 달리 과거의 종속국이 독립하려 할 때, 겉으로는 독립을 돕는 것 같이 보이지만 실질적으로는 배후에서 이들 국가들을 조종함으로써 과거의 제국주의체제를 유지하려는 방향으로 바뀌었는데, 이를 신식민지주의라고 합니다.","P","신식민주의에 대해 설명해 주세요."
"1","강소국에 대해 설명해 주세요.","스웨덴·아일랜드·네덜란드·핀란드·스위스·싱가포르 등과 같이 나라 규모는 작으면서도 경제적으로 부유하고 강한 국가를 말합니다. 스웨덴은 세계적으로 이름난 과학기술단지를 비롯해 세계 초일류 기업들을 대거 입주시키고 있고, 아일랜드 역시 대대적으로 외국자본을 유치함으로써 지속적인 성장을 거듭하고 있습니다.","P","아일랜드의 외국자본 유치에 대해 설명해 주세요."
"1","강소국에 대해 설명해 주세요.","스웨덴·아일랜드·네덜란드·핀란드·스위스·싱가포르 등과 같이 나라의 지명도는 높지 않지만, 경제적으로 부유하고 강한 국가를 말합니다. 스웨덴은 세계적으로 이름난 과학기술단지를 비롯해 세계 초일류 기업들을 대거 입주시키고 있고, 아일랜드 역시 대대적으로 외국자본을 유치함으로써 지속적인 성장을 거듭하고 있으나 사람들이 잘 알지 못하기 때문에 강소국이라 불리고 있습니다.","F",""
"1","강소국에 대해 설명해 주세요.","강소국은 나라 규모에 비해 상대적으로 낮은 국민소득과 낮은 경제성장률을 특징으로한 국가를 뜻합니다. 대표적인 강소국으로는 호주, 캐나다, 인도 등이 속하고 있습니다. 국토 대비 경제성장률이 낮아 대대적인 외국자본 유치나, 초일류 기업들을 대거 입주시키는 방식이 도입되어야 합니다.","F",""
"1","강소국에 대해 설명해 주세요.","강소국의 대표적 국가는 핀란드, 스웨덴 등을 말할 수 있습니다. 미래를 위한 국가 비전을 세우고, 국민적 에너지를 집결시켜 국가의 이점을 최대로 활용하는 것이 중요합니다. 국내 자본의 성장을 위해 강소국은 외국인과 외국자본이 쉽게 들어오지 못하도록 하는 경제정책을 펼치고 있습니다. ","F",""
"1","강소국에 대해 설명해 주세요.","핀란드는 행정구역별로 1개씩의 공과대학, 19개의 과학도시와 8개의 산업별 특화단지를 설립하였고, 네덜란드는 전유럽의 유통센터를 유치하였는데, 이들 국가는 모두 나라 규모에 비해 상대적으로 높은 국민소득을 자랑하고 있을 뿐 아니라 첨단산업 분야에서도 앞서 가는 나라들로 분류됩니다.","P","국민소득에 대해 설명해 주세요."
"1","강소국에 대해 설명해 주세요.","강소국의 특징은 무엇보다도 일찍부터 미래를 위한 국가 비전을 세우고, 이를 성취하기 위해 국민적 에너지를 집결시켜 자신들의 지경학적 이점을 최대로 활용한다는 점입니다. 나아가 이들 국가는 외국인과 외국자본이 최대한 편하게 활동할 수 있는 경제 환경을 조성하는 한편, 정부·기업·국민이 합심해 기업하기 좋은 나라를 만들려고 노력한다는 공통점을 가지고 있습니다.","P","지경학적 이점에 대해 설명해 주세요."
"1","남북대화에 대해 설명해 주세요.","남북대화의 목적은 남북한 간의 긴장완화, 평화정착, 교류협력 등을 통해서 민족적 화해를 이루고, 궁극적으로는 정치·군사 문제를 해결하여 평화통일을 달성하려는 데 있습니다. 2000년 남북정상회담 이후 남북 당국 간 고위 협의기구인 남북장관급회담을 중심으로 각 분야별 회담이 개최되었으며, 2007년 정상회담 이후 장관급회담은 총리회담으로 격상되었습니다.","P","남북정상회담에 대해 설명해 주세요."
"1","남북대화에 대해 설명해 주세요.","남북대화의 목적은 남북한 간의 긴장완화, 평화정착, 교류협력 등을 통해서 민족적 화해를 이루고, 궁극적으로는 정치·군사 문제를 해결하여 평화통일을 달성하려는 데 있습니다. 2000년 남북정상회담을 위해 남북 당국 간 고위 협의기구인 남북장관급회담과 총리회담이 선행적으로 이루어졌습니다. ","F",""
"1","남북대화에 대해 설명해 주세요.","경제 분야에서는 경제협력 사업추진과 상호이익을 낼 수 있는 새로운 경협모델의 발굴에 합의하였습니다. 그러나 북한과 남한의 경제체제가 달라 상호이익에 대한 합의점을 찾지 못하고 있습니다. 군사 분야에서 이산가족 화상상봉 및 면회소 착공, 국군포로 및 납북자 문제의 실질적 해결을 위한 협력, 인도적 분야에서는 남북군사당국자 회담 개최 등에 합의하였습니다.","F",""
"1","남북대화에 대해 설명해 주세요.","실무회담은 한편으로는 정상회담 및 장관급회담을 전후로하여 각종 분야의 실무를 다루기 위해 이루어지기도 하며, 다른 한편으로는 남북관계의 당면한 현안문제를 다루기 위해 남북간에 실무자 차원의 회담이 이루어지기도 합니다. 체육회담 등 사회문화 분야의 실무회담 등이 있습니다. 그러나 상이한 경제체제 때문에  경추위 등 경제 분야회의는 이루어지지 않고 있으며, 군사영역의 기밀유지를 위해 군사 분야 회담 역시 이뤄지지 않고 있습니다. ","F",""
"1","남북대화에 대해 설명해 주세요.","경제 분야에서는 경제협력 사업추진과 상호이익을 낼 수 있는 새로운 경협모델의 발굴에 합의하였습니다. 인도적 분야에서 이산가족 화상상봉 및 면회소 착공, 국군포로 및 납북자 문제의 실질적 해결을 위한 협력, 군사 분야에서는 남북군사당국자 회담 개최 등에 합의하였습니다.","P","이산가족 상봉에 대해 설명해 주세요."
"1","남북대화에 대해 설명해 주세요.","실무회담은 한편으로는 정상회담 및 장관급회담을 전후로하여 각종 분야의 실무를 다루기 위해 이루어지기도 하며, 다른 한편으로는 남북관계의 당면한 현안문제를 다루기 위해 남북간에 실무자 차원의 회담이 이루어지기도 합니다. 경추위 등 경제 분야, 장성급회담 등 군사 분야, 체육회담 등 사회문화 분야의 실무회담 등이 그것입니다.","P","장관급회담과 장성급회담에 대해 설명해 주세요."
"2","통일정책에 대해 설명해 주세요.","통일이라는 개념을 이해하기 위해서는 먼저 정치학이나 사회학에서 통일보다 훨씬 더 널리 쓰이는 통합이라는 개념을 살펴볼 필요가 있습니다. 통합은 일반적으로 ‘2개 이상의 단위체가 하나의 사회단위로 이전해 가는 과정’이라고 할 수 있습니다. 이것은 ‘상호 이익을 증진하기 위한 집단적 행위’라는 점에서 무력에 의한 병합이나 외부세력에 의해 하나의 국가로 편입되는 경우와는 달리 자발적 행위로 이해됩니다.","P","통일에서 자발적 행위가 중요한 이유를 설명해 주세요."
"2","통일정책에 대해 설명해 주세요.","국내법적으로 대한민국은 한반도의 유일 합법정부로서 그 주권은 한반도와 그 부속도서 전체에 미친다고 명시되어 있습니다. 즉, 대한민국만이 한반도와 한민족을 독점적으로 대표할 수 있다는 뜻이며, 북한정권은 합법적 정부가 아니기 때문에 적화통일만이 유일한 통일정책임을 시사하고 있습니다.","F",""
"2","통일정책에 대해 설명해 주세요.","대한민국은 한반도의 유일한 합법정부라고 국내법에 명시되어 있으므로, 정치적 통합 측면에서도 남북한은 지난날 하나의 정치적 단위라고 보기 어렵습니다. 정치적 통합을 위해서는 기관통합·정책통합·태도통합·공동체의식이 필요한데, 이 중 어느 하나도 충족되고 있지 않기 때문입니다. ","F",""
"2","통일정책에 대해 설명해 주세요.","통일이라는 개념을 이해하기 위해서는 먼저 정치학이나 사회학에서 통일보다 훨씬 더 널리 쓰이는 통합이라는 개념을 살펴볼 필요가 있습니다. 통합은 일반적으로 ‘2개 이상의 단위체가 하나의 사회단위로 이전해 가는 과정’이라고 할 수 있습니다. 그러나 대한민국의 헌법을 미루어 보았을 때, 한반도의 통합은 자발적 행위로 이해되기 보다는 무력에 의한 병합이나 강제력을 바탕으로 북한을 편입시키는 것이라고 보는 것으로 이해됩니다. ","F",""
"2","통일정책에 대해 설명해 주세요.","통합 가운데 가장 어렵고 또 그 결과가 가장 큰 정치적 통합은 2개 이상의 정치적 단위가 하나의 정치적 단위로 합쳐지는 것입니다. 이것을 위해서는 기관통합·정책통합·태도통합·공동체의식이 필요합니다. 한반도의 경우, 남북한이 지난날 하나의 정치적 단위였으므로 재통일이라고 할 수 있습니다.","P","정치적통합이 가장 어려운 이유를 설명해 주세요."
"2","통일정책에 대해 설명해 주세요.","통일에 대한 기본 입장은 크게 세 측면으로 설명할 수 있습니다. 첫째, 국내법적 측면입니다. 국내법적으로 대한민국은 한반도의 유일 합법정부로서 그 주권은 한반도와 그 부속도서 전체에 미칩니다. 즉, 대한민국이 한반도와 한민족을 독점적으로 대표하는 유일대표권을 가지며, 북한정권을 부인한다는 것을 뜻합니다.","P","북한정권의 특징을 설명해 주세요."
"2","7·4남북공동성명에 대해 설명해 주세요.","통일의 3대원칙으로, 외세에 의존하지 않는 자주의 원칙과 전쟁이나 폭력의 수단에 의존하지 않는 평화의 원칙 및 민족대단합의 세 가지 원칙을 제시하였습니다. 한국이 이 3대원칙에 합의하였다는 것은 대한민국 정부가 취해 온 통일정책의 일대 전환을 의미하였습니다.","P","자주의 원칙에 대해 설명해 주세요."
"2","7·4남북공동성명에 대해 설명해 주세요.","통일의 3대원칙으로, 외세에 의존하지 않는 자주의 원칙과 전쟁이나 폭력의 수단에 의존하지 않는 평화의 원칙 및 민족대단합의 세 가지 원칙을 제시하였습니다. 김대중 정부의 햇볕정책 이후 이뤄진 공동성명으로, 햇볕정책을 공식적으로 문서화한 성명입니다. ","F",""
"2","7·4남북공동성명에 대해 설명해 주세요.","종전에는 북한과의 일체의 협상을 인정하지 않았지만, 국제연합을 통한다면 평화적인 협상이 가능하다는 것을 수용한 성명입니다. 이는 한반도문제의 국제연합화로, 대한민국 정부가 취해 온 통일정책 일대 전환을 의미합니다.","F",""
"2","7·4남북공동성명에 대해 설명해 주세요.","남북적십자회담과, 이산가족상봉 정책이 성공적으로 이뤄진 직후 남북공동성명이 발표되었습니다. 이를 통해 남북조절위원회가 설립되었고, 양국간의 정치적·경제적·군사적 문제들을 심도있게 다룰 수 있게 되었습니다. ","F",""
"2","7·4남북공동성명에 대해 설명해 주세요.","북한정권을 협상의 실체로 인정함을 의미하였습니다. 따라서 할슈타인원칙을 버리게 되었으며, 국제사회가 ‘2개의 코리아’론으로 기우는 경향을 수용하게 되었습니다. 그것은 국제연합을 통해서가 아니라 남북한 당사자들 사이의 직접적이며 평화적인 협상을 통해 통일문제에 접근함을 의미하였습니다. 이는 한반도문제의 탈국제연합화를 수용함을 의미합니다.","P","할슈타인원칙에 대해 설명해 주세요."
"2","7·4남북공동성명에 대해 설명해 주세요.","남북공동성명의 발표 이후 남북대화는 두 가지의 차원에서 활발히 진행되었습니다. 하나는 남북적십자회담으로, 6·25전쟁 동안 남북으로 갈라진 이산가족을 찾아 연결해 주는 사업을 다루었습니다. 다른 하나는 남북조절위원회 회담으로, 정치적·경제적·군사적 문제들을 다루었습니다.","P","남북적십자회담에 대해 설명해 주세요."
"1","햇볕정책에 대해 설명해 주세요.","김대중 정부가 추진한 대북 유화정책의 기조를 지칭한 용어로, 화해와 포용을 기본태도로 하고 남북한 교류와 협력을 증대시켜 북한을 개혁ㆍ개방으로 유도한다는 대북정책을 말합니다. ‘대북 포용정책’이나 ‘대북 화해 협력정책’도 같은 의미를 가진 용어입니다.","P","김대중 정부의 특징을 설명해 주세요."
"1","햇볕정책에 대해 설명해 주세요.","노무현 정부가 추진한 대북 유화정책의 기조를 지칭한 용어로, 화해와 포용을 기본태도로 하고 있습니다. 햇볕정책의 내용에는 남북의 교류와 협력을 증대시켜 북한의 개혁과 개방을 유도하는 것이 포함되어 있습니다. '대북 포용정책'도 같은 의미를 가진 용어입니다.","F",""
"1","햇볕정책에 대해 설명해 주세요.","이 정책은 평화를 파괴하는 일체의 도발 불용의 원칙, 평화통일 배제의 원칙, 화해ㆍ협력 적극 추진의 원칙”이라는 대북정책 3대원칙에 기초해서 안보를 튼튼히 하는 가운데 화해ㆍ협력을 적극 추진하면서 남북관계를 개선해 나가는 정책입니다.","F",""
"1","햇볕정책에 대해 설명해 주세요.","햇볕정책이란 말은 김대중 대통령이 1998년 4월 3일 영국을 방문했을 때 런던 대학교에서 행한 연설에서 처음 사용하였습니다. 강자만이 선택할 수 있는 여유 있는 정책, 적극적인 개입정책스스로 변화할 수 있도록 유도해 나가는 정책이 아니라 단순한 유화정책이나 일방적인 시해정책을 내용으로 하고 있습니다.","F",""
"1","햇볕정책에 대해 설명해 주세요.","이 정책은 평화, 화해, 협력을 통한 남북관계 개선이라는 목표와 평화를 파괴하는 일체의 도발 불용의 원칙, 흡수통일 배제의 원칙, 화해ㆍ협력 적극 추진의 원칙”이라는 대북정책 3대원칙에 기초해서 안보를 튼튼히 하는 가운데 화해ㆍ협력을 적극 추진하면서 남북관계를 개선해 나가는 정책입니다.","P","흡수통일 배제의 원칙에 대해 설명해 주세요."
"1","햇볕정책에 대해 설명해 주세요.","햇볕정책이란 말은 김대중 대통령이 1998년 4월 3일 영국을 방문했을 때 런던 대학교에서 행한 연설에서 처음 사용하였습니다. 북한이 스스로 변화할 수 있도록 유도해 나가는 정책, 단순한 유화정책이나 일방적인 시해정책이 아니라 강자만이 선택할 수 있는 여유 있는 정책, 적극적인 개입정책을 내용으로 하고 있습니다.","P","유화정책과 시해정책을 설명해 주세요."
