"1","에너지에 대해 설명해 주세요.","물리적인 에너지는 일을 할 수 있는 능력을 말합니다. 여기에서 일은 힘과 힘이 작용하는 방향으로의 이동거리의 곱으로 정의되는 물리적 일을 의미합니다. 높은 곳에 있는 물체가 낙하하면 다른 물체에 힘을 가하여 일을 하며, 또 어떤 속도로 운동하는 물체는 그 운동을 방해하려는 다른 물체에 힘을 미쳐서 일을 할 수 있습니다.","P","힘과 에너지의 관계에 대해 설명해 주세요."
"1","에너지에 대해 설명해 주세요.","물리적인 일을 할 수 있는 능력을 말합니다. 에너지의 크기는 물체가 할 수 있는 일의 양을 의미합니다. 중력에 의한 위치에너지 외에도 탄성체의 변형에 의해서 탄성체에 저장되는 탄성위치에너지, 전기력에 의한 위치에너지등의 위치에너지도 정의됩니다. 이러한 위치에너지와 운동에너지의 합을 역학적에너지라고 합니다.","P","중력에 대해 설명해 주세요."
"1","에너지에 대해 설명해 주세요.","에너지란 물리적인 일을 할 수 있는 능력을 말합니다. 따라서 에너지의 양에 따라서 할 수 있는 일의 양이 달라집니다. 그 중 에너지의 기본이라고 할 수 있는 역학적 에너지는 위치에너지와 운동에너지 그리고 중력에너지의 합을 의미합니다.","F",""
"1","에너지에 대해 설명해 주세요.","에너지란 자연적으로만 존재가능합니다. 에너지에 인위적인 변형을  가할 경우 에너지 보존법칙에 의해서 인위적인 변형의 값이 에너지에서 상실되기 떄문입니다. 따라서 에너지를 조작하기 위해서는 자연에너지에 크게 의존해야 합니다.","F",""
"1","에너지에 대해 설명해 주세요.","에너지란 물리적인 에너지인 위치,운동,중력,탄성 에너지로 구별될 수 있으며 비물리적 대상이 가지고 있는 비물리적 에너지인 소리,빛,열,화학에너지 등으로 구별됩니다. 이들은 모두 에너지이기 떄문에 열역학 법칙의 제약을 받습니다.","F",""
"1","에너지에 대해 설명해 주세요.","자연계에는 여러 물리적 상태에 따라 그 크기가 결정되는 많은 에너지 형태가 있습니다. 열에너지, 화학에너지, 소리에너지, 빛에너지 등을 예로 들 수 있습니다. 아인슈타인의 상대성이론에 따르면 질량과 에너지는 등가입니다. 따라서 물체의 질량이 감소하면 그에 해당하는 에너지가 발생합니다.","P","소리에너지에 대해 설명해 주세요."
"1","에너지의 변환에 대해 설명해 주세요.","에너지는 운동에너지, 위치에너지, 전기에너지, 열에너지, 빛에너지, 소리에너지, 화학에너지 등으로 다양한 형태를 가집니다. 한 에너지의 형태는 다른 에너지의 형태로 변환이 가능합니다. 위치에너지와 운동에너지 사이의 변환은 역학적에너지 사이의 변환으로 전후의 총 역학적에너지가 보존되는 형태로 이루어집니다.","P","역학적에너지에 대해 설명해 주세요."
"1","에너지의 변환에 대해 설명해 주세요.","에너지 변환이란 열역학 제 2법칙인 에너지보존의 법칙을 통해서 이뤄집니다 특별한 변형이 없으면 운동에너지가 위치에너지로 변환될 때 그대로 변환된다는 법칙이 열역학 제 1법칙인데 이를 통해 우리는 어떠한 에너지가 형태를 변형하더라도 그 크기를 가늠할 수 있게 됩니다.","F",""
"1","에너지의 변환에 대해 설명해 주세요.","에너지의 변환은 인위적인 힘이 존재해야만 변화할 수 있습니다. 우리가 전기에너지를 통해 열에너지를 만들거나 풍력에너지를 통해 전기에너지로 변화하거나 위치에너지를 운동에너지를 변화시킬 땐 모두 인위적인 힘의 작용이 존재해야만 합니다.","F",""
"1","에너지의 변환에 대해 설명해 주세요.","에너지의 변환은 항상 변형이 필요합니다. 특별한 변형이 없으면 다른 에너지로 존재할 수 없습니다. 반감기가 존재하는 방사능물질 역시 특별한 인위적인 변형이 존재하지 않을 경우 반감기가 흘러가지 않아 영구적으로 보존될 수 있습니다.","F",""
"1","에너지의 변환에 대해 설명해 주세요.","발전기에서는 운동에너지가 전기에너지로 변환됩니다. 또 전기에너지는 가정으로 전해져서 여름에 선풍기의 전동기를 회전시키는 운동에너지로 변하고, 전기장판이나 헤어드라이어, 커피포트 등의 전열기를 통해 열에너지로, 전등을 통해 빛에너지로 변환됩니다. 그 밖에 라디오나 오디오를 통해 전기에너지가 소리에너지로 변환됩니다.","P","빛에너지에 대해 설명해 주세요."
"1","에너지의 변환에 대해 설명해 주세요.","대부분의 에너지는 하나의 형태에서 다른 하나의 형태로 모두 변환되는 것이 아니라 여러 형태의 에너지로 동시에 변환됩니다. 석유를 연소시켜서 자동차를 움직이는 경우, 엔진에서 석유의 화학에너지가 모두 자동차의 운동에너지로 바뀌는 것이 아니라 운동에너지와 열에너지, 소리에너지 등으로 나누어져 변환됩니다.","P","에너지가 여러 형태의 에너지로 변환하는 이유를 설명해 주세요."
"2","에너지의 단위에 대해 설명해 주세요.","물리적 에너지는 일을 할 수 있는 능력으로 일과 같은 단위를 가집니다. 국제 단위계에서는 줄로 나타냅니다. 일의 정의로부터 기본 물리량인 질량, 길이, 시간의 단위를 사용하여 줄을 표현할 수 있습니다. 일은 힘과 거리의 곱이므로 에너지의 단위도 힘의 단위와 거리의 단위의 곱으로 표현됩니다.","P","질량에 대해 설명해 주세요."
"2","에너지의 단위에 대해 설명해 주세요.","원자물리학이나 소립자물리학에서는 입자의 질량이 매우 작아서 줄보다 작은 에너지 단위인 전자볼트 eV를 사용합니다. 1eV는 전자가 1V의 전위차에 의해서 가속될 때 얻는 운동에너지입니다. 쿨룽은 전하의 국제단위계이며 IC는 1A의 전류가 1총 동안 흘렀을 때 이동한 전하량입니다.","P","소립자물리학의 특징을 설명해 주세요."
"2","에너지의 단위에 대해 설명해 주세요.","에너지의 단위는 다양하지만 보통 모든 단위는 에너지를 통해 발생하는 힘의 크기를 측정합니다. 대표적으로 cal이 있는데 칼로리는 지방에서 발생하는 에너지를 기준으로 이를 1cal로 보아 다른 단백질이나 탄수화물이 인체에서 발생하느 에너지를 측정하는 단위입니다.","F",""
"2","에너지의 단위에 대해 설명해 주세요.","전기 에너지의 단위인 볼트는 V로 표현됩니다. 에너지 단위가 국가적으로 통일되어있지 않다는 전형을 보여주는 단위이기도 합니다. 우리나라에서 220V인 에너지는 일본이나 미국의 경우 110V로 측정되어 다른 숫자를 띄지만 그 에너지 보유량은 동일합니다.","F",""
"2","에너지의 단위에 대해 설명해 주세요.","에너지 단위는 통일 될 수 없습니다. 에너지가 매개로하는 대상이 다를 경우 에너지는 동일한 에너지로 변환될 수 없기 때문입니다. 따라서 에너지는 대부분 수량으로만 표시하며 그 단위는 매개 물질에 따라서 다양하게 표현될 수 있습니다.","F",""
"2","에너지의 단위에 대해 설명해 주세요.","1 에르그는 물체에 1 dyne의 힘이 작용하여 작용한 방향으로 물체가 1cm 이동하였을 때 그 힘이 물체에 한 일로 정의합니다. 칼로리의 일반적인 정의는 물 1그램을 1도씨 올리는데 소요되는 열량입니다. 영양학에서도 생리적 열량의 단위로서 칼로리를 사용하는데 이때의 칼로리 단위는 cal 이 아닌 Cal 입니다.","P","dyne 단위에 대해 설명해 주세요."
"1","에너지 보존법칙에 대해 설명해 주세요.","운동에너지, 위치에너지, 열에너지, 빛에너지, 소리에너지, 전기에너지, 화학에너지 등 많은 형태의 에너지들은 갑자기 생기지도 않고 사라지지도 않습니다. 서로 모습을 바꾸어 나타날 뿐입니다. 에너지가 다른 에너지로 전환될 때, 전환 전후의 에너지 총합은 항상 일정하게 보존된다는 것이 바로 '에너지보존법칙'이며, 이는 물리학의 기본 법칙입니다.","P","물리학에서 에너지가 중요한 이유를 설명해 주세요."
"1","에너지 보존법칙에 대해 설명해 주세요.","에너지가 다른 에너지로 전환될 때, 전환 전후의 에너지 총합은 항상 일정하게 보존된다는 것이 바로 '에너지보존법칙'이며, 이는 물리학의 기본 법칙입니다. 특수상대성이론에 따르면 질량이 곧 에너지가 되므로 에너지보존은 질량보존과 함께 다루어지기도 합니다. 에너지보존법칙은 닫힌 물리계에 작용하는 알짜힘이 0이면, 그 물리계의 총에너지는 시간에 따라 변하지 않고 일정하다는 법칙을 말합니다.","P","알짜힘에 대해 설명해 주세요."
"1","에너지 보존법칙에 대해 설명해 주세요.","에너지 보존 법칙이란 열역학 2법칙을 의미합니다. 에너지가 그 형태를 달리하더라도 인위적으로 변형이 존재하지 않으면 에너지 고유의 수량은 일정하다는 법칙으로 현재에도 통용되는 켈빈의 법칙입니다.","F",""
"1","에너지 보존법칙에 대해 설명해 주세요.","에너지가 다른 에너지로 전환될 때 그 에너지의 총합은 일정하다는 법칙을 의미합니다. 그러나 실생활에서는 다른 에너지로 전환되는 시점을 측정하는 것이 불가능하기 때문에 원리적으로 타당하지만 실생활에는 적용될 수 없는 법칙입니다.","F",""
"1","에너지 보존법칙에 대해 설명해 주세요.","켈빈의 열역학1법칙으로서 현재의 물리학에도 적용되는 개념입니다. 에너지 보존법칙은 거시물리학 뿐만 아니라 현재의 양자역학에도 통용되는 개념으로 이를 통해 전자의 위치와 속도를 동시에 파악가능하게 되었습니다.","F",""
"1","에너지 보존법칙에 대해 설명해 주세요.","증기기관에서는 수증기 분자의 '열에너지'가 터빈의 '운동에너지'로 바뀝니다. 수력발전소에서는 물의 '위치에너지'가 터빈의 '운동에너지'로, '운동에너지'가 다시 발전기를 거쳐 '전기에너지'로 바뀝니다. 반면 전동기에서는 '전기에너지'가 '운동에너지'로 바뀝니다. 이때 전환 전의 에너지의 총량은 전환 후의 에너지의 총량과 같습니다.","P","에너지의 총량이 전환 전과 후에 같기 위한 조건을 설명해 주세요."
"2","열역학 제2법칙을 설명해 주세요.","고립된 계에서 온도가 다른 두 물체를 접촉시켰을 때 저온의 물체에 있는 열에너지가 고온의 물체로 이동해서 저온의 물체는 더 차가워지고 고온의 물체는 더 뜨거워져도 이때 이동하는 에너지의 양만 같다면, 즉 에너지의 보존 법칙에는 모순이 되지 않습니다.  따라서 이러한 과정이 가능한 것으로 보이지만 실제로는 이러한 과정은 일어나지 않습니다. ","P","고립된 계의 특징을 설명해 주세요."
"2","열역학 제2법칙을 설명해 주세요.","열역학 제1법칙은 에너지가 보존된다는 것을 의미할 뿐이며, 열의 이동 방향에 대하여 아무런 제한을 가하지 않습니다. 그러므로 자연계에는 에너지 보존 법칙과 다른 자연 현상의 비가역 진행 방향을 결정하는 어떤 법칙이 있다고 생각되며 이러한 방향성을 정해 주는 일반적인 표현을 열역학 제2법칙이라고 합니다.","P","비가역 진행의 의미를 설명해 주세요."
"2","열역학 제2법칙을 설명해 주세요.","열역학 제 2법칙은 온도가 다른 두 물체에게 적용되는 법칙으로 열에너지가 고온에서 저온인 물체로 이동해서 두 대상의 온도가 동일해진다는 것을 말합니다. 이 떄 이동하는 에너지 양이 같다면 열역학 제 1법칙에 의해서 두 대상의 에너지가 동일해집니다.","F",""
"2","열역학 제2법칙을 설명해 주세요.","켈빈의 열역학 2법칙은 열에너지에 대한 개념으로서 다른 에너지에는 통용되지 않습니다. 따라서 열에너지가 위치에너지로 변환되었을 경우 열역학 제 2법칙을 사용할 수 없다는 단점을 가지고 있습니다. 또한 열 에너지가 보존되기 위해서는 진공상태의 플라스크가 반드시 필요하다는 조건이 부가됩니다.","F",""
"2","열역학 제2법칙을 설명해 주세요.","열역학 제 2법칙은 저온의 물체에서 고온의 물체로 열이 이동하여 저온은 더욱 낮은 온도로 고온은 더욱 높은 온도로 변한다는 가설입니다. 그러나 이는 입자의 크기가 동일한 경우에만 적용되는 법칙으로서 두 대상의 입자가 다를경우 해당 법칙에 위배되는 결과가 나타납니다.","F",""
"2","열역학 제2법칙을 설명해 주세요.","열은 고온의 물체에서 저온의 물체 쪽으로 흘러가고 스스로 저온에서 고온으로 흐르지 않습니다. 일정한 온도의 물체로부터 열을 빼앗아 이것을 모두 일로 바꾸는 순환 과정은 존재하지 않습니다. 제2종 영구 기관은 존재하지 않습니다. 고립된 계의 비가역 변화는 엔트로피가 증가하는 방향으로 진행합니다.","P","제2종 영구기관에 대해 설명해 주세요."
"1","전자에 대해 설명해 주세요.","전자는 음전하를 가지고 있는 기본 입자로서 원자의 구성 성분이기도 합니다. 가장 먼저 발견된 기본 입자이자 가장 잘 알려진 기본 입자이며, 또한 가장 중요한 기본 입자입니다. 지구 중력에 의한 현상을 제외하고 우리 주변에서 일어나는 거의 모든 현상에는 전자가 핵심적으로 관여하고 있습니다.","P","원자에 대해 설명해 주세요."
"1","전자에 대해 설명해 주세요.","전자는 전하를 가진 입자 중에서 가장 가벼운 질량으로 절대적으로 안정하여 수명이 무한대이며 다른 입자로 붕괴하지 않습니다. 이러한 사실 때문에 현재 우리 우주에서 원자의 주요 구성 성분으로 가장 중요한 역할을 하고 있는 것입니다. 전자는 네 가지의 근본적인 힘 중에서 중력, 전자기력, 약력은 작용하지만 강력은 작용하지 않습니다.","P","강력에 대해 설명해 주세요."
"1","전자에 대해 설명해 주세요.","전자란 양성자 중성자와 더불어 원자를 구성하는 주요 구성성분입니다. 원자가 전자를 잃으면 전하가 음전하를 띄게되고 전자를 얻으면 전하가 양전하를 띄게 되는 성질을 가지고 있어 이 특징은 현재 전자기력을 만드는데 널리 통용되고 있습니다.","F",""
"1","전자에 대해 설명해 주세요.","전자는 원자를 구성하는 요소로서 음전하를 띄고 있습니다. 따라서 같은 전하를 띄는 전자끼리는 서로 밀어내게됩니다. 또한 원자에 존재하는 양성자는 양전하르 띄기 떄문에 전자를 계속 끌어당겨서 양전하와 전자는 분리될 수 없습니다.","F",""
"1","전자에 대해 설명해 주세요.","전자는 음전하를 띄는 원자의 구성성분입니다. 양성자가 세상에 알려지며 양전하를 띔에 따라 음전하를 띄는 대상을 찾게 되었고 양성자를 찾은 다음 실험을 통해서 음전하가 발견되었습니다. 우리 주변에서 이뤄지는 모든 현상에는 전자가 작용합니다.","F",""
"1","전자에 대해 설명해 주세요.","전자는 양성자, 중성자와 더불어 원자의 주요 구성성분입니다. 중성 원자에는 같은 수의 양성자와 전자가 있고 양성자가 전자보다 2000배 정도 무겁기 때문에 질량으로 보면 원자에서 전자가 차지하는 비중은 1/2000이 채 되지 않습니다. 따라서 원자들이 모여 어떤 물질을 만들면 전자에 의한 질량은 무시할 수 있습니다.","P","양성자에 대해 설명해 주세요."
"1","전기에 대해 설명해 주세요.","전기 발견 초기에는 자기와 분리되었으나, 현재는 맥스웰 방정식에 의해 전자기로 통합되었습니다. 일상생활에서 자주 사용하는 TV, 냉장고, 세탁기와 같은 가전제품을 사용할 수 있는 것은 바로 전기가 있기 때문입니다. 또 공장의 각종 기계, 길거리의 수많은 가로등에도 공급되어, 편리한 생활과 떼려야 뗄 수 없는 중요한 역할을 합니다.","P","맥스웰방정식에 대해 설명해 주세요."
"1","전기에 대해 설명해 주세요.","16세기 말 영국의 윌리엄 길버트는 자석에 대한 연구로 호박이 지니는 인력과 자석의 인력과의 차이를 처음으로 명확히 밝힙니다. 1752년 미국의 벤저민 프랭클린은 연을 이용한 실험을 통해 번개의 전기적 성질을 증명합니다. 프랑스의 물리학자 뒤페는 전하에 양과 음의 구별이 있다는 사실을 발견하였습니다.","P","전하에 대해 설명해 주세요."
"1","전기에 대해 설명해 주세요.","전기란 자기와 구별되는 개념으로 현재 TV,냉장고,컴퓨터 등 다양한 개념으로 사용되고 있습니다. 또한 전기는 외부적인 요인과 무관하게 에너지를 지속적으로 보급가능하다는 장점을 가지고 있어 현대 기술의 발전에 핵심적인 역할을 합니다.","F",""
"1","전기에 대해 설명해 주세요.","전기는 원래 자기와 구별되는 개념을 생각되었으나 맥스웰의 방정식에 의해 동일한 에너지로 취급되어 전자기로 통합되었습니다. 전자기력은 우주에 존재하는 4개의 주요 힘 중 하나로 전자기력 외에 약력, 척력, 강력 등이 있습니다. ","F",""
"1","전기에 대해 설명해 주세요.","전기는 일상생활에 가장 필요한 에너지로서 우리에게 없어서는 안되는 존재입니다. 우리가 사용하는 모든 대상 심지어 인간에게까지 전기가 존재하기 떄문입니다. 따라서 전기는 현대 사회를 구성하는 기본 단위이자 필요충분조건으로서 기능합니다.","F",""
"2","기전력에 대해 설명해 주세요.","기전력은 영문 약어로 emf로 표기하며, 배터리 같은 전원에 의해 생성되는 전위차를 뜻합니다. 외부에 전류가 흐르지 않으면 이 전위차에 의한 전기장이 전원의 기능을 멈추게 되는데 이때의 전위차를 기전력이라고 합니다. 즉, 도체의 양끝에서 일정한 전위차를 계속해서 유지시킬 수 있는 능력을 뜻합니다.","P","전류에 대해 설명해 주세요."
"2","기전력에 대해 설명해 주세요.","기전력의 생성 전자기 유도 하에서 기전력은 두 도체 사이의 고리 내에서 전하가 한 방향으로 한 바퀴 돌면서 행한 일의 양으로 정의됩니다. 그런데 고리 내에서 시간의 변화에 따라 생기는 자속의 경우 순환하고 있는 전기 벡터장이 존재하기 때문에 전기적 위치 에너지가 정의되지 않습니다.","P","벡터장에 대해 설명해 주세요."
"2","기전력에 대해 설명해 주세요.","기전력이란 배터리에서 흔히 발생합니다. 배터리가 전원을 키게되면 전위차가 발생하는데 이로써 기전력이 발생합니다. 배터리가 한번 전기가 흐르게 되면 지속적으로 전기가 흐르게되는데 이는 전원이 꺼져도 지속되게 됩니다. 이 지속성은 기전력에 의해서 발생하는 것입니다.","F",""
"2","기전력에 대해 설명해 주세요.","기전력은 두개의 전자가 서로 음전하를 띄기때문에 밀어내는 척력이 발생하여 나타나는 에너지입니다. 전자가 서로를 밀어내며 원자에서 한바퀴를 돌면 기전력이 발생하는데 이런 기전력을 바탕으로 전기적 위치에너지를 정의할 수 있습니다.","F",""
"2","기전력에 대해 설명해 주세요.","기전력은 마이클 패러데이에 의해서 발견되었습니다. 두 단자 사이에서 전위차가 발생하여 전위차가 양인 부분의 전자가 음인 부분의 전자로 이동하는 것이 기전력이라고 할 수 있습니다. 기전력을 통해 전자가 이동하는 이유와 그 이동을 가능하게 하는 에너지를 파악할 수 있게 되었습니다.","F",""
"2","기전력에 대해 설명해 주세요.","기전력은 1830년대에 마이클 패러데이가 볼타전지 내에서 전극과 전해질 사이의 계면에서 생성되며 계면에서 발생하는 반응이 전류를 유도한다는 가정을 확립하며 정의되었습니다. 배터리의 경우 두 개의 단자 사이에 전위차를 갖게 하는 원인은 각 양 끝단의 전극에서 발생하는 화학반응에 의해 생성됩니다.","P","볼타전지에 대해 설명해 주세요."
"1","축전기에 대해 설명해 주세요.","두 도체판 사이에 두고 전압을 걸면 음극에는 (-)전하가, 양극에는 (+)전하가 같은 크기로 모입니다. 이때 모이는 전하량은 전압에 비례합니다. 축전기는 이런 원리를 이용하여 전자회로에서 전하를 충전하거나 방전하는 역할을 합니다. 보통 2장의 서로 절연된 금속판 또는 도체판을 전극으로 하고 그 사이에 절연체 또는 유전체를 넣습니다.","P","유전체에 대해 설명해 주세요."
"1","축전기에 대해 설명해 주세요.","진공 축전기는 유전체를 사용하지 않고 진공관과 같은 진공용기 속에 전극을 마주놓은 축전기입니다. 진공 속에서는 글로방전이 발생하지 않고 대기 속의 습도·탄산가스 등의 영향이 없으므로 내전압이 높고 안정적 입니다. 따라서 전극 사이 거리를 좁힐 수 있으며, 소형으로 큰 용량을 얻을 수 있습니다.","P","글로방전에 대해 설명해 주세요."
"1","축전기에 대해 설명해 주세요.","축전기란 전기를 만들어내는 기계로 전압을 걸면 양극과 음극이 형성되어 방전이 발생하는 원리를 나타낸 것입니다. 현재 축전기는 사용되지 않지만 건전지가 축전기를 바탕으로 생성되었으므로 건전지를 통해 축전기의 구성을 이해할 수 있습니다.","F",""
"1","축전기에 대해 설명해 주세요.","축전기는 어떤 대상을 매개로 하냐에 따라서 다양합니다. 공기의 먼지를 매개로 전기를 만들면 공기축전기, 유기체를 통해 전기를 만들면 유기체축전기, 물을 통해 만들면 수력축전기로 분류됩니다. 이중 유기체 축전기가 전하량이 높아 자주사용됩니다.","F",""
"1","축전기에 대해 설명해 주세요.","진공축전기는 유전체를 발생하지 않고 진공 용기속에서 전극을 마주하여 전압을 발생시키는 축전기 입니다. 그러나 진공을 유지하게 되면 전기를 전달하는 매개가 소실되어 전극을 직접적으로 마주쳐야하기 떄문에 전압을 조절할 수 없다는 단점이 있습니다.","F",""
"1","축전기에 대해 설명해 주세요.","공기 축전기는 유전체로서 공기 자체를 사용하는 축전기입니다. 밀봉하여 건조공기를 충전하면 시간에 따른 변화가 적으므로 표준용으로 사용합니다. 얇은 판으로 된 금속극판이 공기 속의 음향으로 진동하면 두 금속판 사이 거리가 달라져 용량값이 변동합니다. 이것을 억제하기 위해 보통 극판을 상호 결합해서 기계적 강도를 크게 합니다.","P","공기축전기가 표준용으로 사용되는 이유를 설명해 주세요."
"2","자기력에 대해 설명해 주세요.","움직이는 전하 또는 자기모멘트는 또 다른 움직이는 전하 또는 자기모멘트에 힘을 작용하는데 이 힘을 자기력이라고 합니다. 막대자석 주위에서 나침반의 바늘의 N극이 막대자석의 S극을 향하도록 정렬하고 나침반의 위치를 바꾸어도 나침반의 바늘은 이 방향을 유지하도록 회전하는 것을 볼 수 있습니다.","P","나침반의 원리를 설명해 주세요."
"2","자기력에 대해 설명해 주세요.","자기력을 받아서 움직이는 전하 또는 자기모멘트가 그 위치에 따라 받는 자기력이 달라지는 것을 나타내기 위해 자기장이라는 물리량을 정의하는데, 이 자기장은 크기와 방향을 갖는 벡터양입니다. 자기장을 만드는 것은 주위에서 흔히 찾을 수 있는 영구자석 또는 전류가 흐르는 도선 등이 있습니다.","P","영구자석의 특징을 설명해 주세요."
"2","자기력에 대해 설명해 주세요.","자기력이란 움직이는 전하 또는 자기모멘트에 발생하는 힘입니다. 따라서 전하 또는 자기모멘트가 그 움직임을 멈추게 되면 운동에너지가 위치에너지로 바뀌게 되면서 자기력이 사라지게 됩니다. 자기력이 소실되게 되면 자기장이 소실되며 자성을 띄지 않게 됩니다.","F",""
"2","자기력에 대해 설명해 주세요.","자기력을 통해 자석을 만들 수 있는데 자기력은 항상 자기장을 동반합니다. 자기장은 하나의 물리량으로서 정의될 수 있는데 크기와 방향을 가지고 있지 않고 파동처럼 주기만을 가지고 있는 스칼라값으로 정의할 수 있습니다.","F",""
"2","자기력에 대해 설명해 주세요.","자기장을 만드는 것이 자기력입니다. 전류가 흐르게되면 방향과 크기를 가지는 벡터값이 형성되는데 이를 자기장이라고 하고 자기장을 유지, 보존시켜주는 것이 자기력입니다. 따라서 자기장이 변화하게 되면 자기력이 변화합니다. 이들은 반비례관계이기 떄문에 자기장이 커지게되면 자기력은 감소합니다.","F",""
"2","자기력에 대해 설명해 주세요.","자기장을 만드는 것은 주위에서 흔히 찾을 수 있는 것은 전류가 흐르는 도선입니다. 전류가 흐르는 도선의 주위에 생기는 자기장의 크기와 방향은 비오·사바르의 법칙으로 구할 수 있습니다. 전류가 흐르는 도선이 만드는 자기장의 크기는 전류의 크기에 비례하고 전류로부터의 거리의 제곱에 반비례합니다.","P","비오사바르의 법칙에 대해 설명해 주세요."
"1","화석연료에 대해 설명해 주세요.","지각에 파묻힌 동식물의 유해가 오랜 세월에 걸쳐 화석화하여 만들어진 연료로서 이것에 의해서 얻어진 에너지를 화석에너지라고 합니다. 현재 인류가 이용하고 있는 에너지의 대부분이 이에 해당합니다. 20세기 초까지 인류의 중요 에너지 자원은 석탄이었으나 곧 석유와 천연가스에 의한 유체에너지로 대체되었습니다.","P","석탄과 석유에 대해 설명해 주세요."
"1","화석연료에 대해 설명해 주세요.","화석연료는 지구상에서 매장 지역, 즉 자원의 편중이 심하기 때문에 가격과 공급 면에서 항상 불안정한 요소를 지닙니다. 따라서 한국과 같은 석유비생산국은 `석유파동'이라는 극심한 문제에 시달립니다. 또한 재생이 불가능하고 매장량이 한정되어 있으며 환경오염의 원인물질이라는 단점도 동시에 갖고 있습니다.","P","화석연료와 환경오염의 관계를 설명해 주세요."
"1","화석연료에 대해 설명해 주세요.","화석연료란 지구에 매장된 석탄과 석유를 매개로 하여 에너지를 만드는 연료를 말하며 지구 상에 존재하기 때문에 모두의 공공자원으로 인식됩니다. 따라서 자원의 분포와 상관없이 전세계인이 공유하고 있는 자원으로 지역에 따라 그 가격이 동일합니다.","F",""
"1","화석연료에 대해 설명해 주세요.","화석연료는 지구온난화를 일으킨다는 가설이 있으나 실상은 제대로 파악되고 있지 않습니다. 지구 상에 존재하고 있는 에너지를 쓰고 있을 뿐인데 이것은 자연적인 현상으로서 화석연료는 환경오염과 직접적인 연관성이 존재하지 않습니다.","F",""
"1","화석연료에 대해 설명해 주세요.","화석연료는 지구상에 산발적으로 분산되어있는 석유나 석탄을 의미합니다. 이것에 의해서 만들어지는 에너지를 화석에너지라고 합니다. 현재는 자연에너지의 개발로 화석에너지의 대부분의 자연에너지로 대체되고 있는 실정이어서 대부분의 국가가 사용하고 있지 않습니다.","F",""
"1","원자력에 대해 설명해 주세요.","핵반응은 핵분열, 핵융합, 자연방사능 붕괴 등의 다양한 방법으로 발생할 수 있습니다. 핵반응에 의해 발생하는 에너지는 다른 화학적, 전기적 등의 방법으로 발생한 에너지보다 매우 크게 나타납니다. 이러한 이유로 원자력은 여러 분야에서 활용이 시도 되었으나 이때 핵반응에서 발생하는 에너지는 매우 크기 때문에 다루기가 어렵습니다.","P","자연방사능붕괴에 대해 설명해 주세요."
"1","원자력에 대해 설명해 주세요.","주 핵반응 물질로서 우라늄 및 플루토늄 동위 원소를 이용하여 핵분열 발전을 하고 있으며 현재 대한민국에서 발전되어 공급하는 전기 중에 가장 많은 부분이 원자력으로부터 생산되고 있습니다. 원자력은 현대 문명의 산물로 인류에게 많은 이점이 되기도 하지만 방사성을 가지는 부산물의 완전한 처리가 과제로 남아있습니다.","P","동위원소에 대해 설명해 주세요."
"1","원자력에 대해 설명해 주세요.","원자력이란 핵분열을 통해서 만들어지는 에너지를 말합니다. 핵분열 반응에서 발생하는 에너지를 통해서 전기를 생산하는 것이 원자력인데 모든 원소는 핵분열이 가능하기 때문에 어떤 원소로도 원자력을 만들 수 있다는 장점이 있습니다.","F",""
"1","원자력에 대해 설명해 주세요.","원자력이란 핵융합을 통해서 만들어지는 에너지로 전기를 생산하는 방식으로 안정성으로나 자연친화성으로나 다른 에너지에 비해 월등한 능력을 자랑하기 떄문에 현재도 자주사용되고있습니다. 원자력 발전소는 효율성이 높기 때문에 주로 도심 중심가에 발전소를 놓고 사용중십니다.","F",""
"1","원자력에 대해 설명해 주세요.","핵융합을 인위적으로 발생시켜 만들어지는 에너지로 전기를 만드는 것이 원자력입니다. 최근에는 질소를 핵융합하여 에너지를 얻는 방식이 사용되고 있는데 반감기가 짧고 방사성 물질이 남지 않는다는 장점이 있고 안전하여 널리 통용되고 있습니다.","F",""
"1","원자력에 대해 설명해 주세요.","핵융합은 태양 내부 에너지의 기원으로 잘 알려져 있습니다. 우리가 ‘별’이라고 부르는 ‘항성’들은 핵융합을 통한 원자력 에너지의 발생형태로서 전자기파를 방출해 반짝이고 있습니다. 수소 핵융합 반응은 반응 후 방사성 물질을 생성하지 않고, 원료인 수소를 반영구적으로 공급받을 수 있다는 점에서 차세대 에너지원으로 각광받고 있습니다.","P","전자기파에 대해 설명해 주세요."
"1","방사선에 대해 설명해 주세요.","불안정한 원자핵을 가지고 있는 원소가 방사선을 내놓고 다른 원소로 변해가는 것을 방사성 붕괴라고 합니다. 불안정의 정도에 따라 방사성 붕괴에 걸리는 시간이 다릅니다. 어떤 양의 방사성 원소가 붕괴하여 반이 남는 데 걸리는 시간을 반감기라고 합니다. 반감기가 짧을수록 더 불안정한 원자핵입니다.","P","불안정한 원자핵의 특징을 설명해 주세요."
"1","방사선에 대해 설명해 주세요.","원자력 발전의 연료로 사용되는 우라늄235의 반감기는 약 7억 년이고, 연료로 사용하지 않는 우라늄238의 반감기는 약 46억 년입니다. 이런 원자핵들은 매우 안정한 편이어서 쉽게 붕괴되지 않습니다. 그러나 이런 원자핵에 중성자가 들어가면 양성자와 중성자의 비율이 달라져 불안 정도가 커지기 때문에 쉽게 분열됩니다.","P","중성자에 대해 설명해 주세요."
"1","방사선에 대해 설명해 주세요.","방사선이란 핵분열에 의하여 원소가 다른 원소로 변화하는 과정에서 방사선 붕괴가 일어날 떄 나타납니다. 이는 각 원소마다 다양하게 나타나는데 방사성 붕괴가 완료되는 시기를 반감기라하고 반감기가 짧을 수록 더 불안정한 원자핵입니다,.","F",""
"1","방사선에 대해 설명해 주세요.","방사선은 인체에 매우 유해하기 떄문에 그 처리에 있어서 안정성이 최대한 보장되어야 합니다. 따라서 모든 원자력을 사용하는 곳에서는 방사선 물질을 즉시 파기하거나 강가에 버림으로써 방사선이 인류에게 피해를 주지않도록 최선을 다하고 있습니다.","F",""
"1","방사선에 대해 설명해 주세요.","방사선은 핵폭탄과 같은 극단적인 핵융합이 발생할 경우에만 발생하며 원자력은 상대적으로 핵융합이 적기 떄문에 발생하지 않습니다. 또한 방사선은 X-ray에서도 활용될 만큼 인체에게 무해한 요소를 가지고 있지만, 사람들의 두려움 때문에 위험요소로 오해받고 있습니다.","F",""
"1","방사선에 대해 설명해 주세요.","방사성 원소들이 붕괴할 때는 항상 방사선이 나옵니다. 방사선은 큰 에너지를 가지고 있어 인체에 큰 영향을 줄 수 있습니다. 따라서 방사선의 세기를 측정하여 인체의 유해 정도를 알아보는 것은 매우 중요한 문제가 되었습니다. 방사선의 세기를 측정하는 가장 오래된 방법은 1초에 몇 번의 방사성 붕괴가 일어나느냐를 측정하는 것입니다.","P","방사선이 인체에 미치는 영향을 설명해 주세요."
"1","태양열에 대해 설명해 주세요.","태양에서 방사되는 전자기파로부터 얻어지는 복사열을 의미합니다. 태양은 내부에서의 핵융합 반응으로 인해 높은 열에너지를 가지고 있는데, 이로 인해 끊임없이 많은 복사파를 외부로 방출하고 있습니다. 지구는 태양으로부터 오는 전자기파 복사를 통해 열에너지를 얻게 됩니다.","P","복사열에 대해 설명해 주세요."
"1","태양열에 대해 설명해 주세요.","태양열 발전의 기본 원리는 기본적으로 발전기 또는 엔진과 같은 열역학적 시스템을 통해 태양 복사를 열에너지로 전환하는 것입니다. 넓은 영역의 태양빛을 좁은 영역으로 집중시켜서 열에너지를 축적합니다. 이렇게 만들어진 열에너지를 다시 전기를 생성하는데 이용할 수 있는 기계적 에너지로 변환시킵니다.","P","열역학적 시스템에 대해 설명해 주세요."
"1","태양열에 대해 설명해 주세요.","태양열이란 태양에서 발생하는 핵융합을 그대로 모방하여 전기를 만드는 방식을 말합니다. 이는 원자력 발전보다 훨씬 많은 핵융합과 방사선을 일으키기 떄문에 굉장히 위험하여 현재에는 태양열 발전의 개발을 원천적으로 금지하고 있습니다.","F",""
"1","태양열에 대해 설명해 주세요.","태양열 발전의 기본 원리는 태양 복사에너지를 열에너지로 전환하는 것입니다. 그러나 이때 발생하는 복사에너지를 전부 열에너지로 치환할 수 없습니다. 전부 치환하게 되면 너무 많은 에너지로 인해서 이를 수용할 공간의 위험성이 크기 떄문에 현재느 1/10만 치환하고 있습니다.","F",""
"1","태양열에 대해 설명해 주세요.","태양열 에너지는 인체에 무해한 친환경적인 에너지 자원으로 각광받고 있습니다. 그러나 그 효율이 지나치게 떨어지기 때문에 통용되지는 못합니다. 태양에너지가 효율을 높이기 위해서는 복사에너지를 그대로 열에너지로 치환하는 기술이 필요한데 현재로서는 기술적 한계에 부딪혀있습니다.","F",""
"1","태양열에 대해 설명해 주세요.","태양열 에너지는 다른 태양 에너지를 이용한 발전방식과 마찬가지로 태양광을 열원으로 이용하기 때문에 대기오염을 일으키지 않으며 산업 폐기물 등이 발생하지 않는다는 점에서 친환경적인 에너지 자원으로 여겨집니다. 태양열 발전 현황과 미래 해외 국가들의 태양열에너지 시스템 대부분은 난방 및 가정용 온수기로 활용되고 있습니다.","P","친환경 에너지 자원의 종류를 설명해 주세요."
"2","태양전지에 대해 설명해 주세요.","태양전지는 태양의 빛에너지를 전기에너지로 변환시켜 전기를 발생하는 장치입니다. 빛에너지를 전기에너지로 바꿀 수 있다는 점에서 화력발전소나 원자력 발전소로부터 전기를 생산하는 방식보다 친환경 방식으로 알려져 있습니다. 태양전지는 광전효과에 기초한 전자소자입니다.","P","광전효과에 대해 설명해 주세요."
"2","태양전지에 대해 설명해 주세요.","태양전지를 구성하는 재료의 종류에 따라 태양전지를 구분할 수 있는데, 대표적인 것이 실리콘 태양전지입니다. 실리콘 태양전지 중에서도 실리콘의 결정 상태에 따라 단결정 실리콘 태양전지, 다결정 실리콘 태양전지, 비정질 실리콘 태양전지가 있습니다. 일반적으로 단결정 실리콘 태양전지의 광변환 효율이 가장 좋으나, 태양전지 제작 비용이 비싼 단점이 있습니다.","P","비정질 실리콘 태양전지에 대해 설명해 주세요."
"2","태양전지에 대해 설명해 주세요.","태양전지는 태양복사에너지를 열에너지로 열에너지를 다시 전기에너지로 집약하여 전지에 집어넣은 것을 말합니다. 그러나 태양전지는 현재의 건전지와 마찬가지로 일회성이며, 현재에는 전지를 사용하는 기기가 많지 않기 때문에 사용되지 않습니다.","F",""
"2","태양전지에 대해 설명해 주세요.","태양전지를 사용하기 위해서는 태양전지를 포함하고 있는 기기가 태양에 노출되고 있어야 하는 단점이 있습니다. 이로 인해 태양전지 기기는 대부분 낮에만 사용할 수 있고 태양이 없는 밤에는 사용할 수 없는 지나치게 큰 단점을 가지고 있습니다.","F",""
"2","태양전지에 대해 설명해 주세요.","태양전지는 구성하는 재료에 따라 실리콘태양전지, 단결정 실리콘 태양전지, 비정질 실리콘 태양전지가 있습니다. 일반적으로 비정질 실리콘 태양전지가 에너지 효율이 가장 좋으나, 가장 제작 비용이 비싸다는 단점을 가지고 있습니다.","F",""
"2","태양전지에 대해 설명해 주세요.","다결정, 비정질 실리콘으로 갈수록 생산 단가는 낮아지게 되나, 단결정 실리콘 태양전지에 비해 광변환 효율이 낮습니다. 이와 같은 실리콘 기반의 태양전지를 1세대 태양전지라고 합니다. 2세대 태양전지는 재료의 소모량을 극소화시켜 박막이 형태로 제작한 태양전지를 말합니다.","P","2세대 태양전지의 특징을 설명해 주세요."
"1","풍력발전에 대해 설명해 주세요.","바람의 운동에너지를 이용하여 전기에너지를 생산하는 발전 방식을 풍력발전이라고 합니다. 바람에 의해 풍차의 날개가 회전하면, 이것을 기계적 에너지로 변환시켜 전기에너지를 얻는 방식입니다. 이렇게 얻게 되는 에너지는 풍차 날개 길이의 제곱에 비례하고 바람 속도의 세제곱에 비례합니다.","P","풍력발전의 에너지와 풍차의 날개의 관계를 설명해 주세요."
"1","풍력발전에 대해 설명해 주세요.","풍력발전은 별도의 연료가 필요하지 않고, 폐기물이 발생하지 않으며, 온실 효과를 유발하지 않아, 대표적인 청정 에너지 입니다. 하지만 소음의 문제가 있고, 새를 포함한 동물의 이동을 방해한다는 우려가 있습니다. 또한 바람이 불지 않을 경우 발전이 불가능하므로, 특정 세기 이상의 바람이 지속적으로 부는 지역에서만 지엽적으로 발전이 가능하다는 한계가 있습니다.","P","풍력발전의 소음 문제에 대해 설명해 주세요."
"1","풍력발전에 대해 설명해 주세요.","풍력발전이란 바람이 불때 발생하는 열에너지를 운동에너지로 변환하여 전기를 얻는 방식을 말합니다. 주로 풍차를 통해서 바람에서 발생하는 마찰열을 운동에너지로 변환하여 풍차 속에 있는 전지에 그 에너지를 담는 방식으로 이용됩니다.","F",""
"1","풍력발전에 대해 설명해 주세요.","풍력발전은 굉장히 비효율적이라는 단점이 있습니다. 먼저 풍력발전을 운용하기 위한 별도의 에너지가 필요할 뿐더러 바람개비 자체가 초기 비용이 많이듬과 동시에 바람개비가 고장날 경우 그 폐기물이 상당하기 떄문에 현재는 이용되지 않습니다.","F",""
"1","풍력발전에 대해 설명해 주세요.","풍력발전은 바람개비를 이용하는 경우 뿐만 아니라, 바람 자체를 가둠으로써 영구적으로 풍력발전을 가능하게 하는 방식도 사용하고 있습니다. 특정 세기 이상의 바람을 지속적으로 불게 하여 기존의 바람개비 풍력발전의 한계를 깨고 지엽적이지 않고 전세계 모든 지역에서 사용될 수 있는 장점이 있습니다.","F",""
"2","보퍼트 풍력계급에 대해 설명해 주세요.","바람이 강할수록 계급번호가 높아집니다. 관측되는 사실로부터 추정한 풍속에 대한 풍력계급을 말합니다. 1805년 영국의 해군제독인 프랜시스 보퍼트가 제안한 것으로 처음에는 해상의 풍랑상태 로부터 분류하였으나, 후에 육상에서도 사용할 수 있도록 만들어졌습니다.","P","계급번호 별 바람의 특징을 설명해 주세요."
"2","보퍼트 풍력계급에 대해 설명해 주세요.","19세기 초에 영국의 해군제독 보퍼트가 고안하여 풍속계가 일반화하기 전에 사용하였습니다. 연기가 똑바로 올라가는 정온 상태를 0으로 하고, 태풍에 동반된 심한 폭풍을 12로 하여 13등급으로 나누었는데, 범선시대의 군함에 사용되는 돛의 양, 얻어지는 범선의 속도, 바람 등의 관계로부터 만들어지므로 각 계급의 풍속은 일정하지 않았습니다.","P","풍속계의 활용에 대해 설명해 주세요."
"2","보퍼트 풍력계급에 대해 설명해 주세요.","바람의 강도를 알려주는 계급으로 바람이 강할수록 그 계급번호를 낮춥니다. 관측되는 사실을 통해서 이뤄지는 계급으로서 실제 측정이 되지 않으면 풍량상태를 파악할 수 없다는 단점이 있습니다. 0등급을 가장 높은 강도 13등급을 가장 낮은 등급으로 합니다.","F",""
"2","보퍼트 풍력계급에 대해 설명해 주세요.","보퍼트 풍력계급이란 풍력의 강도를 1부터 13까지 재단한 계급으로써 등급이 높아질수록 바람의 세기가 강해집니다. 바람이 존재하지 않을 경우 바람의 강도를 1로 태풍과 쓰나미 등 재난에 의해서 발생한 등급을 13으로 결정합니다.","F",""
"2","보퍼트 풍력계급에 대해 설명해 주세요.","보퍼트 풍력계급을 만든 보퍼트는 미국의 해군 제독으로서 1941년 2차세계 대전에서 군용 목적을 이유로 탄도의 정확성을 높이기 위해서 풍력을 계산하여 계급화하였는데 이것이 보퍼트 풍력계급입니다. 이는 현재에는 일상생활에서도 널리 사용되고 있는 척도입니다.","F",""
"2","보퍼트 풍력계급에 대해 설명해 주세요.","해상 현상으로서의 바람의 강도를 설명하기 위하여 보퍼트 제독이 13계급으로 분류한 바람의 등급표입니다. 여기에 육상용의 설명이 첨가되어 현재의 풍급표가 되었습니다. 선박의 안전운항, 태풍재해 방지 등에 귀중한 자료가 됩니다. 12등급은 싹쓸바람으로 파도와 물보라로 대기가 충만되어 시계가 아주 나빠집니다.","P","풍급표가 태풍재해 방지에 활용되는 방법에 대해 설명해 주세요."
"1","풍속에 대해 설명해 주세요.","지상풍은 건물이나 수목의 영향을 받지 않도록 적당한 높이에 설치된 풍향풍속계로 측정됩니다. 상층풍은 수소나 헬륨을 넣은 기구를 추적해서 측정합니다. 풍속은 지면으로부터 높이에 따라 다르므로 지상 10m 위치의 풍속을 표준으로 합니다. 이보다 낮은 높이에서는 지면마찰의 영향으로 풍속이 작아지고, 높은 높이에서는 커집니다.","P","상층풍의 특징을 설명해 주세요."
"1","풍속에 대해 설명해 주세요.","평균풍속은 공기가 이동한 경로의 길이와 이에 소요된 시간의 비로써 수 분 이상의 일정 시간을 취한 경우를 말하며, 단지 '풍속'이라고도 합니다. 보통 지상기상관측에서는 주어진 시각의 직전 10분 동안 평균값을 평균풍속이라 하고, 그 순간값을 순간풍속이라고 합니다. 10분간에 풍향의 불규칙적인 변화가 있을 때는 변화 후부터 주어진 시각까지의 평균풍향을 취합니다.","P","평균풍향과 평균풍속에 대해 설명해 주세요."
"1","풍속에 대해 설명해 주세요.","풍속이란 바람의 세기를 나타내는 것으로 관측을 통해 얻어집니다. 1분 간격으로 바람의 세기를 측정하여 그 평균값을 평균풍속으로 결정합니다. 평균풍속은 관측지점에 따라서 달라지기 때문에 그 척도가 상대적이라는 단점이 있습니다.","F",""
"1","풍속에 대해 설명해 주세요.","풍속에는 순간풍속과 평균풍속이 있습니다. 평균풍속은 하루를 기준으로 순간풍속이 발생한 모든 값에 평균치이며 순간풍속은 10분간격으로 발생하는 풍속으 변화의 평균이 순간풍속입니다. 따라서 순간풍속은 평균풍속과 일치될 수 없습니다.","F",""
"1","풍속에 대해 설명해 주세요.","풍속이란 바람의 세기로서 그 크기가 클수록 바람의 세기가 적으며 그 크기가 낮을수록 바람의 세기가 높음을 의미합니다. 주로 지상에서 관측하며 산이나,언덕과 같은 바람을 직접적으로 받을 수 있는 곳에서 관측이 시행됩니다. 따라서 여러변수가 발생하기 떄문에 불규칙적인 값입니다.","F",""
"1","풍속에 대해 설명해 주세요.","실제의 바람은 지표부근에서는 등압선과 25∼35도의 각도를 이루면서 불고, 상공에서는 지균풍·경도풍에 가까운 바람이 불어서 북반구에서는 고기압의 중심에 대해 시계방향으로 불고, 저기압중심에 대해 반시계방향으로 불며, 남반구에서는 그 반대가 됩니다. 기상청에서는 10분간 최대풍속값은 자기전접계수기에 의해 기록된 자기지상에서 구하고, 순간최대풍속값은 에어로벤풍속자기지상에서 구합니다.","P","에어로벤풍속자기지상에 대해 설명해 주세요."
"2","고압직류송전시스템에 대해 설명해 주세요.","발전소에서 만든 교류 전력을 직류로 변환시켜 송전하는 케이블을 말합니다. 직류 송전시 케이블에 걸리는 높은 전압에 대해 강한 내구성을 지녀야 하며 대용량의 전력을 최소한의 손실로 장거리에 보낼 수 있는 장점이 있습니다. 차세대 송전기술로 풍력발전 시장과 해저 케이블을 중심으로 확대 보급되고 있습니다.","P","고압직류송전시스템이 풍력발전에 많이 쓰이는 이유를 설명해 주세요."
"2","고압직류송전시스템에 대해 설명해 주세요.","초고압직류송전는 전력 그리드 시스템중 하나입니다. HVDC는 기존의 교류를 사용하는 그리드와 대조적으로 직류를 대량으로 송전하는 시스템입니다. HVDC는 동기화를 하지 않아도 되며, 또한 소스와 부하간의 링크를 독립적으로 조절할수 있어서, 전력의 급격한 변화로 인한 장애에서도 시스템을 안정화 시킬수 있다. ","P","직류와 교류를 비교해서 설명해 주세요."
"2","고압직류송전시스템에 대해 설명해 주세요.","고압직류송전시스템은 발전소에서 만든 직류전력을 우리가 흔히 사용하는 교류전력으로 변경하여 보내는 시스템을 말합니다. 이 변경에서는 막대한 에너지가 발생하기 떄문에 내구성과 장거리 동안 손실이 없는 유지성이 필수적입니다.","F",""
"2","고압직류송전시스템에 대해 설명해 주세요.","고압직류송전시스템은 직류가 전달되는 동안 그 에너지가 소실되는 것을 막기 위해서 압력을 유지하는 것이 중요하기 떄문에 단거리에서만 사용된다는 단점이 있습니다. 따라서 시스템의 허브를 단기적으로 계속 배치하는 것이 효율적입니다.","F",""
"2","고압직류송전시스템에 대해 설명해 주세요.","발전소에서 만든 고압의 교류전력을 변환기를 이용하여 저압의 직류전력으로 변환시켜 송전하는  것이 고압직류송전시스템이라고 합니다. 압력차이가 발생하기 떄문에 전력의 손실이 필수불가결하게 발생한다는 단점이 있지만 그 안전성이 보장되기 떄문에 널리 사용되고 있습니다.","F",""
"2","고압직류송전시스템에 대해 설명해 주세요.","발전소에서 생성되는 고압의 교류전력을 전력 변환기를 이용해 고압의 직류전력으로 변환시켜 송전한 후 전력을 받는 지역에서 다시 교류전력으로 재 변환시켜 공급하는 방식입니다. 해상 풍력 발전소를 전력망에 연결하기에 매우 적합한 기술입니다. 단일 풍력터빈보다 비교적 일정한 전력이 나옵니다.","P","전력변환기에 대해 설명해 주세요."
"1","조력발전에 대해 설명해 주세요.","조석이 발생하는 하구나 만을 방조제로 막아 해수를 가두고 수차발전기를 설치하여 썰물 때에 저수지와 해수면의 수위차를 이용하여 발전하여 전기에너지를 생산하는 방식입니다. 조석 간만의 차가 큰 만이나 강 하구에 댐을 건설하고 밀물과 썰물 때에 터빈을 돌려 발전하는 시스템으로 수력발전과 유사한 방식입니다.","P","방조제에 대해 설명해 주세요."
"1","조력발전에 대해 설명해 주세요.","조력발전의 주기는 썰물발전과 밀물발전으로 이루어집니다. 프랑스의 랑스강 하구에 있는 조력발전소의 경우, 수문을 닫아 밀물 때 들어왔던 물을 내만에 가득 채워 썰물 때에 낮아진 해면으로 가둔 물을 떨어뜨려 24개의 터빈 발전기를 돌려 전기에너지로 전환합니다.","P","썰물발전에 대해 설명해 주세요."
"1","조력발전에 대해 설명해 주세요.","밀물과 썰물의 조수간만의 차를 이용하여 전력을 생산하는 방식으로 바다뿐만 아니라 지역의 천에서도 가능합니다. 하천의 경우 조수간만의 차가 발생하지 않기 떄문에 인위적으로 밀물과 썰물을 발생시키는 시스템을 통해 조력발전이 운용됩니다.","F",""
"1","조력발전에 대해 설명해 주세요.","해양에너지는 최초의 자연에너지로 고려됩니다. 조수간만의 차는 일상적으로 발생하는 에너지이고 이는 1년동안 그 변화가 균일하여 안정적으로 에너지를 사용할 수 있기 때문입니다. 또한 건물을 설립하는 비용 외에 초반 비용이 거의 발생하지 않고 저렴하다는 장점이 있습니다.","F",""
"1","조력발전에 대해 설명해 주세요.","조력발전을 하기 위해서 과거에는 댐과 저수지와 같은 기반시설이 필수적이었지만 현재에는 해저에  발생하는 밀물과 썰물을 통해서 조력발전이 운용되기 때문에 이러한 기반시설이 필요하지 않게 되었습니다. 따라서 초기 비용이 훨씬 저렴해짐에 따라서 더 널리 사용되고 있습니다.","F",""
"1","조력발전에 대해 설명해 주세요.","해양에너지를 응용한 발전 방식 중 가장 먼저 개발되었습니다. 조력발전은 조석 간만의 차가 큰 지역으로 한정되어 입지조건이 까다롭고, 조위의 변화가 1년 동안 균일하지 않으며, 조위가 일정한 시간대에서는 발전할 수 없고, 시설 기반 비용이 비싸다는 단점이 있습니다.","P","조석간만의 차에 대해 설명해 주세요."
"2","파력발전에 대해 설명해 주세요.","가동물체형의 발전원리는 수면의 움직임에 따라 민감하게 반응하도록 고안된 기구를 사용하여 파랑에너지를 기구에 직접 전달하여 기구의 움직임을 전기 에너지로 변환하는 방식입니다. 예를 들어 진자를 내장한 부표를 물에 띄워 파도가 치는 대로 동요시켜서 부표 속에 장치한 진자의 움직임을 회전운동으로 바꾸고 기어를 통해서 발전기를 회전시킬 수 있습니다.","P","부표의 기능에 대해 설명해 주세요."
"2","파력발전에 대해 설명해 주세요.","진동수주형 파력발전은 워터칼럼 내부로 유입된 파랑에 의하여 생기는 공간의 변화를 내부공기의 유동으로 변환하고, 이를 유도관으로 유입하여 공기의 흐름을 생성시키고 유도관 내에 설치된 터빈을 회전시켜 전기를 얻는 방식입니다. 입사파가 장치의 전면에서 반사되면 중복파가 형성이 되고, 이때 수면의 상부 노즐부에 공기의 흐름이 발생하는 원리입니다.","P","입사파와 중복파에 대해 설명해 주세요."
"2","파력발전에 대해 설명해 주세요.","파력발전이란 파도의 힘을 이용하여 파도의 운동에너지를 전기에너지로 바꾸는 것을 말합니다. 이는 밀물과 썰물을 이용하는 조력발전과 에너지원에 대한 차이가 발생하지만 비슷한 지역에서 운영되기 때문에 파력발전과 조력발전은 인접해있는 것이 특징입니다.","F",""
"2","파력발전에 대해 설명해 주세요.","수면의 움직임에 민감하게 반응하는 기구를 이용하여 파도의 에너지를 직접 기구에 전달하여 그 에너지를 전기에너지로 변환함으로써 파력발전이 진행됩니다. 그렇기 때문에 최대한 직접 기구에 파랑이 접촉할 수 있는 얇은 층을 지닌 파도에서 주로 사용됩니다.","F",""
"2","파력발전에 대해 설명해 주세요.","월파영 파력발전은 파랑의 진행방향과 반대편에 기구를 두어서 그 마찰력을 통해 운동에너지를 얻습니다. 이를 통해 얻은 전기에너지를 반복적으로 획득하여 특정한 파원이 형성됨을 알 수 있는데 해당 파동을 통해서 발전과 더불어 이차적인 발전을 유도할 수도 있습니다.","F",""
"2","파력발전에 대해 설명해 주세요.","월파형 파력발전은 파랑의 진행방향 전면에 사면을 두어 운동에너지에 의해 파랑이 사면을 넘어서게 되면, 이것이 위치에너지로 변환하여 저수된 후, 형성된 수두차를 이용하여 저장된 해수를 저수지의 하부로 흘리면 통로 하부에 설치된 수차터빈이 회전하여 발전하는 방식입니다.","P","수두차에 대해 설명해 주세요."
"2","해양온도차발전에 대해 설명해 주세요.","해수의 수심에 따른 온도의 변화를 이용하여 발전하는 방법입니다. 해수의 낮은 수심의 물과 깊은 수심의 물의 온도차를 이용하여 표층수의 열로 액체를 기체로 만들고 이 기체의 압력으로 터빈을 돌려 발전하며 심층수로 기체를 다시 액화시키는 방법을 이용합니다.","P","해수의 수심에 따라 온도차가 발생하는 이유를 설명해 주세요."
"2","해양온도차발전에 대해 설명해 주세요.","바닷물의 온도차를 이용한 에너지 생산 기술로써 지구의 바다 분포를 고려하면 가장 큰 재생가능 에너지원으로 여겨집니다. 그러나 온도차가 클수록 큰 에너지 생산이 가능하지만 바다의 온도차가 크지 않기 때문에 기술적으로 현실 가능성이 다소 낮은 분야라고 여겨지기도 합니다.","P","바다의 온도차가 크지 않은 이유를 설명해 주세요."
"2","해양온도차발전에 대해 설명해 주세요.","바닷물은 햇빛을 직접받는 지역과 깊은 심해의 온도가 확연하게 차이가 나고 이를 이용하여 발전하는 것을 해양온도차발전이라고 합니다. 따라서 최대한 해수의 표면온도가 높은 중앙아시아와 아프리카 방면 바다에서 주로 사용하고  온도차가 별로 발생하지 않는 온대기후 지역은 사용하지 못하는 특성이 있습니다. ","F",""
"2","해양온도차발전에 대해 설명해 주세요.","해양온도차발전은 바닷물의 온도차를 이용하여 에너지를 생산하는 것을 말합니다. 바다의 온도차는 열 흡수 능력이 적기 때문에 온도차가 낮과 밤에 확연하다는 점에서 차용하여 온도차가 클수록 더 많은 에너지를 얻을 수 있다는 장점을 가지고 있습니다.","F",""
"2","해양온도차발전에 대해 설명해 주세요.","해양온도차 발전은 심층수와 표면의 바닷물을 혼합함으로써 그 온또가 중화되는 과정에서 발생하는 에너지를 토대로 전력을 생산하는 방식입니다. 따라서 심층수가 추출될때 그 온도를 유지하는 것이 굉장히 주요하지만, 이는 현실적인 기술 문제에 부딪혀있씁니다.","F",""
"2","해양온도차발전에 대해 설명해 주세요.","해양온도차발전의 원리는 크게 개방형 및 폐쇄형으로 구분됩니다. 개방형 주기 시스템은 낮은 압력에서 바닷물을 증기로 변환 후 터빈을 회전시키고 차가운 바닷물을 이용해서 터빈을 통과한 증기를 응축기에 냉각합니다. 폐쇄형 주기 시스템은 크게 3단계로 이루어져 있습니다.","P","폐쇄형 주기 시스템에 대해 설명해 주세요."
"1","수력발전에 대해 설명해 주세요.","보통 수력발전을 위해서 강을 막아 댐을 짓습니다. 댐의 상류에 물을 가두었다가 수문을 열고 이를 댐의 하류로 떨어뜨려서 터빈을 돌립니다. 이 과정에서 물의 위치에너지가 터빈의 운동에너지로 전환됩니다. 터빈 내부의 로터 코일이 터빈을 따라서 회전하면서 전자기 유도 현상이 일어나 전류가 발생합니다.","P","전자기 유도현상에 대해 설명해 주세요."
"1","수력발전에 대해 설명해 주세요.","수력발전의 경우에 발전용량을 늘리려면 물이 더 큰 위치에너지를 가지도록 해야 합니다. 즉 낙차가 클수록 유리합니다. 자연낙차, 자연유량을 이용하는 방식을 수로식 발전이라고 하는데 그 발전량은 지형, 계절과 강우량의 영향을 많이 받습니다. 따라서 안정적인 발전량을 유지하고 낙차도 크게 하기 위해서 댐식 발전을 사용합니다.","P","수로식 발전의 특징을 설명해 주세요."
"1","수력발전에 대해 설명해 주세요.","수력발전은 댐을 필수적으로 사용하기 떄문에 환경파괴적인 성질이 있습니다. 우리의 에너지 생산보다 환경이 훨씬 중요하기 때문에 우리는 즉시 수력발전소를 폐쇄하고 대체 에너지 발전소를 친환경적으로 만드는 행동이 필요합니다.","F",""
"1","수력발전에 대해 설명해 주세요.","수력발전은 물의 위치에너지를 이용합니다. 댐을 통해 물의 위치에너지를 조절함으로써 댐의 수위에 따라서 그 위치에너지를 전기에너지로 바꾸는 것입니다. 그러나 댐의 개방은 많은 공동체의 이해관계가 얽혀있기 떄문에 전력이 필요할 때 바로 보를 개방할 수 없다는 한계가 있습니다.","F",""
"1","수력발전에 대해 설명해 주세요.","수력발전의 용량을 늘리기 위해서는 댐의 높이를 낮게한 뒤, 그 높낮이의 변화횟수를 지속적으로 늘리는 방법이 주로 사용됩니다. 낙차가 클수록 발전용량이 늘어나지만 현실적으로 최대높이에서 한계가있기 때문에 최소한의 낙차를 발생시키는 댐을 지속적으로 낙차를 반복함으로써 최대높이와 유사한 용량을 만드는 원리입니다.","F",""
"1","수력발전에 대해 설명해 주세요.","댐을 짓더라도 댐의 상류에 비가 오랜 기간 오지 않으면 발전기가 지속적으로 작동할 수 없습니다. 따라서 여름철에 강수가 집중되어 다른 계절에는 발전에 필요한 물이 부족한 우리나라는 양수식 발전을 이용하기도 합니다. 이는 전력 소비가 적은 야간에 남는 전력을 이용하여 댐의 하류로 흘려보낸 물을 펌프를 이용하여 다시 댐의 상류로 끌어올려 두는 방식입니다.","P","양수식 발전에 대해 설명해 주세요."
"2","다목적댐에 대해 설명해 주세요.","다목적댐은 단순히 물을 저장하는 기능 이외에 여러가지 목적을 가지고 건설한 댐을 말합니다. 특히 댐 건설기술이 발달함에 따라 현대의 댐은 점점 대형화하는 경향이 있는데, 대량의 저수 기능 뿐 아니라 홍수조절, 수력발전, 관개, 각종 용수의 공급을 위한 다목적댐 건설이 크게 증가하였습니다.","P","관개에 대해 설명해 주세요."
"2","다목적댐에 대해 설명해 주세요.","농업용수 및 각종 용수의 확보와 여름철 홍수조절의 필요로 인해 산업화 이후 전국에 많은 댐들이 건설되었습니다. 이러한 댐 건설은 수력발전을 통한 전기의 생산이나 유람선이나 일정 영역에서의 수운 기능, 또는 댐 위로 도로가 설치되는 경우 육상 교통 개선이라는 장점도 얻을 수 있습니다.","P","댐을 이용한 육상 교통개선에 대해 설명해 주세요."
"2","다목적댐에 대해 설명해 주세요.","댐은 원 목적이 수력발전을 위해서 만들어졌으나 수력발전만을 위해서 커다란 댐을 만드는 것은 비효율적이기 때문에 다양한 목적이 있는 다목적댐을 구성하게 되었습니다. 이는 수력발전의 기능 뿐만 아니라 용수공급과 더불어 낚시터로서 관광의 기능까지 도맡아 대부분이 강 상류에는 다목적댐을 관광목적으로 건설중에 있습니다.","F",""
"2","다목적댐에 대해 설명해 주세요.","댐건설에서 단점은 발생하지만, 건설의 장점이 이를 상쇄할 정도로 많습니다. 댐이 환경파괴를 야기한다는 입장에서는 댐이 강의 구조를 변화시키는 것을 지적하는데 강은 항상 그 모습을 변화하면서 발전해왔습니다. 또한 다목적 댐의 건설로 인해서 발생하는 파급효과가 단점을 무시할 정도로 강력합니다.","F",""
"2","다목적댐에 대해 설명해 주세요.","다목적댐은 건설기술의 발달로 인해서 점차 소형화되는 경향이 있습니다. 이로인해 댐건설로 인한 환경파괴를 막아 생태계교란이라는 위험을 저지할수도 있고, 강의 구조 역시 그대로 유지할 수 있게 되었습니다. 또한 최근 댐은 친환경적 소재로 생성되어 기존 댐의 외형과 다른 경향이 있습니다.","F",""
"2","다목적댐에 대해 설명해 주세요.","댐 건설에는 단점도 따릅니다. 대표적인 것은 하천의 흐름을 끊음으로 인해 생기는 환경 파괴입니다. 물이 자연적으로 흐르지 않아 생태계의 교란이 올 수 있고, 수질 오염 등 다양한 부작용이 발생합니다. 또한 현대의 다목적댐들이 거대화되면서, 댐 배후의 상당한 지역이 수몰된다는 점도 우려됩니다.","P","생태계의 교란 예제를 설명해 주세요."
"1","지열에너지에 대해 설명해 주세요.","이산화탄소나 각종 유해물질을 배출하지 않는 친환경에너지로, 장비의 유지비 외에 추가 비용이 발생하지 않아 발전 구동 비용이 저렴합니다. 반영구적으로 사용 가능하지만, 발전 설비 적용 시 지중 상황 파악이 어려울 뿐 아니라 침전이 발생할 수 있고 발전 가능한 지역이 한정적이라는 문제가 있습니다.","P","지열에너지가 반영구적인 이유를 설명해 주세요."
"1","지열에너지에 대해 설명해 주세요.","크게 149℃ 이하의 지열수를 이용하는 직접 이용 기술 방식과 150℃ 이상의 지열 유체를 이용하는 간접 이용 기술 방식으로 나눌 수 있습니다. 직접 이용 방식은 30~50℃의 지하수를 다른 형태의 에너지로 변환하지 않고 열 자체를 바로 활용하는 방법으로, 화산 지대에서 자연스럽게 얻을 수 있는 지열수를 이용하며 주로 온천수, 지역 난방, 양어장, 화학 물질 추출 등에 쓰입니다.","P","간접 이용 기술 방식에 대해 설명해 주세요."
"1","지열에너지에 대해 설명해 주세요.","지열에너지란 콘크리트를 이용한 에너지 발생방법 중 하나입니다. 대부부의 도시의 지면이 콘크리트로 둘러쌓여있고 해당 콘크리트는 열 흡수력이 흙보다 우수하기 떄문에 콘크리트가 흡수한 열을 에너지원으로서 사용하는 것을 지열에너지라고 합니다. 이를 통해 도시에서 나오는 열을 보다 효율적으로 사용할 수 있게 되었습니다.","F",""
"1","지열에너지에 대해 설명해 주세요.","지열수를 이용하는 방식도 지열에너지라고 볼 수 있습니다. 우리가 흔히 생각하는 온천과 같은 지열수가 식으면서 에너지를 잃는 과정에서 그 추출되고 있는 열을 에너지원으로 사용하는 방식으로써 지열수를 이용하여 온천수나 지역난방, 양식장등에서 사용가능한 에너지로 변화시킬 수 있습니다.","F",""
"1","지열에너지에 대해 설명해 주세요.","지열수는 최소 150℃ 이상의 물을 필요로하기 때문에 인위적인 조작이 있어야만 사용가능합니다. 자연 상태의 물은 100℃이상이 되면 기화되어버리는데, 특수한 화학처리를 통해서 끓는 점을 높이는 작업이 필요합니다. 또한 지열수는 그 반대의 방법으로 응결상태로 변환하여 에너지를 발생시킬 수도 있습니다.","F",""
"1","지열에너지에 대해 설명해 주세요.","지열에너지는 지구가 가지고 있는 열에너지를 지칭합니다. 지열에너지의 근원은 지구내부에서 우라늄, 토륨, 칼륨 같은 방사성 동위원소의 붕괴열 그리고 지구 내부 물질에서 열의 방출로 이루어지며, 지표에서 느껴지는 지열의 약 40%는 지각에서 방출되는 것으로 추정되고 있습니다.","P","동위원소의 붕괴열에 대해 설명해 주세요."
"1","지열발전에 대해 설명해 주세요.","지열발전은 지하의 고온층에서 증기나 열수의 형태로 열을 받아들여 발전하는 방식을 말합니다. 지열은 지표면의 얕은 곳에서부터 수 km 깊이의 고온의 물이나 암석 등이 가지고 있는 에너지입니다. 일반적으로 자연상태에서 지열의 온도는 지하 100m 깊어질 수록 평균 3도씩 높아집니다.","P","증기와 열수의 차이점을 설명해 주세요."
"1","지열발전에 대해 설명해 주세요.","우물로부터 고온의 증기를 얻으면, 이것을 증기터빈에 유도하고 고속으로 터빈을 회전시켜서 이와 직결된 발전기에 의해 전력을 생산합니다. 우물로부터 분출하는 증기가 습기가 적으면 그대로 터빈에 보내는 형식으로 할 수 있으나, 열수로서 분출하는 경우는 그 열을 열교환기에 보내어 물을 증발시켜 터빈으로 보냅니다.","P","우물의 역할에 대해 설명해 주세요."
"1","지열발전에 대해 설명해 주세요.","지열발전이란 지표면의 열을 이용하여 에너지를 얻는 방식을 말합니다. 콘크리트로 된 도시에서 주로 이뤄지며 콘크리트의 열흡수전도율이 높기 떄문에 가능합니다. 즉 자연 방식에서 발생한 발전이 아닌 인위적으로 구성된 환경의 조건에서만 가능한 발전입니다.","F",""
"1","지열발전에 대해 설명해 주세요.","지열발전은 지하수의 증기를 통해 이뤄집니다. 증기에서 발생하는 열이 액화되는 에너지를 이용하여 에너지를 얻는 것으로 지하수가 풍부하면서 지하가 고온다습해야한다는 조건이 있기 떄문에 특정 장소에서만 가능한 한계적인 발전 방법입니다.","F",""
"1","지열발전에 대해 설명해 주세요.","지열발전은 원리적으로 연료를 필요로 하지 않지만 환경오염이 발생합니다. 지열발전을 통해서 지하에 내재되어있던 메탄가스가 공기 중으로 유입되기 떄문입니다. 이 매탄가스의 양은 한 번의 발전에 자동차 100대의 메탄가스 양과 동일합니다.","F",""
"1","지열발전에 대해 설명해 주세요.","지열발전은 원리적으로 연료를 필요로 하지 않으므로 연료 연소에 따르는 환경오염이 없는 클린에너지입니다. 그러나 지열정에서 분출하는 비응축성 가스 중에는 소량의 황화수소가 함유되어 있습니다. 현재로서는 농도가 낮아 환경기준 이하이므로 문제가 없지만 장차 대량으로 분출하게 된다면 탈황장치가 필요할 것 입니다.","P","탈황장치에 대해 설명해 주세요."
"2","바이오에탄올에 대해 설명해 주세요.","식물이 생산하는 바이오매스를 이용하여 생물학적으로 생성 된 에탄올 및 부탄올을 포함하는 에너지 및 연료용 알콜을 칭하는 용어입니다. 바이오에탄올은 일반적으로 미생물과 효소를 이용하여 식물의 탄수화물을 발효시켜 생산합니다. 에너지 안보와 유가 급등, 온실가스 배출로 인한 기후변화 등에 대한 대안으로 화석연료를 대처하는 신 재생 에너지입니다.","P","미생물과 효소에 대해 설명해 주세요."
"2","바이오에탄올에 대해 설명해 주세요.","지구 온난화와 같은 환경오염에 대한 인식의 변화와 환경오염의 직접적인 요인을 감축하고자 하는 국제 사회에서의 움직임과 규제 강화 또한 바이오에탄올과 같은 바이오 연료 개발의 배경입니다. 부가적으로 식물의 바이오매스를 원료로 하는 바이오에탄올을 비롯한 바이오 원료의 개발은 지속적 감소를 보이는 농업활성화에도 기여 할 것으로 여겨지고 있습니다.","P","지구온난화에 대해 설명해 주세요."
"2","바이오에탄올에 대해 설명해 주세요.","바이오에탄올이란 식물에게서 에탄올을 추출하여 에너지를 만드는 것으로 최근 주류업계에서 유행하고 있습니다. 대나무, 솔잎과 같은 추출물에서 에탄올을 뺴내어 증류하게 되면 향을 보존하는 증류주를 만들게 되는데 현재 시장에서 큰 호응을 얻고 있씁니다.","F",""
"2","바이오에탄올에 대해 설명해 주세요.","국제 사회에서 환경오염에 대한 인식이 확산됨에 따라 바이오에탄올의 역할도 강조되었습니다. 바이오매스를 원료로 만들어진 바이오에탄올을 통해 현재 의료업에서 사용되는 소독제품이 대체되어 가고 있습니다. 바이오에탄올은 친환경적이지만 그 원가가 기존 에탄올보다 비싸다는 단점은 있습니다.","F",""
"2","바이오에탄올에 대해 설명해 주세요.","화석연료에서 발생하는 이산화탄소,메탄,이산화질소로 인해서 온실가스의 대기 점유율이 높아짐에 따라 이를 막기 위해 바이오에탄올에 대한 관심이 늘어났습니다. 바이오에탄올은 온실가스와 화학작용함으로써 온실가스를 중화시키는 역할을 합니다.","F",""
"2","바이오에탄올에 대해 설명해 주세요.","화석연료와 비교하여 연소시 발생하는 환경오염 물질인 이산화탄소, 메탄, 아산화질소 배출에 따른 온실가스 감축효과와 이산화황, 질소산화물 등의 배기가스 감축 효과를 가지고 있으며, 생분해성 재생가능 자원입니다. 하지만 어려운 생산 과정과 연료제품으로써 요구되는 높은 순도의 요구성 때문에 가격이 비쌉니다.","P","생분해성에 대해 설명해 주세요."
"2","바이오에탄올 생산공정에 대해 설명해 주세요.","생산공정은 사용하는 바이오매스의 종류에 따라 다르나 일반적으로 바이오매스의 전처리 후 당화과정과 발효 과정을 거쳐 생산됩니다. 1세대로 분류되기도 하는 당질계 식물을 사용할 경우 전처리 과정과 당화 과정이 필요하지 않아 미생물을 이용한 당 발효과정을 통해 에탄올을 생산할 수 있습니다.","P","당질계 식물에 대해 설명해 주세요."
"2","바이오에탄올 생산공정에 대해 설명해 주세요.","2세대로 분류되는 감자와 고구마 같은 녹말질계를 사용할 경우 미생물에 의한 발효 유효물질인 당 생산을 위한 당화 과정이 필요하며, 2, 3세대로 분류되는 나무와 같은 목질계 원료나 해조류의 경우 전처리를 통한 셀룰로스 분해와 당화과정이 발효과정 이전에 추가가되어야 합니다.","P","당화과정에 대해 설명해 주세요."
"2","바이오에탄올 생산공정에 대해 설명해 주세요.","바이오에탄올 생산공정은 바이오매스를 만든 뒤, 녹말가루와 바이오매스를 혼합하고 그 뒤에 의료용 에탄올을 주입함으로써 완성됩니다. 이는 기존 에탄올과 달리 발효과정과 당화과정을 건너뛰기 때문에 경제적인 자원으로 평가되고 있습니다.","F",""
"2","바이오에탄올 생산공정에 대해 설명해 주세요.","바이오에탄올 생산공정에서 당화과정과 발효과정이 가장 중요합닏. 발효과정은 바이오매스에서 추출된 효소가 발효를 통해 에탄올로 되는 것을 말하며 당화과정은 바이오에탄올에 첨가물을 주입하여 실용적으로 만드는 과정입니다.","F",""
"2","바이오에탄올 생산공정에 대해 설명해 주세요.","바이오에탄올 생산공정은 굉장히 복잡하여 현실성이 없습니다. 기존 에탄올은 단순한 증류를 통해서 얻어지지만 바이오에탄올은 증류과정과 더불어 당화, 발효과정을 순차적으로 거쳐야되기 떄문입니다. 따라서 공정과정을 단순화해야만 대중적으로 이용가능하다는 단점을 안고 있습니다.","F",""
"2","바이오에탄올 생산공정에 대해 설명해 주세요.","당화 공정은 식물의 바이오매스가 가진 다당류 고분자 물질을 분해하여 알코올 생산에 용이한 단당류로의 전환과정에 사용되는 기술로 섬유소나 헤미섬유소를 분해하는 다양한 효소들이 주로 사용되고 있습니다. 식물의 세포벽은 1, 2차로 구분되며 2차세포벽의 경우 헤미섬유소보다 많은 비중을 차지하는 리그닌의 경우 알려진 분해효소가 많지 않으며, 전처리 과정을 통해 분해 제거하는 방식을 주로 사용하고 있습니다.","P","헤미섬유소에 대해 설명해 주세요."
"2","바이오부탄올에 대해 설명해 주세요.","폐목재·볏짚·해조류 등에서 뽑아낸 포도당과 박테리아를 이용해 만든 액체 연료입니다. 바이오디젤, 바이오에탄올과 함께 3대 바이오 에너지로 불립니다. 특성이 휘발유와 비슷해 휘발유와 혼합하면 엔진 개조 없이 차량용 연료로 사용할 수 있어 차세대 연료로 불립니다.","P","포도당에 대해 설명해 주세요."
"2","바이오부탄올에 대해 설명해 주세요.","바이오부탄올은 바이오에탄올과 동일한 식물 원료를 이용하여 생산이 가능하나 혐기성 상태에서 타 균주를 이용하므로 새로운 발효기술이 고려됩니다. 연료로서의 바이오부탄올의 가장 큰 강점은 바이오에탄올보다 에너지 함유량이 높아 연비가 우수하는 것입니다. 일반 가솔린의 95.6% 에 달하는 에너지 함유량을 보입니다.","P","균주에 대해 설명해 주세요."
"2","바이오부탄올에 대해 설명해 주세요.","바이오부탄올은 바이오에탄올이 식물성 바이오매스를 사용함으로써 만들어진것과 반대로 동물의 뼈에서 부식을 통해 생성되는 메탄을 통해 공정되는 것을 바이오 부탄올이라고 합니다. 바이오부타올은 휘발유와 혼합하면 엔진개조없이 차량용 연료로 사용할 수 있어 각광받고 있습니다.","F",""
"2","바이오부탄올에 대해 설명해 주세요.","바이오부탄올은 미래의 석유에너지로 불리웁니다. 포도당과 박테리아를 통해 만들어진 기체 연료로서 현재 휘발유와 비슷한 기능을 할 수 있고 휘발유보다 생산공정이 저렴하기 떄문에 연비가 우수하고 에너지 함유량이 높다는 장점이 있습니다.","F",""
"2","바이오부탄올에 대해 설명해 주세요.","바이오부탄올은 바이오에탄올과 같이 식물 원료를 사용하며 동일한 발효과정을 거치지만 당화과정을 거치지 않아 바이오에탄올보다 가성비가 좋은 대체 에너지로 평가받고 있습니다. 또한 바이오부탄올은 액체상태이기 때문에 보관이 바이오부탄올보다 쉽다는 장점도 가지고 있습니다.","F",""
"1","바이오 가스에 대해 설명해 주세요.","지구상에서 생산되는 바이오매스는 1억 8000만 톤으로 알려져 있는데, 이것을 바이오프로세스로 메테인가스 또는 수소가스로 바꿀 수 있다면 석유 소비의 일부를 보충할 수가 있습니다. 바이오가스에는 수소를 생산하는 미생물도 많이 알려져 있습니다. 여기에는 통성 또는 절대 혐기성 미생물과 광합성 미생물이 있습니다.","P","광합성 미생물에 대해 설명해 주세요."
"1","바이오 가스에 대해 설명해 주세요.","바이오가스는 미생물 등을 이용하여 하수나 동물의 분변 등을 분해할 때 생산되어지는 수소, 메탄과 가스들을 의미합니다. 절대 혐기성 미생물과 광합성 미생물이 있습니다. 절대 혐기성 미생물은 대장균 등 유기물을 바탕으로 수소를 만드는 미생물입니다. 광합성 미생물이란 빛에너지를 이용하여 바이오매스로부터 수소를 생산하는 균입니다.","P","대장균에 대해 설명해 주세요."
"1","바이오 가스에 대해 설명해 주세요.","바이오매스를 이용하여 액체성 에너지원을 만들면 바이오에탄올 혹은 부탄올이라고 하지만, 이 에너지원이 기체상태가 되면 이를 바이오 가스라고 표현합니다. 더욱이 바이오 가스는 사소를 생산하는 미생물을 포함하고 있어 친환경적인 목적으로 개발중입니다.","F",""
"1","바이오 가스에 대해 설명해 주세요.","바이오가스에는 많은 미생물이 존재합니다. 이들은 수소와 메탄을 생산하는 미생물 뿐 아니라 광합성을 하는 미생물도 존재합닏. 따라서 바이오가스의 미생물들을 추출하여 수소,메탄 등을 얻을 수 있으며 더욱이 이산화탄소를 흡수하고 산소를 생산하는미생물도 존재하여 귀추가 주목되고 있습니다.","F",""
"1","바이오 가스에 대해 설명해 주세요.","바이오매스는 그 한계치가 존재합니다. 현재 발견된 것으론 180만 톤 정도만 지구상에 내포되어있는데 이를 바이오프로세스를 거쳐 바이오가스로 만드는 것은 친환경적이더라도 그 한계치가 이미 정해져있기 때문에 현재는 바이오매스를 이용한 바이오가스 개발 역시 중단된 상태입니다.","F",""
"2","바이오 디젤에 대해 설명해 주세요.","바이오에탄올과 함께 가장 널리 사용되는 바이오연료입니다. 콩기름·유채기름·폐식물기름·해조유 따위의 식물성 기름이나 소·돼지 등의 동물성 지방을 원료로 하여 만든 무공해 연료를 통틀어 말합니다. 주로 경유를 사용하는 디젤자동차의 경유 첨가제 또는 그 자체로 차량 연료로 사용됩니다.","P","폐식물기름에 대해 설명해 주세요."
"2","바이오 디젤에 대해 설명해 주세요.","보통 메탄올을 이용해 3가의 지방산에 글리세롤이 결합한 트라이글리세리드로부터 글리세롤을 분리한 다음, 지방산에스터를 만들어 내는 에스테르 교환방법을 통하여 만듭니다. 이때 만든 바이오디젤이 바로 지방산메틸에스테르입니다. 따라서  지방산메틸에스테르가 보통 말하는 바이오디젤입니다.","P","3가의 지방산의 특징을 설명해 주세요."
"2","바이오 디젤에 대해 설명해 주세요.","바이오디젤은 메탄올을 통해 만들어진 교환방법에 의거하여 생산됩니다. 메탄올을 이용해 지방산에 글리세롤이 결합한 트라이글리세리드로부터 글리세롤을 분리하여 지방산에스터를 만들어내는 교환방법인데 이때 지방산에스터가 바이오디젤입니다.","F",""
"2","바이오 디젤에 대해 설명해 주세요.","메탄올을 만드는 방법은 다양하지만 알칼리 촉매법이 가장 일반화되어있는데 알칼리성 물질을 지방을 분리하는 촉매로서 기능하게 하여 지방산과글리세롤을 분리함으로써 메탄올을 생성하는 방식으로 과정이 단순하고 저렴하여 통용되고 있습니다.","F",""
"2","바이오 디젤에 대해 설명해 주세요.","바이오디젤은 그 실용성에 대해서는 아직 의문이 발생하고 있으나, 소 돼지의 동물성 지방을 위주로 만들어지기 떄문에 원재료를 쉽게 구할 수 있고 처리 공정이 단순하다는 장점이 있습니다. 단 다른 천연 소재에 비해서 환경오염을 일으킬 가능성이 있어 해결해야될 문제가 존재합니다.","F",""
"2","바이오 디젤에 대해 설명해 주세요.","메탄올을 이용하는 에스테르 교환방법에도 알칼리를 촉매로 이용하는 방법, 리파아제 지방분해효소 또는 초임계 메탄올을 이용하는 방법 등 여러 가지가 있습니다. 현재 알칼리 촉매법이 가장 일반화되어 있는데, 바이오연료의 필요성이 급증하면서 바이오디젤을 개발하기 위한 기술도 다양화하고 있습니다.","P","에스테르에 대해 설명해 주세요."
"1","폐기물 에너지에 대해 설명해 주세요.","생활폐기물, 산업폐기물 중 에너지 함량이 높은 가연성 폐기물을 가스화, 소각, 열분해 등의 변환 과정을 거쳐 고체, 액체 및 가스 연료, 폐열 등으로 생산하는 것을 말합니다. 이용하는 폐기물의 종류와 가공 및 처리 방식, 생산되는 연료의 형태 등에 따라 크게 플라스틱 열분해 연료유, 폐유 정제유, 성형고체연료, 폐기물 소각열 등 네 가지로 분류합니다.","P","폐기물 소각열에 대해 설명해 주세요."
"1","폐기물 에너지에 대해 설명해 주세요.","각종 폐기물을 감량하고 재활용함으로써 폐기물 처리 문제가 감소할 뿐더러 화석 연료를 대체하는 에너지로서 이산화탄소 감축 효과를 볼 수 있습니다. 또한 고체, 액체, 가스 등 다양한 형태의 에너지원으로 변형이 가능하므로 활용가치가 높고, 에너지 이용 과정 중 열이 사용되므로 지역에 난방열 공급이 가능하여 경제적인 효과도 기대할 수 있습니다.","P","폐기물 에너지를 이용한 지역 난방열 공급에 대해 설명해 주세요."
"1","폐기물 에너지에 대해 설명해 주세요.","폐기물 에너지란 쓰레기 에너지의 종류 중의 하나로 폐기물 처리를 비롯하여 화석 연료를 대체할 수 있는 에너지로서 각광받고 있습니다.  대부분 폐기물이 고체이기 때문에 고체형태의 에너지원을 띈다는 한계가 있긴 하지만, 난방에서 그 효과가 극대화되어 연구 중입니다.","F",""
"1","폐기물 에너지에 대해 설명해 주세요.","폐기물 에너지는 동물체를 주된 연료를 사용하기 때문에 효율적입니다. 또한 폐기물을 소각하면서 에너지를 얻기 때문에 그 과정에서 메탄과 같은 천연 자원을 부가적으로 확보할 수 있다는 장점을 가지고 있으며, 에너지원의 변형이 자유로워서 활용가치가 높다는 장점이 있습니다.","F",""
"1","폐기물 에너지에 대해 설명해 주세요.","폐기물은 모든 생활폐기물을 통칭합니다. 집에서 나오는 쓰레기 등도 폐기물에 해당하는데 해당 폐기물을 연료로서 소각함으로써 에너지원으로써 기능하기 때문에 이산화탄소를 감축하는 효과를 얻음과 동시에 폐기물 처리를 할 수 있어 효과적인 에너지로 평가받고 있습니다.","F",""
"1","폐기물 에너지에 대해 설명해 주세요.","폐기물 에너지는 동물체를 주된 연료로 사용하기 때문에 위생 시설 및 다양한 처리 기술이 요구되어 초기 투자 비용이 높을 수 있습니다. 또한 폐기물 소각 시에 배출되는 환경 오염 물질과 생산 및 보관 시에 발생하는 악취와 오염 물질로 인해 설치에 어려움을 겪을 수 있습니다.","P","폐기물 에너지의 초기투자비용이 높은 이유를 설명해 주세요."
"2","음식물쓰레기 재활용에 대해 설명해 주세요.","음식물쓰레기는 건조 중량 기준 발열량이 높고 수분이 충분하며, 유기성 물질로서 영양소도 충분하므로 과다한 염분 농도 문제, 매운 맛과 같은 향신료 문제 등을 제거하면 퇴비나 사료로서 유용한 자원으로 재활용이 가능합니다. 퇴비화 발효용기에 음식물쓰레기와 미생물 발효제를 넣어 퇴비원료를 만들 수 있습니다.","P","음식물쓰레기의 발열량이 높은 이유를 설명해 주세요."
"2","음식물쓰레기 재활용에 대해 설명해 주세요.","발효된 음식물쓰레기를 밭갈이할 때 혼합하여 1주일간 썩히면 토양에 유용한 거름이 되고, 부산물 비료공장에서 다른 물질과 혼합하여 훌륭한 유기성 퇴비로 생산, 판매가 가능합니다. 음식물쓰레기가 많이 발생되는 음식점, 구내식당 등에서는 고속발효기를 설치하여 음식물쓰레기, 수분 조절제, 미생물 발효제를 혼합 발효시킨 후 부숙시켜 퇴비로 만듭니다.","P","미생물 발효제의 역할에 대해 설명해 주세요."
"2","음식물쓰레기 재활용에 대해 설명해 주세요.","음식물 쓰레기는 영양소가 충분하지만 향신료와 같은 인공조미료가 과다하게 첨가되어있어 현재는 폐기물로서 분류되어 소각하거나 매립하는 방식으로 처리되고 있습니다. 재활용을 할 경우 막대한 비용이 처리되기 떄문에 비경제적이라는 평가가 있습니다.","F",""
"2","음식물쓰레기 재활용에 대해 설명해 주세요.","음식물 쓰레기는 건조되어야만 재활용이 가능합니다. 건조되지 않은 경우 수분 함유로 인해 부패되거나 오염 가능성이 높기 때문입니다. 그러나 건조 비용이 굉장히 높고 비효율적이라는 비판에 이해서 현재는 건조 과정을 건너뛴 후, 비료공장에서 전체 건조를 통해 사용하고 있습니다.","F",""
"2","음식물쓰레기 재활용에 대해 설명해 주세요.","음식물 쓰레기는 비료, 거름 등으로 사용하고 있습니다. 유기성 퇴비로서 농업에 지속적으로 배급가능하지만, 화학조미료가 지나치게 첨가되는 경우가 많아 토양의 오염이 발생할 가능성이 높고, 동물성 비료가 많기 떄문에 그 위험성을 고려할 필요가 있습니다.","F",""
"2","폐기물 고형연료에 대해 설명해 주세요.","생활쓰레기 및 폐타이어 등 각종 폐기물 중 종이ㆍ목재ㆍ비닐류 등 가연성 물질만 걸러내 건조 및 성형과정을 거쳐 만든 고효율의 고형연료입니다. 코르크 형태로 제작돼 화력발전소 등의 보조연료로 사용됩니다. RDF는 발열량이 높은 쓰레기로 이루어져 불에 태울 때 고른 화력을 발생시킵니다.","P","코르크 형태에 대해 설명해 주세요."
"2","폐기물 고형연료에 대해 설명해 주세요.","도시 생활폐기물에서 불연물을 선별하고 파쇄기로 작게 파쇄한 후 수분을 제거하고 만들어진 고형연료를 SRF라고 합니다. 그중에서 가연성 고체 폐기물을 고체연료로 가공한 것이 바로 폐기물 고형연료입니다. 선별공정, 파쇄공정, 건조공정, 성형공정, 총 네 과정을 거쳐 제조합니다. ","P","성형공정에 대해 설명해 주세요."
"2","폐기물 고형연료에 대해 설명해 주세요.","폐기물 고형연료란 폐기물을 연소하여 남은 물질을 건조하여 만들어진 저효율의 연료입니다. 화력 발전소에서 주로 생성되며 발열량이 높은 쓰레기 예를 들어 생활쓰레기나 폐타이어 등 가연성 물질을 통해서 제조하는 것이 특징입니다.","F",""
"2","폐기물 고형연료에 대해 설명해 주세요.","도시 생활 폐기물은 폐기물 고형연료를 철하기 위해서 다른 폐기물 연료와 다르게 수분을 포함해야하는 문제가 있습니다. 가연성 고체 폐기물에 수분을 첨가함으로써 가연점을 높이게 되면 더 많은 에너지가 나와 효율성이 높아지기 떄문입니다.","F",""
"2","폐기물 고형연료에 대해 설명해 주세요.","폐기물 고형연료는 친환경적일 수 없습니다. 원료 자체가 환경오염을 일으키는 대상이기 때문에 가연할 때 타르와 메탄 등의 유해요소가 공기 중으로 배출되기 떄문입니다.따라서 폐기물 고형연료가 고효율이긴 하지만 기존 화석 연료와 다른점이 존재하지 않습니다.","F",""
"1","수소에너지에 대해 설명해 주세요.","수소의 원료인 물이 많고, 연소하더라도 연기를 뿜지 않는 등 수소는 미래의 무공해 에너지원으로 중시되며, 인류 궁극의 연료로 지목되고 있습니다. 1973년 말의 석유 위기 이래 각국에서 활발히 전개되고 있는 탈 석유기술 개발에는 수소에너지 개발도 포함되어 있습니다.","P","탈 석유기술 개발에 대해 설명해 주세요."
"1","수소에너지에 대해 설명해 주세요.","여러 종의 물질을 결합시키고 원자로의 열을 이용해서 여러 단계의 화학반응을 일으켜 최종적으로 물을 수소와 산소로 분리시키는 열화학사이클법이 연구되고 있지만 설비 투자가 많은 것이 흠입니다. 한편 어떤 물질에 물을 작용시키고 태양빛을 쬐어 광화학반응을 일으키거나, 물 속의 반도체에 태양빛을 쬐어 물을 직접 분해하는 등 태양에너지의 이용방법도 연구되고 있습니다.","P","원자로에 대해 설명해 주세요."
"1","수소에너지에 대해 설명해 주세요.","수소에너지는 수소의 화학반응을 통해서 만들어지는 연료를 의미합니다. 수소가 물로 변형되기 위해서는 수소 2개당 산소 1개의 결합이 필요한데 이러한 결합에서 발생하는 열을 통해서 에너지를 발생시키는 것으로 현재에 널리 통용되고 있습니다.","F",""
"1","수소에너지에 대해 설명해 주세요.","현재 열화학사이클법으로 수소에너지를 활용하고 있습니다. 여러 종의 물질을 결합시키고 원자로의 열을 이용하여 화학반응을 일으킨 다음 최종적으로 물을 수소와 산소로 분리시키는 방버브로 많은 연구를 통해 설비 시설의 원가를 절감함과 동시에 원자력 발전과 시설을 공용함으로써 효율을 내고 있습니다.","F",""
"1","수소에너지에 대해 설명해 주세요.","수소에너지는 굉장히 효율적이지만 위험부담이 큽니다. 수소의 핵융하블 이용하여 고효율의 에너지를 만드는 방식으로 방사선 물질의 노출을 항상 걱정해야함과 동시에 공장에서 사고가 발생할 경우 엄청난 폭발로 인한 피해가 발생하기 때문입니다.","F",""
"1","수소에너지에 대해 설명해 주세요.","수소 형태로 에너지를 저장하고 사용하는 에너지원으로 석유나 석탄을 대체하는 미래의 궁극적인 청정에너지원 중 하나입니다. 수소 에너지 원료가 되는 물은 지구상에 풍부하게 존재하며, 수소를 연소시켜도 산소와 결합하여 극소량의 질소와 물로 변하므로 공해 물질로 인한 환경오염 염려가 없습니다.","P","청정에너지원의 종류를 설명해 주세요."
"2","수소 연료전지에 대해 설명해 주세요.","연료전지는 연료와 공기를 전극 표면에서 반응시켜 얻어지는 화학 에너지를 직접 전기 에너지로 변환하는 에너지 변환장치로서, 연료가 공급되는 한 재충전 없이 계속해서 전기를 생산할 수 있고 소음이 적으며, 발전과정에서 발생되는 열은 급탕 및 난방으로 이용합니다.","P","재충전이 필요없다는 의미를 설명해 주세요."
"2","수소 연료전지에 대해 설명해 주세요.","수소를 직접 연료로 사용하는 수소 연료전지는 수소 연료와 산화제를 전기화학적으로 반응시켜 전기 에너지를 생산하는 장치로, 물의 전기분해 장치와 반대과정을 이용합니다. 화학 에너지를 일단 열에너지로 변환시킨 후 열기관을 사용하여 열에너지를 전기 에너지로 변환하는 보통의 발전 방식에 비해 간단하며 효율적입니다.","P","산화제에 대해 설명해 주세요."
"2","수소 연료전지에 대해 설명해 주세요.","수소 연료전지는 화학에너지를 직접 전기에너지로 전환하는 연료전지에서 화학에너지를 수소의 핵융합 반응을 통해 얻는 것을 말합니다. 수소연료전지는 고효율 에너지원을 가지고 있어 다른 전지에 비해 많은 에너지를 발산할 수 있으나 폭발이 위험이 존재합니다.","F",""
"2","수소 연료전지에 대해 설명해 주세요.","수소를 직접 연료로 사용하는 전지를 수소연료전지라고 통칭합니다. 수소의 화학결합에서 발생하는 열에너지를 호학에너지로 변환시켜서 화학에너지는 다시 전기 에너지로 변환하는 발전 방식으로 생산합니다.","F",""
"2","수소 연료전지에 대해 설명해 주세요.","수소 연료 전지의 원리는 수소 원료가 전자를 내놓음으로써 음전하를 띄게 도고 수소 이온이 전해질을 때라 음극으로 이동한 뒤, 이 두 대상이 재결합을 위해서 끌어당기는 척력에서 열에너지가 발생하는 것을 이용해 이를 화학에너지로 변환하여 만들어 집니다.","F",""
"2","수소 연료전지에 대해 설명해 주세요.","수소 연료전지의 원리는 다음과 같습니다. 수소 원료는 음(-)극에서 이온화 되어 전자를 내놓고, 수소 이온은 전해질을 따라 양(+)극으로 이동합니다. 산소 기체는 양(+)극에서 수소이온과 반응하여 물을 생성합니다. 음극에서 발생하는 전자는 전선을 따라 양극으로 이동하면서 전기가 흐르게 됩니다.","P","이온화에 대해 설명해 주세요."
"1","수소자동차에 대해 설명해 주세요.","수소는 지구상에 존재하는 거의 무한한 양의 물을 원료로 만들어내며, 사용 후에는 다시 물로 재순환되기 때문에 고갈될 걱정이 없는 무한 에너지원입니다. 따라서 수소는 저공해자동차의 필요성이 대두되는 현대사회에서 자동차의 연료로서 환영받고 있습니다. 이외에도 수소는 산업용 기초 소재, 일반 연료, 수소비행기 등 넓은 범위에서 에너지원으로 사용되고 있습니다.","P","수소의 일반연료 활용에 대해 설명해 주세요."
"1","수소자동차에 대해 설명해 주세요.","수소자동차는 일반 가솔린자동차와 달리 가솔린 대신에 수소를 연료로 하므로 배기가스의 주성분은 물이며, 질소산화물이 약간 배출되는 것외에는 공해물질이 거의 배출되지 않습니다. 수소자동차를 실용화하는 데 가장 중요한 문제는 수소의 저장방법입니다.  액체수소 저장탱크와 금속수소화물을 이용한 수소저장탱크 등 두 가지방법이 쓰입니다.","P","가솔린자동차와 공해물질의 관계를 설명해 주세요."
"1","수소자동차에 대해 설명해 주세요.","수소자동차는 수소의 핵융합에서 발생하는 에너지를 통해서 동력을 일으키는 자동차를 말합니다. 또한 수소는 지구 상에 존재하는 물을 원료로 만들어 내기 때문에 제한적이지 않고 친환경적이라는 장점이 있어서 재순환되는 에너지원을 지속적으로 저렴하게 공급받을 수 있다는 장점이 있습니다.","F",""
"1","수소자동차에 대해 설명해 주세요.","수소자동차는 무한 에너지 자원인 물이 산소와 수소로 분해되는 과정에서 발생하는 에너지를 통해 동력을 얻습니다. 그러나 수소는 질소산화물이 배출된다는 문제가 있어 완벽하게 친환경적이지 않아 현재는 수소자동차보다 산소자동차의 연구가 활발하게 진행되고 있습니다.","F",""
"1","수소자동차에 대해 설명해 주세요.","수소자동차는 수소의 화학반응을 토대로 에너지를 얻어 이동하는 자동차로 현재 자율주행 자동차 사업에서 널리 사용되고 있습니다. 테슬라를 필두로 한 전기 자동차 사업은 수소의 화학 반응을 통해 전기를 얻고 이를 통해 자동차에게 에너지를 부과하는 방식을 사용하고 있습니다.","F",""
"1","수소자동차에 대해 설명해 주세요.","액체수소를 이용하는 경우, 수소를 액화시키는 것이 어렵고 저장도중에 수소가 손실될 수 있으며 저장탱크를 만드는 것 또한 쉽지 않습니다. 수소저장탱크에 금속수소화물을 이용하는 경우, 수소저장합금이 무거운 금속이므로 이를 이용한 수소저장탱크가 너무 무거워 어려움을 겪고 있습니다.","P","수소저장합금이 무거운 이유를 설명해 주세요."
"2","금속수소화물 저장에 대해 설명해 주세요.","재료기반 저장방법의 대표적인 방법이며 수소 금속 흡착 탈착 반응역학과 재료의 열역학적 특성을 이용하여 개발되었습니다. 금속 수소화물 반응은 수소저장에 사용되는 합금과 수소 원소가 반응하여 고체상태의 금속 수소화물을 형성하는 것 입니다. 이 반응은 가역적이라는 특징이 있습니다.","P","수소 금속흡착 탈착 반응에 대해 설명해 주세요."
"2","금속수소화물 저장에 대해 설명해 주세요.","금속수소화물의 형성 시에는 발열반응, 분해 시에는 흡열반응으로 진행됩니다. 금속은 수소와의 친화력 기준으로 친화력이 강하여 안정한 수소화물을 형성하는 원소, 친화력이 약하여 높은 압력하에서 수소화물을 형성하는 발열반응 원소, 친화력이 없는 흡열반응 원소로 구분됩니다.","P","발열반응에 대해 설명해 주세요."
"2","금속수소화물 저장에 대해 설명해 주세요.","금속수소화물은 수소와 금속이 만났을 경우 금속이 수소에게 반응하여 변형을 일으켜 만들어진 것으로 수소 친화력이 낮은 금속일수록 더 안정적인 금속수소화물을 생성합니다. 친화력이 강하면 높은 압력하에서 생성된 수소화물이 압력이 없어질 경우 재분열되는 경우가 존재합니다.","F",""
"2","금속수소화물 저장에 대해 설명해 주세요.","금속수소화물(metal hydride)은 수소가 흡수 공정에 의해 액체 상태로 존재하는 금속 상에 화학적으로 저장
되는 화학 저장 시스템입니다. 금속, 금속간 화합물 (intermetallic compounds) 또는 합금과 같은 특정 물질
은 고온에서 적당한 압력 하에 수소를 흡수하여 가역성 액체 금속 수소 화합물을 형성하는 능력을 보이고
있어 이를 다시 굳히게 되면 금속수소화물을 얻을 수 있습니다.","F",""
"2","금속수소화물 저장에 대해 설명해 주세요.","재료기반 저장방법의 한 종류이며 수소 금속이 열을 받으면 스스로 탈착하는 반응역학에 재료의 열역학적 특성 결합하여 개발되었습니다. 금속 수소화물 반응은 수소저장에 사용되는 합금과 수소 원소가 반응하여 고체상태의 금속 수소화물을 형성하는 것 입니다. 그러나 해당 반응은 비가역적이라는 치명적인 단점이 있습니다.","F",""
"2","오쏘수소와 파라수소에 대해 설명해 주세요.","수소 분자는 원자핵 2개와 전자 2개로 이루어지는 계인데, 이 두 원자핵의 스핀 방향이 같은 방향인가 또는 반대 방향인가에 따라 두 가지 상태가 존재합니다. 스핀의 방향이 같은 방향, 즉 평행인 수소 분자를 오쏘수소라 하고, 스핀의 방향이 반대 방향, 즉 역평행인 수소 분자를 파라수소라고 합니다.","P","원자핵의 스핀방향에 대해 설명해 주세요."
"2","오쏘수소와 파라수소에 대해 설명해 주세요.","양자역학적 해석에 의하면 분자의 회전양자수가 다른데, 오쏘수소에서는 1, 3, 5 등 홀수인 양자수, 파라수소에서는 0, 2, 4 등 짝수인 양자수를 취합니다. 오쏘수소-파라수소 사이의 전환반응속도는 작아서 성질이 다른 2종의 수소 분자처럼 행동합니다. 상온 이상에서는 오쏘 대 파라의 비율이 대체로 3:1로 되어 있습니다.","P","양자역학에 대해 설명해 주세요."
"2","오쏘수소와 파라수소에 대해 설명해 주세요.","양자역학에 따르면 수소를 오쏘수소와 파라수소로 구별할 수 있는데 오쏘수소는 0,2,4 등 홀수인 양자수를 가지며 파라수소에서는 1,3,5 홀수인 양자수를 취합니다. 이 두 사이의 전환반응속도는 숫자가 상이하기 떄문에 속도가 느려서 하나으 원소처럼 행동합니다.","F",""
"2","오쏘수소와 파라수소에 대해 설명해 주세요.","상온 이상에서 오쏘수소와 파라수소는 결합하여 하나의 수소를 이루는데 그 비율은 2:1입니다. 이 둘이 결합을 통해 수소가 만들어지면 상온에서는 핵분열과 같은 에너지를 강제적으로 주입하지 않는 이상 끊어지지 않은 특이한 결합으로 수소가 구성됩니다.","F",""
"2","오쏘수소와 파라수소에 대해 설명해 주세요.","수소 분자는 원자핵 2개와 전자 2개로 이루어지는 계인데, 이 두 원자핵의 스핀 방향이 같은 방향인가 또는 반대 방향인가에 따라 두 가지 상태가 존재합니다. 스핀의 방향이 반대 방향, 즉 역평행인 수소 분자를 오쏘수소라 하고, 스핀의 방향이 같은 방향, 즉 평행인 수소 분자를 파라수소라고 합니다.","F",""
"2","제올라이트에 대해 설명해 주세요.","알칼리 금속 및 알칼리토금속이 알루미늄 산화물과 규산 산화물의 결합으로 생성된 음이온과 결합되어 있는 망상 규산염 광물을 말합니다. 좀 더 넓은 의미로는 결정질의 알루미늄 규산염광물이 포함됩니다. 규산염광물 중 망상규산염은 SiO4 사면체가 이웃하는 사면체와 그 산소원자 모두를 공유하는 망상 구조형을 보입니다.","P","알칼리토금속에 대해 설명해 주세요."
"2","제올라이트에 대해 설명해 주세요.","다이아몬드형 사면체 구조가 무한으로 연결된 삼차원 망상 구조 중에 제올라이트는 이 망상구조가 규칙적으로 깨어져 골격에 빈틈이 있습니다. 그로 인해 구조 내에 빈 공간이 많아 비석이라고도 합니다. 제올라이트의 이러한 물리적 특성으로 인하여 함수량이 높으며 굳기는 6을 넘지 않고 비중은 약 2.2입니다.","P","함수량에 대해 설명해 주세요."
"2","제올라이트에 대해 설명해 주세요.","다이아몬드형 사면체 구조가 무한정으로 연결된 사면체 망상 구조 중에 제올라이트는 이 망상구조를 불규칙적으로 파괴하여 빈틈이 발생합니다. 그로 인해 구조 내에 빈 공간이 발생하며 이로 인해 함수량이 부피에 비해 현저히 낮다는 특징을 가지고 있습니다.","F",""
"2","제올라이트에 대해 설명해 주세요.","제올라이트는 물리적 특성으로 이내서 함수량이 굉장히 높고 굳기는 2.2이상 6 이하에서 구성됩니다., 그러나 해당 함수량은 인위적인 조작을 통해 감소시킬 수 있으며 굳기 역시 단순한 가열을 통해서 6을 초과할 수 있어 조작이 쉬운 광물입니다.","F",""
"2","제올라이트에 대해 설명해 주세요.","알칼리 금속 및 알칼리토금속이 알루미늄 산화물과 규산 산화물의 분열을 통해 생성된 양이온과 결합되어 있는 망상 규산염 광물을 말합니다. 좀 더 넓은 의미로는 결정질의 알루미늄 규산염광물이 포함됩니다. 규산염광물 중 망상규산염은 SiO4 사면체와 결합하는 사면체와 그 산소원자 모두를 공유하는 망상 구조형을 보입니다.","F",""
"2","제올라이트에 대해 설명해 주세요.","제올라이트의 주요한 종류로서 방비석, 어안석, 소다비석, 휼란다이트, 캐버자이트, 스틸바이트, 이네사이트, 로몬타이트 등이 있습니다. 현무암 같은 염기성 화성암의 기공이나 열극에서 불석류 광물들과 함께 산출되기도 하며, 때로는 화강암, 편마암 중에 2차 광물로서 존재합니다.","P","2차광물에 대해 설명해 주세요."
"2","탄소 나노튜브에 대해 설명해 주세요.","탄소 나노튜브는 탄소로 이루어진 흑연의 한 층을 형성하고 육각형 벌집 모양의 평면구조인 그래핀을 나노 크기의 관 형태로 말아서 만들어진 튜브구조입니다. 탄소 나노튜브는 다양한 나노 물질 중에서 가장 흥미롭고 매혹적인 재료 중 하나입니다. 매우 높은 인장 강도와 유연한 특성을 동시에 보여주고 있습니다.","P","탄소의 강도에 대해 설명해 주세요."
"2","탄소 나노튜브에 대해 설명해 주세요.","탄소 나노튜브는 나노미터 크기의 지름을 가지지만 길이는 밀리미터 이상 가질 수도 이어서 매우 큰 길이와 지름의 비를 가질 수 있고, 이음새가 없는 원자 규모에서 완벽한 흑연 한 장인 그래핀으로 이루어진 원통 구조입니다. 나노튜브는 그래핀 구조가 어떻게 말려 튜브를 형성하느냐에 따라 도체가 되기도 하고, 반도체가 되기도 하는 매우 특이한 전기전자적 특성을 보여줍니다.","P","그래핀 구조에 대해 설명해 주세요."
"2","탄소 나노튜브에 대해 설명해 주세요.","탄소 나노튜브는 탄소로 구성된 사각형의 평면구조 그리핀을 나노 크기관 형태로 조합하여 만들어진 튜브구조입니다. 매우 높은 인장강도를 자랑하며, 변형이 불가능한 경우가 많아서 매력적인 소재로 각광받고 있는 추세입니다.","F",""
"2","탄소 나노튜브에 대해 설명해 주세요.","탄소 나노튜브란  탄소로 구성된 나노미터의 크기의 지름을 가지는 튜브를 총칭합니다. 또한 각 중앙 부분에 이음새가 존재하여 밀리미터 이상의 매우 큰 길이와 지름을 가진 육각형으 튜브로도 재생산될 수 있습니다. 이 탄소 나노큐브는 현재 반도체업에서 가장 중요한 소재로서 각광받고 있습니다.","F",""
"2","탄소 나노튜브에 대해 설명해 주세요.","탄소 나노튜브는 흐연 양극에 생긴 탄소 덩어리를 통해 세상에 알려졌습니다. 이 때 발견된 나노튜브의 지름이 기존 나노튜브보다 훨씬 세밀하며 전기전도성이 우월하여 현재는 반도체의 핵심적 구성요소로서 기능하고 있습니다.","F",""
"2","탄소 나노튜브에 대해 설명해 주세요.","탄소 나노튜브는 1991년 일본의 이이지마 박사가 전기방전에 사용한 흑연 음극에 생긴 탄소 덩어리를 투과전자현미경으로 관찰하여 분석하는 과정에서 처음 발견하였습니다. 이 때 발견한 나노튜브는 지름이 다른 여러 튜브가 동심으로 겹쳐 있는 다중 벽 나노튜브 구조였습니다.","P","투과전자현미경의 특징을 설명해 주세요."
"1","전지에 대해 설명해 주세요.","오늘날 사용되는 1차전지의 기원은 1800년 이탈리아의 볼타가 개발한 볼타전지입니다. 볼타는 서로 다른 금속이 액체를 사이에 두고 반대의 전하를 가질 때 기전력이 발생한다는 사실을 발견하였습니다. 이후 이를 바탕으로 분젠전지, 포겐도르프전지 등 많은 전지가 고안되었으며, 많은 개량을 통하여 현재 널리 사용되는 망가니즈건전지로 발전하였습니다.","P","분젠전지에 대해 설명해 주세요."
"1","전지에 대해 설명해 주세요.","화학반응을 이용한 전지를 화학전지, 물리반응을 이용한 전지를 물리전지라 하며, 일반적으로 화학전지가 더 보편적입니다. 화학전지는 1차전지와 2차전지로 나눌 수 있습니다. 1차전지는 작용물질을 전극 가까이에 미리 넣어 두고, 이 물질의 화학변화에 의해 생기는 전기에너지를 이용합니다.","P","2차전지에 대해 설명해 주세요."
"1","전지에 대해 설명해 주세요.","전지는 1차전지와 2차전지로 구분됩니다. 금속이 액체를 사이에 두고 반대의 전하를 가질 때 기전력이 발생하는 원리를 통해 만들어지면 1차전지이고 그 1차 전지를 활용하여 화학에너지를 물리에너지로 변형시킬 경우 2차전지로 구분합니다.","F",""
"1","전지에 대해 설명해 주세요.","전지란 건전지를 생각하면 쉽게 이해할 수 있습니다. 전지는 전기를 응축시켜 보관하는 것으로 시계, 소형 기기 등에 주로 사용됩니다. 현재는 배터리가 내장되어있는 기기가 많아짐에 따라 자주 사용되고 있지 않고 있습니다.","F",""
"1","전지에 대해 설명해 주세요.","전지는 화학반응을 이용한 화학전지와 물리반응을 이용한 물리전지로 구분할 수 있습니다. 이 둘의 구분은 각 반응을 통해 기전력을 만드는 방식이 다르기 떄문에 구분가능합니다. 단, 화학 전지의 경우 밀리 전지에 비해 기전력이 월등하기 떄문에 더 자주 사용하고 있습니다.","F",""
"1","전지에 대해 설명해 주세요.","2차전지는 전기에너지를 방출하여 작용물질이 변화한 후에도 다시 전지에 전기에너지를 공급, 즉 충전하면 작용물질이 재생되어 이를 되풀이할 수 있습니다. 축전지로 많이 사용됩니다. 물리전지에는 태양전지, 열전지 등이 있으며, 태양전지는 태양빛을 직접 전기에너지로 바꾸는 반도체 접합으로 이루어져 있습니다.","P","반도체에 대해 설명해 주세요."
"2","에너지 하베스팅에 대해 설명해 주세요.","일상적으로 버려지거나 사용하지 않은 작은 에너지를 수확하여 사용 가능한 전기 에너지로 변환해주는 기술로, 신재생 에너지 원천 기술로 각광 받고 있습니다. 에너지 하베스팅 기술의 구성은 발생된 에너지를 변환 수집하는 부분과 에너지를 축적하는 부분으로 구성됩니다.","P","에너지 하베스팅의 수집과 축적 기술에 대해 설명해 주세요."
"2","에너지 하베스팅에 대해 설명해 주세요.","버려지는 에너지를 수집해 전기로 바꿔 쓰는 기술입니다. 가령, 집이나 사무실 조명에서는 빛에너지가 나옵니다. 우리가 한 걸음씩 걸을 때마다 발바닥이 바닥을 누르는 압력에너지가 생깁니다. 자동차나 기차, 비행기 등이 움직일 때 극심한 진동과 열이 발생합니다. 이것들이 모두 버려지는 에너지 입니다.","P","압력에너지를 전기에너지로 바꾸는 방안에 대해 설명해 주세요."
"2","에너지 하베스팅에 대해 설명해 주세요.","일상적으로 사용하고 있는 에너지를 재사용하여 전기 에너지를 재생산하는 기술을 에너지 하베스팅이라고 합니다. 소위 기생적 에너지라고 평가되며 이를 통해 에너지 보존법칙에 위배될 정도의 에너지를 다시 생산함으로써 경제적인 이익을 얻을 수 있습니다.","F",""
"2","에너지 하베스팅에 대해 설명해 주세요.","에너지 하베스팅은 출력이 고정적으로 유지되고 태양광 전지를 사용하기 때문에 친환경적이라는 장점이 있을 뿐더러 주위 환경에 영향을 받지않고, 소자의 효율이 현재 대부분의 소자보다 월등히 높기 때문에 차세대 에너지원으로 각광받고 있습니다.","F",""
"2","에너지 하베스팅에 대해 설명해 주세요.","버려지는 에너지를 수집하여 에너지를 재생산하는 것을 말합니다. 집이나 사무실 조명에서 발생하는 에너지나 우리가 움직일 때 발생하는 마찰력 등을 수집하여 에너지를 생산합니다. 다만 해당 에너지는 전기 에너지로만 기능하기 떄문에 사용 목적을 다양하게 변이하는 데에서 한계가 발생합니다.","F",""
"2","에너지 하베스팅에 대해 설명해 주세요.","에너지 하베스팅은 장점이 많지만 갈 길이 아직 멀다고 여겨집니다. 가장 큰 단점은 출력이 들쑥날쑥 하다는 것입니다. 흐리거나 비가 오면 태양광 전지는 무용지물입니다. 도로에 자동차가 지나가지 않으면 압전소자는 전기를 전혀 만들 수 없습니다. 특히 소자의 효율이 현재로서는 너무 낮다는 점입니다.","P","소자의 효율을 올리기 위한 방안을 설명해 주세요."
"2","에너지 하베스팅 소자 종류를 설명해 주세요.","어떤 물질은 기계적으로 누르면 양전하와 음전하가 나뉘는 ‘유전 분극’이 일어납니다. 이때 표면의 전하 밀도가 변하면서 전기가 흐르는 ‘압전효과’가 발생합니다. 대표적인 예로, 라이터와 가스 버너가 있습니다. 내부에 압전소자와 작은 망치가 들어 있어서 라이터를 누르면 망치가 압전소자를 때리고 여기서 생긴 전류가 온도를 높여 가스에 불이 붙는 것 입니다. ","P","유전분극을 자세히 설명해 주세요."
"2","에너지 하베스팅 소자 종류를 설명해 주세요.","열전효과는 온도가 차이날 때 전류가 흐르는 현상을 통칭합니다. 제벡효과, 펠티에효과 등이 있습니다. 제벡효과는 서로 다른 두 금속의 양쪽 끝을 붙인 뒤 한쪽을 가열하면, 온도 차가 생기면서 전류가 흐르는 현상입니다. 펠티에효과는 반대로 전류를 흘려주면 시료 양단에 온도 차가 발생하는 현상입니다.","P","펠티에효과를 응용한 기술을 설명해 주세요."
"2","에너지 하베스팅 소자 종류를 설명해 주세요.","에너지 하베스팅은 양전하와 음전하가 서로 끌어당김에 따라서 발생하는 압전효과를 이용하는 예를 들어, 라이터와 가스 버너가 있습니다. 이때 생기는 압전 효과를 이용하여 불을 만들거나, 마찰력을 보존하는 에너지 하베스팅 소자가 존재합니다.","F",""
"2","에너지 하베스팅 소자 종류를 설명해 주세요.","열전효과 역시 에너지 하베스팅의 소자이며, 펠티에 효과, 제백효과가 있습니다. 펠티에 효과는 같은 금속 두 양극을 붙인 뒤에 냉각하면 온도차가 발생하여 전류가 흐르는 효과이며 제백효과는 그 반대로 가열하여 발생하는 온도차를 이용합니다.","F",""
"2","에너지 하베스팅 소자 종류를 설명해 주세요.","에너지 하베스팅 소자의 종류 중에 무선통신을 이용한 RF가 존재합니다. 데이터 통신으로 무선통신이 늘어났지만 유선보다 누락되는 에너지가 많음을 이용하여 그 누락된 에너지를 소자로써 사용합니다. 이는 주기와 파장에 영향을 받지 않기 때문에 어떤 무선통신에서도 사용가능합니다.","F",""
"2","에너지 하베스팅 소자 종류를 설명해 주세요.","RF는 전파를 이용한 무선 통신을 뜻합니다. 여기서 RF란 파장이 1mm~100km 범위, 즉 진동수 3KHz~300GHz까지의 전자기파입니다. 무전기, 이동통신, 주파수공용무선통신시스템, 위성전화 같은 음성 통신과 무선인터넷, 와이브로, HSDPA와 같은 데이터 통신이 있습니다. 이런 전자기파를 수집해 전기로 바꿀 수 있습니다.","P","HSDPA에 대해 설명해 주세요."
"2","자성재료에 대해 설명해 주세요.","대표적인 것으로는 녹음용 자기테이프나 영구 자석이 있습니다. 전기를 이용해서 열이나 빛을 발생시키는 히터나 전구는 전기저항체에 전기를 흘리면 열로 변한다는 원리를 이용한 것입니다. 자성과는 관계가 없으나 전기를 흘리면 힘을 내는 모터, 힘을 주어 회전시키면 전기를 발생하는 발전기 등은 전기와 자기의 응용이며 이와 같은 기기에는 반드시 자성재료가 사용됩니다.","P","전기저항체에 대해 설명해 주세요."
"2","자성재료에 대해 설명해 주세요.","알루미늄새시나 구리전선은 자석에 붙지 않습니다. 이와 같은 재료는 자성재료가 될 수 없습니다. 그러나 한편으로는 자성재료의 응용이 확대됨에 따라 자성이 있으면 안되는 용도도 증가하고 있는데, 특히 그 점에 주목한 재료로 비자성재료가 있습니다. 자기장의 작용에 따라 강하게 자화하는 것이 강자성체이며, 가장 기본적인 재료로는 철이 있습니다.","P","강자성체의 특징을 설명해 주세요."
"2","자성재료에 대해 설명해 주세요.","자성이 영구적으로 존재하는 물질을 자성재료라고 합니다. 도체의 경우 대부분 자성 재료로 쓰이며 현재는 반도체 역시 큰 의미에서 자성재료로 불리고 있습니다. 따라서 물과 같은 전도성이 강한 액체 역시 자성재료로써 사용될 수 있습니다.","F",""
"2","자성재료에 대해 설명해 주세요.","현재 자성재료로 각광받고 있는 것은 알루미늄과 구리입니다. 자성재료의 용도가 확대됨에 따라서 자성이 강한 재료에 대한 수요가 높아지게 되었고 이로써 가장 강한 자성을 가진 알루미늄과 구리가 적절한 자성재료로 평가받고 있습니다.","F",""
"2","자성재료에 대해 설명해 주세요.","자성재료는 자성이 조건적으로 발생해야 합니다. 도체의 경우 전기가 흐르는 것을 차단할 수 없기 때문에 반도체와 같이 조건적 자성을 가지는 것을 자성재료로 여기고 였습니다. 또한 비도체 역시 특정한 조건에서 도체로 변경시킬 수 있는 기술이 개발되며 자성재료로 평가됩니다.","F",""
"2","도난방지센서의 원리를 설명해 주세요.","도난방지 시스템은 도난 방지를 위해 상품 또는 도서내부에 연자성박판을 부착하여 판매되거나 대출될 때 특정 주파수의 전자기파에 반응하도록 설계한 시스템 입니다. 부착된 연자성 태그는 자기장을 인기하여 착자와 재배열 등의 방법으로 반복해서 사용할 수 있습니다.","P","도난방지시스템에서 사용하는 주파수에 대해 설명해 주세요."
"2","도난방지센서의 원리를 설명해 주세요.","시스템의 방식에는 기존의 RF방식과 전자기장을 이용하는 EM방식, 그리고 우수한 신기술인 AM방식이 있습니다. EM방식은 수 kHz의 주파수 범위에서 사용되며 교류자장 내에 연자성체가 있을 경우 교류자장의 증폭에 의하여 발생하는 고주파를 감지하는 원리를 이용합니다.","P","AM방식에 대해 설명해 주세요."
"2","도난방지센서의 원리를 설명해 주세요.","도난 방지 센서란 매장에서 물건의 도난을 방지하기 위해서 부착하는 센서를 통칭합니다. 주로 식당이나 서비스업에서 계산을 하지 않고 가는 손님을 위해 음식의 그릇에 도난 방지 센서를 부착하곤 합니다. 이는 교류 자장 증폭의 원리를 사용하는 경우가 대부분입니다.","F",""
"2","도난방지센서의 원리를 설명해 주세요.","도난방지센서는 도체의 저주파를 감지하여 도난 가능한 물품이 특정 위치에서 벗어날 경우 신호음이 울리게하는 원리로 구성되어 있습니다. 보통 kHz의 주파수를 사용하여 대상의 위치를 파악하고 해당 주파수에서 벗어날 경우 오차없이 신호음이 울리게 됩니다.","F",""
"2","도난방지센서의 원리를 설명해 주세요.","시스템 방식은 RF와 EM 방식으로 구분됩니다. RF는 고유방식으로 바코드를 인식함으로써 센서의 전원을 끄거나 킬 수 있고 EM방식은 신호가 항상 울리게 설계되어 있어 탈부착을 통해 센서를 제거해야만 합니다. 또한 AM방식은 직류자장의 증폭을 이용합니다./","F",""
"2","도난방지센서의 원리를 설명해 주세요.","최근에는 RF방식과 EM방식의 우수한 특성만을 조합하여 감지하는 AM방식이 신기술로서 기존 방법을 대체하고 있습니다. 58 kHz 의 단일 파장이 안테나에서 발생될 때 연자성 태그에서 공명진동파가 나오는 방식으로 이루어져 있습니다. 문서보관용으로 많이 사용되는 방식은 EM 방식입니다.","P","공명진동파에 대해 설명해 주세요."
"2","무선 전력 전송에 대해 설명해 주세요.","전선 없이 전력을 전송할 수 있는 기술을 말합니다. 언제 어디서나 무선 어댑터만 있으면 인터넷에 접속할 수 있는 와이파이 기술에 비유해 와이파워 라고도 합니다. 스마트폰 무선충전에 활용되는 자기유도 방식, 전기차, 고속철 등에 활용이 추진되고 있는 자기공진 방식, 그리고 우주태양광발전에 활용하기 위해 기술을 개발중인 원거리 마이크로파 방식 등이 있습니다.","P","자기유도 방식에 대해 설명해 주세요."
"2","무선 전력 전송에 대해 설명해 주세요.","무선 전력 전송 혹은 무선 에너지 전송은 선이 없는 전기 에너지의 전송을 말합니다. 무선 전력 전송은 시변적인 전기장, 자기장, 전자기장을 사용합니다. 무선 전송은 유선 상호 연결이 불편하거나 위험하거나 불가능한 상황에서 전기 장치로의 전원을 공급하는데 유용합니다. ","P","자기장에 대해 설명해 주세요."
"2","무선 전력 전송에 대해 설명해 주세요.","유선 전력 전송과 달리 전선이 존재하지 않기 떄문에 위치에 제약을 받지 않는 전송을 말합니다. 주로 무선 배터리 충전에서 대중적으로 발견되는 방식이지만 자기 유도 방식을 사용하기 떄문에 전기가 누수될 수 있는 위험성을 지니고 있습니다.","F",""
"2","무선 전력 전송에 대해 설명해 주세요.","와이파이와 같이 무선으로 데이터를 전송하는 방식을 무선 전력 전송이라고 하며 와이파이에서 그 이름을 착안하여 와이파워라고도 합니다. 현재는 1.2GHz까지 주파수를 증폭시킬 수 있는 기술이 발달되어 사진이나 텍스트를 전송할 수 있을 정도로 진보하였지만 그 이상의 주파수를 사용하면 기기 파손의 위험성 떄문에 아직까지 실용화되지 못하고 있습니다. ","F",""
"2","무선 전력 전송에 대해 설명해 주세요.","스마트폰 무선 충전에서 주로 발견되는 무선전력 전송은 비방사식과 방사식으로 나뉩니다. 비방사식은 접촉이 필수적으로 발생해야 핸드폰이 충전되지만 방사식은 특정 영역에 해당 기기가 들어오면 자동으로 그 주파수를 인식하여 충전이 진행되는 방식입니다.","F",""
"2","무선 전력 전송에 대해 설명해 주세요.","무선 전력 기술은 비방사식과 방사식, 2가지 부류로 나눕니다. 모든 무선 전력과 관련된 중요한 문제는 잠재적으로 위험한 전자기장에 대한 인체와 다른 생물의 노출을 제한하는 것입니다. 또한 무선 전력 전송은 무선으로 전기를 전달하는 것 자체만을 의미하고, 이를 이용하여 충전하는 방식은 무선 충전이라고 합니다.","P","방사식 방식에 대해 설명해 주세요."
"1","건물 에너지 관리 시스템에 대해 설명해 주세요.","건물 에너지 관리 시스템은 BEMS 라고 불립니다. BEMS는 건축, 기계, 전기, 신재생 등 건물 에너지와 관련된 고도의 전문 지식에 ICT를 접목시킨다는 점에서 기존 시스템과 차별화됩니다. 에너지 사용 정보를 자동 수집·분석해 건축물 특성에 따라 최적화된 개선 방안을 제시합니다.","P","ICT 기술에 대해 설명해 주세요."
"1","건물 에너지 관리 시스템에 대해 설명해 주세요.","사람들의 요구나 기술 발달로 건축물에 요구되는 설비는 날로 세분화되고 복잡해지고 있습니다. 이렇듯 건축물을 유지 관리하는 복잡한 시스템을 제각기 계획하고 관리하는 과정에서 관리가 누락되는 경우도 있고, 반대로 중복 관리돼 비효율적으로 되는 경우도 있습니다. 따라서 비용이나 에너지 절약의 측면에서 건축물 관리를 통합할 필요성이 제기됐습니다. ","P","BEMS를 통한 에너지 절약 방안에 대해 설명해 주세요."
"1","건물 에너지 관리 시스템에 대해 설명해 주세요.","건물 에너지 관리 시스템은 건축, 기계, 전기 등 건물에서 발생하는 에너지 전체를 관리하는 시스템을 의미합니다. 우리가 아파트에서 볼 수 있는 도시가스 미터기나 역시 건물 에너지 관리 시스템의 일부입니다. 해당 시스템은 에너지의 절약을 위해서 존재합니다.","F",""
"1","건물 에너지 관리 시스템에 대해 설명해 주세요.","건물 내부에서 사용하는 에너지 사용 효율을 개선하는 시스템을 말합니다. 따라서 건물 외벽에 있는 전기는 법적으로 건물 에너지 관리 시스템의 대상이 되지 못한다는 한계가 있습니다. 따라서 건물 외부에서 발생하는 에너지를 통합하여 관리하는 시스템으로 발전해야하는 한계가 있습니다.","F",""
"1","건물 에너지 관리 시스템에 대해 설명해 주세요.","빌딩 내에서 에너지 관리 설비를 이용하여 정보를 수집, 분석하여 그 통계를 도출하는 시스템을 건물 에너지 관리 시스템이라고 합니다. 이를 통해 비용이나 에너지 절약의 측면에서도 장점이 발생함과 동시에 건축물을 유지 관리하는데 필요한 최대한의 에너지를 산출하여 독립적으로 관리하는 것이 가능해졌씁니다.","F",""
"1","건물 에너지 관리 시스템에 대해 설명해 주세요.","빌딩 내 에너지 관리 설비의 다양한 정보를 실시간 수집ㆍ분석해 에너지 사용 효율을 개선하는 시스템입니다. 에너지사용량ㆍ설비운전 현황ㆍ실내환경 및 탄소배출량 등을 관리해 주며, 이 시스템을 사용하면 평균 5~15%가량의 에너지를 절감할 수 있습니다. 국내 기업들은 갑작스런 정전 사고 등을 대비하기 위해 사옥에 BEMS를 조기 도입하는 등 에너지 관리에 힘쓰고 있습니다.","P","탄소배출량에 대해 설명해 주세요."
"2","제로 에너지 빌딩에 대해 설명해 주세요.","제로 에너지 빌딩은 에너지 효율성을 극대화하고 건물 자체에 신재생 에너지 설비를 갖춤으로써 외부로부터 추가적인 에너지 공급 없이 생활을 영위할 수 있는 공간입니다. 즉, 고효율 저에너지 소비의 실현을 말합니다. 단열, 자연 채광, 바닥 난방, 고효율 전자기기 사용 등을 통해 일상생활에 필요한 난방, 조명 등의 에너지 소비를 최소화하는 것이 가장 기본적인 조건입니다.","P","단열의 방법에 대해 설명해 주세요."
"2","제로 에너지 빌딩에 대해 설명해 주세요.","건물에 자체적인 에너지 생산 설비를 갖추어야 합니다. 태양광, 풍력 등 자체적인 신재생에너지 생산 설비를 갖추고 생활에 필요한 에너지를 자체적으로 생산하는 것이 필요합니다. 에너지 절감이 제로 에너지 빌딩의 실현을 위한 필요조건이라면 신재생에너지에 의한 에너지 생산은 충분조건이라 할 것입니다.","P","태양광에 대해 설명해 주세요."
"2","제로 에너지 빌딩에 대해 설명해 주세요.","제로 에너지 빌딩이란 에너지의 유입이 필요없는 건물을 일컫습니다. 즉 건물 내부에서 자체적인 에너지 생산 설비를 갖추게 되어서 외부 에너지의 유입 없이 자생적인 에너지 관리가 되는 것입니다. 현재는 대부분의 빌딩이 제로 에너지 빌딩으로 건축되고 있습니다.","F",""
"2","제로 에너지 빌딩에 대해 설명해 주세요.","제로 에너지 빌딩이란 에너지 효율성을 극대화하고 건물 자체적으로 에너지 재생산이 가능하여 고효율 고에너지 소비의 실현이 가능한 건물을 통칭합니다. 그러나 이는 자체적인 에너지 조달로 인해 에너지의 과소비를 초래할 수 있습니다.","F",""
"2","제로 에너지 빌딩에 대해 설명해 주세요.","제로 에너지 빌딩은 현실성이 없는 아이디어입니다. 에너지는 측정 시점에 따라 유동적이며 따라서 측정을 통해 통계를 산출할 수 없기 떄문입니다.또한 제로 에너지 빌딩을 건축하기 위해서는 원자력 에너지를 사용해야 되기 때문에 위험부담도 큽니다.","F",""
"2","제로 에너지 빌딩에 대해 설명해 주세요.","제로 에너지 빌딩이라면 자체 에너지 설비를 갖추기 때문에 전력망과의 연계는 필요하지 않다고 생각할 수 있습니다. 그러나 태양광, 풍력 등 신재생에너지는 계절이나 시간, 바람 등 외부 환경에 의해 에너지를 생산할 수 있는 양에 큰 편차가 존재합니다. 따라서 기존 전력망과의 연계를 통해 에너지를 주고받는 과정이 필요합니다.","P","기존전력망과의 연계방안에 대해 설명해 주세요."
"2","패시브 하우스에 대해 설명해 주세요.","수동적인 집이라는 뜻으로, 능동적으로 에너지를 끌어 쓰는 액티브 하우스에 대응하는 개념입니다. 액티브 하우스는 태양열 흡수 장치 등을 이용하여 외부로부터 에너지를 끌어 쓰는 데 비하여 패시브 하우스는 집안의 열이 밖으로 새나가지 않도록 최대한 차단함으로써 화석연료를 사용하지 않고도 실내온도를 따뜻하게 유지합니다.","P","액티브 하우스에 대해 설명해 주세요."
"2","패시브 하우스에 대해 설명해 주세요.","구체적으로는 냉방 및 난방을 위한 최대 부하가 1제곱미터 당 10W 이하인 에너지 절약형 건축물을 가리킵니다. 이를 석유로 환산하면 연간 냉방 및 난방 에너지 사용량이 1제곱미터 당 1.5ℓ 이하에 해당하는데, 한국 주택의 평균 사용량은 16ℓ이므로 80% 이상의 에너지를 절약하는 셈이고 그만큼 탄소배출량을 줄일 수 있다는 의미이기도 합니다.","P","석유 사용 감소와 탄소배출량의 관계를 설명해 주세요."
"2","패시브 하우스에 대해 설명해 주세요.","패시브 하우스란 에너지 절약형 건축물을 통칭합니다. 최대 전기 에너지 소비가 1평당 10W 이하이면 패시브 하우스라고 하는데 수동적인 집이라는 이름에 걸맞게 자체적으로 에너지 소비를 결정할 수 없다는 단점이 있습니다.","F",""
"2","패시브 하우스에 대해 설명해 주세요.","구체적으로 전기, 냉방, 난방을 중앙에서 통제 관리하는 집을 의미합니다. 따라서 거주자의 만족도가 평균으로 수렴하며 저렴하긴 하지만 인간 복지 측면에서 열악하다는 성격 떄문에 인기를 끌지 못하고 있습니다.","F",""
"2","패시브 하우스에 대해 설명해 주세요.","액티브 하우스와 다르게 외부로부터 에너지를 끌어들이지 않고 자체적인 집의 에너지 생산으로 인해서 에너지를 공급하는 집을 말합니다. 대부분 아파트의 옥상에 태양전지가 위치해 있다면 패시브 하우스로 분류할 수 있습니다.","F",""
"2","패시브 하우스에 대해 설명해 주세요.","폐열회수형 환기장치를 이용하여 신선한 바깥 공기를 내부 공기와 교차시켜 온도차를 최소화한 뒤 환기함으로써 열손실을 막습니다. 이렇게 함으로써 난방시설을 사용하지 않고도 한겨울에 실내온도 약 20℃를 유지하고, 한여름에 냉방시설을 사용하지 않고 약 26℃를 유지할 수 있습니다.","P","폐열회수형 환기장치에 대해 설명해 주세요."
"1","스마트 그리드에 대해 설명해 주세요.","기존의 단방향 전력망에 정보기술을 접목하여 전력 공급자와 소비자가 양방향으로 실시간 정보를 교환함으로써 에너지 효율을 최적화하는 '지능형 전력망'을 말합니다. 발전소와 송전·배전 시설과 전력 소비자를 정보통신망으로 연결하고 양방향으로 공유하는 정보를 통하여 전력시스템 전체가 한몸처럼 효율적으로 작동하는 것이 기본 개념입니다.","P","지능형전력망의 특징을 설명해 주세요."
"1","스마트 그리드에 대해 설명해 주세요.","이를 활용하여 전력 공급자는 전력 사용 현황을 실시간으로 파악하여 공급량을 탄력적으로 조절할 수 있습니다. 전력 소비자는 전력 사용 현황을 실시간으로 파악함으로써 이에 맞게 요금이 비싼 시간대를 피하여 사용 시간과 사용량을 조절할 수 있으며, 태양광 발전이나 연료전지, 전기자동차의 전기에너지 등 가정에서 생산되는 전기를 판매할 수도 있게 됩니다.","P","전력 사용 현황을 실시간으로 파악하는 이유를 설명해 주세요."
"1","스마트 그리드에 대해 설명해 주세요.","스마트 그리드는 기존의 양방향 전력망에 정보기술을 접목하여 전력 공급자와 소비자가 단일한 방향으로 정보를 제공받으며 에너지 효율을 최적화하는 그리드를 말합니다. 발전소에서 공급되는 전력을 소비자가 정보통신망을 통해 연결하면 그 크기만큼 공급자가 전기를 공급하는 시스템을 말합니다.","F",""
"1","스마트 그리드에 대해 설명해 주세요.","스마트 그리드를 통해 전력 사용의 한 달 간격의 통계를 파악하여 공급량을 탄력적으로 조절할 수 있습니다. 전력 소비자는 매 달 전력 사용 현황을 파악함으로써 개인 전력 소비를 조절할 수 있으며 공급자 역시 평균적 금액을 파악할 수 있습니다.","F",""
"1","스마트 그리드에 대해 설명해 주세요.","자동조정 시스템으로 운영되므로 고장 요인을 사전에 감지하여 위험 부담을 최소화하고, 기존 전력시스템이 지니는 다양한 전력 공급자와 소비자가 간접적으로 연결되는 통합형 전원체제로 전환되는 특징을 지니지만, 자연적 상황에 따라 전력 생산이 불규칙한 한계를 지닌 신재생에너지를 활용할 수 없다는 단점은 가지고 있습니다.","F",""
"1","스마트 그리드에 대해 설명해 주세요.","자동조정 시스템으로 운영되므로 고장 요인을 사전에 감지하여 정전을 최소화하고, 기존 전력시스템과는 달리 다양한 전력 공급자와 소비자가 직접 연결되는 분산형 전원체제로 전환되면서 풍량과 일조량 등에 따라 전력 생산이 불규칙한 한계를 지닌 신재생에너지 활용도가 증대됩니다.","P","정전에 대해 설명해 주세요."
"1","에너지 절약 마크에 대해 설명해 주세요.","전자제품에 대한 에너지절약을 유도하기 위해 1999년 4월부터 실시한 제도입니다. 제품을 사용하지 않는 시간에 자동적으로 절전모드로 전환되거나, 플러그만 꽂아둔 상태에서 대기소비전력을 기준치 이하로 최소화하는 제품에 한해 부착할 수 있습니다. 이 마크가 부착된 제품은 ‘에너지 절약형 제품’을 뜻하고, 사업장에 사용되었을 때에는 ‘에너지절약에 노력하는 사업장’임을 의미합니다.","P","대기소비전력에 대해 설명해 주세요."
"1","에너지 절약 마크에 대해 설명해 주세요.","마크 사용자는 관련제품, 사업장의 일정장소, 광고물 등에 마크를 부착 또는 표시할수 있습니다. 부착 위치는 가급적 제품 전면을 원칙으로 하지만, 제품에 따라 사업자가 정합니다. 마크사용 유효기간은 사용대상의 각 사업에서 정한 기간에 따르며, 마크사용자가 마크의 품위를 실추하거나 부적정한 사례가 있어 공단이 시정을 요구할 경우에는 반드시 이에 따라야 합니다.","P","마크의 유효기간이 사업별로 다른 이유를 설명해 주세요."
"1","에너지 절약 마크에 대해 설명해 주세요.","전자 제품에 대한 에너지 절약을 유도하기 위해서 2020년부터 새롭게 도입된 제도 입니다. 제품 자체적으로 친환경 소재를 사용하거나, 신재생 에너지를 사용하는 제품의 경우 에너지 절약 마크가 각 등급에 맡게 생산될 때 의무적으로 부착됩니다.","F",""
"1","에너지 절약 마크에 대해 설명해 주세요.","에너지 절약 마크의 대상이 아닌데 에너지 절약 마크를 붙였을 경우와 같이 부적합한 사례가 늘어남에 따라 사용자는 에너지 절약 마크를 신뢰하지 않고 있습니다. 이에 따라 2018년부터 에너지 절약 마크의 의무화가 폐지되었습니다.","F",""
"1","에너지 절약 마크에 대해 설명해 주세요.","에너지 절약 마크는 해당 제품의 대기소비전력에 따라 부과되는 개념이지만, 현재 배터리가 존재하거나 무선 충전이 가능한 제품 등이 늘어나 즉, 콘센트에 접촉하지 않는 제품이 늘어남에 따라 그 유용성이 상실되고 있습니다.","F",""
"1","에너지 절약 마크에 대해 설명해 주세요.","이 마크를 사용할 수 있는 대상은 에너지절약형으로 인정받은 것이어야 합니다. 대상은 고효율 에너지 기자재로 인증받은 제품, 에너지소비효율 1등급제품, 에너지절약 전문기업, 녹색에너지 가족운동본부와 약정을 한 에너지사용업체 및단체, 에너지절약 자발적 협약 및 단체, 에너지절약 5개년계획 점검 결과우수등급업체, 기타 공단이사장이 에너지이용 합리화사업과 관련하여 필요하다고 인정하는 경우 등에 해당합니다.","P","에너지소비효율 등급에 대해 설명해 주세요."
"2","가스 하이드레이트에 대해 설명해 주세요.","얼음이나 드라이아이스와 유사한 형태로 결정화된 물 기반의 고체이며, 물, 가스, 저온, 고압의 4가지 조건이 모두 만족되면 생성됩니다. 메탄과 이산화탄소, 염소 등의 기체 분자가 물 분자 사이의 빈 공간을 채우면서 만들어지는데, 깊은 바다에서는 얼음으로 존재하지만 높은 온도에서는 물과 가스가 분리되며 불타기 때문에 불타는 얼음으로도 불립니다.","P","드라이아이스에 대해 설명해 주세요."
"2","가스 하이드레이트에 대해 설명해 주세요.","주 성분이 가스이기 때문에 석유 연료에 비해 이산화탄소 등의 공해 물질을 적게 배출하며, 따라서 미래의 환경친화적 에너지로 주목받고 있습니다. 시베리아, 노르웨이, 알래스카, 인도 등의 대륙 주변 심해에 약 10조 톤 이상 매장되어 있는 것으로 알려져 있습니다. 특히 우리나라 동해는 약 6조 톤이 매장되어 있을 것으로 추정됩니다. ","P","심해에 가스 하이드레이트가 많이 매장되어 있는 이유를 설명해 주세요."
"2","가스 하이드레이트에 대해 설명해 주세요.","가스 하이드레이트란 얼음이나 드라이아이스와 같이 결정화된 질소 기반의 고체를 말합니다. 즉 드라이아이스의 질소버전이라고 생각하시면 편합니다. 질소는 녹는점이 상온을 벗어나기 떄문에 유통업체에서 물품을 조달할 때 주로 사용됩니다.","F",""
"2","가스 하이드레이트에 대해 설명해 주세요.","주 성분이 질소이기 때문에 석유 연료와 달리 이산화탄소를 거의 배출하지 않아서 환경 친화적인 에너지로 주목받고 있습니다. 그러나 석유와 마찬가지로 우리나라에 매장량이 존재하지 않기 떄문에 수입에 의존해야 한다는 단점이 있습니다.","F",""
"2","가스 하이드레이트에 대해 설명해 주세요.","동해 바다에서 가스 하이드레이트가 6조 톤 이상 매장되어있다는 연구 결과가 나타남에 따라 가스 하이드레이트에 대한 연구가 활발해지고 있으나, 상온에서 기체상태로만 존재할 수 있기 떄문에 이를 액화하는 기술을 현재 개발중에 있습니다.","F",""
"2","가스 하이드레이트에 대해 설명해 주세요.","천연 가스가 낮은 온도 및 압력에 의해 얼음 형태로 고체화된 물질입니다. 수소결합에 의한 물 분자 바구니 모양 구조 속에 다른 물질의 분자가 들어간 것으로, 포접수화물이라고도 합니다. 시추 과정에서 발생하는 메탄의 경우 이산화탄소에 비해 20배 이상의 온실효과를 가져오기 때문에, 가스 하이드레이트를 상용화 하기 위해서는 여러가지 기술적인 문제를 해결해야 합니다. ","P","포접수화물에 대해 설명해 주세요."
"2","태양열 집열기에 대해 설명해 주세요.","PTC형 집열기는 태양열 집열기의 하나로, 집열판의 측면이 포물선의 반사면의 형태를 띠고 있으며, 포물선의 초점으로 집광되도록 설계되어 있습니다. 에너지 밀도가 낮은 태양광을 집광하기 위해서 포물선의 반사면이 태양의 고도에 따라 상하로 태양을 추적해야 합니다. 또한 대부분 평행하게 입사한 빛만 집열이 가능하므로 직접 도달하는 일사가 많은 지역에 설치하는 것이 유리합니다.","P","PTC형 집열기의 집열 과정을 설명해 주세요."
"2","태양열 집열기에 대해 설명해 주세요.","CPC형 집열기는 PTC형 집열기와 평판형 집열기를 합친 형태를 갖추었으며, 직접 도달하는 태양광 및 산란된 태양광을 모두 집광할 수 있도록 설계된 태양열 집열기입니다. 종류에는 고정형 집열기와 태양 추적형 집열기 등 2가지가 있습니다. 고정형 집열기는 추적 장치가 없이 일사광선을 포물선의 반사판을 통해 흡수하고 집광합니다.","P","태양추적형 집열기에 대해 설명해 주세요."
"2","태양열 집열기에 대해 설명해 주세요.","태양열 집열기란 태양열 전지나, 태양 전광판에서 태양열을 보다 쉽게 응축시키기 위해서 고안된 것으로 에너지 밀도가 높은 태양광을 보다 효과적으로 분산시키게 합니다. 이를 통해 태양에너지를 보다 쉽게 여러 전지에 공급할 수 있습니다.","F",""
"2","태양열 집열기에 대해 설명해 주세요.","CPC 형과 PTC형으로 구별됩니다. CPC형은 커다란 집열판을 가지고 있고 보다 효과적으로 태양광을 집광할 수 있지만 태양의 위치에 영향을 받습니다. 이에 반해 PTC는 상대적으로 집광력은 약하디만 태양의 위치를 따라 움직여 해당 집열기의 평균 집광력은 동일합니다.","F",""
"2","태양열 집열기에 대해 설명해 주세요.","에너지 밀도가 낮은 태양광을 집광하기 위해서 특별한 집열판이 필요한데 이를 태양열 집열기라고 합니다. 그러나집열기는 태양열이라는 고온을 견디며 우주의 저밀도를 견뎌야하기 떄문에 보통 고밀도의 알루미늄 소재를 사용하고 있습니다.","F",""
"2","태양전지의 응용에 대해 설명해 주세요.","태양전지는 다양한 크기로 구현되는데 보통 발전설비와 시스템이 연결되었는지의 유무에 따라 오프그리드와 계통연계형인 온그리드로 구분합니다. 오프그리드 태양전지는 휴대용 전자장치에서 배터리를 충전할 정도의 작은 크기에서부터 주거용 전력공급장치에 사용되는 대형설비 등으로 구분됩니다.","P","온그리드에 대해 설명해 주세요."
"2","태양전지의 응용에 대해 설명해 주세요.","온그리드 태양광 시설은 많은 나라에서 이용하고 있으며 태양광전력생산시스템을 전력망에 연결한 것 입니다. 태양전지에서 발생하는 전기는 직류전기입니다. 이에 주택이나 아파트, 공장 및 계통연계 등에 적용하기 위한 대단위의 태양광 발전을 위해서는 직류를 교류로 변환시키는 인터버, 분전반 등의 주변 장치가 필요합니다.","P","분전반에 대해 설명해 주세요."
"2","태양전지의 응용에 대해 설명해 주세요.","태양전지는 다용도로 사용될 수 있지만 태양이 존재할 경우에만 전력을 공급받을 수 있다는 치명적 단점 떄문에 주로 낮에 충전을 하고 밤에만 사용되는 전광판에 주로 사용됩니다. 또한 전력 효율이 낮기 때문에 용도의 범위가 제한됩니다.","F",""
"2","태양전지의 응용에 대해 설명해 주세요.","태양전지를 응용하여 현재는 다양한 친환경 에너지의 전지가 개발되고 있습니다. 풍력전지, 파력전지, 원자력전지 등이 파생되어 등장하였지만, 이들의 기본적 원리가 태양전지와 유사하며 에너지 공급원만 다르기 떄문에 태양전지로 구별됩니다.","F",""
"2","태양전지의 응용에 대해 설명해 주세요.","태양전지는 온그리드 태양광 시설로 많은 국가에서 이용되고 있습니다. 이는 태양광전력생산시스템을 네트워크화하여 각 국가의 태양에너지를 공유하는 시스템입니다. 따라서 여러 국가가 함꼐 사용하기 떄문에 교류전력을 사용한다는 특징을 갖습니다./","F",""
"1","풍력발전의 설비에 대해 설명해 주세요.","블레이드는 바람의 운동에너지를 블레이드 구조의 양력을 통하여 회전 에너지로 변환합니다. 공진을 막기 위하여 홀수개의 블레이드를 설치하며 보통은 3개의 블레이드를 설치합니다. 브레이크는 여러가지 외부적 요인에 의해 회전자의 회전을 멈추기 위한 장치이며 디스크브레이크를 사용합니다.","P","양력에 대해 설명해 주세요."
"1","풍력발전의 설비에 대해 설명해 주세요.","제어기는 풍속계에서 오는 정보를 바탕으로 에너지변환기를 제어합니다. 특히 최대의 출력을 낼 수 있는 MPPT 제어를 하며 전력계통 상황이나 기상 상황에 따라 풍력발전기의 운전을 제어합니다. 일정 풍속이상이 되면 회전자가 움직이게 되는데 이때의 풍속은 cut-in 속도라고 합니다.","P","cut-in 속도에 대해 설명해 주세요."
"1","풍력발전의 설비에 대해 설명해 주세요.","풍력발전의 설비 중 핵심은 블레이드 입니다. 우리에게 풍차로 익숙한 블레이드는 그 크기에 따라 회전 에너지가 증대됩니다. 블레이드의 개수 역시 회전 에너지에 영향을 주지만, 대부분의 경우 공진을 막기 위해서 짝수개의 블레이드를 설치하고 평균 4개의 블레이드가 설치됩니다.","F",""
"1","풍력발전의 설비에 대해 설명해 주세요.","풍력 발전은 공간적인 한계가 존재했었지만, 자동화 블레이드가 개발되면서 지역적인 한계를 극복하였습니다. 블레이드가 미세한 바람에도 더 많은 에너지를 받아들이게 됨으로써 바람이 거의 불지 않는 지역을 제외하면 풍력발전이 가능하게 되었습니다.","F",""
"1","풍력발전의 설비에 대해 설명해 주세요.","블레이드의 움직임을 제어하는 제어기는 풍속계에서 오는 정보를 바탕으로 에너지 변환기를 제어합니다. 그러나 풍력발전은 주기가 유지되기 위해서 최소한의 에너지를 필요로 하기 떄문에 제어기의 사용 빈도는 낮습니다.","F",""
"1","풍력발전의 설비에 대해 설명해 주세요.","최근에 설치되는 풍력발전기는 기어박스가 없는 풍력발전기들이 있지만 많은 풍력발전기들이 기어박스를 가지고 있습니다. 이 기어박스는 저속을 고속으로 변환하게 되는데 블레이드의 회전속도인 30~60 rpm 으로부터 발전기가 전기를 생산하는 1200~1500 rpm 까지 변환합니다.","P","rpm 단위에 대해 설명해 주세요."
"2","육상풍력과 해상풍력을 비교해서 설명해 주세요.","육상풍력은 지상에 바람이 잘 부는 지역을 선정하여 설치 하는데 육상에 있는 특성상 가장 가까운 송전선로에 풍력단지를 연결하여 설치 할 수 있다는 장점이 있고 비용이 비교적 저렴합니다. 해상풍력은 비교적 바람에너지가 풍부하다는 것이 특징이지만 육상풍력과 달리 송전선로의 기반이 없으므로 송전 방법을 고려해야 합니다.","P","해상풍력의 송전 방법 종류에 대해 설명해 주세요."
"2","육상풍력과 해상풍력을 비교해서 설명해 주세요.","해상풍력이 단지 형태로 해상풍력단지가 설치되면 여러 개의 풍력설비를 초고압송전설비를 통해 송전하게 되는 경우가 많습니다. 육상풍력단지의 일반적인 전력 계통 연결방법은 풍력단지 내에서 각각의 풍력 터빈의 전력 생산량을 수집하여 풍력 발전소 내의 AC네트워크에 전력을 보내는 방식입니다.","P","초고압송전설비에 대해 설명해 주세요."
"2","육상풍력과 해상풍력을 비교해서 설명해 주세요.","보통 육상풍력이 해상풍력에 비해 그 강도가 높습니다. 육상의 경우 지형에 의해서 바람의 속도가 변화될 가능성이 있지만 해상의 경우 그러한 장애물이 거의 없기 때문입니다. 또한 마찰력으로 인해서 풍속이 영향을 바드면 더 속도가 늘어나게 됩니다.","F",""
"2","육상풍력과 해상풍력을 비교해서 설명해 주세요.","해상풍력은 육상풍력에 비해 지형의 한계가 없기 떄문에 현재 풍력발전은 대부분 해상풍력을 이용하고  있습니다. 또한 육상풍력의 강점이 이었던 송전선로의 위치적 가까움이 기술적으로 극복됨에 따라 해상풍력이 더 우수한 풍력발전으로 평가됩니다.","F",""
"2","육상풍력과 해상풍력을 비교해서 설명해 주세요.","육상풍력은 바람이 잘부는 지역을 선정하고 가까운 송전선로를 바탕으로 에너지 자원의 제공이 유리하다는 장점이 있으며 해상풍력은 육상풍력에 비해 바람이 많이 불지는 않으나 지역 선정에 어려움이 없고 안정적이라는 특징이 있습니다.","F",""
"2","풍력터빈의 종류를 설명해 주세요.","고정속도 풍력터빈은 저속 샤프트, 기어박스, 고속 샤프트 및 유도장치를 구동하는 공기 역학적 로터로 구성된 전기식 장치입니다. 전기 시스템 관점에서 볼 때 바람 흐름에서 저속 샤프트에 토크를 적용한 대형 팬 드라이브로 간주하는 것이 가장 좋습니다. 발전기 작동 슬립은 작동 전력 레벨이 변화함에 따라 약간씩 변화합니다.","P","저속샤프트에 대해 설명해 주세요."
"2","풍력터빈의 종류를 설명해 주세요.","풍력터빈의 크기가 커짐에 따라 기술은 고정 속도 풍력터빈 방식에서 가변 속도 풍력터빈 방식으로 바뀌었습니다. 이것은 회전자에 가변 저항기를 달아 원하는 구간에서 운전할 수 있도록 하는 것이 특징이며 이러한 발전의 원동력은 주로 전력 계통과 연계 시 그리드 코드의 준수하는 능력과 변속 작동으로 기계적 부하를 줄입니다.","P","가변저항기의 기능에 대해 설명해 주세요."
"2","풍력터빈의 종류를 설명해 주세요.","풍력터빈은 속도의 한계가 존재합니다. 전기 시스템 관점에서 바람의 흐름은 인간이 제어할 수 있는 측면이 아니기 때문에 블레이드를 통해 적정선 조절하는 것이 한계입니다. 따라서 풍력터빈은 변속을 할 수 없으나 기계적 부하는 다른 전력에 비해 적습니다.","F",""
"2","풍력터빈의 종류를 설명해 주세요.","풍력터빈의 크기는 시대가 지날수록 감소하고 있습니다. 이를 통해 풍력발전소의 규모 역시 줄어들고 있어, 공간을 많이 차지하는 풍력발전의 단점을 극복하였습니다. 또한 풍력터빈으 효율이 증대됨에 따라서 가변 저항기 역시 필수적인 요소에서 제외됐습니다.","F",""
"2","풍력터빈의 종류를 설명해 주세요.","풍력터빈은 풍력발전의 원동력으로서 기능합니다. 그러나 대형 팬을 필요로하고 풍력발전의 특징과 어울리지 않게 자체적인 에너지 생산이 불가능하기 때문에 최근에는 풍력발전소에서 풍력터빈을 사용하지 않는 추세가 이어지고 있습니다.","F",""
"2","천부지열과 심부지열에 대해 설명해 주세요.","천부지열은 땅속 얕은 곳의 토양의 온도차를 이용하고 심부지열은 땅속 뜨거운 열을 이용하여 에너지를 생산합니다. 보급형 냉난방 기술은 천부지열방식을 이용하는데 주로 지하 100~200m 부근의 토양 온도차를 이용합니다. 땅속 수 km 깊은 곳에는 1000도씨 이상의 고온으로 인하여 바위가 녹아있는 용융체인 마그마가 존재합니다.","P","마그마에 대해 설명해 주세요."
"2","천부지열과 심부지열에 대해 설명해 주세요.","지표까지 마그마가 올라오는 화산지대에서의 발전은 심부지열이 매우 많아 지열반전에 효율적이지만 국내 활화산 지대를 찾기 힘들기 때문에 지열발전에 이용 가능한 심부지열 발전은 기대하기 어렵습니다. 심부지열 발전의 조건은 마그마의 위치, 마그마 주위 지반에 파쇄대 형성 및 물 침투 여부 등 입니다.","P","활화산에 대해 설명해 주세요."
"2","천부지열과 심부지열에 대해 설명해 주세요.","천부지열은 땅속 깊은 곳과 표면의 온도차를 의미하고 심부지열은 표면과 바로 밑의 표면 사이의 온도차를 이용하여 에너지를 생산하는 방식을 말합니다. 우리가 흔히 사용하고 있는 보일러의 작동원리와 유사한 개념입니다.","F",""
"2","천부지열과 심부지열에 대해 설명해 주세요.","천부지열은 얕은 곳의 토양의 온도차를 이용하여 모든 지역에서 사용할 수 있지만 심부지열의 경우 깊은 지하에 온천수가 반드시 존재해야 되기 때문에 지역적 한계가 있습니다. 이때 심부지열의 온천수는 반드시 기체상태로 존재해야합니다.","F",""
"2","천부지열과 심부지열에 대해 설명해 주세요.","심부지열의 지리적 위치는 마그마가 존재하는 지역이어야만 합니다. 심부지열이 1000도씨 이상의 고열이 존재해야 되기 때문입니다. 우리나라의 경우 활화산이 많이 존재하여 활화산 지역에 심부지열을 이용한 발전소가 늘어나고 있습니다.","F",""
"1","히트 펌프에 대해 설명해 주세요.","열은 온도가 높은 곳에서 낮은 곳으로 이동하는 성질이 있는데, 히트펌프는 반대로 낮은 온도에서 높은 온도로 열을 끌어 올리는 역할을 합니다. 처음에는 냉장고·냉동고·에어컨과 같이 압축된 냉매를 증발시켜 주위의 열을 빼앗는 용도로 개발되었습니다. 그러나 지금은 냉매의 발열 또는 응축열을 이용해 저온의 열원을 고온으로 전달하는 냉방장치를 포괄하는 의미로 쓰입니다.","P","냉매의 역할에 대해 설명해 주세요."
"1","히트 펌프에 대해 설명해 주세요.","냉매의 발열 또는 응축열을 이용해 저온의 열원을 고온으로 전달하거나 고온의 열원을 저온으로 전달하는 냉난방장치입니다. 구조는 압축기·증발기·응축기·팽창밸브 등으로 이루어져 있습니다. 작동원리는 난방용의 경우, 압축기에서 고온·고압으로 압축된 냉매를 기화시킨 다음 응축기로 보내 높은 온도의 열을 온도가 낮은 바깥 쪽으로 내뿜는 사이클을 반복하도록 구성되어 있습니다. ","P","응축기에 대해 설명해 주세요."
"1","히트 펌프에 대해 설명해 주세요.","히트펌프란 냉장고, 냉동고,에어컨에서 온도조절을 위해 필요한 펌프입니다. 냉매를 사용하는 냉장고를 예로 들어서 냉매가 온도조절에 직접적으로 관여하는데 냉매가 하나의 사이클을 돌아 온도조절하는 방식으로 운용됩니다. 그러나 현재는 자기장을 이용한 냉장고가 등장하면서 히트펌프를 사용하고 있지 않습니다.","F",""
"1","히트 펌프에 대해 설명해 주세요.","냉매가 발열하거나 흡혈할 때 발생하는 열을 기기 밖으로 방출하는 장치를 히트펌프라고 합니다. 작동원리는 저온저압의 히트펌프에 고온고압의 냉매가 접촉하면 열이 히트펌프쪽으로 이동하면서 기기 밖으로 열을 밀어내는 방식으로 작동합니다.","F",""
"1","히트 펌프에 대해 설명해 주세요.","히트펌프는 순환주기를 거치며 고온고압상태가 되는 냉매가 기화되는 것을 막는 역할을 합니다. 냉매에 포함되어있는 열을 접촉하여 흡수함으로써 냉매의 끊임없는 재순환을 가능하도록 하는 장치로 사이클 유지의 필수요소입니다.","F",""
"1","히트 펌프에 대해 설명해 주세요.","현재 대부분의 히트펌프는 냉방과 난방을 겸용하는 구조로 되어 있습니다. 보통 공기열원식은 외부 온도가 5℃ 이하가 되면 성능이 떨어지고, 기계적 손상도 발생해 작동이 원활하지 않게 되는 단점이 있습니다. 반면 수열원식이나 지열원식은 혹한 지역에서도 지속적으로 열을 공급할 수 있고, 에너지 효율도 높아 공기열원식을 대체하는 새로운 히트펌프로 주목받고 있습니다.","P","수열원식에 대해 설명해 주세요."
"1","증기터빈에 대해 설명해 주세요.","보일러에서 발생시킨 고온고압의 증기를 노즐 또는 고정된 날개로부터 분출·팽창시켜 나온 고속의 증기류를 회전하는 터빈 날개에 부딪쳐서 그 충동작용 또는 반동작용에 의하여 축을 회전시키는 것입니다. 따라서 증기터빈은 증기가 가지는 열에너지를 속도에너지로 바꾸기 위한 노즐과 속도에너지를 기계적 일로 바꾸기 위한 터빈 날개를 바탕으로 하여 구성되어 있습니다.","P","반동작용에 대해 설명해 주세요."
"1","증기터빈에 대해 설명해 주세요.","증기터빈은 이러한 단을 여러 개 나란히 배열하여 구성되어 있습니다. 보일러로부터 보내 오는 고압증기는 조절밸브를 지나 증기실로 들어가고 여기서부터 팽창하면서 각 단을 통과하여 배기실로 나갑니다. 회전부는 터빈축·임펠러 및 터빈날개로 되어 있습니다. 임펠러는 터빈축에 장치되어 차실에 수용되고 축은 차실 밖의 베어링에 지지됩니다.","P","임펠러에 대해 설명해 주세요."
"1","증기터빈에 대해 설명해 주세요.","증기터빈은 터빈의 시초입니다. 냉매에서 발생하는 증기를 주기적으로 배출함으로써 냉매의 순환을 활성화하고 배출되는 에너지를 통해 기기가 돌아가게 합니다. 산업혁명 당시 최초의 기차는 석탄을 이용한 증기터빈으로 작동하였습니다.","F",""
"1","증기터빈에 대해 설명해 주세요.","증기터빈은 증기가 가지는 열에너지를 위치에너지로 바꾸기 위한 노즐과 그 위치에너지를 기계적인 업무로 바뀌기 위한 터빈 날개를 바탕으로 구성되어있습니다. 이때 터빈 날개의 숫자가 적을 수록 보다 복잡한 업무를 할 수 있습니다.","F",""
"1","증기터빈에 대해 설명해 주세요.","증기터빈은 터빈 날개가 나란하게 구성되어 있습니다. 고압증기가 조절밸브를 지나서 증기터빈으로 도착하면 나란하게 구성된 날개에서 단계적으로 열을 속도에너지로 변경하면서 에너지를 얻는 방식입니다. 현재는 증기터빈을 보일러에서 많이 사용되고 있습니다.","F",""
"1","증기터빈에 대해 설명해 주세요.","노즐은 각 단마다 설치되는 칸막이판 속에 고정되어 있습니다. 터빈의 단에는 터빈날개를 충동력만으로 구동하는 것과 충동력과 반동력의 양쪽에 의하여 구동하는 것이 있습니다. 전자를 충동단, 후자를 반동단이라고 합니다. 그리고 충동단만으로 이루어진 터빈을 충동터빈, 반동단만으로 이루어진 터빈을 반동터빈이라고 합니다.","P","반동터빈에 대해 설명해 주세요."
"2","바이오매스에 대해 설명해 주세요.","바이오매스란 단위 면적당 생물체의 중량 또는 단위 시간당 단위 면적의 생물체 무게를 의미합니다. 연구의 목적이나 분석 방법에 따라서 바이오매스의 의미와 측정방식 및 대상은 다양합니다. 동물의 바이오매스는 동물량, 식물의 경우 현존량이나 식물량과 동의어로 사용됩니다.","P","식물의 현존량에 대해 설명해 주세요."
"2","바이오매스에 대해 설명해 주세요.","바이오매스는 특정 종의 중량을 의미하기도 하지만 단위 면적을 구성하는 군락의 모든 식물체의 중량을 의미하기도 합니다. 또한 식물을 대상으로 한 연구에서 바이오매스는 일반적으로 지상부의 건중량을 의미합니다. 바이오매스는 복원 대상지의 생산량 평가의 지표 중 하나로 이용되기도 합니다.","P","건중량에 대해 설명해 주세요."
"2","바이오매스에 대해 설명해 주세요.","바이오매스란 생물이 특정 지역에서 얼마나 집약되어있는가를 보여주는 척도 입니다. 이를 통해 해당 지역의 생물체의 종류와 나아가 생물체가 살기 위한 기후적 조건 역시 파악될 수 있습니다. 동식물을 막론하고 바이오매스를 통해 해당 지역에 어떤 생물이 살고 있는지도 유추할 수 있습니다.","F",""
"2","바이오매스에 대해 설명해 주세요.","바이오매스는 특정 종의 중량을 의미합니다. 주로 생물학에서 특정 지역에서 발생하는 종의 생식현황을 파악하기 위해 사용되었지만 요즘에 바이오매스가 사회학의 분야로 확장됨에 따라서 인간이 차지하는 최소한의 면적 역시 바이오 매스로 파악가능합니다.","F",""
"2","바이오매스에 대해 설명해 주세요.","에너지원을 자체적으로 생산하는 식물이나 동물 같은 생물체를 통칭하여 바이오매스라고 말합니다. 생물체에서 얻어지는 에너지원으로 사용할 수 있는 천연가스나 부탄올, 에탄올 등을 바이오매스 에너지라고 부릅니다. 이처럼 바이오매스 에너지를 에너지원으로 사용되는 것을 바이오매스라고 부릅니다","F",""
"2","바이오매스에 대해 설명해 주세요.","에너지원으로 사용되기 위해서 사용되는 식물이나 동물 같은 생물체를 말합니다. 생물체에서 얻어지는 에너지원으로 사용할 수 있는 메탄가스나 에탄올 등을 바이오매스 에너지라고 부릅니다. 이처럼 바이오매스 에너지의 에너지원으로 사용되는 것을 바이오매스라고 부릅니다. 브라질의 경우 사탕수수 등에서 알코올을 추출하여 자동차 연료로 사용하는 연구에 성공했습니다.","P","사탕수수에서 알코올을 추출하는 방안에 대해 설명해 주세요."
"1","대체에너지에 대해 설명해 주세요.","대체에너지는 신에너지와 재생에너지로 나뉩니다. 신에너지는 연료전지, 석탄액화가스화, 수소에너지 등을 말하고, 재생에너지는 태양열, 태양광, 풍력, 지열, 생물체에서 연료를 생산한 바이오매스 등으로 나뉩니다. 바이오매스는 생물체를 열분해시키거나 발효시켜 알코올, 수소와 같은 연료를 생산하며 주로 옥수수, 사탕수수, 감자, 사탕무를 주재료로 사용합니다.","P","옥수수를 이용한 바이오매스에 대해 설명해 주세요."
"1","대체에너지에 대해 설명해 주세요.","재생에너지는 화석연료와 원자력을 대체할 수 있는 무공해 에너지로, 일반적으로는 대체에너지를 구성하는 한 요소로 이해됩니다. 한국에서는 대체에너지 개발 및 이용·보급 촉진법 제2조에서 대체에너지를 석유·석탄·원자력·천연가스가 아닌 11개 분야의 에너지로 규정하고 있습니다.","P","대체에너지 개발 및 이용·보급 촉진법 제2조에 대해 설명해 주세요."
"1","대체에너지에 대해 설명해 주세요.","대체에너지는 단순하게 석탄 석유 에너지를 대체할 수 있는 모든 에너지를 대체에너지로 규정합니다. 즉 인간이 석유로 움직이는 자동차에 석유를 집어넣지 않고 다른 방식으로 자동차를 기동시키면 이를 대체에너지로 파악할 수 있기 떄문에 상당히 넓은 개념입니다.","F",""
"1","대체에너지에 대해 설명해 주세요.","대체에너지는 신에너지와 재생에너지로 크게 분류됩니다. 신에너지는 기존에 에너지원이 아니었던 물질을 에너지원으로써 활용하는 것을 말하며 재생에너지란 석탄,석유 에너지를 사용한 뒤 잔여 에너지를 재사용하여 해당 에너지의 효율을 높이는 에너지원을 말합니다.","F",""
"1","대체에너지에 대해 설명해 주세요.","대체에너지는 화석연료를 대체하는 에너지로써 현재 대표적인 대체에너지로는 원자력 에너지가 있습니다. 화석연료보다 효율적이며 환경 친화적임과 동시에 안정성이 보장되기 떄문에 원자력 에너지의 대중적 활용이 깊게 연구되고 있습니다.","F",""
"1","대체에너지에 대해 설명해 주세요.","대체에너지에 해당하는 11개 분야는 크게 태양열·태양광발전·바이오매스·풍력·소수력·지열·해양에너지·폐기물에너지 등 재생에너지 8개 분야와 연료전지·석탄액화가스화·수소에너지 등 신에너지 3개 분야로 구분하고 있습니다. 재생에너지들은 깨끗하고 고갈될 염려가 없을 뿐 아니라 무공해 재생이 가능하다는 장점이 있습니다.","P","소수력 에너지에 대해 설명해 주세요."
"1","연료전지에 대해 설명해 주세요.","연료전지는 효율이 높고, 용량 조절이 가능하며, 다양한 연료를 사용할 수 있고, 배출 물질이 친환경 물질에 가깝고, 계속해서 충전이 가능하다는 장점이 있습니다. 그러나 배출된 수소의 저장이나 운반의 문제, 촉매의 성능 저하가 있을 수 있고, 연료로 순수물질이 사용되지 않을 경우 전해질이 독성을 가질 수 있다는 단점이 있습니다.","P","전해질이 독성을 가지는 이유를 설명해 주세요."
"1","연료전지에 대해 설명해 주세요.","연료전지는 사용되는 전해질과 시작하는 데 걸리는 시간 즉, 시동시간에 따라 분류됩니다. 시동시간이 1초인 것부터 10분인 고체산화물 연료전지도 있습니다. 고분자전해질 연료전지는 수소이온을 투과시킬 수 있는 고분자막을 전해질로 사용하며, 다른 연료전지에 비해 출력이 큽니다.","P","고체산화물 연료전지의 특징을 설명해 주세요."
"1","연료전지에 대해 설명해 주세요.","연료전지란 연료를 사용하여 전기를 만들어내는 장치로서 2차전지라고도 불리웁니다. 연료나 재질에 따라서 PEMFC, SOFC, MCFC 등의 다양한 종류로 존재하지만, 현재 기술로는 효율이 다른 전지보다 낮아서 상용화되기 위해서 시간이 필요합니다.","F",""
"1","연료전지에 대해 설명해 주세요.","연료를 태워서 발전기를 돌리는 원리를 이용하여 만든 전지를 연료전지라고 합니다. 가장 기초적인 형태의 연료전지는 수소와 산소를 사용하는 것으로서 수소와 산소가 들어있는 물질을 태움으로써 에너지가 만들어지는 반응을 토대로 전지를 생성합니다.","F",""
"1","연료전지에 대해 설명해 주세요.","메탄올 등의 알코올을 사용하는 연료전지도 존재합니다. 주스나 혈액에 있는 당으로 작동하는 연료전지도 존재하기 때문에, 현재는 친환경적이고 재사용가능한 에너지 전지로 각광받고 있습니다. 이는 주로 발전용으로 쓰거나 의료용으로도 사용하고 있습니다.","F",""
"1","연료전지에 대해 설명해 주세요.","고체산화물 연료전지는 산소 또는 수소 이온을 투과시킬 수 있는 고체산화물을 전해질로 사용하며, 현재 가장 높은 온도에서 작동하는 연료전지입니다. 구성요소가 모두 고체로 이루어져 있어서 다른 연료전지에 비해서 간단한 구조를 가지고 있고 전해질의 손실 및 보충의 문제와 부식의 문제가 없어서 폐열을 이용하여 열 복합 발전을 할 수 있다는 장점도 가지고 있습니다.","P","열복합발전에 대해 설명해 주세요."
"2","석탄액화에 대해 설명해 주세요.","석탄을 고온 ·고압하에서 수소를 첨가 분해시켜 액상의 저급 탄화수소로 만드는 일로, 석탄은 고온과 촉매, 고압수소의 작용으로 그 구조가 개열·산소이탈·황이탈·질소이탈·수소첨가 등의 여러 가지 반응을 받아 액상물이 됩니다. 이들 석탄액화 연구는 행하여지고는 있으나, 실제적인 공업화는 이루어지지 않게 되었습니다.","P","개열 반응에 대해 설명해 주세요."
"2","석탄액화에 대해 설명해 주세요.","석탄에 수소를 첨가하여 석유 모양의 액체가 되게 하는 일입니다. 수소의 첨가량 및 첨가 조건에 따라 액화법과 생성물이 달라집니다. 수소 첨가량이 증가함에 따라 유출유와 가스의 비율이 높아지고, 생성물은 고체 제품에서 액체 제품으로 변하지만, 생산비가 비싸다는 단점이 있습니다.","P","생산비가 비싼 이유를 설명해 주세요."
"2","석탄액화에 대해 설명해 주세요.","석탄 액화란 석탄을 석유와 같이 액화를 하는 것을 통칭합니다. 그러나 석탄의 경우 식물을 베이스로 한 에너지원이며 석유는 동물을 베이스로 한 에너지원이기 때문에 석탄액화보다 석유를 고체화시키는 것이 보다 현실적인 방안이라 평가받습니다.","F",""
"2","석탄액화에 대해 설명해 주세요.","석탄에 산소를 첨가하여 석유 모양의 액체게 되게함과 동시에 폭발력을 증대시키는 것으로 주로 군용으로 사용되고 있습니다. 석탄액화폭탄으로 불리며 살상력이 기존의 무기보다 높기 때문에 현재 군용목적으로 활발하게 연구되고 있씁니다.","F",""
"2","석탄액화에 대해 설명해 주세요.","석탄과 석유의 화학적 구조가 동일함을 착안하여 석탄을 액화시켜 액체연료를 만드는 과정을 석탄액화라고 합니다. 석탄이 석유에 비해 환경오염이 덜하기 떄문에 석탄 액화가 완성되면 상대적으로 친환경적이라는 평가를 받고 있습니다.","F",""
"2","석탄액화에 대해 설명해 주세요.","석유를 직접 대체할 수 있는 인조유를 석탄으로부터 뽑아내는 것을 말합니다. 고온고압상태에서 석탄에 수소를 첨가시키는 직접 액화와 석탄을 일단 가스화시킨 다음에 액화시키는 간접액화가 있습니다. 석탄 액화는 석탄 화도가 낮고, 탄소 함유량이 85~88%인 석탄이 적합합니다.","P","간접액화에 대해 설명해 주세요."
"1","발효에 대해 설명해 주세요.","발효의 전통적인 정의는 미생물이 무산소 조건에서 사람에게 유용한 유기물을 만드는 과정을 말합니다. 가장 대표적인 것이 효모균의 알코올 발효와 젖산균의 젖산발효입니다. 효모균이 발효에서 만드는 알코올은 효모균에게 독성을 나타내고 젖산도 젖산균의 생장을 억제합니다.","P","젖산발효에 대해 설명해 주세요."
"1","발효에 대해 설명해 주세요.","다양한 미생물의 대사기능을 분석하고 이들을 활용하여 우리에게 유용한 물질을 생산하는 산업이 개발되었는데 항생물질, 아미노산, 그리고 유기산 및 다양한 유기물들이 포함됩니다. 그런데 이들은 무산소 환경에서 이러한 유기물들을 생산하는 것이 아니고 산소를 충분히 공급하면서 얻기 때문에 발효라는 의미를 넓혀서 미생물을 이용하여 우리가 유용하게 사용할 수 있는 유기물을 얻는 반응으로 확대되었습니다.","P","아미노산에 대해 설명해 주세요."
"1","발효에 대해 설명해 주세요.","발효란 미생물이 무산소 조건에서 유기물을 만드는 것을 말하며 주로 제과제빵의 영역에서 사용됩니다. 이를 통해 빵을 보다 맛있게 만들 수 있으며 효모를 이용하여 발효 시기를 앞당길 수 있어 제과제빵의 신속성을 높이는 기능을 합니다.","F",""
"1","발효에 대해 설명해 주세요.","미생물을 이용하여 인간에게 유익한 유기물을 만드는 과정이 발효과정이라고 합니다. 그러나 발효는 미생물이 무산소 조건에서 있어야된다는 조건때문에 대중적으로는 이용되지 못하고 연구소 등 특별한 시설에서만 가능한 유기물 생성 방식입니다.","F",""
"1","발효에 대해 설명해 주세요.","다양한 미생물들의 대사기능을 통해 우리에게 유용한 유기물을 만드는 것을 발효라고 합니다. 그러나 발효를 통해 생성되는 유기물이 유해할지 무해할지는 발효 과정 자체에서는 파악할 수 없기 떄문에 과정만을 통해 발효인지 부패인지 파악하기는 어렵습니다.","F",""
"1","발효에 대해 설명해 주세요.","효소 작용에 의하여 유기물에서 화학적 변화가 일어나는 대사 과정을 발효라고 합니다. 생화학에서는 발효를 제한적으로 산소 없이 탄수화물에서 에너지를 얻는 과정으로 정의합니다. 하지만 식품을 생산하는 관점에서는 유기물을 화학 반응으로 생활에 유용한 음식이나 음료를 만드는 미생물의 활동이라고 넓은 의미로 정의합니다.","P","유기물에 대해 설명해 주세요."
"2","열분해의 연료화에 대해 설명해 주세요.","열분해는 미국환경보호국에서 환경에서 폐기물을 처리하기 위해 적용하면서 그 부산물인 가스와 기름, 그리고 고형연료인 차르를 연료로서 이용할 수 있었습니다. 일본은 1980년대 도시쓰레기 문제를 해결하기 위해 열분해 기술을 도입하였으며 상당수 처리를 소각에서 열분해로 바꾸었습니다.","P","챠르에 대해 설명해 주세요."
"2","열분해의 연료화에 대해 설명해 주세요.","열분해기술은 소각에 의해 발생되던 다이옥신 등의 유해대기오염물질, 소각장에서 발생되는 폐수처리 문제와 열분해 생성물의 연료화를 통해 매립양 감소를 통해 전반적 환경 통합관리의 문제점을 줄이게 되었습니다. 열분해는 소각에 비해 수분과 이산화탄소 등이 현저히 적게 발생합니다.","P","다이옥신에 대해 설명해 주세요."
"2","열분해의 연료화에 대해 설명해 주세요.","열분해는 소각과 대비되는 개념으로 소각이 대상을 태워서 잔해를 남기는 것과 반대로 열분해는 일정한 온도를 통해 대상을 자연적으로 부패시키는 기술입니다. 이로 인해 소각에 비해 친환경적이라는 장점이 있으나 악취의 발생으로 주민의 민원이 상시 제기될 가능성이 있습니다.","F",""
"2","열분해의 연료화에 대해 설명해 주세요.","열분해는 일본의 도시쓰레기 문제를 해결하기 위해 도입되었습니다. 열분해에는 차르라는 연료를 사용하는데 차르의 공급이 제한적이기 때문에 소각보다 월등히 많은 비용이 들지만 소각보다 환경친화적이라는 점에서 각광받고 있습니다.","F",""
"2","열분해의 연료화에 대해 설명해 주세요.","열분해기술은 폐기물을 소각에 의해 발생되던 다이옥신 등의 유해대기오염물질, 소각장에서 발생되는 폐수처리 문제를 해결하기에 적합한 기술로 평가받습니다. 열분해 생성물을 해당 과정에 주입함을 통해 전반적 환경 통합관리의 문제점을 줄이게 되었지만 현재까지 연구단계에 불과합니다.","F",""
"2","열분해의 연료화에 대해 설명해 주세요.","열분해는 무산소 상태에서 폐기물의 휘발분을 휘발시키고 고정탄소 성분을 남게하여 연료화 할 수 있는 공정을 말합니다. 통상 이때 발생되는 가스 또한 가연분은 기체 또는 액체연료로 사용 가능합니다. 열분해는 저온법과 고온법이 있습니다. 고온법은 가스 상태의 연료가 많이 생성됩니다.","P","저온법에 대해 설명해 주세요."
"1","수소에 대해 설명해 주세요.","지구상에 존재하는 가장 가벼운 원소로 무색·무미·무취의 기체입니다. 주로 수소분자 H2로 이루어집니다. 태양을 비롯한 우주에 수소가스 및 원자상태 수소의 존재가 인정됩니다. 수소는 연소하더라도 공해 물질을 내뿜지 않아 석탄, 석유를 대체할 무공해 에너지원으로써 중시되고 있습니다.","P","수소분자의 특징을 설명해 주세요."
"1","수소에 대해 설명해 주세요.","수소는 대기와 지각의 구성 물질로 지구상에 풍부하며 클라크수는 제9위입니다. 주로 순수한 수소 기체 상태가 아닌 화합물 상태로 존재하는데, 물이나 가솔린·천연가스·프로판·메탄올과 같은 유기화합물로 발견됩니다. 물에 대한 용해도가 매우 작아 물에 잘 녹지 않으며, 실온에서는 반응성이 작지만 온도가 높아지면 반응성이 커집니다.","P","클라크 수에 대해 설명해 주세요."
"1","수소에 대해 설명해 주세요.","수소는 주기율표에서 여덟 번째 원소로써 수소 원자가 두개 결합하여 무색,무미,무취인 기체 상태로 존재합니다. 공기의 주성분 중 하나로 지구 뿐 아니라 우주 전체에 걸쳐 다른 원소와 공유 결합된 상태로 널리 퍼져있습니다.","F",""
"1","수소에 대해 설명해 주세요.","수소는 산소에 비해 연소하기 어려운 기체로서 산소에 비해 연료로 사용되기 까다롭다는 단점이 있습니다. 또한 발화에너지가 높아 쉽게 발화되지 않고 황이나 질소, 염소, 산소와의 결합을 통해서만 연소 가능합니다.","F",""
"1","수소에 대해 설명해 주세요.","수소는 대기와 지각의 기본 구성 물질로서 지구상에 풍부합니다. 수소는 주로 다른 원소와 결합하지 않고 독립적으로 존재하는 것을 선호하여 순수한 수소 기체 상태로 많이 존재하지만, 그 중 산소와는 결합친화력이 높기 떄문에 우리가 흔히 볼 수 있는 수소는 물로 존재합니다. ","F",""
"1","수소에 대해 설명해 주세요.","수소는 연소하기 쉬운 기체로 공기나 산소와 접촉하면 쉽게 불이 붙습니다. 수소-공기 혼합 기체는 불꽃을 튀겨 주면 폭발적인 연소 반응을 보입니다. 불이 붙는 발화 에너지가 작아 아주 미세한 정전기에도 쉽게 발화됩니다. 황과는 황화수소, 질소와는 암모니아, 염소와는 염화수소를 생성합니다.","P","정전기에 대해 설명해 주세요."
"2","수소 제조 기술에 대해 설명해 주세요.","탄화수소에서 수소를 추출하는 대표적인 기술이 수증기 개질 기술입니다. 원리는 고온 증기를 이용하여 천연가스등의 메탄원료로부터 수소를 추출하는 방법을 사용합니다. 반응에 의한 생성물로는 수소, 일산화탄소 및 소량의 이산화탄소가 발생하며 흡열반응이기 때문에 공정 중에 충분한 열을 공급해 주어야 합니다.","P","흡열반응에 대해 설명해 주세요."
"2","수소 제조 기술에 대해 설명해 주세요.","부분산화법이 있습니다. 탄화수소 물질들이 순수한 과량의 산소와 완전 산화반응이 일어나는 경우, 이산화탄소와 물을 배출합니다. 하지만 제한된 산소량과 부분적으로 반응하는 경우 수소를 발생할 수 있다는 결과를 이용하여 부분산화법이 개발되었습니다. 이 반응은 발열반응입니다.","P","탄화수소가 제한된 산소량과 부분적으로 반응하는 경우에 대해 설명해 주세요."
"2","수소 제조 기술에 대해 설명해 주세요.","전기분해법은 물에서 수소를 개질할 수 있는 방법들 중 가장 최근에 각광받는 기술로서 전기 분해에 투입되는 에너지가 개질된 수소에 의해 얻어지는 에너지에 비해 낮다는 특성 때문에 경제성이 높아 많이 연구되고 있습니다. 또한 물이라는 흔하게 구할 수 있는 자원을 이용한다는 측면이 특징입니다.","F",""
"2","수소 제조 기술에 대해 설명해 주세요.","수소 제조 기술 중 부분산화법은 탄화수소 물질들에서 수소와 완전 산화반응이 일어날 경우 이산화탄소와 물을 배출합니다. 또한 제한된 수소량으로도 최적의 효과를 일으키며 발열반응이 적어 안전하다는 특징이 있습니다.","F",""
"2","수소 제조 기술에 대해 설명해 주세요.","탄화수소에서 수소를 제조하는 것이 일반적입니다. 이를 수증기 개질 기술이라고 합니다. 증기를 저온상태로 유지하면서 탄화수소에서 탄소를 제거하는 방식으로 작용되며 이를 통해 수소와 이산화탄소 및 과산화수소가 생성되는 특징이 있습니다.","F",""
"2","수소 제조 기술에 대해 설명해 주세요.","전기분해법은 물에서 수소를 개질할 수 있는 방법들 중 가장 오래된 기술로서 전기 분해에 투입되는 에너지가 개질된 수소에 의해 얻어지는 에너지에 비해 높다는 특성 때문에 경제성이 없어 많이 이용되지 않습니다. 하지만 물이라는 흔하게 구할 수 있는 자원을 이용한다는 측면이 특징입니다.","P","전기분해 방법에 대해 설명해 주세요."
"2","압전효과와 압전역효과에 대해 설명해 주세요.","어떤 종류의 결정체는 어떤 방향에서 힘을 받으면 물질 내부의 전하가 이동하고 중화상태가 깨어져 양의 전하를 갖는 부분과 음의 전하를 갖는 부분으로 나누어집니다. 이러한 유전 분극현상은 1880년 프랑스의 물리학자 퀴리에 의해서 발견되어 압전효과라 불리워지고 있습니다.","P","퀴리의 업적에 대해 설명해 주세요."
"2","압전효과와 압전역효과에 대해 설명해 주세요.","압전효과는 응력에 비례하여 전계를 발생할 때의 양효과, 전계에 의해 일그러짐이 생길 때를 역효과라 구별하며, 반드시 상반합니다. 모든 결정은 32종의 결정계로 분류되고 그 중에서 대칭의 중심을 가지지 않는 20종의 결정계가 압전효과를 일으키는 것으로 알려져 있습니다.","P","대칭의 중심을 가지지 않는 20종의 결정계에 대해 설명해 주세요."
"2","압전효과와 압전역효과에 대해 설명해 주세요.","압전효과는 응력에 반비례하여 전계가 발생할 때 양효과 그와 반대로 비례하여 결합이 발생하면 압전역 효과라고 합니다. 이는 모든 개체나 원소에서 흔히 찾아볼 수 있는 것으로 압전효과가 발생하는 원소가 압전역효과가 발생하는 원소와 결합하면 중화반응이 생성됩니다.","F",""
"2","압전효과와 압전역효과에 대해 설명해 주세요.","전기적 에너지가 외부의 압력에 의해서 기계적 에너지로 변화되면 이를 압전 효과라고 부릅니다. 압전 소자에서 발생하는 외부의 압력이 압전 소자로부터 전기 신호를 발생시키며 이 현사은 비가역적이기 때문에 그 존재를 없앨 수는 없지만 크기를 조정할 수는 있습니다.","F",""
"2","압전효과와 압전역효과에 대해 설명해 주세요.","어떤 종류의 결정체는 어떤 방향에서 힘을 받으면 물질 내부의 전하가 이동하고 중화상태가 유지됨에 따라 양의 전하를 갖는 부분과 음의 전하를 갖는 부분이 서로 결합하게 됩니다. 이를  유전 결합현상이라고 칭하며 이는 1920년 프랑스의 물리학자 페리에에 의해서 발견되어 압전효과라 불리워지고 있습니다.","F",""
"2","압전효과와 압전역효과에 대해 설명해 주세요.","기계적 에너지를 전기적 에너지로 변환시키는 현상을 압전 효과라 부릅니다. 압전 소자에 외부 응력, 진동 등을 가하면 압전 소자로부터 전기 신호가 발생합니다. 압전 현상은 가역적이어서 압전 소자에 전압을 걸어주면 소자가 기계적 변위를 일으키며, 이를 압전 역효과라고 부릅니다.","P","압전 역효과에 대해 설명해 주세요."
