"1","대기과학에 대해 설명해 주세요.","자연환경과 대기와의 상호 관련된 현상과 영향을 연구하는 학문입니다. 대기과학은 옛날에는 천문학이라고 했는데, 일반적으로 천체에서 일어나는 현상을 관찰해 항해와 측지 등에 응용했습니다. 그리고 대기과학은 대기 예보 모델, 위성과 레이더 기상 등의 원격 탐색 기후 시스템, 기후 모델, 응용 기상, 황사, 지진 등에 대해 종합적으로 연구하는 과학입니다.","P","대기예보모델에 대해 설명해 주세요."
"1","대기과학에 대해 설명해 주세요.","대기과학은 대기권에 자연과 인위적으로 배출되기 때문에 대기오염 물질도 다양합니다. 그리고 대기 상태도 수시로 변위되기 때문에 관심 대상이 되는 지역에서의 대기오염 실측이 어렵습니다. 그럼에도 불구하고 아직 배출되지도 않은 미래의 대기오염 발생원에 대한 환경영향을 예측하는 작업도 실시해야 하기 때문에 대기오염 모델이 필요합니다.","P","대기권에 대해 설명해 주세요."
"1","대기과학에 대해 설명해 주세요.","대기과학은 대기권에 일어나는 모든 현상에 대해서 연구하는 학문입니다. 대기오염에 관련된 대처방법과 대기오염의 원인 등을 규명하는 것이 대표적이지만, 대기권 이외의 성층권,열권에 대한 연구는 이뤄지지 않고 있습니다","F",""
"1","대기과학에 대해 설명해 주세요.","대기오염물질이 대기에 영향을 주는 원인이나 그 상황을 연구하는 학문입니다. 일반적으로 대기 예보에 연구의 중심이 맞춰져 있으며, 대기오염을 일으키지 않는 성분은 대기과학의 연구 분야가 아닌 것으로 알려져 있습니다","F",""
"1","대기과학에 대해 설명해 주세요.","기후와 대기의 물리,화학적인 현상에 대해 연구하는 학문입니다. 그러나 대기 오염에 대한 관심이 늘어남에 따라서 대기오염 빈도가 줄어들었기 때문에 현재는 대기과학 분야에서 중점적으로 연구하는 분야가 없는 실정입니다.","F",""
"1","대기과학에 대해 설명해 주세요.","대기과학은 기후와 대기를 물리·화학적으로 연구하는 학문입니다. 그리고 기후대기 연구는 대기 환경, 기후변화와 대기공학으로 분류됩니다. 일반적으로 알려진 대기환경 분야는 대기 환경 기준에 관한 조사, 장거리 이동 대기오염물질의 측정과 조사, 황사의 성분과 발원지 조사, 생태계에 미치는 영향 조사 등에 관한 연구입니다.","P","황사에 대해 설명해 주세요."
"1","대기공학에 대해 설명해 주세요.","대기의 질을 좀 더 쾌적하게 유지하기 위하여 대기오염물질을 제어하는 최상가용청정기술을 연구하는 학문입니다. 세계보건기구에서는 대기오염을 대기 속에 인위적으로 배출된 대기오염물질이 한 가지나 그 이상으로 존재하여 오염물질의 양, 농도와 지속시간이 어떤 지역의 불특정 다수인에 불쾌감을 일으킨 현상이라고 하였습니다.","P","대기오염물질에 대해 설명해 주세요."
"1","대기공학에 대해 설명해 주세요.","대기공학은 대기오염물질이 인간의 활동과 동·식물의 생육에 피해를 일으키는 현상인 대기오염을 줄이려는 목적으로 대기오염물질을 배출하는 발생원에서 저비용과 고효율적인 대기오염 방지시설을 설계, 시공, 운전하기 위해 기술개발하는 환경공학의 분야입니다. ","P","대기오염방지시설에 대해 설명해 주세요."
"1","대기공학에 대해 설명해 주세요.","대기공학이란 대기오염을 제거하는 기술을 만드는 학문입니다. 그러나 아직까지 기술의 한계로 인하여 대기공학의 현실적 구현이 불가능하기 떄문에 대기오염을 원천적으로 제거하는 방식을 사용하고 있는 실정입니다.","F",""
"1","대기공학에 대해 설명해 주세요.","대기공학은 자연, 생활, 사회에서 발생한 대기오염물질을 효과적으로 제거하는 방식을 연구하는 학문입니다. 그러나 해당 오염물질을 제거하였을 때 부차적인 인과관계가 성립될 우려가 있기 때문에 제거하지 않는 방향으로 발전하고 있습니다","F",""
"1","대기공학에 대해 설명해 주세요.","대기공학은 인위적으로 만들어진 대기오염물질이 사회나 공동체에게 피해를 일으키는 대기오염을 모두 제거하는 것을 최종목표로 합니다. 따라서 해당 학문은 기업과의 충돌이 지속적으로 발생하는 비경제적인 학문으로 평가받고 있습니다","F",""
"1","대기공학에 대해 설명해 주세요.","대기공학은 자연, 생활과 사회의 국부적인 오염문제부터 지구환경문제까지 다루는 과학입니다. 대기오염물질은 인체, 동물과 식물, 재산 상에 미치는 피해가 큽니다. 그 중 대기오염지표물질은 인체에 가장 민감하게 피해를 일으키는 물질이며 아황산가스를 말합니다.","P","아황산가스에 대해 설명해 주세요."
"1","온실가스에 대해 설명해 주세요.","온실가스란 지구를 둘러싸고 있는 기체로 지표면에서 우주로 발산하는 적외선 복사열을 흡수 또는 반사할 수 있는 기체를 말합니다. 주된 온실가스로 이산화탄소, 메탄, 아산질소 등이 있습니다. 온실가스는 두 가지 이상의 원자가 결합된 분자로 잔류수명이 길어 온실효과에 영향을 줍니다.","P","지표면의 특징을 설명해 주세요."
"1","온실가스에 대해 설명해 주세요.","지구 공기는 질소, 산소, 아르곤 등이 주된 성분이고 이산화탄소는 1% 미만으로 존재하지만 지구 온도에 대한 영향은 매우 큽니다. 온실가스는 지구환경 유지에 없어서는 안 될 필수적인 요소이지만, 산업 발전으로 인한 온실가스 증가는 기후변화, 지구 온난화와 같은 온실가스효과를 초래하니다.","P","아르곤에 대해 설명해 주세요."
"1","온실가스에 대해 설명해 주세요.","온실가스란 인위적인 활동으로 인하여 생성된 이산화탄소를 통칭하는 말입니다. 이산화탄소는 열 흡수량이 굉장히 높아서 상온에서 상온보다 높은 온도를 유지하기 때문에 지구온난화를 일으키는 주범으로 평가받고 있습니다","F",""
"1","온실가스에 대해 설명해 주세요.","온실가스는 인위적인 활동으로만 생성되기 때문에 대기과학과 대기공학의 최종적인 목표는 온실가스를 영구적으로 대기환경에서 제거하는 것입니다. 온실가스가 대기에 존재하지 않더라도 어떠한 부작용도 발생하지 않기 떄문입니다","F",""
"1","온실가스에 대해 설명해 주세요.","온실가스는 대기를 구성하는 중요한 구성요소입니다. 대기의 적정온도를 유지해주기 떄문입니다. 따라서 온실가스는 대기 중 비율이 높을 수록 친환경적이라고 평가받으며 대기공학은 어떤 방식으로 온실가스의 비율을 높일지를 연구합니다","F",""
"1","온실가스에 대해 설명해 주세요.","온실가스는 지구의 온도를 일정하게 유지시켜 주는 온실효과에 매우 중요한 요소입니다. 온실효과는 태양으로부터 전달되어 지구 표면에서 방출되는 복사열을 대기 중에 존재하는 온실가스가 흡수하고 순환하며 지표면으로 다시 방출하는 과정을 통해 지구온도가 일정하게 유지되도록 합니다.","P","복사열에 대해 설명해 주세요."
"2","지구온난화지수에 대해 설명해 주세요.","기후 변화에 관한 정부간 패널가 발표한 2001년 제3차 평가보고서에 따르면, 지구온난화지수는 20년, 50년, 100년 등의 일정 기간 동안 1톤의 온실가스가 같은 양의 이산화탄소와 비교했을 때 흡수하여 가둘 수 있는 복사강제력을 말합니다. 메탄의 경우에는 수명이 짧은 편이기 때문에 20년 동안의 지구온난화지수는 86이지만, 100년 동안의 지구온난화지수는 34로 낮습니다.","P","메탄에 대해 설명해 주세요."
"2","지구온난화지수에 대해 설명해 주세요.","이산화탄소와 비교했을 때 다른 온실가스가 가둘 수 있는 상대적인 열의 양을 나타내는 지수로, 보통 20년, 50년, 100년에 걸친 기간의 자료로 계산합니다. 대기 중에 존재하는 온실가스는 모두 수명을 가지고 있습니다. 이 수명을 고려했을 때, 같은 온실가스라 할지라도 20년과 100년 동안 지구온난화에 미치는 영향은 다르게 나타납니다.","P","이산화탄소 외 다른 온실가스의 종류를 설명해 주세요."
"2","지구온난화지수에 대해 설명해 주세요.","지구온난화지수는 대기 중의 이산화탄소 비율을 통해 결정합니다. 따라서 이산화탄소의 비율이 높을 수록 지구온난화지수가 높게 평가되는데 현재 이산화탄소 비율은 과거보다 낮기 때문에 지구온난화지수가 낮게 평가되고 있습니다","F",""
"2","지구온난화지수에 대해 설명해 주세요.","이산화탄소의 대기 중의 비율과 다른 온실가스의 비율을 상대적으로 평가한 수치를 지구온난화지수라고 합니다. 따라서 이산화탄소 비율이 높을 수록 온난화지수가 감소하고 다른 온실가스 비율이 높을 수록 지구온난화지수는 상승합니다","F",""
"2","지구온난화지수에 대해 설명해 주세요.","지구온난화 지수는 20년,50년,80년 이렇게 30년 단위로 1톤의 대기에 존재하는 온실가스의 비율로 측정됩니다. 또한 온실가스는 그 수명이 영구적이기 때문에 보통의 경우 지구온난화지수는 증가량을 통해 표현되는 것이 일반적입니다","F",""
"2","온실가스의 종류에 대해 설명해 주세요.","수증기는 지구 온실가스의 가장 많은 부분을 차지하는 수증기는 주로 태양 복사열에 의해 바다에서 만들어 집니다. 이산화탄소는 자연발생적 이산화탄소의 양은 지구 대기 중 미미한 수준이며, 다른 온실 가스에 비해 온실효과에 대한 영향이 크지 않았습니다. 하지만 1750년 산업혁명 이후 급증한 화석연료의 사용으로 인위적으로 발생되는 온실가스 중 이산화탄소는 80%를 차지합니다.","P","산업혁명에 대해 설명해 주세요."
"2","온실가스의 종류에 대해 설명해 주세요.","대기 중에 존재하는 메탄가스는 이산화탄소에 비해 200분에 1에 불과하지만, 그 효과는 이산화탄소에 비해 20배 이상 강력하다고 알려져 있습니다. 메탄가스는 미생물에 의한 유기물질의 분해과정을 통해 주로 생산되며, 화석연료 사용, 폐기물 배출, 가축 사육, 바이오매스의 연소 등 다양한 인간 활동과 함께 생산됩니다.","P","화석연료에 대해 설명해 주세요."
"2","온실가스의 종류에 대해 설명해 주세요.","온실가스의 대표적인 구성요소로는 이산화탄소와 일산화탄소가 있습니다. 일산화탄소는 대기 중에 존재하면서 유기체에게 호흡곤란과 같은 유해한 기체로 평가되기 때문에, 온실가스는 대부분 인체에 유해한 것으로 평가받고 있습니다","F",""
"2","온실가스의 종류에 대해 설명해 주세요.","메탄가스가 대표적인 온실가스입니다. 메탄은 온실가스의 가장 많은 부분을 차지하며 주로 태양복사열에 의해 바다에서 기화함으로써 대기 중에 합류합니다. 메탄가스는 자연발생이 대부분이며 인위적으로는 만들어지지 않습니다","F",""
"2","온실가스의 종류에 대해 설명해 주세요.","수증기는 온실가스를 대표하는 구성요소입니다. 일반적으로 자연발생이 대부분을 차지하지만 인간활동에 의해서 만들어져서 대기에 합류하는 경우가 최근에는 그 비율이 더 높아지고 있습니다. 수증기는 폐기물배출,가축 사육 등에서 가장 많이 배출되고 있습니다","F",""
"2","온실가스의 종류에 대해 설명해 주세요.","아산화질소는 자연계에 존재하는 온실 가스 중 하나이나 화석연료의 연소, 자동차 배기가스, 질소비료의 사용으로도 생산됩니다. 이산화탄소에 비해 존재양은 매우 작으나, 지구온난화지수로 보면 300배 이상의 적외선 흡수 능력을 가진 온실가스입니다. 수소불화탄소는 자연계에 존재하지 않으며 인위적으로 발생되는 온실가스로 에어컨, 냉장고의 냉매로 사용량이 급증하면서 온실가스를 일으키는 주범으로 지목받고 있습니다.","P","질소비료에 대해 설명해 주세요."
"2","IPCC에 대해 설명해 주세요.","기후 변화와 관련된 전 지구적 위험을 평가하고 국제적 대책을 마련하기 위해 세계기상기구와 유엔환경계획이 공동으로 설립한 유엔 산하 국제 협의체입니다. 기후 변화 문제의 해결을 위한 노력이 인정되어 2007년 노벨 평화상을 수상하였습니다. 각국의 기상학자, 해양학자, 빙하 전문가, 경제학자 등 3천여 명의 전문가로 구성되어 있습니다.","P","세계기상기구에 대해 설명해 주세요."
"2","IPCC에 대해 설명해 주세요.","본부는 스위스 제네바에 있으며 2007년 10월 현재 의장, 사무국장, 3개 실무 그룹, 1개 태스크포스로 조직되어 있습니다. 노벨위원회는 IPCC가 인간이 기후 변화에 미친 영향을 연구하고, 기후 변화 문제의 해결을 위한 초석을 다지는 데 노력한 공로를 인정해 미국전 부통령 앨 고어와 함께 2007년 노벨 평화상을 수상하였습니다.","P","인간이 기후변화에 미친 영향을 설명해 주세요."
"2","IPCC에 대해 설명해 주세요.","기후변화로 인해 발생하는 이상기후현상에 대해서 국제적으로 대처하기 위해서 2007년 IPCC를 설립하여 국제적 대응을 약속하였습니다. 주로 각 국가를 대표하는 기상학자들이 모여 현안을 논의하는 방식으로 진행되고 있씁니다","F",""
"2","IPCC에 대해 설명해 주세요.","리우환경정상회담에서 유엔기후변화협약과 함께 국제적으로 대기오염을 대처하기 위해서 IPCC를 설립하였습니다. 그러나 대기오염의 정도가 감소함에 따라서 2007년 IPCC는 공식적으로 국제사회에서 퇴장하게 되었습니다.","F",""
"2","IPCC에 대해 설명해 주세요.","스위스 제네바에 위치해있는 IPCC는 인간 활동이 기후 변화에 얼만큼의 영향을 주었는지 연구하고 이에 대한 해결책을 강구하는 영리단체입니다. 주로 각국의 기상학자, 해양학자, 빙하 전문가, 경제학자 등의 전문가로 구성되어 있습니다","F",""
"2","IPCC에 대해 설명해 주세요.","IPCC의 주된 활동 중 하나는 1992년 리우 환경 정상회담에서 채택한 유엔기후변화협약과 1997년 발효된 교토의정서의 이행과 관련한 문제들에 대해 특별보고서를 작성하는 일입니다. 1990년 이후 4차례에 걸쳐 발표된 특별보고서는 인간의 활동으로 인해 비롯된 공해 물질이 기후 변화에 어떤 영향을 끼치는지 과학적, 기술적, 사회경제학적으로 분석한 결과를 제공하고 있습니다.","P","교토의정서에 대해 설명해 주세요."
"1","엘니뇨에 대해 설명해 주세요.","엘니뇨가 국지적인 현상이 아니라 적도 동태평양 전반에 걸쳐 벌어지는 대규모 해양대기 상호작용 현상의 결과임이 알려지고, 전 지구적인 기후에 큰 영향을 미치게 됨을 알면서부터는 페루 연안의 국지적인 난류보다도 열대 태평양의 대규모 고수온 현상을 의미하게 되었습니다.","P","적도 부근의 특징을 설명해 주세요."
"1","엘니뇨에 대해 설명해 주세요.","엘니뇨의 구체적 정의는 국가마다 조금씩 다른데, 예를 들어 한국에서는 2016년 12월 23일 전까지 엘니뇨 감시구역에서 5개월 이동평균한 해표면 수온 편차가 섭씨 0.4도 이상 되는 기간이 6개월 이상 지속될 때의 첫 달을 엘니뇨 발달의 시작으로 정의했었으나, 그 이후 미국과 동일한 기준으로 변경하였습니다.","P","해표면의 수온편차에 대해 설명해 주세요."
"1","엘니뇨에 대해 설명해 주세요.","엘리뇨는 스페인어로 여자 아이를 의미하는 것으로 열대 지방의 태평양에서 급격하게 해수의 온도가 상승하면서 동태평양의 수온이 낮아지는 현상을 말합니다. 주로 무역풍이 다른 해보다 강해질 때 강해지는 특징이 있습니다","F",""
"1","엘니뇨에 대해 설명해 주세요.","엘리뇨는 인위적인 활동에 의해 지구온난화 지수가 높아지고 대기오염이 활발하게 진행됨에 따라 발생한 이상기후의 현상입니다.  엘리뇨가 발생하게 되면 1년 중 5개월 이상 동안 해수면 온도가 평소보다 0.5도 이상 낮아지게 됩니다","F",""
"1","엘니뇨에 대해 설명해 주세요.","엘리뇨는 국지적인 현상입니다. 동태평양에서 발생하는 고수온 현상으로 해당 해수가 해류를 타고 전지구적으로 이동하면서 모든 해양의 온도가 0.5도 이상 높아지는 결과를 초래하게 됩니다. ","F",""
"1","엘니뇨에 대해 설명해 주세요.","엘니뇨는 수천 년 전부터 발생해 온 것으로 여겨지고 있는데, 기우제 등을 위해 인간을 제물로 바치던 고대 잉카제국에서부터 오늘날의 페루까지 이어진다고 보고 있습니다. 7~9개 월 정도만 지속되는 경우에는 엘니뇨 조건으로, 그 이상 지속되는 경우에는 엘니뇨 에피소드로 구분하기도 합니다.","P","엘니뇨 에피소드에 대해 설명해 주세요."
"2","대기안정도에 대해 설명해 주세요.","대기가 원래의 역학적 평형상태로 돌아가려고 하거나, 대기의 상태가 크게 변하는 정도를 나타내는 것으로서, 정역학적 안정도와 동역학적 안정도가 있습니다. 정역학적 안정도는 온위 또는 상당온위의 연직경도가 요인으로, 대기가 층을 이룬 상태의 안정도입니다. 동역학적 안정도는 풍속의 연직 또는 수평의 경도가 요인이 되어 파동의 발생여부를 판정하게 됩니다.","P","상당온위에 대해 설명해 주세요."
"2","대기안정도에 대해 설명해 주세요.","대기안정도에는 정역학적 안정도와 동역학적 안정도가 있습니다. 정지상태에 있는 대기의 성층상태의 안정도를 정역학적 안정도 또는 연직안정도라고 합니다. 작은 자극이 주어졌을 때 마침내 기층이 전도를 일으키느냐 그렇지 않느냐를 판정하는 데 사용됩니다.","P","연직안정도에 대해 설명해 주세요."
"2","대기안정도에 대해 설명해 주세요.","대기안정도는 대기권에서 대기의 이동이 정지상태에 있을 때를 의미합니다. 따라서 대기안정도가 1일 경우에는 바람이 불지 않는 대기라고 고려되며, 현실적으로 대기안정도는 1에 수렴할 수 없는 구조를 가지고 있습니다.","F",""
"2","대기안정도에 대해 설명해 주세요.","대기안정도는 정역학적 안정도와 동역학적 안정도가 있습니다. 정지상태에 있는 대기가 안정도가 변화하였을 경우 동역학적 안정도로 측정하며 반대로 대기 안정도가 높은 대기가 급격히 그 안정도가 하락하였을 떄는 정역학적 안정도라고 불리웁니다","F",""
"2","대기안정도에 대해 설명해 주세요.","대기의 안정도는 운동을 하고 있는 경우 동역학적 안정도라고 불리웁니다. 또한 동역학적 안정도는 대부분의 경우 기층이 전도를 일으키기 떄문에, 천둥과 번개와 같은 자연 현상을 일으키는 역할을 하고 있습니다.","F",""
"2","대기안정도에 대해 설명해 주세요.","운동하고 있는 대기의 안정도를 동역학적 안정도라고 합니다. 이에 관여하는 가장 중요한 요인은 풍속의 연직 또는 수평 경도입니다. 불연속면에 파동이 발생하는가 않는가, 편서풍대에 파동이 발생하는가 않는가 등을 판정하며, 저기압 발달에 관한 이론의 기초가 됩니다. 파동에 작용하는 힘으로는 중력, 지구 회전에 의한 관성력 및 풍속차에 수반되는 변형력을 들 수 있습니다.","P","편서풍에 대해 설명해 주세요."
"1","기후에 대해 설명해 주세요.","사전적으로 기후는 일정한 지역에서 장기간에 걸쳐 나타나는 대기현상의 평균적인 상태로 날씨가 시시각각 변화하는 순간적인 대기현상이라면, 기후는 장기간의 대기현상을 종합한 것이라고 정의됩니다. 기후는 서양적인 의미로는 지후, 동양적인 의미로는 24절기 · 72후 등 시후의 뜻이 강합니다.","P","24절기와 기후의 관계를 설명해 주세요."
"1","기후에 대해 설명해 주세요.","기후와 대별되는 단어가 날씨입니다. 날씨는 길지 않은 시간대의 종합적인 기상상태를 말합니다. 기상과 다른 점은 날씨가 생활조건에 보다 깊이 관여하고 있다는 점입니다. 날씨는 기압, 기온, 습도, 바람, 구름의 양과 형태, 강수량, 일조, 시정의 기상요소를 종합한 대기의 상태입니다.","P","구름에 대해 설명해 주세요."
"1","기후에 대해 설명해 주세요.","기후는 날씨라고 사회적으로 표현됩니다. 길지 않은 시간 대 예를 들어, 하루에 발생하는 대기의 상태에 대한 평균을 측정하는 것이 기후이며, 해당 구성요소로는 바람의 세기, 기온, 수온, 강수량 등이 포함되고 있습니다.","F",""
"1","기후에 대해 설명해 주세요.","기후는 대기의 장기적인 평균 상태를 의미합니다. 주로 1년 단위로 측정되며, 대기 현상은 지역마다 다르게 나타나기 때문에 각 지역의 기후는 모두 다르지만, 지역의 시간적 변화는 영구적으로 일어나지 않는다는 특징을 가지고 있습니다","F",""
"1","기후에 대해 설명해 주세요.","기후는 일정한 지역에서 장기간에 걸쳐 나타나는 대기현상을 칭하는 용어입니다. 따라서 기후는 지속적으로 변화하는 단위이기 때문에, 해당 기후보다 더 장기적으로 평균적인 대기현상을 측정하는 날씨 개념을 더욱 자주 사용하고 있습니다","F",""
"1","기후에 대해 설명해 주세요.","사람들은 오랜 경험을 통해 기후 환경에 적절히 적응하면서 독특한 문화를 만들어 나갑니다. 눈이 많이 내리는 곳은 지붕의 경사가 급합니다. 바람이 강한 지역에서는 바람에 견딜 수 있는 구조의 주거를 만듭니다. 다시 말해 기후라는 용어에는 사람들이 살고 있는 지역의 개념이 반영되어 있습니다.","P","바람에 대해 설명해 주세요."
"1","대기권에 대해 설명해 주세요.","대기권이란 우리가 살고 있는 지구를 에워싸고 있는 공기층을 말합니다. 통상 대기권의 영역은 지표면으로부터 약 10,000㎞ 정도까지로 봅니다. 지구를 둘러싸고 있는 공기의 층을 대기라고 부릅니다. 중력으로 지구표면에 밀착되어 지구와 같이 서에서 동으로 회전하는 기체의 총칭이라 할 수 있습니다.","P","중력에 대해 설명해 주세요."
"1","대기권에 대해 설명해 주세요.","대기의 존재로 인해 지구는 태양의 직사광선에 무한히 가열되지 않습니다. 야간에는 복사냉각에 의해 극저온으로 떨어지지 않습니다. 또 대기는 유성이나 우주선, 태양의 미립자, 복사 등 높은 에너지 입자의 침입으로부터 지구를 보호하고, 인류가 살아갈 수 있도록 산소와 맑은 공기를 공급해 줍니다.","P","태양의 미립자에 대해 설명해 주세요."
"1","대기권에 대해 설명해 주세요.","대기권이란 대기의 가장 상층부에 존재하는 대기층으로서 인간활동에 가장 중요한 역할을 합니다. 지표면에서 가장 멀어 인간의 활동에 영향을 줄것같지 않지만 태양복사에너지를 지속적으로 유지하게 하여 지구의 온도를 유지하는 중요한 역할을 합니다","F",""
"1","대기권에 대해 설명해 주세요.","대기권이란 우리가 살고 있는 지구의 대기의 가장 아랫부분에 위치하여 인간활동이 가능하게 되는 지역을 말합니다. 대류활동이 활발하게 일어나기 떄문에 비행기의 경우 해당 대류를 피하기 위해 열권에서 주로 비행을 하고 있습니다.","F",""
"1","대기권에 대해 설명해 주세요.","대기권의 대부분은 질소와 이산화탄소로 이루어져있으며 유기체의 호흡에 필요한 산소는 단지 9%만 존재할 뿐입니다. 지구온난화로 대기권의 이산화탄소가 높아짐에 따라 해당 산소의 비율이 감소하여 유기체의 터전이 사라지고 있습니다","F",""
"1","대기권에 대해 설명해 주세요.","대기의 대부분은 질소와 산소로 구성되어 있습니다. 그러나 아주 미량밖에 없는 이산화탄소나 오존, 수증기의 역할은 매우 큽니다. 수증기의 90%는 지표면에서 수 km까지의 층에 밀집해 있습니다. 공기 중에 포함된 수증기는 적은 양이지만, 상변화로 대기에 에너지를 공급해 주는 매우 중요한 역할을 합니다.","P","수증기의 상변화에 대해 설명해 주세요."
"1","대류권에 대해 설명해 주세요.","대기권은 고도에 따른 기온 변화에 따라 4개의 층으로 구분합니다. 각 층의 이름은 권이 됩니다. 그리고 권과 권의 경계면을 권계면이라 합니다. 대류권은 대기 질량의 대부분을 차지하는 층입니다. 대표적인 특성은 고도가 증가함에 따라 기온이 감소한다는 것입니다. 태양복사가 지면에서 흡수된 후, 장파로 재복사되는 층입니다. ","P","대류권의 특징을 설명해 주세요."
"1","대류권에 대해 설명해 주세요.","대류권의 하층부는 기온이 높게 됩니다. 그러나 상층으로 갈수록 복사냉각되어 기온은 낮아집니다. 대류권은 고도에 따라 일정한 비율로 기온이 감소하는 기온감률을 갖습니다. 건조공기는 1km에 10도 정도 하강하고, 포화공기는 5도 정도 하강합니다. 실제 대기 중의 습윤공기는 1km에 6.5도의 기온감률을 갖습니다.","P","습윤공기에 대해 설명해 주세요."
"1","대류권에 대해 설명해 주세요.","대기권에 대해 고도에 따른 4개로 나눈 것 중 하나입니다. 낮은 쪽에서 2번째에 해당하는 층으로 10~13km에서 시작하여 50km에서 끝나는데 시작되는 높이는 위도마다 조금씩 달라집니다. 북극과 남극에서는 좀더 낮은 곳에서 시작되어 8km상공에서 시작됩니다.","F",""
"1","대류권에 대해 설명해 주세요.","대류권은 성층권과 열권 사이에 위치하며 고도가 상승할수록 온도가 계속해서 감소한다는 특징을 가지고 있습니다. 대기권 내에서 가장 낮은 온도가 위치하는 곳이며 대류가 불안정하기 떄문에 날씨현상이 일어나고 있습니다.","F",""
"1","대류권에 대해 설명해 주세요.","중간권 계면에서 열권계면 사이에 위치한 영역을 대류권이라고 합니다. 고도가 상승할수록 온도가 계속 증가하는데 이는 대류권 입자들이 태양 복사열을 흡수하기 때문에 일반적으로 가장 높은 대류권에서 입자가 많기 때문에 가장 높은 온도를 자랑합니다","F",""
"1","대류권에 대해 설명해 주세요.","중위도에서 대류권의 구조는 저층, 지표층, 이류층으로 나뉩니다. 지상으로부터 2m 높이의 대기층을 저층이라고 하며 미기상학이 적용됩니다. 이보다 위인 지표층은 지상층이라고도 부릅니다. 2m~2km까지의 공기층으로 지표의 마찰이 바람에 영향을 미치는 고도입니다. 기온은 고도에 따라 감소하고, 습도는 일변화의 영향을 받습니다.","P","이류층에 대해 설명해 주세요."
"2","성층권에 대해 설명해 주세요.","대류권계면과 고도 50km 정도인 성층권계면 사이의 층입니다. 온도가 거의 일정하거나 서서히 증가하는 층이기에 대류권과 구별됩니다. 구조는 둘로 나뉩니다. 먼저 등온층은 대류권계면으로부터 35km까지의 층입니다. 기온이 높이와 무관하게 거의 일정한 층입니다.","P","등온층의 특징을 설명해 주세요."
"2","성층권에 대해 설명해 주세요.","등온층에서는 대기가 안정하고 불순물이 적어서 일반적으로는 구름이 없습니다. 그러나 가끔 하층에 권운이나 진주모운이 나타나기도 합니다. 성층권의 가장 큰 특징은 오존층이 존재한다는 점입니다. 오존으로 인해 고도에 따라 기온이 서서히 상승합니다. 오존이 태양광선으로부터 자외선을 흡수하기 때문입니다.","P","권운에 대해 설명해 주세요."
"2","성층권에 대해 설명해 주세요.","성층권은 대기권 가장 높은 곳에서 위치한 곳으 기상현상은 찾아보기 힘들지만 대략 고도 10km 정도에서 상층대기 번개의 일종인 엘브스가 관찰되며 오로라가 10~25km 드물게 100km 까지의 높이에서 관찰되고 있습니다.","F",""
"2","성층권에 대해 설명해 주세요.","성층권은 대류권에 존재하는 산소와 오존이 자외선을 상층에서부터 흡수하면서 발생하는 열로 상층부터 뜨거워지기 때문에 성층권 하층이 온도가 높고 대류권계면과 멀어질수록 온도가 감소하는 특징을 가지고 있습니다.","F",""
"2","성층권에 대해 설명해 주세요.","엄밀히 정의하면 성층권은 킬로미터당 섭씨온도가 2도 이하로 떨어지는 최저 고도가 성층권계면에 위치합니다. 성층권 계면에서는 기온이 영하 50~60도에 이르며 성층권계면의 높이는 지역마다 계절마다 수시로 변하는 특징을 가지고 있습니다","F",""
"2","성층권에 대해 설명해 주세요.","성층권에서 나타나는 현상으로 진주모운이 있습니다. 북유럽에서 푄 현상이 있고, 구름이 없을 때 나타나는 섬세한 렌즈형의 녹적색 구름입니다. 일종의 지형성 구름으로 고도는 20~30km 정도에 나타납니다. 음파의 이상전파 현상도 나타납니다. 이것은 상층 50km 부근에 고온층이 있기에 발생하는 현상입니다.","P","진주모운에 대해 설명해 주세요."
"1","프레온가스에 대해 설명해 주세요.","메테인, 에테인과 같은 가장 기본적인 탄화수소 화합물에서 수소 부분을 플루오린이나 다른 할로젠 원소로 치환한 물질입니다. 냉장고, 에어컨 등의 냉매로 사용되며 이외에도 용제나 발포제, 스프레이나 소화기의 분무제 등으로 사용됩니다. 프레온은 그 안정한 성질 때문에 공기 중에 나온 후에 분해되지 않습니다.","P","할로젠 원소의 특징을 설명해 주세요."
"1","프레온가스에 대해 설명해 주세요.","기류 등에 의해 성층권까지 올라간 프레온은 자외선에 의해 분해되어 염소 원자를 내놓습니다. 염소는 원자 상태에서 강력한 산화능력을 가지고 있기 때문에 성층권에 있는 오존과 반응하여 오존을 산소로 되돌리게 합니다. 이러한 반응이 연속적으로 나타나기 때문에 결국 성층권에 있는 오존층이 파괴되는 결과를 낳게 됩니다.","P","산화능력에 대해 설명해 주세요."
"1","프레온가스에 대해 설명해 주세요.","프레온가스는 냉장고의 냉매역할을 하는 것으로 냉장고의 순환구조에 따라서 지속적으로 냉장고 내부에서 열을 흡수, 방출하는 역할을 합니다. 인체에는 무해하며 반감기가 짧기 때문에 대기 오염을 일으키지는 않습니다.","F",""
"1","프레온가스에 대해 설명해 주세요.","프레온 가스는 오존층을 보호하게 됩니다. 프레온 가스는 대부분 오존과 같은 산소와 수소의 결합을 통해서 이뤄지기 때문에 오존과 만나면 화학적 변화에 따라서 오존 층을 더욱 두텁게 만드는 특징을 가지고 있습니다","F",""
"1","프레온가스에 대해 설명해 주세요.","성층권까지 프레온가스가 올라가게 되면 프레온가스는 적외선에 의해서 분해되어 염소 원자를 내놓게 됩니다. 염소는 원자상태에서 강한 염기성 물질이 되는데 이에 따라서 오존과 결합하여 오존을 산소로 만드는 역할을 하여 지구온난화를 약화하는 성질을 가지고 있습니다","F",""
"1","프레온가스에 대해 설명해 주세요.","프레온이 오존층을 파괴한다는 사실이 밝혀진 후 1985년의 빈 조약과 1987년의 몬트리올 의정서에 의해 프레온은 제조와 수입이 모두 금지됩니다. 이후 프레온을 대신하기 위해 오존층을 잘 파괴하지 않는 HCFC나 HFC를 개발해서 사용하게 됩니다. 그러나 이 물질들은 이산화탄소에 비해 수백 배에서 만 배에 이르는 수준의 온실효과를 초래하는 온실기체라는 사실이 밝혀졌습니다.","P","몬트리올 의정서에 대해 설명해 주세요."
"1","오로라에 대해 설명해 주세요.","오로라는 새벽이란 뜻의 라틴어로, 1621년 프랑스의 과학자 피에르 가센디가 로마신화에 등장하는 여명의 신 아우로라의 이름을 딴 것입니다. 극광이라고도 하고, 북반구에서는 노던 라이트라 부르기도 합니다. 동양에서는 적기라고도 합니다. 위도 60도에서 80도의 지역에서 넓게 나타나며, 오로라대의 크기는 항상 일정한 것이 아니라 태양의 활동에 따라 변합니다.","P","북반구의 특징을 설명해 주세요."
"1","오로라에 대해 설명해 주세요.","오로라는 태양에서 날아온 대전입자가 지구 자기장과 상호작용하여 극지방 상층 대기에서 일어나는 대규모 방전현상으로, 태양은 항상 양성자와 전자 등으로 이루어진 대전입자를 방출하고 있습니다. 태양으로부터 모든 방향으로 내뿜는 이런 플라스마의 흐름을 태양풍이라 하는데, 태양에서 지구에 도달하는 대부분의 태양풍은 지구의 자기장 밖으로 흩어집니다.","P","태양의 플라스마에 대해 설명해 주세요."
"1","오로라에 대해 설명해 주세요.","오로라는 태양에서 방출되는 플라즈마입자가 지구 대기권의 하층부의 자기장과 마찰하여 빛을 내는 광전현상입니다. 이들 입자의 유래는 주로 태양에서 방출된 것이 대부분이며 태양풍에 따라 지구 근처에 왔다가 중력에 의해 대기로 진입하게 됩니다","F",""
"1","오로라에 대해 설명해 주세요.","오로라는 초현실적인 현상이며, 그리스 로마 신화에 등장하는 여명의 신이 나타내는 빛을 의미하는 용어입니다. 실제로 관측된 적이 없으며 역사학자는 무지개에 대한 다른 이름을 과거에 오로라로 불렀다고 추정하고 있습니다.","F",""
"1","오로라에 대해 설명해 주세요.","오로라는 지구에서만 볼 수 있는 현상입니다. 오로라가 발생하기 위해서는 태양과의 거리 적정온도 등 다양한 요소들이 결합하여 하는데 지구가 가장 적합한 요소를 가지고 있기 떄문에 태양계 내부의 화성,목성, 토성 등에서는 오로라 현상이 일어나지 않습니다","F",""
"1","오로라에 대해 설명해 주세요.","반알렌대는 조개 모양으로 지구 주위에 구부려져 있고 극쪽에서는 지표에 근접해서 구부려져 있습니다. 대기 속에서 공기 분자와 대전입자가 서로 충돌하면 기체 분자 내부의 전자가 여기됩니다. 그리고 원래 상태보다 높은 에너지를 가진 전자가 다시 원래 상태로 돌아오면서 빛을 방출합니다.","P","대전입자에 대해 설명해 주세요."
"2","통합대기환경지수에 대해 설명해 주세요.","대기오염도 측정치를 국민이 쉽게 알 수 있도록 하고 대기오염으로부터 피해를 예방하기 위한 행동지침을 국민에게 제시하기 위한 대기오염도 표현방식입니다.  초미세먼지, 미세먼지, 오존, 이산화질소, 일산화탄소, 아황산가스 등 대표적인 6가지 오염물질에 대한 대기질의 상태지수를 제공합니다.","P","초미세먼지와 미세먼지의 차이점을 설명해 주세요."
"2","통합대기환경지수에 대해 설명해 주세요.","통합대기환경지수 산출은 각 오염물질별로 점수를 산정하는데, 0∼500까지의 지수를 4단계로 나눕니다. 즉, 대기의 상태를 0에서 500점까지 수치화하는데 점수가 높아질수록 대기 상태가 좋지 않음을 의미합니다. 지수 계산 방법은 6가지의 대기오염물질 지수 점수 중 가장 높은 점수를 통합지수값으로 사용합니다.","P","6가지 대기오염물질에 대해 설명해 주세요."
"2","통합대기환경지수에 대해 설명해 주세요.","대기오염 상태를 전문가들이 측정하기 위해서 통계적인 수치를 통해 대기의 현 상태를 파악할 수 있도록 한 지수가 통합대기환경지수입니다. 통합대기환경지수는 대기환경을 구성하는 모든 요소가 들어가기 떄문에 산소, 수소 역시 해당 지수에 포함됩니다","F",""
"2","통합대기환경지수에 대해 설명해 주세요.","통합대기환경지수를 산출하기 위해서 0~500까지 지수를 4단계로 나누게 됩니다. 해당 점수가 높아질수록 대기환경이 깨끗함을 의미하며 우리나라의 경우 현재 미세먼지로 인해 100~200 정도의 2단계로 규정되고 있습니다","F",""
"2","통합대기환경지수에 대해 설명해 주세요.","일반인이 대기환경에 대해 쉽게 이해할 수 있도록 대기환경에 대한 지수를 시각적으로 이해하기 쉽게 만들어진 지수를 통합대기환경지수라고 합니다. 그러나 해당 지수는 우리나라에서만 사용되기 떄문에 국제적인 지수로 인정받고 있지는 않습니다","F",""
"2","통합대기환경지수에 대해 설명해 주세요.","통합대기환경지수의 표현방식은 지수 점수 외에 색상이나 지수 구간별 픽토그램을 사용하여 일반인이 이해하기 쉽도록 제공되고 있습니다. 예컨대 ‘좋음’은 파랑, ‘보통’은 초록, ‘나쁨’은 노랑, ‘매우 나쁨’은 빨강으로 표시합니다. 또한 오염물질별 지수구간에 따른 행동요령을 통해 지수에 따른 건강상의 영향은 물론 해당 집단에 대한 행동 지침을 설정하고 있습니다. ","P","오염물질별 지수구간에 대해 설명해 주세요."
"1","대기오염에 대해 설명해 주세요.","공해가 환경이 오염된 상태를 의미한다면, 오염은 오염원으로 인하여 인간 및 동식물의 생활에 영향을 미치는 상태를 의미합니다. 그러므로 옥외의 대기에 인위적·자연적으로 방출된 오염물질이 과다하게 존재함으로써 대기의 성분 상태가 변화하고, 그 질이 악화되어 인간과 동식물의 생활 활동에 나쁜 영향을 줄 때 대기가 오염되었다고 합니다.","P","대기 오염원에 대해 설명해 주세요."
"1","대기오염에 대해 설명해 주세요.","대기오염에 대한 경각심을 갖게 된 결정적인 사건은 1930년 벨기에의 뫼즈계곡사건, 1948년 미국의 도노라사건, 1952년의 런던 스모그 사건입니다. 1930년 12월 벨기에 뫼즈계곡에서 조성된 대규모 공업지대에서 배출된 가스가 지면에 오래도록 머무르게 되면서 대기 중 이산화황 농도가 9.6∼38.4ppm에 달하도록 높아졌으며 이 때문에 심장병과 급성폐렴으로 63명이 사망하고 수많은 급성호흡기질환자가 발생하였습니다.","P","이산화황에 대해 설명해 주세요."
"1","대기오염에 대해 설명해 주세요.","대기오염이란 원시지구의 초기형태에서 벗어난 대기의 현상을 총칭하는 용어입니다. 따라서 인위적인 행위에 의해서 대기가 변화한 것 뿐아니라 시간이 지남에 따라 지국가 자연적으로 변화시킨 대기의 변화역시 대기오염으로 규정합니다.","F",""
"1","대기오염에 대해 설명해 주세요.","대기오염은 산업혁명 이후, 공업이 발달함에 따라서 인류에게 문제의식을 부여하게 되었습니다. 그러나 대기오염에 대한 대처보다 해당 산업으로 인한 경제적인 성과가 훨씬 높기 때문에 현재는 대기오염은 필연적인 현상으로 규정되고 있습니다","F",""
"1","대기오염에 대해 설명해 주세요.","대기오염을 대처하기 위해서는 산업 시설이 전면 중단되어야 합니다. 산업시설은 그 규모와 종류와 관계없이 지속적으로 대기를 파괴하기 떄문입니다. 따라서 최근에는 해당 산업에 대한 원천적인 반대인 러다이트운동이 일어나기도 하였습니다","F",""
"1","대기오염에 대해 설명해 주세요.","대기오염에 대한 대책으로 공장과 같은 오염물질의 고정발생원을 법령으로 지정하여 오염물질 배출기준을 설정하고, 사용연료의 질을 규제하며, 긴급한 경우에는 조업을 단축시키는 등 개별적인 발생시설을 규제하고 있습니다. 또한 매진·황산화물·질소산화물 등의 매연이나, 카드뮴·납·플루오린화수소·염소 등 유해물질은 엄격한 배출기준을 설정하여 규제합니다.","P","플루오린화수소에 대해 설명해 주세요."
"1","지구온난화의 영향을 설명해 주세요.","인위적 온실가스 증가에 의한 지구온난화는 단순히 전지구평균 지표기온의 상승에만 국한된 문제가 아닙니다. 현재 우리는 전지구적 기온 상승과 더불어 해수면 상승, 해양산성화, 물순환 변화, 대기오염, 생태계 다양성 훼손 등의 문제에 직면해 있습니다. 2013년까지 해수면은 산업혁명 전 대비 19 cm 증가했습니다.","P","해양산성화가 인간에 미치는 영향을 설명해 주세요."
"1","지구온난화의 영향을 설명해 주세요.","하와이 마우나로아에서 관측된 대기 중 이산화탄소 농도 증가는 실제 화석연료 연소에 따른 방출양의 57%에 불과합니다. 그 이유는 해양에서 약 23%를, 생태계에서 약 15%를 추가적으로 이산화탄소를 더 흡수했기 때문입니다. 만일 해양과 생태계의 역할이 없었다면 기온 상승은 더 큰 폭으로 나타났을 것입니다.","P","생태계에 대해 설명해 주세요."
"1","지구온난화의 영향을 설명해 주세요.","지구온난화에 의해 대가 상의 이산화탄소 비율이 늘어남에 따라 동물의 크기가 커지는 현상이 발생하였습니다. 이로 인해 전세계적인 문제였던 식량문제가 점차 해결되어 현재는 지구온난화를 활성화시키기 위해서 노력중입니다.","F",""
"1","지구온난화의 영향을 설명해 주세요.","지구온난화는 대기상의 메탄비율에 의해서 지속적으로 정도가 심해지고 있습니다. 이로 인해, 2020년에는 코로나바이러스라는 호흡기 전염병이 발생함에 따라 지구온난화에 대한 대처를 위해 전세계적인 노력이 발생하고 있습니다","F",""
"1","지구온난화의 영향을 설명해 주세요.","지구온난화는 지구의 순환구조에서 자연적으로 발생하는 현상으로 지구온난화로 인해서 해수면이 상승함에 따라 어획량이 상승하였고 이로 인해 빈부격차가 감소하며 해양학 연구에서도 중요한 전환점이 되고 있는 상황입니다.","F",""
"1","지구온난화의 영향을 설명해 주세요.","해양산성화와 해수 온도 증가로 인하여 산호 백화현상이 빈번히 발생하고 있으며 이에 따라 많은 산호 종이 멸종 위기에 처해 있습니다. 육상 생태계 역시 최근 지구온난화의 영향을 받고 있다. 봄철이 빨리 시작되면서 식물과 동물들의 서식지가 북쪽과 고도가 높은 곳으로 이동되고 있습니다. 이와 더불어 많은 생물 종들이 멸종되며 생태계 다양화가 줄어들고 있습니다.","P","산호 백화현상에 대해 설명해 주세요."
"2","대기환경보전법에 대해 설명해 주세요.","대기오염으로 인한 국민건강 및 환경상의 위해를 예방하고 대기환경을 적정하고 지속가능하게 관리·보전함으로써 모든 국민이 건강하고 쾌적한 환경에서 생활할 수 있게 함을 목적으로 합니다. 환경부장관은 전국에 대하여, 시·도지사는 관할구역에 대하여 대기오염도를 상시측정하고, 대기오염물질의 배출원 및 배출량을 조사하여야 합니다.","P","대기오염도를 표시하는 방법에 대해 설명해 주세요."
"2","대기환경보전법에 대해 설명해 주세요.","환경부장관은 대기환경규제지역을 지정·고시할 수 있으며, 특정한 지역에 대하여 배출되는 오염물질을 총량으로 규제할 수 있습니다. 배출시설을 설치하고자 하는 자는 환경부장관의 허가를 받거나 신고하여야 합니다. 사업자는 배출시설 및 방지시설을 적정하게 운영하고, 배출되는 오염물질을 측정하여 그 결과를 기록·보존하며, 환경기술인을 임명하여야 합니다.","P","환경기술인의 역할을 설명해 주세요."
"2","대기환경보전법에 대해 설명해 주세요.","대기환경보전법이란 대기가 가장 깨끗했던 원시지구로 돌아가기 위해서 제정된 법률로서, 이로 인해 일말의 메탄가스를 배출하는 것도 벌금형으로 처리함으로써 대기 환경 오염을 극복하려고 노력하고 있습니다.","F",""
"2","대기환경보전법에 대해 설명해 주세요.","대기오염이 사회적인 피해를 발생시키기 때문에 대기환경보전법을 발의하여 대기오염을 줄이려는 노력을 시도하고 있습니다. 그러나 해당 법률은 강제성이 존재하지 않아 대기오염에 미흡한 영향만을 주고 있을 따름입니다.","F",""
"2","대기환경보전법에 대해 설명해 주세요.","대기환경을 지속가능하게 관리 보전함으로써 국민 건강을 보존하기 위한 법률이 대기환경보전법입니다. 그러나 해당 보전법에 의해서 경제적인 피해가 발생하는 국민이 많아짐에 따라 2018년 해당 법률이 폐지되었습니다","F",""
"2","대기환경보전법에 대해 설명해 주세요.","자동차제작자는 환경부장관으로부터 제작차배출허용기준에 대한 인증을 받아야 합니다. 자동차의 소유자는 배출가스가 운행차배출허용기준에 적합하게 운행하여야 합니다. 자동차의 소유자는 자동차의 배출가스에 대하여 정기검사와 중간검사를 받아야 합니다. 배출가스 검사대행자는 시·도지사에게 등록하여야 합니다.","P","자동차 정기검사에 대해 설명해 주세요."
"1","스모그에 대해 설명해 주세요.","스모그가 도시나 공업지대에서 발생하면, 시계가 나빠지고 인체에 해를 줍니다. 이 용어는 18세기 유럽에서 산업발전과 인구증가로 석탄소비량이 늘어났을 때부터 생겼는데, 1872년 런던에서 스모그에 의한 사망자가 243명이나 발생하고 1952년 12월 5일~9일에는 수천명의 사망자를 낸 런던사건이 일어났습니다.","P","런던 스모그 사건에 대해 설명해 주세요."
"1","스모그에 대해 설명해 주세요.","1956년 1월, 1957년 12월, 1962년 12월에도 런던에서 대규모의 스모그가 발생하였습니다. 19세기 중엽부터 석유가 널리 이용되자, 석유에 의한 오염도 커졌습니다. 특히 제2차 세계대전 후에는 자동차 등의 내연기관이 가솔린·중유를 쓰게 되어, 석유의 연소에 의한 스모그가 큰 문제로 등장하였습니다.","P","내연기관이 사용과 스모그의 관계를 설명해 주세요."
"1","스모그에 대해 설명해 주세요.","대기 중의 수증기가 응결하여 지표 가까이에 작은 물방울이 발생하는 현상을 스모그라고 합니다. 이로 인해 가시거리가 감소하여 시야확보에 어려움이 있을 수 있으며, 구름과 안개와 구성요소 및 생성원리가 동일하다는 특징이 있습니다.","F",""
"1","스모그에 대해 설명해 주세요.","연기와 안개의 합성어로 도시의 매연이 도시 외곽으로 퍼짐에 따라서 대기 속의 오염물질이 안개 모양의 기체가 된 것을 말합니다. 산업혁명에 의해 석탄 소비량이 급증함에 따라 발생하였으며, 유럽에서 대표적으로 발생하며 그 외의 지역에서는 발견된 전례가 없습니다","F",""
"1","스모그에 대해 설명해 주세요.","중국에서 발생하는 스모그가 주변국에 의해서 퍼지고 있습니다. 스모그는 고대부터 기록이 존재하였는데, 산업화에 의해서 사막화가 진행됨에 따라 그 규모와 빈도가 심해지고 유해물질이 추가됨에 따라 심각한 대기오염으로 대두되고 있습니다.","F",""
"1","스모그에 대해 설명해 주세요.","원인이 인위적인 것임은 말할 나위도 없지만, 스모그가 일정 지역에서 오랫동안 머무는 것은 기상조건 때문입니다. 이러한 조건은 첫째로 바람이 약한 것, 둘째로 지면부근에서 기온이 역전하는 것 등입니다. 이 두 가지 조건은 그 지역이 이동성 고기압에 감싸였을 때 이 권내에서 일어나는 일이 많으므로, 이러한 조건은 기압배치의 예상으로도 어느 정도 예측이 가능합니다.","P","이동성 고기압에 대해 설명해 주세요."
"1","라니냐에 대해 설명해 주세요.","엘니뇨 현상의 반대개념으로 서태평양의 해수온도 상승으로 발생하는 동태평양의 저수온 현상을 말합니다. 라니냐 현상은 엘니뇨 현상의 시작 전이나 끝난 후 또는 예년에 비해 적도 무역풍의 세력이 강해질 때 주로 발생합니다. 강한 무역풍의 힘으로 서태평양 상의 적도 부근에는 두꺼운 온수층이 형성되고 동태평양의 온수층은 얇아집니다.","P","무역풍에 대해 설명해 주세요."
"1","라니냐에 대해 설명해 주세요.","라니냐 현상으로 인해 인도네시아, 필리핀 등의 동남아시아에는 강수량이 많아지며, 페루 등 남아메리카에는 가뭄이 심해질 뿐만 아니라 태평양 연안의 중위도 지방에도 한파와 가뭄 등 이상 기후가 발생하기도 합니다. 1994년 우리나라의 여름철 이상 가뭄현상은 라니냐 때문인 것으로 풀이되고 있습니다.","P","이상기후에 대해 설명해 주세요."
"1","라니냐에 대해 설명해 주세요.","남아메리카 페루 및 에콰도르의 서부 열대 해상에서 수온이 평년보다 높아지는 현상을 라니냐라고 합니다. 스페인어로 남자 아이 혹은 아기 예수를 뜻하며 크리스마스 전후로 주로 발생하였기 떄문에 이와 같은 이름이 붙었습니다","F",""
"1","라니냐에 대해 설명해 주세요.","라리냐의 반대로 엘리뇨가 있으며 이둘은 남방진동으로 불리웁니다. 이들은 심각한 대기오염으로 발생한 기상이변으로서 해양의 생태계를 파괴하기 때문에 적절한 대처가 필요한 실정이며 최근 스페인에서는  해당 법률이 제정되었습니다.","F",""
"1","라니냐에 대해 설명해 주세요.","라니냐는 9월부터 12월까지 절정을 이루며 라니냐가 일어나는 주기는 보통 3년에서 7년까지 다양합니다. 그러나 지구온난화에 의해서 그 주기가 짧아짐에 따라서 현재 동태평양에서는 2년에 한번씩 라니냐가 발생하고 있습니다","F",""
"1","일기예보에 대해 설명해 주세요.","일기예보는 본질적으로 공간적 시간적 규모와 내용에 의하여 여러 종류로 분류됩니다. 시간적으로는 오늘과 내일의 예보, 즉 단기예보, 5일, 7일, 10일 정도의 중간예보 그리고 계절예보 등으로 구분합니다. 한편 공간적으로는 1개 도시, 1개도 정도의 국지적 예보로부터 한국 전체 혹은 극동 전지역 등과 같은 광범위한 지역에 걸쳐 전반적인 예보를 내는 경우도 있습니다.","P","국지적 예보의 특징을 설명해 주세요."
"1","일기예보에 대해 설명해 주세요.","내용적으로는 보통의 일기예보 외에 항공, 홍수, 뇌우, 안개, 서리 등의 특수분야 또는 특수현상을 예보하기도 합니다. 예보라 함은 현재의 상태를 정확히 알고서 앞으로의 것을 예상하는 것이기 때문에 일기예보를 하기 위해서는 먼저 현재의 대기의 상태를 알아야 하고 대기의 상태를 알기 위해서는 각종 기상 관측을 시행하여야 합니다.","P","뇌우에 대해 설명해 주세요."
"1","일기예보에 대해 설명해 주세요.","일기예보는 날씨를 예측하여 민간에게 이를 보여줌으로써 개인의 이익을 보호하는 공익적인 성격을 가지고 있습니다. 그러나 일기예보는 그 예측가능성이 매우 낮아 신뢰를 받지 못하기 때문에 현재는 당일 예측만을 진행하고 있습니다","F",""
"1","일기예보에 대해 설명해 주세요.","보통의 일기예보의 경우에는 단기적인 예보에 해당하지만, 1년 단위의 예측도 가능하게 됩니다. 이는 굉장히 귀납적인 추론방식으로 형성되는 것으로 과거의 대기를 통하여 현재의 대기를 유추하는 방식으로 진행되고 있습니다.","F",""
"1","일기예보에 대해 설명해 주세요.","일기예보의 주요 관측 대상은 강수량, 기온, 바람의 세기 등입니다. 대부분 1차 산업인 농업,목업,어업 등이 일기예보에 큰 영향을 받으며 다른 2차 3차산업이나 개인에게는 일기예보가 큰 영향을 주지는 않습니다.","F",""
"1","일기예보에 대해 설명해 주세요.","관측 종목으로는 기압, 기온, 바람, 습도, 구름, 강수 등이 있고 전 세계에 산재해 있는 기상관측소에서 매일 정해진 시각에 일제히 관측을 하고 있습니다. 관측에는 지상관측과 라디오존데 등을 사용하는 상층관측이 있습니다. 또 관측소가 없는 해상의 기상자료를 얻기 위하여 기상학상 중요한 해상의 정해진 지점에 기상관측선을 배치하여 해상과 상층 기상관측을 하고 있으며 항공기에 의한 관측도 실시하고 있습니다.","P","라디오존데에 대해 설명해 주세요."
"1","미세먼지에 대해 설명해 주세요.","먼지는 입자의 크기에 따라 50μm 이하인 총먼지와 입자크기가 매우 작은 미세먼지로 구분합니다. 미세먼지는 다시 지름이 10μm보다 작은 미세먼지와 지름이 2.5μm보다 작은 미세먼지로 나뉩니다. PM10이 사람의 머리카락 지름보다 약 1/5~1/7 정도로 작은 크기라면, PM2.5는 머리카락의 약 1/20~1/30에 불과할 정도로 매우 작습니다.","P","PM10의 크기에 대해 설명해 주세요."
"1","미세먼지에 대해 설명해 주세요.","미세먼지는 눈에 보이지 않을 만큼 매우 작기 때문에 대기 중에 머물러 있다 호흡기를 거쳐 폐 등에 침투하거나 혈관을 따라 체내로 이동하여 들어감으로써 건강에 나쁜 영향을 미칠 수도 있습니다. 세계보건기구는 미세먼지에 대한 대기질 가이드라인을 1987년부터 제시해 왔고, 2013년에는 세계보건기구 산하의 국제암연구소에서 미세먼지를 사람에게 발암이 확인된 1군 발암물질로 지정하였습니다.","P","발암물질에 대해 설명해 주세요."
"1","미세먼지에 대해 설명해 주세요.","미세먼지는 고비사막에서 불어오는 모래 바람이 중국 전역으로 돌면서 모든 매연과 화학물질과 산성비 등등과 결합하면서우리나라로 건너온 먼지를 의미합니다. 주로 맑고 건조할 때 생기며 우리나라의 경우는 4월에 집중됩니다.","F",""
"1","미세먼지에 대해 설명해 주세요.","미세먼지는 눈에 보이지 않을 정도로 작은 먼지를 가리킵니다. 그러나 입자가 미립자 중에서는 큰편에 해당하기 때문에 호흡기에 들어오는 경우는 거의 없으며 초미세먼지의 경우에만 호흡기 질환을 유발할 수 있습니다.","F",""
"1","미세먼지에 대해 설명해 주세요.","미세먼지는 인위적으로 발생하지는 않습니다. 보통의 경우 암석이 침식할 경우에 그 침식의 정도가 커서 미세한 입자 단위의 먼지가 되는데 이러한 자연적인 발생으로만 생성됩니다.이러한 미립자가 대기 중 오염물질과 결합하여 인체에 유해한 먼지로 변화하게 됩니다.","F",""
"1","미세먼지에 대해 설명해 주세요.","미세먼지를 이루는 성분은 그 미세먼지가 발생한 지역이나 계절, 기상조건 등에 따라 달라질 수 있습니다. 일반적으로는 대기오염물질이 공기 중에서 반응하여 형성된 덩어리와 석탄 · 석유 등 화석연료를 태우는 과정에서 발생하는 탄소류와 검댕, 지표면 흙먼지 등에서 생기는 광물 등으로 구성됩니다.","P","검댕에 대해 설명해 주세요."
"2","미세먼지의 발생원에 대해 설명해 주세요.","자연적 발생원은 흙먼지, 바닷물에서 생기는 소금, 식물의 꽃가루 등이 있습니다. 인위적 발생원은 보일러나 발전시설 등에서 석탄 · 석유 등 화석연료를 태울 때 생기는 매연, 자동차 배기가스, 건설현장 등에서 발생하는 날림먼지, 공장 내 분말형태의 원자재, 부자재 취급공정에서의 가루성분, 소각장 연기 등이 있습니다.","P","배기가스의 특징을 설명해 주세요."
"2","미세먼지의 발생원에 대해 설명해 주세요.","석탄 · 석유 등 화석연료가 연소되는 과정에서 배출되는 황산화물이 대기 중의 수증기, 암모니아와 결합하거나, 자동차 배기가스에서 나오는 질소산화물이 대기 중의 수증기, 오존, 암모니아 등과 결합하는 화학반응을 통해 미세먼지가 생성되기도 하는데 이것이 2차적 발생에 속합니다.","P","황산화물에 대해 설명해 주세요."
"2","미세먼지의 발생원에 대해 설명해 주세요.","미세먼지의 발생원인은 고등어를 구울 때 가장 크게 나타납니다. 등푸른 생선의 경우 오메가 3가 많이 함유되어 있는데 오메가 3가 열과 만나게 되면 화학적인 변화가 일어나며 미세먼지로 변화하게 되는 경향이 짙습니다.","F",""
"2","미세먼지의 발생원에 대해 설명해 주세요.","미세먼지는 주로 거대한 암석이 풍화와 침식 과정에서 그 주어진 힘이 강력하여 비가시적인 미립자로 변경되었을 경우에 나타납니다. 이때 미립자가 된 암석은 화학적,물리적 변화가 용이하기 떄문에 대기 중 오염물질과 만나 인체에 유해한 미세먼지로 변화하게 됩니다","F",""
"2","미세먼지의 발생원에 대해 설명해 주세요.","미세먼지는 자연적으로 발생하지 않으며 인위적인 매연, 자동차 배기가스, 건설현장에서 발생하는 먼지에 의해서만 발생합니다. 분말형태로 해당 대기오염물질이 변화하게 되면서 대기 중에 떠돌아 다니게 되는데 이를 미세먼지라고 합니다","F",""
"2","미세먼지의 발생원에 대해 설명해 주세요.","대기오염물질인 휘발성 유기화합물, 질소산화물, 황산화물 등이 미세먼지로 전환되는 과정은 다음과 같습니다. 우선 자동차 배기가스, 주유소 유증기 등에 많이 포함된 휘발성 유기화합물은 반응성이 강한 물질과 화학반응을 일으켜 2차 유기입자가 됩니다. 또한 각종 연소과정에서 발생한 질소산화물은 대기 중 오존 등과 반응해 산성물질인 질산을 생성합니다.","P","질산의 특징을 설명해 주세요."
"2","미세먼지와 기상과의 관계를 설명해 주세요.","대개 공기는 더울수록 밀도가 낮아져 더운 공기는 위로, 차가운 공기는 아래로 이동합니다. 그러나 기온역전이 발생하면 고도가 낮은 쪽에 무거운 공기가, 높은 쪽에 가벼운 공기가 위치해 무게 차에 의한 공기의 상하이동이 일어나지 않습니다. 그러면 지상에서 주로 발생하는 미세먼지 등 대기오염물질이 지상층에 머무르게 되고 계속하여 쌓이면서 그 농도가 높아지게 됩니다.","P","공기의 상하이동에 대해 설명해 주세요."
"2","미세먼지와 기상과의 관계를 설명해 주세요.","가시거리란 정상적인 시력을 가진 사람의 눈으로 구분할 수 있는 곳까지의 최대거리를 말합니다. 미세먼지는 가시거리에도 악영향을 줍니다. 미세먼지 농도가 높아지면 빛이 미세먼지에 의해 여러 방향으로 흩어지거나 미세먼지에 흡수되어 가시거리가 감소하게 됩니다. 황산염, 질산염 등 대기오염 농도가 높은 상태에서 습도까지 높아지면 대기오염물질이 수분을 흡수하여 2차적 미세먼지를 발생시키게 되므로 가시거리는 더욱 짧아집니다.","P","습도에 대해 설명해 주세요."
"2","미세먼지와 기상과의 관계를 설명해 주세요.","미세먼지가 많아지면 대기에서 일어나는 화학적 변화가 미세먼지가 그 결합을 방해함에 따라 그 주기가 감소하는 성질이 있습니다. 따라서 미세먼지에 의해서 태풍의 발생이 감소하거나 비가 오지 않아 가뭄이 발생하는 경우가 많습니다","F",""
"2","미세먼지와 기상과의 관계를 설명해 주세요.","미세먼지는 그 가시거리가 굉장히 길기 떄문에 인간의 예측보다 훨씬 광범위하게 퍼지는 경향이 있습니다. 또한 미세먼지는 물에 녹지 않고 물보다 무겁기 떄문에 비가 와도 그 농도가 유지되는 특징을 가지고 있습니다.","F",""
"2","미세먼지와 기상과의 관계를 설명해 주세요.","미세먼지는 대기중을 부유하며 누적되기 때문에 계절별로 미세먼지가 발생하는 양적 차이는 존재하지 않습니다. 다만 비가 많이 오거나 눈에 의해서 미세먼지가 침강하는 경우인 여름과 겨울에는 그 누적량이 감소하여 질적 차이를 보이고 있습니다","F",""
"2","미세먼지와 기상과의 관계를 설명해 주세요.","미세먼지는 계절별로도 큰 차이를 보입니다. 우선 봄에는 이동성 저기압과 건조한 지표면의 영향으로 황사를 동반한 고농도 미세먼지가 발생할 가능성이 큽니다. 반면 비가 많은 여름철에는 미세먼지 농도가 낮아질 가능성이 높습니다. 왜냐하면 비가 내리면 미세먼지와 같은 대기오염물질이 빗방울에 씻겨 제거됨으로써 대기가 깨끗해지기 때문입니다.","P","이동성 저기압에 대해 설명해 주세요."
"1","전리층에 대해 설명해 주세요.","대기의 상층부에서 태양으로부터 받은 자외선이나 우주선 등으로 기체 분자가 전리한 층입니다. 위도나 계절, 시각 등에 따라서 변동합니다. 전자 밀도에 따라 전파를 반사, 흡수합니다. D층은 지상 60~90㎞에 있으며 전파를 흡수합니다. E층은 지상 약 100㎞, 두께 약 20㎞이며, 헤비사이드층이라고도 합니다.","P","헤비사이드층에 대해 설명해 주세요."
"1","전리층에 대해 설명해 주세요.","지표에서 약 50km 이상인 고도의 대기는 전자 또는 양이온이 많이 존재하며 전체적으로는 중성인데 일종의 이온화 플라스마를 형성하고 있는데 이 부분을 전리권이라고 합니다. 이 전리권을 전자밀도의 수직분포의 모양에 따라서 세 영역으로 크게 나눌 수 있습니다. ","P","양이온의 특징을 설명해 주세요."
"1","전리층에 대해 설명해 주세요.","전리층은 지구 대기 상공 약 6km에서 10km 구간으로 대류권부터 성층권 중간에 위치한 곳을 말합니다. 태양 복사선에 의해 대기 분자들이 전리되는 특징을 가지고 있기 때문에 전리층이라고 불리며 우주 전파에 대한 영향을 받습니다","F",""
"1","전리층에 대해 설명해 주세요.","전리층이란 태양으로부터 받은 적외선과 우주선 등으로 기체 분자가 전리한 것이 축척되는 층을 의미합니다. 이는 주로 성층권과 중간권에 위치하기 때문에 각 지역의 위도나 계절 시각 등에 영향을 받지 않는다는 특징이 있습니다.","F",""
"1","전리층에 대해 설명해 주세요.","전리층은 태양에너지에 의해서 공기 분자가 이온화됨에 따라서 자유전자가 떨어져 나가고 남은 부분이 밀집된 곳을 말합니다. 주로지표에서 전자가 많이 존재하며 일종의 이온화 플라즈마를 형성하고 있는 지층으로 이해되고 있습니다.","F",""
"1","전리층에 대해 설명해 주세요.","태양 에너지에 의해 공기 분자가 이온화되어 자유 전자가 밀집된 곳을 전리층이라고 합니다. 전리층은 지상에서 발사한 전파를 흡수 반사하며 무선 통신에 중요한 역할을 합니다. D 영역은 90km 이하의 부분으로, 이 영역에서는 밤에 이온화가 거의 없어집니다. 이 영역 내에 D층이라 부르는 전리층이 존재합니다.","P","자유전자가 전파에 미치는 영향을 설명해 주세요."
"2","태양흑점에 대해 설명해 주세요.","태양흑점은 백색광으로 본 태양 원반, 즉 광구에 나타나는 검은 점입니다. 백색광으로 본 태양, 곧 광구는 둥근 판, 즉 원반과 같은 모습을 하고 있는데 이 원반 위 이곳 저곳에 나타나는 검은 점이 바로 흑점입니다. 사실상 흑점은 수학적인 점도 아니고 검지도 않습니다.","P","백색광에 대해 설명해 주세요."
"2","태양흑점에 대해 설명해 주세요.","수학적인 점은 크기가 없으나, 흑점은 대개 지구보다 큽니다. 작은 것은 지름이 3600 km 정도이며, 아주 큰 흑점은 50000 km나 됩니다. 흑점은 가장 어두운 암부와, 이 암부를 둘러싸고 있는 반쯤 어두운 반암부로 이루어져 있습니다. 암부는 매우 어두워 보이나 주변 밝기의 10% 정도의 빛은 내고 있습니다.","P","암부와 반암부에 대해 설명해 주세요."
"2","태양흑점에 대해 설명해 주세요.","흑점은 태양의 광구에 존재하는 영역으로 주변보다 높은 온도를 지니기 때문에 검은 색으로 보입니다. 강한 자기 활동을 보이며 대류가 이뤄지기 떄문에 상대적으로 높은 표면온도를 지녀 어둡게 관측되는특징이 있습니다.","F",""
"2","태양흑점에 대해 설명해 주세요.","자기장으로 인해 대류가 방해를 받아 평균적인 태양 표면의 온도보다 낮아지며 검은색으로 보이는 부분이 흑점입니다. 흑점은 주기가 존재합니다. 대략 110년의 소주기와 800년의 대주기가 존재하며 온도는 대략 2000K입니다.","F",""
"2","태양흑점에 대해 설명해 주세요.","흑점이 많아지는 것은 태양의 활동이 감소하고 있다는 것을 의미합니다. 플레어나 호염 등이 많이 관측되는 시기이기도 한데 문제는 이때 태양풍이 약해져서 인공위성이 제기능을 못하며 대기가 교란되어 통신기기가 오작동할 수 있습니다","F",""
"2","태양흑점에 대해 설명해 주세요.","고해상도 관측 영상을 보면 흑점은 매우 다양한 세부 구조로 이루어져 있음을 알 수 있습니다. 암부에는 암부반점이 많이 있으며, 종종 빛다리도 존재합니다. 또 반암부에는 수많은 반암부 필라멘트와 반암부 알갱이가 있습니다. 이 세부 구조는 모두 강한 자기장이 있는 환경에서 일어나는 자기대류 현상과 연관이 있을 것으로 보입니다.","P","자기장에 대해 설명해 주세요."
"1","배기가스에 대해 설명해 주세요.","배출가스라고도 합니다. 일반적으로 내연기관이 배출하는 기체, 즉 이산화탄소·일산화탄소·탄화수소·황산화물·황화수소·질소산화물·암모니아·오존·옥시던트 등을 말합니다. 내연기관은 밀폐된 실린더 속에 연료와 공기의 혼합기를 가두고, 압축·점화하여 연료 속의 탄소를 급속히 연소시킵니다.","P","옥시던트에 대해 설명해 주세요."
"1","배기가스에 대해 설명해 주세요.","배출되는 가스의 양이 많은 것은 자동차의 가솔린 기관입니다. 자동차 배기가스 속에는, 대기를 오염시키고 인체에도 해로운 성분이 포함되어 있어, 1950년대 미국에서 새로운 공해로 사회문제가 되었습니다. 배기가스를 규제하기 위한 머스키법이 1970년 9월에 제정되었으며, 한국에서도 1978년 6월 대기환경보전법에 의한 배기가스규제가 실시되고 있습니다.","P","머스키법에 대해 설명해 주세요."
"1","배기가스에 대해 설명해 주세요.","배기가스란 자동차의 매연가스를 통칭하여 일컫는 말입니다. 주로 이산화탄소,일산화탄소,탄화수소,황산화물,황화수소,질소산화물,암모니아,오존,옥시던트 등이 해당하며 전기자동차의 개발로 인해서 더 이상 인위적인 배출이 나오지 않고 있습니다.","F",""
"1","배기가스에 대해 설명해 주세요.","디젤기관을 가지고 있는 자동차나 공장제품에 의해서 만들어지는 가스를 배기가스라고 합니다. 대기를 오염시키고 인체에 유해한 성분이 포함되고 있어 현재는 모든 자동차 기기에서 디젤연료를 사용하는 것을 금하고 있으며 가솔린을 통해 배기가스를 줄일 수 있습니다","F",""
"1","배기가스에 대해 설명해 주세요.","일반적으로 내연 기관을 가지고 있는 경우 배기가스가 많이 발생합니다. 배기가스의 최초의 인류사적 등장은 증기기관차가 등장하면서인데, 수증기 역시 배기가스의 일종으로 대기환경을 파괴하기 때문입니다.","F",""
"2","질소산화물에 대해 설명해 주세요.","질소산화물은 질소와 산소의 화합물로, 연소 과정에서 공기 중의 질소가 고온에서 산화되면서 발생합니다. 대표적으로 자동차, 항공기, 선박, 산업용 보일러, 소각로, 전기로 등이 질소산화물의 배출원으로 꼽힙니다. 질소산화물은 7종류가 알려져 있는데 공해 문제에서 중요한 것은 일산화질소, 이산화질소 입니다.","P","일산화질소에 대해 설명해 주세요."
"2","질소산화물에 대해 설명해 주세요.","질소산화물은 교통량과 일광에 따라 크게 영향을 받는데, 기관지염증·천식·만성기관지염을 일으키며 자각 증상으로는 기침·가래·눈물·호흡곤란 등이 나타납니다. 특히 급성 중독 시에는 폐수종을 일으켜 사망에 이르게 하는 무서운 물질입니다. 아울러 질소산화물은 산성비의 원인이 될 뿐 아니라 식물을 고사시키는 등 주요 대기오염물질로 규제되고 있습니다.","P","폐수종에 대해 설명해 주세요."
"2","질소산화물에 대해 설명해 주세요.","질소산화물에서 대기에 자주 파악되는 것은 일산화질소와 수산화질소로 이 둘은 질소가스가 대기와 만나 화학적으로 결합함에 따라서 생성됩니다. 그러나 질소는 대기의 가장 많은 부분을 차지하기 떄문에 인체에 유해하지는 않습니다.","F",""
"2","질소산화물에 대해 설명해 주세요.","질소산화물이란 질소와 산소의 결합물로서 대기를 70%정도 차지하는 질소와 13%정도 차지하는 산소가 결합하여 형성되는 것이기 떄문에 대기 중에 자주보이는 것이며, 인체에 무해하다는 특징을 가지고 있습니다./","F",""
"2","질소산화물에 대해 설명해 주세요.","질소가스가 고온으로 대기중에 배출되게 되면 대기중의 산소와 화학적인 결합을 하게 되는데 이를 통해 질소산화물이 형성됩니다. 그러나 질소산화물은 그 결합이 굉장히 불안정하기 떄문에 단기간에 다시 질소와 산소로 분리되는 성질을 가지고 있습니다","F",""
"2","질소산화물에 대해 설명해 주세요.","질소와 산소의 화합물로, 연소 과정에서 공기 중의 질소가 고온에서 산화돼 발생합니다. 산성비의 원인이 될 뿐 아니라 식물을 고사시키는 등 주요 대기오염물질로 규제되고 있습니다. 특히 질소산화물이 태양광선과 반응하면 오존이 생성되는데, 대기중 오존의 농도가 높아지면 호흡기와 눈에 자극이 심해지고, 기침을 유발합니다.","P","대기 중 오존이 높아졌을때 인체이 미치는 영향을 설명해 주세요."
"1","집진기에 대해 설명해 주세요.","처리 가스에서 더스트 및 미스트 등을 분리 포집하는 장치입니다. 이것에 필요한 전처리 및 부대 설비를 포함합니다. 입자에 작용하는 중력, 관성력, 원심력, 부착력, 친수력 및 전기력 등의 집진에 유효한 작용력에 의해 중력 집진 장치, 관성력 집진 장치, 원심력 집진 장치, 음파 집진 장치, 세정 집진 장치, 여과 집진 장치, 전기 집진 장치 등이 있습니다.","P","음파집진장치에 대해 설명해 주세요."
"1","집진기에 대해 설명해 주세요.","최초에는 보일러의 연도가스 속에 함유된 재의 미립자를 제거하는 데 사용했으나, 현재는 공장의 굴뚝에서 나오는 매연과 그 밖의 미립자를 막기 위해 많은 굴뚝에 장착되어 있습니다. 이와 같은 미립자는 1 mm 정도에서 1 μm 이하의 미세한 것까지 있으며, 비교적 큰 것은 제거하기 쉬우나 인체에 악영향이 미치는 정도의 미립자를 제거하기는 어렵습니다.","P","보일러의 연도가스에 대해 설명해 주세요."
"1","집진기에 대해 설명해 주세요.","집전기란 가스에서 발생하는 미세먼지를 추려내는 것을 기기를 의미합니다. 집전기의 발전에 의해서 대기로 배출되는 오염가스에서 미세먼지가 제거됨에 따라 세계적인 대기오염이었던 미세먼지의 문제가 해소되었습니다.","F",""
"1","집진기에 대해 설명해 주세요.","보일러의 발생으로 인해 발생하는 미세먼지 혹은 함유된 재의 미립자를 제거하는 용도로 집진기가 최초 개발되었습니다. 기술의 발전과 더불어 현재의 집진기는 해당 미립자 뿐만 아니라 초미세먼지까지 처리가 가능해졌습니다.","F",""
"1","집진기에 대해 설명해 주세요.","집진기는 가스속에 함유된 재의 미립자를 제거하는 용도로 사용되고 있으며, 기기의 규모가 크고 방대한 전기를 써야하며 가격이 고액이라는 단점 떄문에 대중화되지는 못하고 있는 실정입니다. 따라서 현재 이동식 집진기를 연구하려 노력중입니다","F",""
"1","집진기에 대해 설명해 주세요.","세정에 의한 집진장치는 스크러버라고 하며, 이것은 화학공장 외에 일반공장 ·극장 등의 공기정화에도 사용됩니다. 세정액을 제트로서 분출하여 세정하는 제트스크러버, 많은 구멍에서 물을 분출시키는 사이클론스크러버 등 종류는많습니다. 습식과 건식에서는 습식이 보통 효율이 좋습니다.","P","사이클론스크러버에 대해 설명해 주세요."
"1","기후변화에 대해 설명해 주세요.","기후변화는 지구의 평균 기온이 변하는 현상입니다. 지구의 기후변화를 일으키는 요인은 여러가지 입니다. 지구는 태양에서 오는 가시광선 등의 짧은 파장의 복사에너지를 받아 약 30%를 반사해 우주로 되돌려 보내고 나머지 70% 가량을 흡수합니다. 흡수된 에너지는 적외선 등의 장파 복사로 재방출되는데 이 중 일부가 대기의 온실기체에 흡수되므로 지구의 기온은 온실기체가 없을 때의 복사평형 온도보다 높아집니다.","P","적외선에 대해 설명해 주세요."
"1","기후변화에 대해 설명해 주세요.","대기로 방출되는 온실기체의 양, 화산 활동으로 대기로 분출되는 화산재와 온실기체의 양, 반사도 변화를 야기할 수 있는 빙하 면적의 변화나 수륙 분포, 식생 분포의 변화 등이 기후변화의 요인입니다. 또 태양활동도 기후변화의 요인으로 작용할 수 있습니다.","P","기후에 영향을 미치는 태양활동을 설명해 주세요."
"1","기후변화에 대해 설명해 주세요.","기후변화란 부정적이든 긍정적이든 지구의 기후가 변화하는 현상입니다. 지구의 기후는 순환적인 구조를 가지고 있어서 기후변화는 지구의 정상적인 활동이며 인위적인 방법이나 행동에 의해 영향을 받지 않습니다.","F",""
"1","기후변화에 대해 설명해 주세요.","기후변화는 지구의 평균 기온뿐 아니라 강수량, 적설량, 바람의 세기 등 종합적인 기후가 변화하는 현상입니다. 지구온난화 역시 기후변화의 일종이며, 해당 변화에 대한 영향은 단기간에 알 수 없기 떄문에 장기적인 관점에 의해서 측정되어야 합니다","F",""
"1","기후변화에 대해 설명해 주세요.","대기로 방출되는 온실가스에 의해서 대기의 평균온도가 높아지는 것도 기후변화의 한 종류로 볼 수 있습니다. 이처럼  기후변화는 인위적인 인간의 활동에 의해서 대기의 온도가 상승하는 것이며 이 외의 것은 기후변화로 보지 않습니다","F",""
"1","기후변화에 대해 설명해 주세요.","태양활동이 기후변화에 어떻게 작용하는지를 이해하는 것은 과학적 숙제 중의 하나입니다. 태양조도는 지구 열수지의 근원입니다. 총태양조도는 태양활동에 따라 변화하므로 지구에 입사되는 에너지도 변하게 되고, 이에 따라 지구의 기후가 변할 수 있습니다. 태양활동은 또 고층대기에 영향을 주는 자외선 등의 짧은 파장대의 태양복사를 크게 변화시키므로, 파장에 따른 분광태양조도의 변화도 지구의 기후 변화를 야기할 가능성이 있습니다.","P","태양조도에 대해 설명해 주세요."
"2","몬더극소기에 대해 설명해 주세요.","몬더극소기는 1645년부터 1715년까지 천문학자들이 기록한 태양흑점 수가 극도로 적었던 시기입니다. 흑점 연구의 기념비적 업적을 남긴 몬더 부부의 이름을 따서 명명한 특별한 기간입니다. 미국 천문학자인 존 에디는 1976년 사이언스지에 몬더극소기라는 제목의 논문을 발표하여 70년 동안 태양 활동이 거의 멈추었다고 널리 알렸습니다.","P","태양흑점에 대해 설명해 주세요."
"2","몬더극소기에 대해 설명해 주세요.","일반적으로 흑점이 많을 때, 주변보다 밝은 백반 수가 많아져서 지구로 입사되는 에너지는 전체적으로 약간 높아지게 되며, 결과적으로 지구 대기의 온도를 높인다고 알려져 있습니다. 흑점이 없던 몬더극소기 때는 복사 에너지 총량이 예년보다 낮아서, 지구의 기온이 평년 기온보다 낮았을 것입니다.","P","평년기온에 대해 설명해 주세요."
"2","몬더극소기에 대해 설명해 주세요.","흑점이 적을 때 백반 수가 많아짐에 따라 지구로 입사되는 에너지가 전체적으로 급격히 높아지게 되면서, 결과적으로 지구 대기 온도가 급격한 변화를 일으키는데 이를 측정하는 기기가 몬더극소기라고 합니다.","F",""
"2","몬더극소기에 대해 설명해 주세요.","몬더극소기란 1950년부터 2000년 경 태양의 상대 흑점수가 비정상적으로 적어진 시기를 말합니다. 영국의 천문학자 몬더의 이름을따서 지어졌으며, 이로인해 지구의 온도가 급격하게 하락하여 단기간의 빙하기가 찾아왔습니다.","F",""
"2","몬더극소기에 대해 설명해 주세요.","몬더극소기는 400여년 전 경에 발생하였지만, 2012년에 태양 활동의 극대기가 올것으로 과학자들이 예상했던 것이 적중하면서  2020년 경부터 다시몬더극소기가 시작될 것으로 예측하였습니다. 이로 인해 태양 흑점 주기가 빈도수가 높아지고 있는 것이 관측되고 있습니다","F",""
"2","몬더극소기에 대해 설명해 주세요.","1976년 에디는 오로라 자료를 확보하여 비교한 끝에 몬더극소기가 단순히 자료의 부족 때문이 아니고 실재하였다고 증명하였으며 이 기간을 몬더극소기라고 이름 지었습니다. 오로라 자료 외에 태양 활동성을 나타내는 다양한 지수를 보면 몬더극소기를 확인할 수 있습니다.","P","오로라에 대해 설명해 주세요."
"2","지구복사평형에 대해 설명해 주세요.","태양은 빛을 복사함으로써 지구에 에너지를 전달합니다. 태양에서 나오는 빛은 지구에 에너지를 공급해서 지구의 온도를 올리게 됩니다. 하지만 지구 역시 에너지를 방출하여 스스로 온도를 낮추고 있습니다. 이 때 태양에서 받는 에너지 양과 지구가 방출하는 에너지 양이 같기 때문에 지구는 복사평형 상태를 이루게 됩니다.","P","지구가 방출하는 에너지에 대해 설명해 주세요."
"2","지구복사평형에 대해 설명해 주세요.","지구는 복사평형 상태를 이루게 되기 때문에 지구의 연평균기온은 대체로 일정한 수준을 유지하고 있습니다. 일반적으로 지구에 들어온 태양에너지 중 30% 정도는 반사되어 다시 우주로 날아갑니다. 그리고 나머지 70% 중에서 20%는 대기에 흡수되고 50%는 땅에 흡수됩니다.","P","대기에 흡수되는 태양에너지에 대해 설명해 주세요."
"2","지구복사평형에 대해 설명해 주세요.","지구가 태양으로부터 받은 복사 에너지를 그대로 복사하여 그 양의 두 배가 되는 양의 복사에너지를 외부로 방출해야 지구의 온도가 일정하게 유지되는 것을 지구복사평형이라고 하며, 지구복사에너지의 파장이 태양복사에너지의 파장보다 두 배 가량 짧기 떄문에 발생하는 현상입니다","F",""
"2","지구복사평형에 대해 설명해 주세요.","전체적으로 보면 지구가 흡수하는 태양 복사에너지의 양과 지구가 방출하는 지구 복사 에너지의 양이 같은데 이러한 상태를 지구복사평형상태라고 합니다. 지구의 평균온도가 일정하게 유지될때만 관측되며 계절이 변하는 시기ㅔ는 지구복사평형이 일어나지 안흡니다","F",""
"2","지구복사평형에 대해 설명해 주세요.","지구의 평균 온도가 크게 변하지 않고 늘 일정하게 유지되는 것은 지구가 이처럼 복사 평형을 이루고 있기 떄문입니다. 그러나 지구복사평형에 의해서 지구의 온도가 변하지 않는 것은 이상기후현상으로 여겨지고 있기 떄문에 지구복사평형을 꺠뜨리기 위한 연구가 진행중입니다","F",""
"1","탄소공개프로젝트에 대해 설명해 주세요.","탄소 공개 프로젝트는 전 세계 주요 상장 기업의 이산화탄소 또는 온실가스 배출 정보와 쟁점에 관하여 장 · 단기적인 관점의 경영 전략을 요구 · 수집하여 연구 · 분석 · 평가하는 범세계적 비영리 기구입니다. 본사는 영국에 위치하고 있으며, 2000년 35개 유럽 권역 투자가들의 후원으로 출범했습니다.","P","온실가스에 대해 설명해 주세요."
"1","탄소공개프로젝트에 대해 설명해 주세요.","탄소 공개 프로젝트의 참여 기관으로는 프로젝트를 보조하는 서명 기관과 프로젝트를 수행하는 수행 기관이 있습니다. 이때 수행 기관은  권역별 또는 국가별로 위치해 있습니다. 2002년부터 탄소 공개 프로젝트는 세계 500대 기업의 온실가스 감축 대응 방안 등 조사 결과를 후원기업에 보고하여 참고 자료로 활용하도록 하고 있습니다.","P","탄소 공개 프로젝트의 수행기관에 대해 설명해 주세요."
"1","탄소공개프로젝트에 대해 설명해 주세요.","전 세계적으로 2000년 영국에서 설립된 국제 영리 기관인 CDP에 의해 전 세계 기업에 기후변화대응,물관리 전략 등의 환경 경영에 관한 질문지를 보낸 후 그 결과를 평가하는 프로젝트로 CDP가 매년 발간하는 보고서는 ESG의 투자판단을 위한 정보원으로 널리 활용되고 있습니다","F",""
"1","탄소공개프로젝트에 대해 설명해 주세요.","전세계 금융기관 및 기관투자자들에게 기후변화와 관련한 기업 정보를 제공하여 투자 위험도 또는 투자 기회를 체계적으로 측정하고 반영할 수 있도록 돕고 있습니다. 우리나라의 경우 아직 탄소공개프로젝트의 대상이되고있지 못하고 있습니다","F",""
"1","탄소공개프로젝트에 대해 설명해 주세요.","탄소공개 프로젝트는 다양한 기관이 참여하고 있는데, 수행 기관은 주로 대륙별로 위치하고 있습니다. 우리나라는 아시아권역의 탄소공개프로젝트를 참여하고 있으며, 해당 권역이 아니더라도 해당 프로젝트의 정보를 공유할 수 있습니다.","F",""
"1","탄소공개프로젝트에 대해 설명해 주세요.","탄소 공개 프로젝트의 목표는 전 세계 금융기관 및 기관투자자들에게 기후변화와 관련한 기업 정보를 제공하여 투자 위험도 또는 투자 기회를 체계적으로 측정하고 반영할 수 있도록 돕는 것입니다. 또한 전 세계 주요 상장 기업의 경영진에게 금융기관 및 기관투자자가 기업의 가치 및 방향성에 미치는 기후변화의 영향력에 큰 관심을 지니고 있다는 점을 인식시키는 것입니다.","P","기후변화와 관련한 기업정보에 대해 설명해 주세요."
"1","온실가스 배출권 거래제에 대해 설명해 주세요.","정부가 기업에게 특정기간 동안 온실가스를 일정수준까지 배출할 수 있는 권리를 배정하고, 이를 초과하는 부분은 기업 자체적으로 온실가스를 감축하거나 온실가스를 적게 배출하는 기업으로부터 온실가스를 배출할 권리를 구매할 수 있도록 하는 제도입니다. 온실가스를 줄이는 데 비용이 많이 드는 기업은 자체적인 감축대신 시장에서 배출권을 구입하고 감축비용이 적게 드는 기업은 남은 배출권을 시장에 팔아 수익을 얻을 수 있습니다.","P","온실가스를 배출할 권리 구매를 위한 조건에 대해 설명해 주세요."
"1","온실가스 배출권 거래제에 대해 설명해 주세요.","온실가스를 뿜어내는 업체들에 매년 배출할 수 있는 할당량을 부여해 남거나 부족한 배출량은 사고팔 수 있도록 하는 제도입니다. 한국은 2015년 1월 12일부터 시행하고 있습니다. 온실가스를 적게 배출해 할당량이 남은 A기업은 초과 배출한 B기업에 배출권을 팔 수 있습니다.","P","할당량을 선정하는 기준에 대해 설명해 주세요."
"1","온실가스 배출권 거래제에 대해 설명해 주세요.","교토의정서 제 17조에 의해 규정되어 있는 온실가스 감축체제로서 정부가 온실가스를 배출하는 사업장을 대상으로 연단위 배출권을 상품으로 만들어 거래할 수 있도록 만든 시스템입니다. 우리나라의 경우 교토의정서에 참여하지 않아 실행하고 있지 않습니다.","F",""
"1","온실가스 배출권 거래제에 대해 설명해 주세요.","우리나라 배출권 거래제도는 저탄소 녹생성장기본법 제 46조에 의거하여 온실가스 배출권 할당 및 거래에 관한 법률이 제정되어 2005년 1월 1일부터 시행되고 있으며, 감축이 많은 사업장은 초과감축량을 시장에 판매할 수 있습니다.","F",""
"1","온실가스 배출권 거래제에 대해 설명해 주세요.","온실가스가 발생하는  사업기관을 대상으로 해당 온실가스를 기준치 이하로 배출하게 되면 기준치와 배출치의 차액만큼 정부에서 보상해주는 시스템을 온실가스 배출권 거래제라고 합니다. 그러나 온실가스를 배출하지 않으면 보상시스템에서 제외되기 떄문에 온실가스의 절대적 감축량을 증가시키지는 못했습니다.","F",""
"1","대기오염물질에 대해 설명해 주세요.","대기의 물질 중에서 인공적 또는 천연적으로 발생한 것으로 생물이나 물질에 악영향을 끼치는 미량물질을 말합니다. 대부분의 대기오염 물질은 화석연료의 연소 과정에서 발생하며, 불화수소, 염소, 시안 등과 같은 특정 유해 물질은 산업공정 과정에서 발생됩니다. 대기오염 물질은 기체상 오염 물질과 입자상 오염물질로 나눌 수 있습니다.","P","입자상 오염물질에 대해 설명해 주세요."
"1","대기오염물질에 대해 설명해 주세요.","기체상 오염 물질로는 이산화탄소, 메탄가스, 화석연료 연소와 석유화학공정에서 발생하는 질소화합물들, 그리고 화석연료의 연소 및 구리제련과정에서 발생하는 황화합물과 오존 등을 들 수 있습니다. 입자상 오염 물질로는 먼지, 에어로졸 등으로 이들은 입자 크기, 발생원 및 액체나 고체상태에 따라 여러 가지로 분류됩니다.","P","에어로졸에 대해 설명해 주세요."
"1","대기오염물질에 대해 설명해 주세요.","대기오염물질은 대기에서 자연적으로 발생하지 않고 인위적으로 대기에 포함되어 있는 모든 물질을 포괄하여 일컫는 말로 일산화탄소 역시 대기 중에서 자연생성되지 않으며 수증기 역시 인위적인 온도 상승으로 인해 발생한 것이기 떄문에 대기오염물질에 해당됩니다.","F",""
"1","대기오염물질에 대해 설명해 주세요.","기체상 오염물질이 대기오염물질의 대부분을 차지합니다. 주로 염소, 시안, 불화수소등이 나타나며 해당 물질들은 보통의 대기입자보다 무겁기 떄문에 바닥에 가라앉는 성질을 가지고 있으며, 광범위하게 확산되고 있지는 않습니다.","F",""
"1","대기오염물질에 대해 설명해 주세요.","대기오염 물질은 기체상 오염물질과 입자상 오염물질로 나눌 수 있습니다. 이떄 기체상 오염물질은 자연적인 화학변화에 의해서 발생하는 것을 말하며 입자상 오염물질은 공업과 폐수 등 인위적인 행동에 의해서 발생한 것을 의미합니다","F",""
"1","대기오염물질에 대해 설명해 주세요.","중요한 오염 물질은 황산화물, 질소산화물, 부유분진 등의 1차 오염 물질과, 이들이 대기 중에서 광화학적 작용가 같은 자외선 촉매작용으로 생성되는 옥시단트와 같은 2차 오염 물질입니다. 1차 오염 물질에 의한 대기오염의 대표적인 형은 런던형 스모그이고, 2차 대기오염 물질에 의한 대기오염은 로스앤젤레스형 스모그로 불립니다.","P","로스앤젤레스형 스모그에 대해 설명해 주세요."
"2","대기오염예측모델에 대해 설명해 주세요.","대기중에 배출된 오염물질은 바람 등에 의하여 대기중에 확산되고 확산 정도는 대기안정도 풍속, 풍향변화, 지형 등에 따라 변화합니다. 이러한 대기량의 복잡한 확산현상을 단순화하여 대기중에 배출된 오염물질 농도의 공간 분포를 예측하기 위한 모델입니다.","P","오염물질의 농도를 파악하는 것이 중요한 이유를 설명해 주세요."
"2","대기오염예측모델에 대해 설명해 주세요.","대기오염물질에는 황산화물, 일산화탄소, 질소산화물, 탄화수소, 부유분진, 디젤흑연, 연화합물, 기타의 미량 중금속 및 악취물질과 이들의 2차 생성물 등입니다. 이런 대기오염물질은 지역에 따라 하루 동안에도 증가하거나 감소하기도 하며, 어느시간에만 집중하여 나타나기도 합니다.","P","중금속의 특징을 설명해 주세요."
"2","대기오염예측모델에 대해 설명해 주세요.","대기오염물질이 해당 행위에 의해서 어느정도 배출될 것인지를 예측하는 것을 대기오염예측모델이라고 합니다. 그러나 해당 모델은 대기오염물질을 없애는 것을 목표로하기 떄문에 기준치가 굉장히 낮다는 비판에 직면해 있습니다.","F",""
"2","대기오염예측모델에 대해 설명해 주세요.","대기중에 배출된 물질이 대기 중에 의해서 확산되는 것을 예측하는 시스템을 대기오염예측모델이라고 합니다. 따라서 확산이 가능한 미세먼지,초미세먼지만이 이 모델에 해당되며 염소,일산화탄소,이산화탄소등은 해당 모델로 측정되지 못합니다","F",""
"2","대기오염예측모델에 대해 설명해 주세요.","대기오염예측모델의 장점은 계절과 무관하게 대기오염물질은 그 수량이 변화하지 않는데 다른 모델과 다르게 해당 모델은 계절과 무관한 대기오염물질의 평균치를 제공할 수 있다는 점입니다. 이로 인해, 연간 평균 대기오염물질 증가량을 측정할 수 있게 되었습니다.","F",""
"2","대기오염예측모델에 대해 설명해 주세요.","계절에 따라서도 차이가 나며, 강우나 날씨의 맑고 흐린 정도, 지형과 주변 환경여건의 영향에 따라 차이가 나기 때문에 대기오염예측모델을 설정하기 위하여는 이러한 여러 가지 인자를 잘 파악하여 상호 연관성을 토대로 예측 모델 설정시 고려해야 합니다. 예측모델을 이용함으로써 사전에 어느 지역에서의 오염물질 농도의 공간분포 등을 파악하여 오염방지를 위한 계획이나 오염의 영향에 관한 정보를 활용할 수 있습니다.","P","대기오염 인자들간의 상호연관성을 파악하기 위한 방법을 설명해 주세요."
"2","기상요소 분석에 사용되는 온도에 대해 설명해 주세요.","기압을 일정하게 유지하면서, 대기의 습도에 대응하는 물의 증발에 의하여 단열적으로 냉각된 해당 공기괴가 나타낼 온도를 습구온도 또는 등압습구온도라 합니다. 이때 증발 잠열은 해당 공기괴에서 공급된다고 봅니다. 습구온도계에서 읽은 온도가 등압습구온도에 해당합니다.","P","증발잠열에 대해 설명해 주세요."
"2","기상요소 분석에 사용되는 온도에 대해 설명해 주세요.","주어진 공기를 단열적으로 상승시키면서 그 공기 중에 포함되어 있는 모든 수증기를 완전히 응결시켜 탈락시킨 후 원래의 기압고도까지 단열적으로 하강시켰을 경우에 나타날 온도를 상당온도라고 합니다. 이러한 과정중에서 수증기가 응결될 때 방출되는 잠열은 공기 중에 남아있다고 봅니다.","P","상당온도를 사용하는 이유를 설명해 주세요."
"2","기상요소 분석에 사용되는 온도에 대해 설명해 주세요.","기상요소 분석에 사용되는 온도는 지속적인 기압의 변화에도 일정한 온도를 유지해야 합니다. 대기의 압력은 지역에 따라서 지속적으로 변화하기 때문에, 대기압의 상태에서 지속적인 온도를 유지해야만 기상요소를 분석할 수 있습니다","F",""
"2","기상요소 분석에 사용되는 온도에 대해 설명해 주세요.","체감온도가 있습니다. 체감온도란 외부에 있는 사람이나 동물이 바람과 한기에 노출된 피부로 부터 열을 빼앗기거나, 열기에 노출된 피부가 열을 흡수하였을 때, 느끼는 온도의 정도를 나타내는 지수로서 원래 온도보다 낮게 나오는 특성이 있습니다","F",""
"2","기상요소 분석에 사용되는 온도에 대해 설명해 주세요.","수증기가 포함된 공기를 다른 압력과 밀도를 가진 건조 공기로 바꾸었을 때 나오는 가상적인 온도를 가온도라고 합니다. 대기의 움직임을 보통은 상태 방정식으로 표현하는데 대기의 압력은 시시각각 변하는 데다가 다른 공기와 달리 수증기는 상태변화를 겪기 때문입니다.","F",""
"2","기상요소 분석에 사용되는 온도에 대해 설명해 주세요.","일정 기압, 일정 부피의 실제 공기 중에서 수증기를 완전히 뽑아내고 같은 부피의 건조공기를 채웠을 때 밀도가 증가하기 때문에 나타낼 온도가 가온도입니다. 가온도는 실제온도보다 높습니다. 주어진 기압 고도에서 섭씨 단위로 표시한 가온도와 기온이 차이는 해당 고도의 혼합비를 알 때 0.6wT로 표현됩니다.","P","가온도가 실제온도보다 높은 이유를 설명해 주세요."
"2","온위에 대해 설명해 주세요.","기상에서의 온위는 어떤 고도의 건조 공기덩이를 1000 hPa의 기압고도로 단열적으로 이동시켰을 때 갖는 온도입니다. 온위가 고도에 따라 증가하면 정역학적으로 안정하게 되며 고도에 따라 일정하면 중립입니다. 해양에서의 온위는 깊은 수심에 존재하는 물 덩어리를 주위와의 열이나 물의 교환이 없이 수심이 0 m인 해수면으로 끌어 올렸을 때의 온도입니다.","P","hPa 에 대해 설명해 주세요."
"2","온위에 대해 설명해 주세요.","건조단열변화를 하는 한 공기덩어리의 온위는 보존됩니다. 공기덩어리가 최초로 함유한 수증기를 전부 응결시켜 잠열을 방출했을 때 가질 수 있는 온도를 상당온도라 하며, 상당온도와 그 기압에 관한 온위를 상당온위라고 합니다. 공기덩어리를 포화시켰을 때의 온도를 습구온도, 습구온도와 그 압력에 관한 온위는 습구온위라고 합니다.","P","건조단열변화에 대해 설명해 주세요."
"2","온위에 대해 설명해 주세요.","온위는 열역학적 상태에 있는 공기덩어리를 습윤 고열적으로 1000hPa 고도까지 상승시켰을 때 내제되어있는 수증기의 온도변화량으로 측정하며 보통 고도가 높아질수록 해당 온도변화량의 진폭이 커지는 경향을 가지고 있는 지표입니다.","F",""
"2","온위에 대해 설명해 주세요.","각기 다른 고도에 위치하고 있는 공기집단들이 온도가 모두 같다면, 공기집단은 각각 온도가 모두 같게 측정되는데, 그 이유는 각 공기가 위치하는 고도를 고려하더라도, 해당 고도의 압력이 일정 기간동안 일정하게 유지되기 때문입니다.","F",""
"2","온위에 대해 설명해 주세요.","기압이 같은 고도 상에 위치하였을 때의 온도를 온위라고 합니다. 온위는 이렇듯 단열과정에서 건조 단열적으로 100hPa 고도까지 이동시켰을 때 해당 공기집단들이 가지게 될거라고 예측하는 온도를 말합니다. 즉 수증기가 포함되지 않았을 떄의 예측적 온도입니다","F",""
"2","온위에 대해 설명해 주세요.","습윤공기를 들어올려 응결고도까지 건조단열적으로 팽창시켜 이로부터 습윤단열선을 따라 1,000헥토파스칼까지 단열압축한 때의 온도가 습구온위, 응결고도에서 공기 덩어리가 함유하는 수증기가 모두 응결하여 공기 덩어리로부터 낙하할 때까지 위단열변화를 시키고 계속해서 건조단열적으로 1,000헥토파스칼까지 압축하였을 때의 온도를 위상당온위라고 합니다.","P","위상당온위를 설명해 주세요."
"1","수증기압에 대해 설명해 주세요.","주전자에 물을 넣고 끓이면 주전자 뚜껑이 들썩이게 되는데 원인은 주전자안의 수증기압이 높아졌기 때문입니다. 수은이 담긴 U자 형태의 유리관을 연결한 밀폐된 용기 속에 물을 반쯤 넣어 두면 용기속 수증기량이 증가합니다. 수증기량이 많아지면 압력도 증가하는데 이때의 압력을 수증기압이라 합니다.","P","수증기압 실험에서 수은을 사용하는 이유를 설명해 주세요."
"1","수증기압에 대해 설명해 주세요.","대기 중의 수증기 압력을 말합니다. 수증기의 공급이 충분한 바다나 하천에서는 수증기압의 일변화가 거의 같습니다. 그러나 수증기 공급이 비교적 적은 지역에서는 낮에는 수증기압이 감소되고, 밤에는 증가됩니다. 난류에 의해 수증기량이 변화하기 때문입니다. 수증기압의 연변화는 기온의 연변화와 대체로 일치합니다.","P","수증기압과 기온의 연변화가 대체로 일치하는 이유를 설명해 주세요."
"1","수증기압에 대해 설명해 주세요.","밀폐된 유리용기 속에 물을 넣어두면 물 표면에서 수증기가 증발하여 유리용기 안의 습도가 감소하게 되는데, 수증기량이 감소하면 압력이 높아지게 되며 이 떄의 압력을 수증기압이라고하고 단위는 기압의 단위인 hPa를 사용합니다","F",""
"1","수증기압에 대해 설명해 주세요.","주잔저에 물을 넣고 끌이면 주전자 뚜껑이 들썩이는 것을 볼 수 있는데 이는 주전자 안의 수증기압이 높아졌기 때문입니다. 이는 물만이 가지는 독특한 성질로서 비슷한 실험으 수은에 하였을 경우에는 기압이 감소하는 것을 볼수 있스비다","F",""
"1","수증기압에 대해 설명해 주세요.","용기 속의 물은 시간이 지남에 따라 계속 줄어들게 됩니다. 따라서 해당 용기가 밀폐되었다고 할지라도 증발을 통해서 지속적으로 수증기압이 감소하게 되고, 수증기가 더 이상 공간을 차지할 수 없는 포화수증기압이 될 경우에는 수증기가 다시 물로 돌아가게 됩니다.","F",""
"1","고압대와 저압대에 대해 설명해 주세요.","고압대는 고기압이 띠 모양으로 있는 영역을 말합니다. 큰 규모로는 대기대순환에 의한 위도 30도 부근의 고압대가 있으며 작은 규모로는 2개의 저압부 사이에 끼인 부분에 나타납니다. 이동성 고기압이 연결되어 발생하는 비정상적인 경우도 있습니다. 고압대에는 아열대 고압대와 같이 1년 내내 존재하는것과, 봄 ·가을에 이동성고기압이 동서로 연결되어 생기는 비정상적인 경우가 있습니다.","P","아열대 고기압에 대해 설명해 주세요."
"1","고압대와 저압대에 대해 설명해 주세요.","기압배치 형식의 하나로 주위에 비해 기압이 낮은 부분이 동서 방향의 띠 모양으로 퍼져 있는 것을 말합니다. 저기압대라고도 합니다. 남·북반구의 무역풍대 사이에 끼어 있는 적도무풍대가 저압대의 일종입니다. 저압대에서는 기류의 수렴이 있기 때문에 일반적으로 흐리거나 비 오는 날씨가 많이 나타납니다.","P","기류의 수렴에 대해 설명해 주세요."
"1","고압대와 저압대에 대해 설명해 주세요.","대기압을 기준으로 해당기압보다 높을 경우에 고압대, 해당 기압보다 낮은 공기집단을 저압대라고 합니다. 보통의 경우 고압대에서 공기의 온도가 높아 상승하고 저압대의 경우에는 반대로 공기의 온도가 낮아져 하강하게 됩니다.","F",""
"1","고압대와 저압대에 대해 설명해 주세요.","기압 배치의 형식 중 하나로 국제적인 기압대를 설명할 수 있습니다. 보통의 경우 남반구에 고압대가 위치하며 북반구에 저압대가 위치합니다. 바람은 저압대에서 고압대로 가는 것이 일반적이기 떄문에 편서풍,계절풍 등은 대부분 북에서 남으로 불게 됩니다.","F",""
"1","고압대와 저압대에 대해 설명해 주세요.","세계의 기압대는 고압대와 저압대로 나뉘어져 설명가능합니다. 주로 온도가 높은 지역에 저압대가 많으며, 온도가 낮은 지역에 고압대가 많습니다. 저압대의 대표적인 예시는 아열대 저압대이며 고압대의 대표적 예시는 고위도 고압대입니다.","F",""
"2","제트기류에 대해 설명해 주세요.","대류권 상부나 성층권에서 거의 수평축을 따라 불고 있는 강한 바람대를 말합니다. 공간적으로는 길이 수천km, 넓이 수백km, 두께 수km나 되며, 수직 및 수평으로 강한 층밀리기를 가지고 있습니다. 극을 둘러싸고 있는 제트기류는 중위도 지방을 강의 흐름과 같이 파동 현상을 이루면서 흐르고 있으며 겨울에는 최대풍속이 100m/s에 이르기도 합니다.","P","성층권에 대해 설명해 주세요."
"2","제트기류에 대해 설명해 주세요.","북반구에서는 제트기류가 여름보다 겨울에 강하고 위치도 남쪽으로 내려옵니다. 계절 변화는 북반구가 남반구보다 현저하게 드러납니다. 보통 고층일기도 상에 두 개의 제트기류가 나타나고 있는데, 위도 30° 부근과 중위도의 위치에 나타납니다. 전자는 아열대제트기류로 불리고 후자는 한대전선제트기류라 불립니다.","P","아열대 제트기류에 대해 설명해 주세요."
"2","제트기류에 대해 설명해 주세요.","제트기류는 지구의 대류권에서만 발생하는 특수한 기류로서 대기권의 윗쪽 부분에서 나타나는 빠르고 좁은 공기의 흐름입니다. 주요한 제트기류는 성층권 계면 주위의고도에 위치해 있으며, 대체로 지구상에 존재하는 제트기류는 서에서 동으로 불어갑니다.","F",""
"2","제트기류에 대해 설명해 주세요.","제트기류는 대부분 동에서 서로 흘러갑니다. 제트기류는 대류 현상에 지속적인 영향을 행사하는데, 현재에 기온 이상으로 여겨지는 여름철 눈이 오는 현상 역시 제트기류로 설명할 수 있으며 제트기류의 방향 때문에 태평양 동쪽인 북아메리카 지역에서 주로 이러한 이상현상이 나타납니다","F",""
"2","제트기류에 대해 설명해 주세요.","북반구에서 제트기류는 겨울보다 여름에 훨씬 강하고 남반구는 그 반대입니다. 우리나라는 북반구에 위치해있으며, 여름에 제트기류의 영향으로 인해서 거대한 태풍의 피해나 소나기가 오는 것을 자주 관찰할 수 있습니다.","F",""
"2","제트기류에 대해 설명해 주세요.","재트기류의 중심부에는 특별히 난류가 심한 부분이 있으므로 항공기 운항에 주의를 기울여야 합니다. 또한 인공 핵폭발 실험으로 형성된 방사성 오염 물질이 제트기류를 따라 빠른 속도로 멀리까지 운반되는 경우도 있습니다. 상층대기 순환의 가장 중요한 특징은 한대제트기류이며 그 에너지기원은 일사에너지의 반구상 분포입니다.","P","한대제트기류에 대해 설명해 주세요."
"2","표준대기에 대해 설명해 주세요.","기온이나 기압 등의 고도 분포를 실제 대기의 평균 상태와 비슷하도록 단순한 모양으로 나타낸 협정상의 기준대기를 말합니다. 현재 널리 사용되고 있는 표준대기는 ICAO 즉, 국제민간항공기구가 채택하고 있는 국제표준대기입니다. 평균해수면 상의 기압이 1013.25hPa, 지상 기온 15도 입니다.","P","ICAO에 대해 설명해 주세요."
"2","표준대기에 대해 설명해 주세요.","대기의 기온, 기압, 밀도를 실제 대기의 평균상태와 유사하도록 나타낸 가상의 연직 분포를 가진 기준대기를 표준대기라 합니다. 이 대기의 구조는 항공기의 성능 계산, 기압 고도계의 보정, 미사일과 항공기 디자인 등 여러 분야에서 대기의 대표값으로 사용될 수 있습니다.","P","기압 고도계에 대해 설명해 주세요."
"2","표준대기에 대해 설명해 주세요.","표준대기란 실제 대기의 평균 상태와 비슷하게 만든 가상의 대기를 말합니다. 그러나 표준 대기에서는 대기오염의 지수가 포함될 수 없으며, 단순한 연구적 차원의 자료만을 생성할 수 있기 떄문에 효율성이 떨어진다는 비판을 받고 있습니다.","F",""
"2","표준대기에 대해 설명해 주세요.","대기의 기온, 기압, 밀도를 현재의 대기와 유사하도록 나타낸 가상의 대기를 표준대기라고 합니다. 이 대기를 통하여 여러 시뮬레이션을 돌릴 수 있으며 현재는 항공기의 운항 궤도를 파악하는데 주로 쓰이지만, 예측력이 떨어져 아직 시험 단계에 불과합니다.","F",""
"2","표준대기에 대해 설명해 주세요.","지상의 대기는 주로 1,000hPa의 압력을 기준으로 고압과 저압을 구분하는데 표준 대기란 해당 기준이 되는 압력을 가진 모든 대기를 총칭하는 것으로, 우리나라의 경우 표준 대기보다 높은 1,500hPa 수준의 평균 대기압을 가지고 있습니다","F",""
"2","표준대기에 대해 설명해 주세요.","지상을 1,000hPa라 할 때 고도 5km 부근에서는 약 500hPa, 10km에서는 약 250hPa, 15km에서는 약 125hPa, 20km에서는 약 550hPa, 25km에서는 약 25hPa, 30km에서는 약 12hPa가 됩니다. 따라서 기온의 수직분포가 주어지면 기압과 고도와의 사이에는 일정한 관계가 성립됩니다.","P","기온의 수직분포에 대해 설명해 주세요."
"1","기상레이더에 대해 설명해 주세요.","전파의 도플러효과를 이용하여 송신파와 목표로부터의 반사파와의 주파수 편차를 검출해서 목표의 이동속도를 측정하기 위한 레이더입니다. 기상용 도플러레이더로 관측하는 것은 구름과 강수입자를 목표로 하는 대기의 운동이며, 이것은 목표입자의 낙하속도와 주위 공기의 움직임과의 합성된 것입니다.","P","도플러효과에 대해 설명해 주세요."
"1","기상레이더에 대해 설명해 주세요.","기상용 도플러 레이더에 의해 태풍, 집중호우 등의 맹렬한 국지폭풍 내의 기류분포, 강수입자의 낙하속도 및 입자분포를 알 수 있으며, 구성은 레이더돔, 레이더 송·수신기, 레이더 지시계, 안테나 등으로 구성되어 있습니다. 기상레이더는 태풍탐지, 집중호우, 천둥번개, 지역우량측정 등에 이용됩니다.","P","태풍에 대해 설명해 주세요."
"1","기상레이더에 대해 설명해 주세요.","대기층은 굉장히 넓고 광범위하기 떄문에 육안으로 파악하는데는 한계가 있습니다. 기상레이더는 이러한 신체적 한계를 극복하기 위한 인공위성에서 영토 대부분의 기후를 파악하는 것으로 군용목적으로만 사용되고 있습니다.","F",""
"1","기상레이더에 대해 설명해 주세요.","기상레이더에 의해 특정지역에서 발생하는 모든 기후현상을 정확하게 예측할 수 있습니다. 따라서 기상청에서는 기상레이더를 운영하여 더 정확한 일기예보가 가능해졌지만, 온도와 강수량, 기압 등 제한적인 기후 요소만을 측정할 수 있습니다.","F",""
"1","기상레이더에 대해 설명해 주세요.","보통 기상레이더는 주파수에서 발생하는 도플러 효과를 이용하여 생성하는 경우가 많습니다. 도플러 효과란 거리에 따라서 주파수가 지속적으로 변화하는 것인데 따라서 기상레이더는 협소한 지역의 기상만을 예측할 수 있으며, 한 지역의 전반적인 기상 예측이 불가능합니다","F",""
"1","기상레이더에 대해 설명해 주세요.","기상레이더는 보통 3∼10cm 정도의 파장인 전파를 이용하며, 3cm 파는 감도를 높이기는 쉽지만, 전파경로상의 강수에 의한 전파의 감쇄가 큰 단점이고, 10cm 파는 강수에 의한 감쇄는 무시할 수 있지만, 감도분해능을 높일 때는 대형 안테나가 필요합니다.","P","감도분해능에 대해 설명해 주세요."
"1","안개에 대해 설명해 주세요.","따뜻한 공기와 찬공기가 만나는 온난전선이나 한랭전선 부근에서 따뜻하고 습윤한 공기가 전선면을 따라 상승하게 되는데 이때 이 공기가 온난전선내의 찬 공기와 만나면 냉각되고 포화되어 응결이 일어나서 비가 오며, 빗방울이 하강하면서 안개를 생성합니다. 이를 전선안개라고 합니다.","P","한랭전선에 대해 설명해 주세요."
"1","안개에 대해 설명해 주세요.","찬 공기가 따뜻한 수면 또는 습한 지면 위를 이동해 오면 기온과 수온의 차에 의해 수면으로부터 물이 증발하여 수증기가 공기 속으로 들어오게 됩니다. 수증기의 공급에 의해 공기가 포화되고, 응결되어 안개가 발생합니다. 마치 김이 올라오는 것처럼 보인다고 해서 김안개라 하고 또 증발에 의해 안개가 생성되므로 증발안개라고 합니다.","P","공기의 포화와 응결에 대해 설명해 주세요."
"1","안개에 대해 설명해 주세요.","안개는 때로는 자연재해가 될 수도 있습니다. 1956년 1월, 1957년 12월, 1962년 12월에도 런던에서 대규모의 안개가 발생하였습니다. 19세기 중엽부터 석유가 널리 이용되자, 석유에 의한 오염에 의해 안개가 변화되었기 때문입니다. 특히 제2차 세계대전 후에는 자동차 등의 내연기관이 가솔린·중유를 쓰게 되어, 석유의 연소에 의해 안개를 자연재해로 규정하고 있습니다.","F",""
"1","안개에 대해 설명해 주세요.","안개란 수증기가 지속적으로 대류층 하단에 생기면서 수증기가 특정 지역에 밀집되는 현상을 의미합니다. 수증기는 체내에 들어가면 액화하기 떄문에 호흡기에 들어가게되면 액체상태로 변하여 폐에 물이차는 질병을 발생시키기도 합니다.","F",""
"1","안개에 대해 설명해 주세요.","뜨거운 공기가 찬 수면 또는 건조한 지면 위에 오랜 기간동안 정체되게 되면, 온도가 지속적으로 상승하면서 기화하게되는데 이를 안개라고 합니다. 안개는 수증기의 한 종류이기 때문에 비가시적이라는 특징을 가지고 있습니다.","F",""
"1","태풍에 대해 설명해 주세요.","태풍은 발생 지역에 따라 다른 이름으로 불립니다. 태평양 남서부에서 발생하여 우리나라 쪽으로 불어오는 것을 태풍, 대서양 서부에서 발생하는 것을 허리케인, 인도양에서 발생하는 것을 사이클론, 오스트레일리아 북동부에서 발생하는 윌리윌리가 있습니다. 또 미국 중남부에서 많이 발생하는 소용돌이 바람인 토네이도는 태풍이라고 할 수는 없지만 태풍에 버금가는 피해를 발생시킵니다.","P","토네이도에 대해 설명해 주세요."
"1","태풍에 대해 설명해 주세요.","세계기상기구는 열대 저기압 중에서 중심 부근의 최대 풍속이 33m/초 이상인 것을 태풍, 25~32m/초인 것을 강한 열대 폭풍, 17~24m/초인 것을 열대 폭풍, 17m/초 미만인 것을 열대 저압부 로 구분하였습니다. 이렇게 4단계로 분류된 태풍 중 우리나라와 일본으로 오는 태풍은 두 번째인 열대 폭풍 이상을 말합니다.","P","열대폭풍의 특징을 설명해 주세요."
"1","태풍에 대해 설명해 주세요.","동태평양과 중태평양, 북대서양에서 발생하는 열대성 저기압들을 태풍이라고 일컫습니다. 이들 중 1분 풍속이 74mph이상인 것이 대부분이며, 심각한 인적, 물적, 자연적 피해를 야기하는 자연재해로 파악되고 있습니다.","F",""
"1","태풍에 대해 설명해 주세요.","태풍이란 열대 해상에서 발생하는 발달한 열대고기압의 한 종류로 중심부근의 최대 풍속이 초당 172미터 이상이며, 강한 폭풍우를 동반하는 자연재해를 말합니다. 보통 7월 에서 10월에 가장 많이 발생하며 소멸하게 되면 온대고기압으로 변동되게 됩니다.","F",""
"1","태풍에 대해 설명해 주세요.","태풍은 특정지역에서만 발생합니다. 주로 아시아가 속해있는 서태평양에서 많이 발생하며, 동태평양의 경우에는 열대성 고기압의 영향을 받아 허리케인이 발생하며 열대성 저기압을 통해 생성되는 태풍과는 그 궤가 다른 자연현상입니다.","F",""
"1","태풍에 대해 설명해 주세요.","태풍은 수온 27°C 이상의 해면에서 주로 발생하지만 가끔 온대 저기압에서 발생하는 경우도 있습니다. 태풍은 우리에게 큰 피해를 입힐 때도 있지만 늘 해로운 것만은 아닙니다. 왜냐하면 태풍은 중요한 수자원의 공급원으로서 물 부족 현상을 해소시키기 때문입니다.","P","태풍이 수자원 공급원 역할을 한다는 의미를 설명해 주세요."
"1","뇌우에 대해 설명해 주세요.","천둥과 번개를 동반한 비를 말합니다. 적란운 또는 거대한 적운에서 잘 발생합니다. 이때 나타나는 현상은 갑자기 강한 바람이 불고, 몇 분 동안에 기온이 10도 이상이나 낮아지기도 합니다. 습도는 거의 100%에 이르고, 때로는 우박도 동반합니다. 우리나라에서는 주로 여름철에, 특히 내륙 지방에서 자주 일어납니다.","P","적란운에 대해 설명해 주세요."
"1","뇌우에 대해 설명해 주세요.","뇌우는 적란운 또는 그런 구름의 집합체에서 발생하며 천둥과 번개를 동반하는 점에서 소나기 구름과는 다릅니다. 관측결과에 의하면 천둥과 번개는 많은 양의 액체상태와 얼음상태의 수분온도가 -20도 보다 훨씬 낮은 상태의 고도까지 상승될 때만 일어납니다.","P","소나기의 특징을 설명해 주세요."
"1","뇌우에 대해 설명해 주세요.","뇌우란천둥과 번개를 동반한 구름을 의미합니다. 적란운 또는 거대한 적운이라고도 불리웁니다. 구름 주변에 있는 미립자와 구름입자가 마찰을 일으켜 천둥과 번개를 생성하며, 예측이 불가능하기 떄문에 굉장히 우험합니다.","F",""
"1","뇌우에 대해 설명해 주세요.","뇌우란 소나기구름 중에서 번개와 천둥이 포함되어 있는 구름을 의미합니다. 대부분의 뇌우는 소나기 구름에서 파생되기 떄문에 기상예측에서는 소나기가 오는 날 필연적으로 천둥과 번개가 온다고 예측하고 있습니다.","F",""
"1","뇌우에 대해 설명해 주세요.","뇌우란 천둥과 번개를 동반한 비를 의미합니다. 주로 강수량이 시간 당 200ml 이상일 경우에 기상예측가들은 뇌우가 발생한다고 예측하고 있습니다. 비의 양이 많아질수록 구름의 전도력이 높아져 천둥이 쉽게 발생할 수 있기 때문입니다.","F",""
"1","뇌우에 대해 설명해 주세요.","전선은 대량의 찬 공기와 따뜻한 공기를 분리시키는 경사진 기층으로, 온난한 공기가 대류적으로 불안정하면 뇌우는 발달합니다. 비록 전선뇌우는 산발적이기는 하나 그들은 전선을 따라 이동하고 일반적인 전선운역에 속한다는 것이 알려져 있습니다. 이들 뇌우는 하루 중 어느 때나 발생할 수 있으므로 오후시간에 더 많이 발생한다고 볼 수는 없습니다.","P","대류적으로 불안정하다는 의미를 설명해 주세요."
"1","대기의 조성에 대해 설명해 주세요.","공기 중에는 순수한 건조공기, 수증기 이외에도 액체, 고체의 불순물이 섞여 있습니다. 순수 건조공기는 질소, 산소, 아르곤, 탄산가스, 기타의 기체가 일정한 비율로 혼합되어 있으며 그 조성은 지표 부근으로부터 지상 약 80km 부근의 고도까지 특별한 성분을 제외하면 거의 변하지 않습니다.","P","질소의 특징을 설명해 주세요."
"1","대기의 조성에 대해 설명해 주세요.","용적비로 볼 때 질소가 78%로 가장 많으며 그 다음 산소, 아르곤, 탄산가스의 순인데 이들 네 성분이 전체의 약 99.9%를 점하고 있으며 나머지 0.1%는 여러 가지 미량의 성분들로 구성되어 있습니다. 이와 같이 약 80km의 고도까지 대기의 연직 성분비는 대체로 일정한데 이것은 공기의 혼합과 확산작용 때문입니다.","P","연직성분비가 일정한 이유를 설명해 주세요."
"1","대기의 조성에 대해 설명해 주세요.","대기에는 건조공기와 수증기만이 포함되어 있습니다. 이중 건조공기에는 질소, 산소, 아르곤, 탄소, 염소 등이 일정한 비율로 혼합되어 있으며 해당 순서대로 그 비율이 높은 조성을 가지고 있습니다. 해당 성분의 비율은 영구적입니다","F",""
"1","대기의 조성에 대해 설명해 주세요.","대기 조성 구성요소 중 가장 많은 비율을 차지하는 것은 산소로서 조성의 78%를 차지하고 있습니다. 해당 산소가 증가하게 되면 유기체의 크기가 증가하거나 새로운 유기체가 탄생할 확률이 높으며 조성율이 낮아지게 되면 현존하는 생명체의 수명이 감소합니다","F",""
"1","대기의 조성에 대해 설명해 주세요.","대기의 조성은 원시 지구에서부터 지금까지 영구적인 비율을 구성하고 있습니다. 다만 화산활동이 활발한 시기에는 메탄가스의 비율이 미약하게 상승하지만, 단기적인 변화이기 때문에 조성 성분에는 가산하지 않습니다.","F",""
"1","대기의 조성에 대해 설명해 주세요.","대류, 난류, 순환 등 공기의 수직혼합으로 각 성분의 비율은 높이와 관계 없이 일정하게 되려고 하며 이 작용은 기온이 고도와 함께 하강하는 대류권 내에서 현저합니다. 또한 기체는 처음에 분리시켜 놓더라도 시간이 경과함에 따라 사방으로 퍼져 균일한 분포를 보이는데 이와 같이 밀도가 높은 곳에서 낮은 곳으로 이동하여 전체의 밀도가 균일하게 되는 현상을 확산이라 합니다.","P","공기의 수직혼합에 대해 설명해 주세요."
"1","바람의 정의와 측정에 대해 설명해 주세요.","바람은 공기의 흐름으로, 대기의 온도와 기압의 차이에 의해서 발생합니다. 공기의 수평운동을 이류라고 하며, 수직운동을 대류라 부릅니다. 지표 부근의 마찰이나 지형, 열 차이로 부는 바람은 난류입니다. 지표면의 영향을 받지 않는 상층에는 일정하게 부는 바람인 층류가 있습니다.","P","층류에 대해 설명해 주세요."
"1","바람의 정의와 측정에 대해 설명해 주세요.","대개 바람이라고 할 때는 바람속도를 의미합니다. 바람속도는 벡터량입니다. 온도처럼 크기만을 가지는 스칼라량과는 달리 벡터량은 크기와 방향을 가집니다. 따라서 바람의 크기가 곧 풍속이라 할 수 있습니다. 풍향은 바람이 불어오는 방향입니다. 10도 단위로 360방위를 사용하여 3자리 수로 나타내며 진북 방향이 기준이 됩니다.","P","벡터량과 스칼라량을 설명해 주세요."
"1","바람의 정의와 측정에 대해 설명해 주세요.","바람이란 공기의 흐름을 의미합니다. 주로 온도의 차이에 의해서 발생합니다. 공기는 저온에서 고온으로 열을 발산하면서 이동하기 때문에 대부분의 바람은 열대기후에서 냉대기후쪽인 남쪽에서 북쪽으로 불게 되어 있습니다","F",""
"1","바람의 정의와 측정에 대해 설명해 주세요.","바람이란 공기의 움직임이 어느 정도의 강도를 가지고 있는지를 측정하는 것을 말합니다. 주로 해당 강도는 압력차이에 의해서 변화하는데 압력차이가 적을 수록 바람의 강도가 빨라지며 두 압력이 같을 경우에 최대치가 됩니다","F",""
"1","바람의 정의와 측정에 대해 설명해 주세요.","바람은 대기중의 흐름을 나타냅니다. 바람의 정의가 확대됨에 따라서 자연에 의한 대기중의 흐름 뿐만 아니라, 공장의 매연, 비행기의 운항 등에 의해서 만들어지는 대기 중의 흐름이 자연현상에 영향을 주게 되면서 바람의 정의에 포함되게 되었습니다","F",""
"1","바람의 정의와 측정에 대해 설명해 주세요.","풍속은 다양한 방법으로 측정합니다. 가장 일반적인 측정방법은 풍속계와 풍향계를 사용한 측정입니다. 장애물이 없는 지상 30피트 높이에 위치한 풍향풍속계로 측정합니다. 상층 바람의 측정에는 기구, 도플러 레이더, 라이다 등을 사용하기도 합니다.","P","풍속계에 대해 설명해 주세요."
"2","바람을 일으키는 힘을 설명해 주세요.","공기에 영향을 주는 힘에는 기본적인 힘과 겉보기 힘이 있습니다. 먼저 기본적인 힘에는 중력, 기압경도력, 마찰력이 있습니다. 중력은 공기에 작용하는 지구의 인력을 말합니다. 방향은 늘 지구중심을 향하고 크기는 물질의 질량에 중력가속도를 곱한 것과 같습니다.","P","공기에 영향을 주는 마찰력에 대해 설명해 주세요."
"2","바람을 일으키는 힘을 설명해 주세요.","기압경도력이 있습니다. 팽팽하게 부풀어 있는 풍선의 공기 주입구를 열어보면 풍선 안에 있던 공기는 상대적으로 기압이 낮은 풍선 밖으로 빠져 나옵니다. 이처럼 기압의 차이는 힘을 만들어 냅니다. 이 힘은 등압선에 수직으로 기압이 높은 곳에서 낮은 곳으로 작용합니다.","P","등압선에 대해 설명해 주세요."
"2","바람을 일으키는 힘을 설명해 주세요.","바람을 일으키는 힘은 대부분 중력입니다 .중력은 지구가 지구의 중심으로 물체를 끌어당기는 힘으로 대기 역시 해당 힘에 영향을 받기 떄문에 모든 바람은 지구의 바깥쪽에서 중심 쪽으로 부는 것이 일반적입니다.","F",""
"2","바람을 일으키는 힘을 설명해 주세요.","바람을 일으키는 힘은 마찰력도 포함되어 있습니다. 대기가 부유운동을 하다가 대기에 포함되어 있는 미립자가 대기와 충돌하게 되면서 바람이 일어나게 됩니다. 해당 마찰력은 굉장히 미미하지만 대기의 속도를 높이는 역할을 합니다","F",""
"2","바람을 일으키는 힘을 설명해 주세요.","기압경도력이란 공기가 응집되어 있는 곳이 밀폐되어있으면 공기가 빠져나가려는 힘이 발생하는데 이때 기압 경도력이 발생합니다. 대부분의 대기는 밀폐되어있는 것과같은 대기압을 가지고 있기 떄문에 기압경도력이 발생합니다","F",""
"2","바람을 일으키는 힘을 설명해 주세요.","마찰력이란 일반적으로 고체와 고체, 고체와 유체, 그리고 유체와 유체가 접한 상태에서 상대운동을 할 때 나타납니다. 두 물체 간의 속도 차이에 의하여 발생하는 저항력인 것입니다. 기상학에서는 지표면 부근의 풍속이 지표면에 의하여 감속되는 작용을 지면마찰로 나타냅니다. 마찰력으로 인해 등압선과 실제 바람이 이루는 각도가 달라집니다.","P","지면마찰에 대해 설명해 주세요."
"2","바람의 종류를 설명해 주세요.","대기는 순환의 규모가 충분히 커지면 기압경도력과 전향력이 서로 평형을 이루려 합니다. 이것은 공기가 이동할 때 전향력과 기압경도력이 크기는 같고 방향이 서로 반대라는 것을 뜻합니다. 이러한 상태를 지균평형이라 부릅니다. 이때 부는 바람이 지균풍입니다. 즉 기압경도력과 전향력이 서로 균형을 이루게 됩니다. 바로 이 공기 흐름을 지균풍이라 합니다.","P","지균풍에 대해 설명해 주세요."
"2","바람의 종류를 설명해 주세요.","지균풍은 직선으로 부는 바람으로서 기압경도력과 전향력이 평형을 이루면서 붑니다. 반면에 경도풍은 곡선 등고선을 따라 부는 바람으로서 원심력이 추가되는 바람입니다. 공기덩이가 직선 운동 대신 곡선 운동을 하기 때문입니다. 따라서 경도풍은 일정한 속력으로 원형 등압선에 평행하게 부는 무마찰 수평바람 입니다.","P","원심력에 대해 설명해 주세요."
"2","바람의 종류를 설명해 주세요.","바람의 종류 중 항상풍이 있습니다. 항상풍은 지구의 중력작용에 의해서 어떠한 자연현상이 발생하지 않아도 일반적으로 대기에서 발생하는 바람으로 지구의 주변부에서 중심부로 바람이 흐르는 특징을 가지고 있습니다.","F",""
"2","바람의 종류를 설명해 주세요.","바람의 종류 중 계절풍은 계절에 따라서 발생하는 바람을 의미합니다. 전체 지구에서 동아시아 지역에서만 단기적으로 발생하는 현상으로 육지와 바람의 기압차이에 의해 발생하며 저기압에서 고기압으로 바람이 부는 것이 일반적입니다.","F",""
"2","바람의 종류를 설명해 주세요.","기압경도력과 전향력이 평형을 이루게 되면, 크기가 다르고 방향이 서로 같기 때문에 바람의 새기가 크기가 합쳐짐에 따라 증가하는 현상이 발생하는데 이를 지균평형이라고 부르고 해당 힘에 의해서 발생하는 바람을 지균풍이라고 부릅니다","F",""
"2","바람의 종류를 설명해 주세요.","일반적으로 풍향과 풍속은 높은 고도로 올라갈수록 뚜렷하게 변합니다. 그렇기 때문에 고도가 다르면 지균풍에서도 차이가 나타납니다. 이러한 지균풍의 차이를 온도풍이라 부릅니다. 온도풍은 높은 고도의 지균풍과 낮은 고도의 지균풍의 차이로써 구합니다. 마찰력의 영향을 받는 바람을 지상풍이라고 부르며 이 바람은 대개 상공 1km 미만에서 붑니다.","P","온도풍에 대해 설명해 주세요."
"1","장마에 대해 설명해 주세요.","장마는 여름철 우리나라에 오랜 기간 지속적으로 많은 비를 내리는 주요 강수현상으로, 이 시스템은 동아시아 여름 몬순 시스템의 일부입니다. 6월 말경부터 7월 말경까지 약 한 달의 장마기간 동안 내리는 강수량은 350 ~ 400 mm로 연강수량의 약 30%를 차지합니다.","P","몬순시스템에 대해 설명해 주세요."
"1","장마에 대해 설명해 주세요.","여름철에 우리나라를 포함하는 동아시아 지역은 일반적으로 남쪽의 온난습윤한 열대성 기단과 북쪽의 한랭한 한대성 기단이 만나서 형성되는 정체전선의 영향을 받습니다. 이 정체전선이 걸쳐 있는 지역에는 강한 남서풍에 따른 습윤한 공기의 유입량이 증가하여 장기간 동안 많은 양의 비가 내립니다.","P","정체전선의 특징을 설명해 주세요."
"1","장마에 대해 설명해 주세요.","장마란 여름철 열대지역에서 발생하는 것으로 스콘이라고도 불리웁니다. 동남아시아에서 주로 관찰될 수 있으며, 짧게는 일주일, 길게는 한 달 정도 하루 500~600mm의 비가 지속적으로 내리는 현상을 의미합니다.","F",""
"1","장마에 대해 설명해 주세요.","우리나라에서 장마를 자주 목격할 수 있습니다. 장마는 많은 비와 눈이 내리는 기후현상으로 동아시아 몬순시스템의 일부입니다. 주로 1월 말부터 2월 말경까지 약 한 달의 장마기간동안 폭설이 내리게 되는 현상을 목격할 수 있습니다","F",""
"1","장마에 대해 설명해 주세요.","제트기류의 영향으로 인해서 극지방의 고기압이 동아시아 전반에 퍼지게 되는 현상으로 강한 습기를 가진 극지방의 대기가 남하하면서 저온다습한 기후가 유지됨에 따라 지속적으로 강수하는 현상을 장마라고 정의하고 있습니다","F",""
"1","장마에 대해 설명해 주세요.","우리나라에서는 장마, 중국에서는 메이유, 일본에서는 바이우라고 부릅니다. 기후학적으로 6월 하순에 우리나라 주변으로 상층 제트 기류가 북상합니다. 이는 강한 경압불안정이 형성되고 있음을 의미합니다. 북태평양 고기압의 발달과 더불어 하층 남서풍에 의한 습윤한 공기의 유입이 강화되며 장마가 시작됩니다.","P","북태평양 고기압에 대해 설명해 주세요."
"2","모수화에 대해 설명해 주세요.","현재까지의 수치모델은 아무리 작은 규모의 수평 규모라 하더라도 최소 수km입니다. 그러나 자연계에서는 이보다 작은 규모의 수평 규모를 가진 대기 운동이 존재합니다. 이처럼 수평 격자보다 작은 규모의 운동이나 명시적으로 계산하기 어려운 비선형 성분들을 직접 계산하지 않고, 모델의 격자 규모에서 계산된 변수를 사용하여 암시적으로 그 효과를 반영하는 방법을 말합니다.","P","자연계에 존재하는 작은 규모의 대기운동에 대해 설명해 주세요."
"2","모수화에 대해 설명해 주세요.","수치예보모델에서 대규모 흐름들은 격자 규모에서 명시적으로 계산되는 반면, 아격자 규모 또는 물리적으로 표현하기 복잡한 과정들을 모델의 격자 규모에서 계산된 변수를 사용하여 다양한 매개변수들을 사용하여 그 효과를 반영하게 됩니다. 이렇게 모델 내 격자 규모의 변수를 이용하여 아격자 규모의 현상을 표현하는 방법을 모수화라고 합니다.","P","아격자 규모에 대해 설명해 주세요."
"2","모수화에 대해 설명해 주세요.","모수화란 인간이 주로 사용하는 수치가 cm, m, km임에 반하여 자연상에서 해당 수치로 환산할 수 없는 자연적인 현상을 측정하기 위해서 특정 기준값을 모수화하여 변수값을 치환함에 따라 기후예측을 원활하게 하는 과학적 방법론 중 하나입니다.","F",""
"2","모수화에 대해 설명해 주세요.","기후예측에서 자주 사용하는 수치와 다르게 자연현상에서 발생하지만 인간에게 직, 간접적인 영향을 주지 않는 대상에 대해서 모수화가 진행됩니다. 대부분의 모수화 대상은 연구 개발 목적 차원의 대상만으로 한정되고 있습니다.","F",""
"2","모수화에 대해 설명해 주세요.","수치모델을 통하여 날씨예측을 하는 것은 주로 편적분 방정식을 통한 대기의 지배방정식을 미분함으로써 사용되는데, 적분 자체가 불가능한 값을 해당 방정식에 넣기 위해서 자연현상을 수치화해서 유리화하는 방식을 모수화라고 합니다","F",""
"2","모수화에 대해 설명해 주세요.","수치모델을 이용한 날씨예측은 일반적으로 편미분 방정식 형태를 가지는 대기의 지배방정식을 수치적으로 적분함으로써 수행됩니다. 이를 위해 미분방정식은 유한 크기를 가지는 격자로 표현되는 유한 차분 방정식으로 표현됩니다. 대기 지배 방정식이 폭넓은 규모의 현상을 설명하는 반면, 근사된 유한 차분 방정식을 이용한 명시적인 수치적분에서는 해는 격자 길이 이하의 아격자 규모 현상은 제외되게 됩니다.","P","모수화에서 적분을 사용하는 이유를 설명해 주세요."
"1","기온역전에 대해 설명해 주세요.","보통 대류권 내에서는 상공으로 갈수록 기온이 낮아집니다. 그런데 지표면의 복사냉각이나 찬 공기의 유입으로 인해 오히려 고도가 높아질수록 기온의 변화가 없거나 기온이 높아지는 대기층을 말합니다. 이 기층은 매우 안정하여 바람이 없습니다. 오염 물질의 확산이 잘 되지 않아 서리·이슬·안개·스모그 등이 생깁니다.","P","이슬에 대해 설명해 주세요."
"1","기온역전에 대해 설명해 주세요.","보통 기온은 지상으로부터 높이 증가에 따라 감소하나, 반대로 높이 증가에 따라 기온이 증가하는 경우가 있습니다. 이를 기온역전이라 부르며, 밤에 지표면의 방사냉각에 의해 하부 기단의 온도가 내려가는 경우가 기온역전을 일으키는 가장 일반적인 경우입니다.","P","밤에 기온역전이 많이 일어나는 이유를 설명해 주세요."
"1","기온역전에 대해 설명해 주세요.","기온역전현상이란 이상기후의 일종으로 일반적으로 계절마다 알려진 평균적 기후 현상과 다른 현상이 나타나는 것을 말합니다 .예를 들어 여름에 눈이 내리는 현상, 혹은 겨울에 고온다습한 기후가 생성되는 현상이 기온역전 현상입니다.","F",""
"1","기온역전에 대해 설명해 주세요.","보통 대기는 온도가 상승하면 하강하게되고 온도가 하락하면 상승하는 것이 일반적이지만 도심지역에서 해당 상승을 막는 높은 빌딩 등이 많이 있게 됨에 따라 차가운 대기가 지면에 유지되는 현상이 기온역전 현상입니다","F",""
"1","기온역전에 대해 설명해 주세요.","기온역전 현상은 많은 이상 기후를 발생시킵니다. 주로 대기의 순환이 원활하지 않을 때 발생하며, 폐쇄된 지역에서만 발생하기 떄문에 주로 실내에서 발생하는 현상으로 화재나, 가스 누수 등이 발생하였을 때 주로 목격가능합니다","F",""
"1","기온역전에 대해 설명해 주세요.","고도상승에 따른 온도 감소는 온도가 높은 곳에서 낮은 곳으로 기류의 이동을 초래하고, 이를 통해서 지표면에서 발생된 대기오염물질은 기류의 상승과 더불어 대기권으로 확산되게 됩니다. 그러나, 기온역전 현상이 발생하면 대기오염물질의 확산이 이루어지지 못하게 되므로 대기오염의 피해를 가중시키게 됩니다.","P","기온역전이 대기오염 피해를 가중시키는 이유를 설명해 주세요."
"1","오존층에 대해 설명해 주세요.","성층권 가운데 오존의 농도가 가장 높은 층이 있는데 이를 오존층이라고 부르며, 약 20∼25km 사이에서 오존의 농도는 최대가 됩니다. 이 오존층은 생명의 보호막으로, 지구 상의 생물체가 직접 쬐면 무척 해로운 자외선을 차단하고 있습니다. 그러나 최근 이 오존층이 산업 발달과 더불어 염화불화탄소, 할론 등 오존과 결합하는 물질의 배출이 증가되면서 급격히 파괴되고 있습니다.","P","자외선에 대해 설명해 주세요."
"1","오존층에 대해 설명해 주세요.","매년 남반구의 봄철에 남극 지역의 상공에서 매우 강한 오존층 파괴가 일어나고 있는데, 이것도 역시 이 지역의 특정 기상 조건과 결합하여 인간이 만든 염소 및 브롬 화합물에 의해 일어나는 것입니다. 오존층 파괴는 대기의 자외선-B를 흡수하는 역할을 약화시켜 피부암·백내장 등을 일으킵니다. 아울러 성층권 온도 변화를 초래하여 기후변화의 원인이 됩니다.","P","브롬화합물의 특징을 설명해 주세요."
"1","오존층에 대해 설명해 주세요.","오존층이란 대류권 계면에 위치한 오존의 큰 띠를 의미합니다. 오존의 역할은 지구 상 생명체에게 유해한 적외선을 차단하는 역할을 하며 ,해당 적외선을 흡수하여 화학적 변화를 일으키거나 그대로 반사하는 기능을 하고 있습니다","F",""
"1","오존층에 대해 설명해 주세요.","오존층은 20세기의 냉장고의 개발로 인하여 발생한 프레온 가스에 의해서 더욱 두꺼워지게 되었습니다. 오존층이 두꺼워짐에 따라 지구상에 쬐이는 자외선의 절대적 량이 감소하였고 이로 인해 유기체의 피부질환이 감소하였습니다","F",""
"1","오존층에 대해 설명해 주세요.","오존층의 파괴는 피부암 백내장 등 각종 질환을 일으키는 원인이 됩니다. 그러나 오존층 파괴의 주원인인 프레온가스가 사업에서 지속적으로 자주 사용됨에 따라 오존층 파괴는 인류 산업의 필수불가결한 결과로 고려되고 있습니다","F",""
"2","오존파괴물질에 대해 설명해 주세요.","CFC는 50년 전부터 개발·사용되고 있는데, 당시 과학자들은 ‘꿈의 화학물질’이라고 했습니다. 무해·무취·불연성으로 부식이 잘 안 되어 식품의 냉동가공 및 수송·냉매·안락의자 및 단열재의 발표제 각종 정밀기기부품, 광학부품, 전자제품의 세정제, 드라이크리닝 용제, 스프레이 제품의 불연성 분사추진제 등에 사용되었습니다.","P","냉매에 대해 설명해 주세요."
"2","오존파괴물질에 대해 설명해 주세요.","할론은 프레온 가스에 브로민이 추가된 물질로서 소화제로 사용됩니다. 독성이 적어 사람이 있는 밀폐된 공간에서도 사용할 수 있으며 비전도성이어서 전기적인 화재에도 안전하게 이용됩니다. 또한 소화 후 잔사를 남기지 않아 박물관, 미술관, 컴퓨터실 등 귀중한 자료를 보관하는 곳에서 많이 사용됩니다.","P","프레온가스에 대해 설명해 주세요."
"2","오존파괴물질에 대해 설명해 주세요.","오존파괴물질의 대표적인 물질은 탄소산화물입니다. 배기가스나 공장의 매연 등을 통해서 발생하는 탄소산화물은 성층권까지 상승함에 따라서 오존층에서 화학적 변화가 일어나 탄소와 수증기로 분화되게 되는데 이로 인해 오존층에 구멍이 발생합니다","F",""
"2","오존파괴물질에 대해 설명해 주세요.","오존파괴물질의 대표적인 예시는 수증기입니다. 오존층은 대부분 수소와 산소로 구성되어 있는데, 뜨거운 수증기가 해당 오존층에 들어오게 되면 수증기가 수소와 산소에 반응하여 비가 되어 내리기 때문에 오존이 파괴됩니다","F",""
"2","오존파괴물질에 대해 설명해 주세요.","할론은 프레온 가스의 화학적인 용어로서 주로 과거 에어컨의 냉매로서 사용되었습니다. 또한 비전도성을 가지고 있어서 각종 화재의 소화재로서 사용하고 있어서 자주사용하였지만, 독성이 있다는 사실이 발견된 이후로 사용이 중단되었습니다","F",""
"2","오존파괴물질에 대해 설명해 주세요.","사염화탄소는 달콤한 냄새가 있는 무색투명한 액체로 불연성입니다. CFC의 제조용 원료로 가장 많이 사용되며 추출용매, 발염제, 살충제, 변압기의 절연유 및 포스젠원료 등으로 사용됩니다. HCFC는 냉매, 발포제등으로 사용됩니다. 브로민화메틸은 밀폐된 곡물저장소, 방앗간, 곡물운송차량, 검역소 등에서 거미, 진드기 등 각종 곤충과 벌레를 제거하는 훈증제 및 구서제로 이용되고 있습니다.","P","살충제에 대해 설명해 주세요."
"2","몬트리올의정서에 대해 설명해 주세요.","현대의 대기 환경문제의 하나인 오존층의 파괴를 대처하기 위한 국제협약입니다. 1987년 캐나다 몬트리올에서 체결되었고, 1989년 1월부터 발효되었습니다. 공식 명칭은 오존층을 파괴시키는 물질에 대한 몬트리올 의정서 입니다. 1974년 미국의 화학자 로우랜드가 제기한 오존층 파괴문제는 지구적인 문제로 대두되었습니다.","P","오존층 파괴문제에 대해 설명해 주세요."
"2","몬트리올의정서에 대해 설명해 주세요.","주요 내용은 프레온 가스로 알려진 염화불화탄소, 할론 등 오존층 파괴의 주요 원인이 되는 약 100가지 기체 물질 생산의 단계적 감축, 비가입국에 대한 통상제재, 1990년부터 최소한 4년에 한 번 과학·환경·기술·경제적 정보에 입각하여 규제수단을 재평가하도록 하는 것입니다.","P","오존층 파괴 원인이 되는 기체물질에 대해 설명해 주세요."
"2","몬트리올의정서에 대해 설명해 주세요.","1987년 캐나다 몬트리올에서 국제적인 환경파괴에 대해 대처하기 위해서 회의를 하였고 그 회의의 결과물을 몬트리올 의정서라고 합니다. 주로, 지구온난화에 대한 대처에 대해서 논의하였고 이로 인해 수소자동차의 개발이 촉진되었습니다","F",""
"2","몬트리올의정서에 대해 설명해 주세요.","몬트리올 의정서의 대표적인 의제안은 오존층 파괴의 중단과 오존층 보존이었습니다. 그러나 오존층은 한 번 파괴되면 영구적으로 그 구멍이 발생하기 때문에 해당 의정서의 현실성에 대해서 의문 부호가 찍혀있는 상황입니다.","F",""
"2","몬트리올의정서에 대해 설명해 주세요.","몬트리올의정서에 의해 국제적인 협력으로 오존층 파괴 물질의 생산이 크게 줄어들었습니다. 그러나 해당 회의에 참여한 국가만이 대상이되기 때문에 비참여국의 오존층 파괴 물질 생산을 막지는 못한다는 한계를 지니고 있습니다","F",""
"2","몬트리올의정서에 대해 설명해 주세요.","몬트리올 의정서의 발효와 국제적인 협력으로 오존층 파괴 물질의 생산이 크게 줄었고, 2000년대 후반부터 오존층이 점차 회복되는 모습도 발견되어, 향후 오존층 파괴 문제 해결의 가능성을 제시해주고 있습니다. 그러나 완전히 회복되기까지는 오랜 시간이 걸릴 것으로 추정됩니다.","P","오존층 회복에 오랜시간이 소요되는 이유를 설명해 주세요."
"1","대기오염방지시설에 대해 설명해 주세요.","대기오염물질을 대기에 배출하는 시설물, 기계, 기구, 기타 물체로서 환경부령으로 정하는 시설이 대기오염물질 배출시설입니다. 이러한 배출시설에서 발생하는 오염물질을 감소시키거나 제거하기 위한 시설을 대기오염 방지시설이라고 하며 대기환경보전법 제2조 및 시행규칙 6조에서 규정하고 있습니다.","P","대기환경보전법에 대해 설명해 주세요."
"1","대기오염방지시설에 대해 설명해 주세요.","대기오염 방지시설은 중력 집진시설, 관성력 집진시설, 원심력 집진시설, 세정집진시설, 여과 집진시설, 전기 집진시설, 음파 집진시설, 흡수에 의한 시설, 흡착에의한 시설, 직접 연소에 의한 시설, 촉매반응을 이용하는 시설, 응축에 의한 시설, 토양미생물을 이용한 처리시설로 정하고 있습니다.","P","관성력 집진시설에 대해 설명해 주세요."
"1","대기오염방지시설에 대해 설명해 주세요.","대기오염방지시설이란 공장의 굴뚝에 주로 설치되는 집진시설을 예로 들수 있습니다. 집진시설을 통해서 공장에서 배출되는 매연이 정화되어 대기중으로 나가기 때문에 유해물질이 전혀 발생하지 않게 되었습니다.","F",""
"1","대기오염방지시설에 대해 설명해 주세요.","대기오염방지시설의 대중적인 예시는 에어컨입니다. 대기는 온도에 영향을 크게 받게 되는데, 에어컨은 대기 중의 온도를 조절함으로써 각종 유해물질이 화학적 반응을 못하게 하여 인체에 유해한 성분을 차단하는 역할을 합니다","F",""
"1","대기오염방지시설에 대해 설명해 주세요.","대기오염방지시설은 중력 집진시설, 관성력 집진시설, 원심력 집진시설, 장력 집진시설, 강력 집진시설, 원자력 집진시설, 화력 집진시설, 수력 집진시설 등 집진을 가능케 하는 에너지를 토대로 다양하게 설치되고 있습니다.","F",""
"1","대기오염방지시설에 대해 설명해 주세요.","배출되는 대기오염물질을 제거하거나 감소시키기 위한 시설로 환경부 장관이 인정하는 시설로 정하고 있습니다. 또한 방지시설에는 오염물질을 포집하기 위한 장치, 오염물질이 통과하는 관로, 오염물질을 이송하기 위한 송풍기 및 각종 펌프 등 방지시설에 필요한 기계, 기구류등을 포함합니다.","P","오염물질을 이송하기 위한 송풍기에 대해 설명해 주세요."
"2","우주기상에 대해 설명해 주세요.","우주기상은 우주 또는 지상의 기술 시스템의 작동과 안정성, 인간의 삶과 건강에 영향을 미칠 수 있는 태양, 태양풍, 자기권, 전리권, 열권의 물리적 조건들을 아울러 이르는 말입니다. 전통적으로 전리권, 열권으로부터 자기권 나아가 지구 근처의 우주 공간이 태양풍과 행성간자기장의 영향을 받는 전자기파와 입자의 환경을 우주환경이라고 합니다.","P","전리권에 대해 설명해 주세요."
"2","우주기상에 대해 설명해 주세요.","우주기상에 중요한 태양 요소는 자외선 및 엑스선 영역의 고에너지 전자기파 복사, 그리고 주로 양성자와 전자로 구성된 태양고에너지입자, 희박한 플라스마로 이루어진 태양풍입니다. 태양풍은 태양자기장을 행성간 공간으로 실어나릅니다. 태양의 고에너지 전자기파는 지구대기와, 태양풍은 지구자기장과 상호 작용하여 전리권과 자기권이라는 독특한 환경을 만듭니다.","P","지구자기장에 대해 설명해 주세요."
"2","우주기상에 대해 설명해 주세요.","우주기상이란 지구 상에서 우주에 가장 가까운 대기권 끝자락 열권에서 일어나는 현상을 말합니다. 지구 내부의 영향보다 외부에 영향을 열권은 많이 받기 떄문에 오로라와 같은 우주 기상 현상이 일어나는 것을 관찰할 수 있습니다","F",""
"2","우주기상에 대해 설명해 주세요.","우주기상은 달과 태양, 지구와의 관계에서 일어나는 기상현상입니다. 따라서 달의 중력에 의해서 발생하는 밀물과 썰물, 일식, 월식 그리고 지구의 공전과 자전에 의해서 발생하는 기후적 현상을 우주 기상이라고 표현하고 있습니다","F",""
"2","우주기상에 대해 설명해 주세요.","우주 기상에서 가장 영향을 많이주는 것은 태양에서 발생하는 요소들 입니다. 태양풍은 다량의 플라즈마가 구성되어있으며, 태양고에너지입자 등이 포함되어 있어 지구뿐만 아니라 태양계의 대부분의 행성에 영향을 주게 됩니다.","F",""
"2","우주기상에 대해 설명해 주세요.","태양에서 발생하는 플레어와 코로나질량방출 등의 폭발현상은 엄청난 양의 전자기파와 고에너지 입자들을 방출하여 우주환경의 급격한 변화를 일으킵니다. 우주환경의 변화는 위성 및 무선 통신, 위성체, 위성궤도 그리고 지상 전력시스템 등과 같이 우주공간 및 지상에 설치된 최첨단 기기의 성능과 신뢰성에 영향에 미칠 뿐만 아니라, 우주비행사 및 비행 승무원의 안전을 위협합니다.","P","플레어에 대해 설명해 주세요."
"1","태양풍에 대해 설명해 주세요.","태양풍은 태양의 가장 바깥 대기인 코로나에서 시작해서 행성간 공간으로 나아가는 플라스마의 흐름입니다. 태양풍은 항성풍의 일종입니다. 다른 항성에서도 상층대기에서 플라스마가 흘러나갑니다. 항성의 종류에 따라, 항성풍은 속도나 분출양이 다릅니다. 태양은 만기형 주계열성으로서, 고온의 자기화된 코로나에서 태양풍이 나옵니다.","P","항성풍에 대해 설명해 주세요."
"1","태양풍에 대해 설명해 주세요.","태양풍은 지구자기장 및 행성 자기장을 교란시킵니다. 태양풍의 영향권에 있는 모든 영역을 태양권이라고 합니다. 태양권의 경계면은 태양권계면이라고 부릅니다. 태양풍은 속도에 따라 빠른태양풍과 느린태양풍으로 구분합니다. 빠른태양풍과 느린태양풍은 속도 뿐만 아니라 여러 가지 플라스마의 물리적 특성이 서로 다릅니다.","P","빠른태양풍에 대해 설명해 주세요."
"1","태양풍에 대해 설명해 주세요.","태양풍은 태양의 에너지 운동으로 인해서 발생하는 바람의 일종입니다. 다량의 플라즈마를 포함하고 있으며 태양 고에너지 입자 등도 미약하게나마 포함되어 있기 떄문에 태양풍이 태양계 전체 행성에 영향을 주고 있습니다","F",""
"1","태양풍에 대해 설명해 주세요.","태양풍은 태양의 강력한 자기장이 여러 행성과의 자기장과 차이가 발생하기 떄문에 생기는 현상으로 고압인 태양 자기장에서 저압인 행성 자기장으로  부는 바람을 의미합니다 .그러나 태양풍의 이동거리는 굉장히 짧아서 금성까지만 영향을 받게 도비니다","F",""
"1","태양풍에 대해 설명해 주세요.","태양풍은 태양이라는 항성이 발생시키는 항성풍으로  다른 항성까지 상층대기에서 플라즈마를 흘려보냅니다. 항성의 종류와 무관하게 항성풍은 언제나 일정한 값을 가지기 때문에 태양풍의 속도와 플라즈마 분출양 역시 동일합니다","F",""
"1","태양풍에 대해 설명해 주세요.","플라스마는 행성간 공간을 진행하는 동안 자기력선에 묶여있습니다. 이를 플라스마가 자기력선에 동결되어 있다고 표현합니다. 따라서, 태양풍이 발생하는 지역의 플라스마 특성에 따라 태양풍의 물리적 특성이 결정됩니다. 태양풍이 태양대기의 어느 지역에서 발생하여 불어오는가는 태양풍의 물리적 특성 및 가열, 가속 기작을 이해하는데 매우 중요합니다.","P","태양대기의 특징을 설명해 주세요."
"1","스콜에 대해 설명해 주세요.","갑자기 불기 시작하여 몇 분 동안 계속된 후 갑자기 멈추는 바람을 말합니다. 돌풍과 다른 것은 지속 시간이 돌풍보다 길다는 점입니다. 풍향도 급변할 때가 많습니다. 흔히 강수와 뇌우 등의 변화를 가리키기도 하는데, 이 경우에도 바람의 돌연한 변화를 동반하는 경우에 한합니다.","P","돌풍과 스콜의 차이점을 설명해 주세요."
"1","스콜에 대해 설명해 주세요.","광범위하게 발생할 경우에는 이동하는 선에 따라 스콜선이 나타납니다. 스콜선은 한랭전선 부근이나 적도무풍대에서 발생하기 쉽습니다. 일반적인 스콜은 증발량이 많은 열대 지방에서 자주 내리는데, 열대 지방에서는 한낮에 강한 일사로 인해 대류 작용이 왕성하기 때문입니다. 우리나라에서 한여름에 내리는 소나기도 스콜의 일종입니다.","P","적도무풍대에 대해 설명해 주세요."
"1","스콜에 대해 설명해 주세요.","스콜이란 갑자기 강력한 바람이 생성되는 현상으로 그 현상의 원인은 태풍과 유사합니다. 고압과 저압의 압력차이에 의해서 발생하며, 예측이 수월하여 스콜에 의한 피해는 20세기 이후로 발생하고 있지 않습니다.","F",""
"1","스콜에 대해 설명해 주세요.","스콜이란 갑자기 불기 시작하여 몇 분 동안 계속된 후 소멸하는 바람의 일종입니다. 스콜은 원래 열대 지방에 국한되어 있던 기상현상으로 여겨져 있었으나 현재 이상기후가 발생함에 따라 우리나라에서도 쉽게 발견할 수 있습니다","F",""
"1","스콜에 대해 설명해 주세요.","스콜은 갑자기 예측할 수 없는 비를 동반한 바람을 의미합니다. 주로 동남아시아 열대 지역에서 발생하는 것이 일반적이며, 북극 지방에서도 자주 확인되지만 비를 동반하지 않아 관찰하는 것이 불가능합니다.","F",""
"2","기상의 원동력을 설명해 주세요.","자전하면서 태양의 둘레를 공전하고 있는 지구는 항상 태양복사를 받고 있습니다. 태양복사에너지의 대부분은 파장이 0.2∼3μm에 있지만, 복사의 세기가 최대인 파장은 470nm 부근이고, 가시광선의 파장범위가 320∼780nm이므로 실제로 태양복사에너지의 대부분은 가시광선에 의하여 공급된다고도 할 수 있습니다.","P","가시광선에 대해 설명해 주세요."
"2","기상의 원동력을 설명해 주세요.","지구대기로 입사해온 태양복사의 약 34%는 반사 ·산란 등에 의해서 공간으로 되돌아가고, 나머지 일부는 대기가 흡수하여 결국 약 47%가 지구표면에 도달하여 지표를 가열하게 됩니다. 그런데 지구는 회전타원체이기 때문에 위도에 따라 받아들이는 복사에너지가 같지 않고 지표면의 상태도 다르므로 지역적으로 온도차가 생깁니다.","P","반사와 산란에 대해 설명해 주세요."
"2","기상의 원동력을 설명해 주세요.","공전하는 지구는 태양에 의해 태양복사에너지를 지속적으로 받아들이게 됩니다. 태양복사에너지는 고압과 고온의 에너지이기 때문에 상대적으로 저온저압인 지구의 대기에 지속적인 영향을 주며 여름이 더운 이유이기도 합니다","F",""
"2","기상의 원동력을 설명해 주세요.","기상의 원동력은 달입니다. 태양복사에너지가 지속적으로 지구에 흘러들어오지만 지구복사평형에 의해서 그 에너지만큼 방출하기 떄문에 달이라는 변수가 없다면 기상이 발생하지 않기 때문입니다.","F",""
"2","기상의 원동력을 설명해 주세요.","지구 대기로 입사해온 태양복사의 34%는 흡수되어 소멸하고 남은 47%는 지구표면에 의해 반사되어 지구복사에너지가 됩니다. 기상의 원동력은 해당 지구복사에너지로 대기의 태양복사 흡수량에 따라 그 크기가 달라지ㄴ느 특징을 가지고 있습니다","F",""
"2","기상의 원동력을 설명해 주세요.","대순환과정에서 나타나는 변화가 기상이기 때문에 기상의 원동력은 태양복사에너지라고 할 수 있습니다. 실제로 기상의 원동력이 되고 있는에너지의 99.97%를 태양으로부터 받고 있습니다. 그러나 태양의 활동만으로 기상이 좌우된다고는 할 수 없습니다. 그 이유는 태양복사가 지구대기로 입사하는 과정이나, 지구와 지구대기가 장파복사를 방출하여 복사평형을 유지하게 되는 과정이 지극히 복잡하기 때문입니다.","P","복사평형에 대해 설명해 주세요."
"2","페렐순환에 대해 설명해 주세요.","중위도 고압대에서 지표로 하강한 공기의 일부는 위도 60도 부근에 위치한 한대 전선대 쪽으로 올라가는데, 전향력에 의하여 오른쪽으로 편향되므로 지상에 편서풍으로 형성합니다. 편서풍을 따라 고위도 쪽으로 올라온 따뜻한 공기는 한대 전선대에서 찬 공기를 만나 상승 기류를 형성하면서 저기압을 이룹니다.","P","전향력에 대해 설명해 주세요."
"2","페렐순환에 대해 설명해 주세요.","극지방에서는 차가운 공기가 하강해서 지표면을 따라 적도로 향하게 되고 이 공기가 30°N 부근에서 북상한 공기와 60°N 부근에서 만나 다시 상승합니다. 이때 상승한 공기는 상공에서 일부는 적도쪽으로, 나머지는 극쪽으로 향합니다. 이처럼 30°N∼60°N에 하나의 세포가 형성되는 데 이를 페렐순환이라고 부릅니다.","P","극지방에 대해 설명해 주세요."
"2","페렐순환에 대해 설명해 주세요.","페렐순환이란 열대 지방에서 더운 공기가 지속적으로 상승하면서 지표면을 따라 극지방으로 향하게 되고, 다시 극지방에서 차가운 공기가 지속적으로 하강하면서 지표면을 따라 열대지방으로 오는 순환과정을 의미합니다.","F",""
"2","페렐순환에 대해 설명해 주세요.","페렐순환은 지구의 대기에서 발생하는 가장 기초적인 순환을 의미합니다. 이로 인해 편서풍이 발생하는데 편서풍은 언제나 서쪽으로 부는 바람을 의미하며, 페렐순환이 동에서 서로 순환되기 떄문에 발생하는 현상으로 여겨지고 있습니다.","F",""
"2","페렐순환에 대해 설명해 주세요.","중위도 고압대에서 지표를 따라 상승한 공기의 일부는 대기를 타고 상승함에 따라 온도가 하락하며 한대 전선대 쪽으로 흡수하게 되는데, 이로 인해 저온의 공기가 하강하는 과정을 페렐순환이라고 하며, 주로 극지방의 협소한 지역에서만 발생합니다","F",""
"1","무지개의 종류를 설명해 주세요.","제1차 무지개는 대일점을 중심으로 반지름 약 42°의 광륜으로서, 바깥쪽에 파장이 긴 적색, 안쪽에 파장이 짧은 청색이 나타납니다. 제2차 무지개는 흔히 쌍무지개라 하는 것으로, 빗방울 안에서 빛이 두 번 굴절·반사되어 만들어지며, 흔하지는 않지만 종종 볼 수 있습니다. 제2차 무지개는 제1차 무지개와는 달리 반지름이 약 51°로서 색의 배열순서가 반대로 나타납니다.","P","2차 무지개에 대해 설명해 주세요."
"1","무지개의 종류를 설명해 주세요.","과잉무지개는 제1차 무지개의 안쪽과 제2차 무지개의 바깥쪽에 나타나는데, 이것들은 제1차 무지개 및 제2차 무지개를 만드는 물방울로부터의 빛의 간섭에 의해서 생긴다고 보고 있습니다. 반사무지개는 태양광선이 매끄러운 수면에 반사된 다음 물방울에 입사될 때, 제1차 무지개 위에 생기는 같은 크기의 엷은 무지개입니다.","P","빛의 간섭에 대해 설명해 주세요."
"1","무지개의 종류를 설명해 주세요.","무지개란 미가 오기 전 태양을 마주보고 섰을 때 볼 수 있는 호를 이루는 띠 혹은 비가 온 뒤에 볼 수 있는 띠입니다. 보통 무지개는 맑은 하늘에 남아있는 수증기의 잔상이 태양빛에 의해 반사되는 것이 가시적으로 보이는 현상입니다","F",""
"1","무지개의 종류를 설명해 주세요.","무지개는 지역에 따라서 다양하게 나타납니다. 온대 지방에서 발생하는 무지개가 가장 일반적이지만 북극과 같은 극지방에서는 저온이 지속적으로 유지되기 때문에 더 다채로운 스펙트럼을 지닌 무지개가 관찰되고 있습니다.","F",""
"1","무지개의 종류를 설명해 주세요.","무지개 구름은 채운이라고도 하며, 생성원리는 무지개와 다르게 공기 중의 수증기가 아닌 구름 입자들이 햇빛에 반사가 돼서 생기는 무지개빛 현상입니다. 주로 몽골에서 관측되며 가끔 하늘의 반이 무지개 빛으로 물들 떄도  있습니다","F",""
"1","무지개의 종류를 설명해 주세요.","안개무지개는 반지름이 30μm보다 작은 물방울의 경우 대일점으로부터 37~40°의 거리에 나타나며, 테만 엷게 물든 폭이 넓은 무지개입니다. 수평무지개는 수면 위 등에서 수평면에 줄지어 떠 있는 물방울에 의해서 생깁니다. 모양은 태양고도가 42° 또는 51°보다 작은가, 큰가, 같은가에 따라 각각 쌍곡선 모양, 타원 모양, 포물선 모양으로 보입니다.","P","수평무지개에 대해 설명해 주세요."
"1","극야에 대해 설명해 주세요.","북위와 남위 66.5° 이상의 극지에서 나타나는 현상으로, 해가 지지 않는 백야와 반대로 해가 뜨지 않는 것을 말합니다. 지구의 자전축이 23.5° 기울어져 있기 때문에, 극지에서는 적어도 1년에 하루 이상 여름에는 해가 지지 않고, 겨울에는 해가 뜨지 않는 날이 나타납니다.","P","지구의 자전축에 대해 설명해 주세요."
"1","극야에 대해 설명해 주세요.","극야 날의 수는 고위도로 갈수록 많아지는데, 북극권과 남극권 부근에서는 1년에 하루 정도, 북극점과 남극점에서는 1년에 6개월 정도 백야와 극야가 계속됩니다. 추분 때부터 춘분에 이르기까지 계속해서 해가 뜨지 않고 밤이 길어져 극야가 나타나게 되며, 고위도 지방일수록 일출이 늦고 일몰이 빨라 밤이 길어집니다.","P","북극점에 대해 설명해 주세요."
"1","극야에 대해 설명해 주세요.","극야란 위도 48.6도 이상인 지역에서 여름 동안 밤하늘이 밝아지는 현상을 말합니다. 하얀 밤이라는 표현은 러시아에서 쓰는 것으로 스웨덴 등 다른 지방에서는 이를 한밤의 태양이라고 표현하기도 합니다.","F",""
"1","극야에 대해 설명해 주세요.","극야는 저위도에서 많이 발생합니다. 백야와 반대로 해가 뜨지 않는 현상을 말하며, 저위도 지방일수록 일출이 늦고 일몰이 빠르게 되는데 해당 일출과 일몰 점이 일치되는 시점이 극야가 발생하는 시점으로 추측되고 있습니다","F",""
"1","극야에 대해 설명해 주세요.","극지방에서 겨울철에 해가 뜨지 않는 현상을 극야라고 하며 남반구에서만 관찰되고 있습니다. 지구의 자전축이 기울어져있기 때문에, 공전하며 남반구가 가장 태양과 멀어지는 시점을 극야가 발생하는 시점으로 추측하고 있습니다","F",""
"1","극야에 대해 설명해 주세요.","극지방에서 겨울철에 해가 뜨지 않고 밤이 지속되는 기간이며, 북반구와 남반구에서 번갈아 일어납니다. 북반구에서는 동지를, 남반구에서는 하지를 중심으로 이러한 현상이 나타납니다. 극야 동안에는 적외선복사에 의한 냉각이 진행되어 저온현상이 일어나며, 그 결과 극지방 상공의 대기가 저압부를 형성하게 됩니다.","P","적외선 복사에 의한 냉각에 대해 설명해 주세요."
"1","탄소발자국에 대해 설명해 주세요.","탄소 발자국이라는 개념은 2006년 영국의회 과학기술처에서 최초로 제안하였는데, 제품을 생산할 때 발생되는 이산화탄소의 총량을 탄소 발자국으로 표시하게 하는 데에서 유래하였습니다. 이는 지구온난화와 그에 따른 이상 기후, 환경 변화, 재난에 대한 관심과 우려가 커지면서 그 원인들 중 하나로 제시되는 이산화탄소의 발생량을 감소시키고자 하는 취지에서 사용하기 시작하였습니다.","P","지구온난화에 대해 설명해 주세요."
"1","탄소발자국에 대해 설명해 주세요.","탄소 발자국의 표시는 무게 단위인 kg 또는 실제 광합성을 통해 감소시킬 수 있는 이산화탄소의 양을 나무의 수로 환산하여 표시합니다. 친환경기업에 대한 우호적인 인식이 증가함에 따라 영국, 캐나다, 미국, 스웨덴 등에서 적극적으로 시행 중이며, 한국에서도 2009년부터 제품의 제작과정부터 유통과정에 걸쳐 발생하는 이산화탄소 배출량을 제품에 표기하여 소비자들에게 제공하고 있습니다.","P","광합성에 대해 설명해 주세요."
"1","탄소발자국에 대해 설명해 주세요.","탄소발자국이란 인위적인 활동에 의해서 발생하는 일산화탄소를 줄이는데 필요한 적정 식물량을 의미합니다. 식물이 광합성을 할 떄는 일산화탄소를 흡수하여 산소를 발생시키는데 해당 산소 발생량을 탄소발자국으로 표현하고 있습니다","F",""
"1","탄소발자국에 대해 설명해 주세요.","탄소발자국이란 화석을 지칭하는 것으로 화석에서 발자국과 같은 동물의 흔적을 전문적으로 지칭하는 용어입니다. 대부분의 화석발자국의 구성요소가 탄소산화물로 이루어져 있기 때문에 발생한 별칭으로 대중적으로도 사용되고 있습니다","F",""
"1","탄소발자국에 대해 설명해 주세요.","탄소발자국은 L로 표현됩니다. 특정 이산화탄소를 산소로 정화시킬 수 있는 생물의 밀도로서 표현되며 주로 일정한 구획에서 해당 기능을 할 수 있는 생물의 비율을 통해 측정합니다. 우리나라의 평균 탄소발자국은 14%로 측정되었습니다","F",""
"1","기류에 대해 설명해 주세요.","기류란 공기의 흐름입니다. 찬공기는 밀도가 크고 더운공기는 밀도가 작습니다. 태양복사에너지에 의한 공기의 가열은 결국 위도에 따른 온도차를 나타내게 됩니다. 이런 이유로 대류현상이 일어나게 되고 공기의 흐름이 발생되게 됩니다. 상승기류는 공기가 위로 올라가는 것이고, 하강기류는 공기가 아래로 내려가는 것을 말합니다.","P","상승기류와 하강기류에 대해 설명해 주세요."
"1","기류에 대해 설명해 주세요.","고기압은 주위의 대기보다 기압이 높은 지역으로 고기압의 크기는 등압선의 분포로부터 알 수 있습니다. 북반구에서는 고기압 중심으로부터 바람이 시계 방향으로 불고, 남반구에서는 반대로 붑니다. 일반적으로 고기압은 규모가 대단히 커서 직경이 1,000∼4,000km에 이르며, 이 기압권 내에서는 대단히 약하기는 하나 하강기류가 있기 때문에 일기가 양호하고 바람이 약합니다.","P","북반구에서는 바람이 시계방향으로 부는 이유를 설명해 주세요."
"1","기류에 대해 설명해 주세요.","기류란 공기의 흐름을 의미합니다. 찬공기의 경우 온도가 낮기 떄문에 밀도가 낮고 더운 공기는 밀집되는 성질을 가지고 있어 밀도가 크게 됩니다. 주로 더운 공기는 하락하는 성질이 있기 떄문에 대기권의 밀도는 아래로 갈수록 높습니다","F",""
"1","기류에 대해 설명해 주세요.","기류란 공기가 어떤 방식으로 이동하는지를 보여주는 현상입니다. 주로 대기권의 아래부분의 저온이며 윗부분이 고온이기 떄문에 기류는 고온에서 저온으로 저기압에서 대기압으로 공기가 이동하는 현상을 가리키고 있습니다.","F",""
"1","기류에 대해 설명해 주세요.","고기압에서 저기압으로 대기가 이동하는 경우가 많은데 이는 기류때문입니다 .고기압에서는 상승기류가 만들어지며 저기압은 하강기류가 만들어지기 떄문에, 대기의 순환이 가능하게 되며 이에 대한 대표적인 예시가 페렐순환입니다","F",""
"1","기류에 대해 설명해 주세요.","저기압은 상승기류가 만들어지는데, 열대 바다는 하루종일 뜨거운 햇빛이 쨍쨍 내리쬐기 때문에 뜨거워진 공기가 위로 올라갑니다. 그리하여 엄청난 상승기류가 생기고, 열대성저기압이 만들어집니다. 이렇게 상승하면 구름이 만들어지고 비가 내릴 수 있습니다.","P","구름이 만들어지는 과정을 설명해 주세요."
"1","개기일식에 대해 설명해 주세요.","지구상에서 개기일식을 볼 수 있는 곳은 일식 때 달의 본영이 지나는 지표면상의 띠 모양의 지역에 한정되며, 이 지역을 개기대라 합니다. 개기대 내의 한 지점에서 개기일식 지속시간은 그 때의 태양과 달의 거리에 따라 달라지는데, 최대 7분 40초이나 보통은 몇 분에 지나지 않습니다.","P","개기대에 대해 설명해 주세요."
"1","개기일식에 대해 설명해 주세요.","개기일식은 태양-달-지구 순서로 배열될 때 달이 태양을 완전히 가리는 현상입니다. 태양과 달이 완전히 겹쳐졌으나 달의 시직경이 태양의 시직경보다 작아 태양면 전부를 가리지 못해 반지 모양으로 가려지면 금환식 또는 금환일식이라고 합니다. 개기일식의 경우 태양의 광구에서 나오는 강한 빛이 가려지기 때문에 평소에 맨눈으로 볼 수 없던 홍염이나 채층, 코로나를 관측할 수 있습니다.","P","금환일식에 대해 설명해 주세요."
"1","개기일식에 대해 설명해 주세요.","일식은 달이 지구의 본 그림자 속에 들어갈 떄 관측되는 개기 일식과 달이 지구의 본 그림자와 반 그림자 사이에 위치할 때 관측되는 부분일식으로 구분됩니다. 개기일식의 경우 주기가 있어 60년에 한 번씩 이뤄지는 성질을 지니고 있습니다","F",""
"1","개기일식에 대해 설명해 주세요.","태양-지구-달 순서로 각 행성이 배치되었을 때 개기일식이 발생합니다. 개기일식은 주로 밤에 발생하는 현상이기 떄문에 육안으로는 관측이 어려우며, 낮에 관찰된 경우에는 태양의 세기가 작아지는 현상이기 떄문에 눈으로 관찰할 수 있습니다","F",""
"1","개기일식에 대해 설명해 주세요.","개기일식이란 달에 의해서 태양이 완전히 가려지는 현상을 의미합니다. 그러나 개기일식에 의해서 태양과 마주보는 달의 표면이 급격한 온도 상승을 겪에 됨에 따라서 지구에서 이상현상이 발생하는 경우도 존재합니다","F",""
"1","개기일식에 대해 설명해 주세요.","일식은 달이 태양과 지구 사이에 놓여 지구에서 볼 때 달이 태양을 완전히 가리는 현상입니다. 이때는 태양·달·지구가 일직선 상에 놓이기 때문에 그믐일 때에만 일어나는 현상이고 태양에 의한 달의 그림자가 지상에 생깁니다. 태양·달·지구가 일직선 상에 놓여서 생기는 개기일식은 태양과 달의 크기, 지구로부터 태양과 달의 거리, 지구와 달의 공전궤도 등이 절묘한 조화를 이루어 일어나는 현상입니다.","P","그믐에 대해 설명해 주세요."
"2","대기의 기원에 대해 설명해 주세요.","현재 지구의 대기는 태양이나 그밖에 태양계내의 다른 행성들과 그 조성에 있어 매우 다릅니다. 약 46억 년 전 지구가 탄생할 당시 지구는 태양과 같이 수소나 헬륨과 같은 기체로 싸여 있었지만 어떤 강한 메카니즘에 의해 원시대기는 흩어져 지구로부터 없어져서 거의 진공상태로 된 다음 화산폭발 같은 과정을 통해 지구내부로부터 분출되어 나온 가스로 다시 채워져 오늘날과 같은 지구의 대기를 이룬 것으로 알려져 있습니다.","P","원시대기에 대해 설명해 주세요."
"2","대기의 기원에 대해 설명해 주세요.","화산 분출가스의 성분을 보면 수증기가 약 85%이고 그 다음 약 10%의 탄산가스, 수%의 질소 그리고 유황, 나트륨, 염소 등으로 되어 있어 현재 지구대기의 성분인 약 78%의 질소, 21%의 산소 비율과는 큰 차이가 나고 있습니다. 이는 화산가스의 성분이 수십억년의 세월을 지나면서 수권, 암권, 생물권과의 상호 복합적인 활동을 통해 오늘날과 같은 대기의 성분을 이룬 것으로 생각됩니다.","P","수권과 암권에 대해 설명해 주세요."
"2","대기의 기원에 대해 설명해 주세요.","대기의 기원은 원시 지구에서는 90%가 수소로 이루어져있었습니다. 따라서 원시 지구에서는 지속적은 폭발이 발생하였는데 해당 폭발로 인한 화학적인 변화로 인해서 현재의 대기까지 지속적으로 변화하게 되었습니다","F",""
"2","대기의 기원에 대해 설명해 주세요.","대기의 기원은 수소나 헬륨이 대부분이었지만, 화산 분출가스가 유입되거나 소행성이 충돌하면서 발생한 우주의 먼지와 검은물질이 유입됨에 따라서 현재 지구의 대기 성분의 비율인78%질소 21%의 산소 비율이 탄생하였습니다","F",""
"2","대기의 기원에 대해 설명해 주세요.","대기의 기원은 지구의 탄생 때 거대한 폭발이 일어남에 따라서 현재와 같은 질소 78%와 산소 21% 기타 1%의 비율로 탄생하였고 100년 전까지 영구적이었으나 인위적인 활동에 의해서 해당 비율이 조정되고 있는 상황입니다","F",""
"2","대기의 기원에 대해 설명해 주세요.","대체로 지금부터 약 30억 년 전 해양중에 발생한 식물에 의해 광합성이 시작되었다고 합니다. 자외선의 영향으로부터 벗어날 수 있는 충분한 깊이이지만 광합성에 필요한 가시광선은 도달할 수 있을 정도의 깊이에 생존하고 있었던 원시식물에 의한 광합성으로부터 바닷속에 산소가 생성되고 그와 더불어 대기에 산소가 모여짐에 따라 오존층이 생성된 것으로 보고 있습니다.","P","오존층에 대해 설명해 주세요."
"2","라디오존데에 대해 설명해 주세요.","라디오존데는 일반적으로 온도, 습도, 기압을 측정합니다. 라디오존데 구조는 계기부, 발진기부, 전원부, 수용상자로 구성되어 있습니다. 라디오존데 온도 감지기가 측정하는 것은 물체의 전기 저항, 정전용량 및 전압 등에서 유도 변화하여 기온으로 나타냅니다. 라디오존데 습도 감지기는 수증기 함유량에 좌우되는 대기의 특성을 직접 측정하는 장치가 될 수도 있고, 주지한 방식으로 주변 습도의 변화에 따라 반응하는 물질이 될 수도 있습니다.","P","계기부에 대해 설명해 주세요."
"2","라디오존데에 대해 설명해 주세요.","라디오존데 기압 감지기는 감지기의 일부가 기압변화에 비례하여 변화하는 아네로이드 셀로 구성됩니다. 일부 라디오존데는 기압을 측정하지는 않고 온도, 습도 및 고도 데이터를 이용하는 고도분포 방정식으로부터 계산합니다. 경우에 따라 라디오존데는 풍속과 방향만을 측정하기도 합니다.","P","아네로이드 셀에 대해 설명해 주세요."
"2","라디오존데에 대해 설명해 주세요.","라디오존데는 상공의 기압과 기온, 습도 등을 측정하는 기계입니다. 그러나 풍향과 풍속 등에 영향을 받기 때문에 풍향과 풍속은 측정 대상에서 제외하며 고층 기상 관측에 사용되며, 레이윈 존데 역시 비슷한 기능을 하는 기계입니다.","F",""
"2","라디오존데에 대해 설명해 주세요.","라디오 존데는 기상관측 도구의 일종으로 하늘 위로 높이 띄워서 구름의 밀도나 먼지의 양, 수증기의 정도, 기압 등을 측정하는 기상장비지만, 알파선, 베타선, 감마선, 중성자선과 같이 비가시적인 요소는 측정 불가능합니다","F",""
"2","라디오존데에 대해 설명해 주세요.","라디오존데를 런처하는 방식으로는 라디오존데 하나를 꺼낸 뒤, 점검기에 넣고 자가 테스트를 진행하고, 수신장비가 전파를 잡았는지 확인한뒤, 가스를 넣은 풍선에 런처를 장착한 뒤에 적절한 양의 수소로 런처를 하게 됩니다","F",""
"2","라디오존데에 대해 설명해 주세요.","기구로 띄운 라디오존데를 이용하여 기압, 온도 및 상대습도 등을 측정하는 것입니다. 라디온존데 관측의 처리 데이터는 의무지정값 및 주요 기압면에서 지오퍼텐셜 고도, 온도 및 이슬점으로 표시합니다. 상공의 바람 정보를 결정하기 위해 라디오존데의 위치를 측정하는 경우 해당 관측을 라윈존데 관측이라고 부릅니다.","P","이슬점에 대해 설명해 주세요."
"1","기상재해에 대해 설명해 주세요.","강풍·호우·대설·뇌우·이상건조, 지속적인 저온현상 등이 있습니다. 이들에 의한 건조물 풍해·눈사태·낙뢰·화재·고조·홍수·산사태·설해·한발·농작물냉해·스모그 등이 발생합니다. 기상재해는 기상적 원인만으로 발생하는 것은 거의 없고, 일반적으로 다른 원인과 겹쳐서 발생합니다.","P","낙뢰에 대해 설명해 주세요."
"1","기상재해에 대해 설명해 주세요.","기상재해는 사전에 대책을 강구함으로써 방지·경감할 수 있습니다. 따라서 중앙기상대는 재해를 일으킬 우려가 있는 기상현상을 예견했을 때는 주의보·경보를 발표하여 국민·방재담당부서·보도기관에 통보합니다. 한국은 기상재해가 많은 편으로, 태풍·저기압·전선 등의 영향을 받기 쉬운 지리적 위치, 헐벗은 산이 많아 홍수·산사태가 일어나기 쉽다는 것, 인구밀도가 높다는 사실 등에 기인합니다.","P","기상현상을 예견하는 방법에 대해 설명해 주세요."
"1","기상재해에 대해 설명해 주세요.","기상재해란 인공적인 행위에 의해서 기상이 자연적으로 발생하지 않는 새로운 현상이 나타나는 것을 총칭합니다. 주로 산성비,황사,미세먼지 등이 대표적이며 자연적으로 발생하는 기상재해란 존재하지 않으며 자연재해로 표현합니다.","F",""
"1","기상재해에 대해 설명해 주세요.","우리나라는 지구 상에서 유일하게 기상재해가 발생하지 않는 지역입니다. 태풍과 같은 자연재해가 발생하기는 하지만, 굉장히 미약하며 기상재해는 극심한 인명피해를 낳는 자연재해를 일컫는 용어이기  때문입니다.","F",""
"1","기상재해에 대해 설명해 주세요.","기상재해는 사전에 대책을 고려할 수 없다는 한계가 있습니다. 기상재해는 지구 내부의 운동에 의해서 발생하는 것이 대부분이기 떄문에, 인간의 현재 기술력으로는 사전에 기상 재해가 발생할지를 예측할 수 없기 때문입니다.","F",""
"1","기상재해에 대해 설명해 주세요.","우리나라에서 발생하는 대부분의 자연재해는 이상 기상현상이 원인이 되어서 발생하는 기상재해에 해당합니다. 기상재해의 발생 요인으로는 태풍, 호우, 대설 등이 있습니다. 우리나라는 매년 여름철에 호우로 인하여 인명과 재산 피해를 입고 있으며, 이와 같은 수해는 저기압, 장마전선, 태풍 등에 의해 발생합니다.","P","우리나라가 매년 여름철 호우로 인한 피해가 발생하는 이유를 설명해 주세요."
