"1","시추에 대해 설명해 주세요.","지각 내부의 여러 지식을 얻기 위하여, 또는 석유 ·천연가스, 온천 ·지하수 등을 채취하기 위하여 이루어집니다. 사용 목적에 따라 규모도 여러 가지가 있는데 길이는 수 m에서 수천 m, 지름은 수 mm에서 수십 cm에 이르는 것이 있습니다. 오늘날은 수직갱도로 사용할 목적으로 지름 수 m에 이르는 대규모의 시추도 실시됩니다.","P","지하수에 대해 설명해 주세요."
"1","시추에 대해 설명해 주세요.","굴착 방법에 따라 분류하면, 비트에 충격을 주어 암석을 파쇄하여 천공하는 충격식과, 철관 끝에 다이아몬드·초경합금을 끼워넣은 비트를 암석면에 대하여 누르면서 회전시켜 구멍을 뚫는 회전식이 있습니다. 대규모의 시추설비에서 사용하는 철관의 길이가 길어지므로 어떤 일정한 길이의 철관을 차례로 연결시켜 길이를 연장시킵니다.","P","회전식 굴착 방법에 대해 설명해 주세요."
"1","시추에 대해 설명해 주세요.","지각 내부에서 여러 자료를 얻거나 물질을 얻기 위해서 땅을 파는 모든 행위를 시추라고 합니다. 다만 시추는 지반이 약한 지역만 가능하기 때문에 주로 해안가와 같은 토양에 습기가 가득한 지역에서 이뤄진다는 특징을 지니고 있습니다.","F",""
"1","시추에 대해 설명해 주세요.","시추는 광산에서도 가능합니다. 그러나 광산 시추는 다양한 질료를 포함하고 있기 때문에 시추  전 사전조사가 필수적입니다. 따라서 예비적인 조사를 위해 시추를 행하기도 하는데이를 예비시추라고 합니다. 또한 시추는 다양한기기가 많이 필요하기 떄문에 비용이 많이 발생합니다.","F",""
"1","시추에 대해 설명해 주세요.","시추란 지표면에 국한되지 않습니다. 현대 기술의 발달로 인하여 시추의 범위가 지표면 10km에서 100km로 크게 확대됨에 따라서 지구 내부의 멘틀까지 시추 범위가 확대되었습니다. 이로 인해 가설로만 존재했던 멘틀의 구성요소를 파악하게 되었습니다.","F",""
"1","시추에 대해 설명해 주세요.","지하의 광상을 상대로 하는 광산에서도 시추는 중요한 작업입니다. 광산에서는 배수구멍이나 통기용 구멍으로, 광석이나 폐석을 통과시키는 통로로서, 또는 전선용 케이블을 통과시키기 위한 목적으로 사용되는 경우도 있습니다. 지질 ·광상의 탐사나 선진시추라고 하여 갱도를 굴진하기에 앞서서 예비적인 조사를 위하여 시추를 행하는 것이 보통입니다.","P","선진시추에 대해 설명해 주세요."
"1","갱도에 대해 설명해 주세요.","광산 ·탄광 또는 토목공사를 위하여 지하에 뚫어놓은 길인데 지하에 부존하는 광상 ·탄층에 이르러 그것을 채취하기 위해서나, 지하발전소의 건설을 위해 건설 지점에 이르기 위해서는 갱도가 필요합니다. 수직으로 파내려간 것을 수직갱 또는 수갱이라 하고, 경사지게 파내려간 것을 사갱, 수평적인 것을 수평갱이라 합니다.","P","사갱에 대해 설명해 주세요."
"1","갱도에 대해 설명해 주세요.","광산에서는 갱외에서 직접 광상 ·탄층에 이르는 주요 갱도를 통동 이라고도 합니다. 갱도는 목적 ·위치 ·크기 등에 따라 다양한 이름이 있습니다. 목적에 따라 탐광갱도 ·탐탄갱도 ·채굴갱도 ·운반사갱 등이 있습니다. 위치 ·지명에 따라서 중앙수갱 ·350m 갱도 등이 있으며, 크기에 따라서는 대수갱·복선갱도 등이 있습니다.","P","복선갱도에 대해 설명해 주세요."
"1","갱도에 대해 설명해 주세요.","광산의 광업을 위해서 파놓은 동굴을 모두 갱도라고 합니다. 갱도는 목적은 단일하지만 그 과정에서 나오는 종류에 따라서 이름이 다양합니다. 또한 최근에는 버려진 갱도를 관광지 목적으로 사용되고 있습니다만, 갱도의 중요도가 낮아짐에 따라 갱도의 본 목적은 소실되었습니다.","F",""
"1","갱도에 대해 설명해 주세요.","갱도는 광산, 탄광 또는 토목 공사를 위해서 지하에 뚫어놓은 길을 의미합니다. 갱도의 개수가 많은 국가 일수록 상대적으로 후진국으로 분류되고 선진국의 경우 갱도가 이미 완공된 경우가 많기 때문에 갱도의 개수가 적은 것이 특징입니다.","F",""
"1","갱도에 대해 설명해 주세요.","광산 ·탄광 또는 토목공사를 위하여 지하에 뚫어놓은 길인데 지하에 부존하는 광상 ·탄층에 이르러 그것을 채취하기 위해서나, 지하발전소의 건설을 위해 건설 지점에 이르기 위해서는 갱도가 필요합니다. 지표면에서 90도로 뚫은 갱을 수평갱이라 하고, 경사지게 파내려간 것을 수갱, 수평적인 것을 수평갱 혹은 사갱이라 합니다.","F",""
"1","갱도에 대해 설명해 주세요.","지하발전소 등에서도 목적과 용도에 따라 주터널 ·케이블 터널 등의 이름을 붙입니다. 크기는 단면적 4제곱미터 정도에서부터 수백톤의 광석이나 석탄을 적재한 화물열차가 왕복하며 형광등이 콘크리트 갱도벽을 조명하고 있는 대규모의 것 등 여러 가지가 있습니다. ","P","지하발전소의 특징에 대해 설명해 주세요."
"1","해양굴착에 대해 설명해 주세요.","바다나 호수 밑의 지하에 존재하는 자원을 채취하기 위하여 인공섬 또는 굴착장치를 사용해서 갱정을 굴착하는 일입니다. 해저굴착 또는 해저시추라 하며, 주로 석유를 얻기 위하여 행하여집니다. 해양굴착장치는 굴착장치 외에 부대장치를 장비한 것으로서 고정식과 이동식으로 크게 구별합니다. ","P","해양굴착장치의 종류에 대해 설명해 주세요."
"1","해양굴착에 대해 설명해 주세요.","이 기술은 해양유전 ·가스전의 탐광개발에 사용되며, 작업경비가 육상작업의 약 3배나 소요된다는 점, 작업이 날씨에 지배되기 쉽다는 점, 특히 풍파의 영향을 받기쉽다는 점 등의 문제점이 있습니다. 하지만 석유기술 이외에도 토목기술 ·광산기술 ·지질기술에 있어서 바다 밑의 지질광상의 시료채취나 공사의 추진 등을 목적으로 여러 방면에 활용되고 있습니다.","P","해양유전에 대해 설명해 주세요."
"1","해양굴착에 대해 설명해 주세요.","해양굴착이란 해양에 존재하는 자원을 채취하기 위해서 굴착장치를 이용하여 갱도를 만든 것을 의미합니다. 시추를 위해서도 사용되지만 해양굴착에 대한 기술적 한계로 인하여 지표면과 인접한 해안에서만 주로 시행됩니다.","F",""
"1","해양굴착에 대해 설명해 주세요.","해양굴착은 지표면 굴착보다 상대적으로 약한 지반이 대부분인 경우가 많기 때문에 육상작업의 경우보다 경비부담이 덜하다는 장점이 있습니다. 하지만, 노동력이 투입되기 어렵고 기계 의존도가 높기 때문에 초기 비용은 높은 편입니다.","F",""
"1","해양굴착에 대해 설명해 주세요.","최근 기술의 발달로 해양굴착의 주목도가 높아지고 있습니다. 그러나 해양굴착이 시행되면서 국가별 소유권 분쟁이 야기되었습니다. 해양 굴착은 해당 국가 소유의 해양에서만 진행되어야 하며 그 외의 지역에서는 연구적 목적이 아니라면 타 국가는 해양굴착이 불가능합니다.","F",""
"1","해양굴착에 대해 설명해 주세요.","최근의 장치는 해양굴착용의 바지로 미국에서 제작된 것으로 굴착장치 ·내연기관 ·발전기 ·물 및 이수 탱크류 ·주거설비 등을 구비하고 있습니다. 이동할 때는 해면상에 부유해서 목적장소까지 가고 시추하는 장소에서는 다리를 뻗어 해저에 고정시킵니다. 다음에는 해면상 10 m까지 바지를 인양하고 파랑의 작용을 받지않도록 합니다. ","P","해양굴착용 바지에 대해 설명해 주세요."
"1","해양유전에 대해 설명해 주세요.","대륙붕에 있는 유전을 옛날에는 해저유전이라 하였으나, 해양개발이라는 말이 일반화 되었으므로 최근에는 해양유전이라 하는 경우가 많습니다. 일반적으로 해양유전과 해양가스전은 밀접한 관계가 있어 양자를 별개로 설명하기가 곤란합니다. 세계의 대륙붕 면적은 석유 ·가스 탐사의 대상이 되는 수심 200m 이하인 것을 고려할 경우 육지 면적의 1/5에 해당합니다.","P","대륙붕에 대해 설명해 주세요."
"1","해양유전에 대해 설명해 주세요.","해양유전 개발은 1890년 캘리포니아 서해안에서 굴착을 시작한 것이 최초의 일인 데 성공하지 못하였습니다. 1920년대 베네수엘라의 마라카이보호, 소련의 바쿠 유전의 카스피해 연장부에 대한 탐사·개발을 실시하였습니다. 파도도 없는 호수였기 때문에 목재 승강장 또는 해안에서 연장된 회랑을 이용하여 굴착이 시작되었습니다.","P","회랑에 대해 설명해 주세요."
"1","해양유전에 대해 설명해 주세요.","해양 유전은 해양에 존재하는 원전을 의미합니다. 지반보다 해양에 유전이 더 많다는 연구결과에 의해 1980년부터 대부분의 국가가 해양유전연구에 뛰어들었습니다. 우리나라의 경우도 해양유전에 의해서 서해에 많은 유전이 있다는 것이 발견되면서 중국과의 분쟁이 일어났습니다.","F",""
"1","해양유전에 대해 설명해 주세요.","해양유전이 연달아 발견되면서 해양유전의 관심이 늘어났지만, 해양시추나 갱도를 만드는 기술이 제한적이기 때문에 현재까지도 해양유전은 특정 국가의 전유물로 존속되고 있으며, 이에 따라 우리나라 역시 해양유전 기술 개발에 집중하고 있습니다.","F",""
"1","해양유전에 대해 설명해 주세요.","해양유전은 미국에서 시작되었습니다. 처음에는 바다가 아닌 호수에서 해당 호수 바닥에 많은 석유가 함유되었다는 것을 알고 시추를 시작하는데에서 유래되었는데, 이 시추의 범위가 확장되면서 현재는 수면 아래에 유전이 존재하면 해양유전으로 통칭하고 있습니다./","F",""
"1","해양유전에 대해 설명해 주세요.","1950년대 후반 미국 ·중앙아시아에서 해양유전이 연달아 발견되는 데 자극되어 세계 각지에서 탐사활동을 활발히 전개하였습니다. 그 결과 1960년대에 들어서는 많은 해양유전 ·가스전이 발견되었습니다. 알래스카의 쿠크후미 ·나이지리아 ·가봉 ·이집트의 수에즈만, 오스트레일리아의 배스 해협, 브루나이등에서 유전이 발견되었습니다.","P","알래스카의 쿠크후미 유전에 대해 설명해 주세요."
"1","유전에 대해 설명해 주세요.","유전이 많이 존재하는 지역을 유전지대라고 한다. 유전과 같은 종류의 가스전이라는 말도 있으나, 일반적으로는 석유에 가스가 수반되는 일이 많습니다. 지질구조는 석유·가스를 함유하는 유층과, 그 상부를 덮는 피복층으로 이루어집니다. 유층은 다공질 암석, 예를 들면 사암·석회암 등으로 이루어집니다.","P","유층의 특징을 설명해 주세요."
"1","유전에 대해 설명해 주세요.","유전의 상부는 가스나 유체가 투과하기 어려운 암석으로 덮여 있는데, 이것을 덮개암이라고 합니다. 이러한 유층은 기름·가스가 집적하기 알맞은 구조로 되어 있으며, 지질학적으로는 이 구조를 트랩이라고 하는데, 층위 트랩, 구조 트랩, 층위·구조트랩으로 분류됩니다. 층위 트랩은 불침투성 암석 속에 침투성인 사층 등이 렌즈 모양으로 존재하는 경우입니다.","P","덮개암에 대해 설명해 주세요."
"1","유전에 대해 설명해 주세요.","유전이란 석유를 함유하는 지하 공간을 의미합니다. 우리나라의 경우 천연가스가 지하에 많이 내장되어있지만, 석유가 존재하지 않아 유전이 없는 국가로 분류되는 것도 이 떄문입니다. 따라서 유전은 세계에 지엽적으로 배치되어 있는 특징이 있습니다.","F",""
"1","유전에 대해 설명해 주세요.","유전은 네 층으로 구분됩니다. 석탄을 함유하고 있는 탄층, 석유를 함유하고 있는 유층, 가스를 함유하고 있는 가스층 그 상부를 덮는 피복층으로 구분되며 각 층이 한 개라도 부재할 시 유전으로 구분되지 않습니다.","F",""
"1","유전에 대해 설명해 주세요.","유전의 상부는 유체가 투과하기 쉬운 암석으로 덮여 있는데 이를 덮개암이라고 합니다. 덮개암은 마모성이 높고 밀도가 낮기 때문에 쉽게 시추할 수 있으나 시추 전 탐사단계에서 그 폭을 가늠하기가 어려워 이를 탐사할 수 있는 기술이 개발되고 있습니다.","F",""
"1","유전에 대해 설명해 주세요.","유전의 성립에는 석유의 근원물질이 유전 부근에 존재한 경우와 석유 그 자체가 이동하여 집적한 경우를 생각할 수 있는데, 어느 경우에나 석유가 생성·집적하는 데 알맞은 환경이었을 것으로 생각됩니다. 석유는 오랜 지질시대를 통해서 생성되므로, 그 동안에 여러 차례 해침·해퇴가 반복되고, 또 몇 차례에 걸쳐 습곡작용을 받았습니다.","P","해침과 해퇴에 대해 설명해 주세요."
"1","지하자원에 대해 설명해 주세요.","지하자원은 현재와 미래에 어떤 유용물질이 경제적으로 채굴될 수 있도록 농집되어 있는 부분을 말합니다. 경제적으로 채굴되어 사용하는 대상이 대부분 광물 자체에 있기 때문에 지하자원을 광물자원이라고도 합니다. 여기에서의 광물은 어떤 특정 광물만을 뜻하는 것이 아니라 광물의 집합체인 암석까지도 포함한 뜻으로 사용되고 있습니다.","P","광물과 압석의 관계에 대해 설명해 주세요."
"1","지하자원에 대해 설명해 주세요.","광물자원은 다양한 기준을 통하여 분류할 수 있으나 한국지질자원연구원의 자원총람에서는 그 사용 용도에 따라 에너지자원·철강산업원료자원·기초금속자원·화학공업원료자원·전자공업원료자원·내화재자원·귀금속자원·연마재자원 등 아홉 가지 항목으로 분류하고 있습니다. 따라서 지하자원은 아홉 가지 종류의 광물자원과 지열·지하수자원을 포함하여 모두 열 가지 항목으로 분류할 수 있습니다.","P","연마재자원에 대해 설명해 주세요."
"1","지하자원에 대해 설명해 주세요.","일반적으로 지하자원으로서의 가치 여부는 현재 경제적으로 이용될 수 있는가 하는 문제에 국한됩니다. 또한 장기적으로 볼 때에는 현재 가행대상이 되지 않는 자원지라도 장래에 유용물질을 경제적으로 채굴·처리하는 기술이 얼마나 발전할 수 있겠는가에 기초를 두어 다루어지게 됩니다. 따라서 자원은 현재의 과학 및 기술 여부와는 무관하게 미래적 가치에 중점을 두어 평가됩니다.","F",""
"1","지하자원에 대해 설명해 주세요.","지구 지하에 내장되어있는 모든자원은 지하자원으로 구분됩니다. 따라서 지하자원의 총량은 지구의 밀도와 부피를 통해서 결정지을 수 있습니다. 또한 지하자원의 가치를 평가하는 것은 불가능합니다. 미래와 현재의 가치가 달라질 수 있기 떄문입니다.","F",""
"1","지하자원에 대해 설명해 주세요.","지하 자원은 현재의 관점에서 경제적 가치가 있는지에 따라서 구분됩니다. 따라서 시대에 따라 지하자원의 종류는 달라집니다. 근대는 석유의 경우 경제적 가치가 높았기 떄문에 가장 우수한 지하자원으로 평가되었으나 현재는 대체에너지 개발이 완성됨에 따라 석유의 가치가 절하되었습니다.","F",""
"1","지하자원에 대해 설명해 주세요.","일반적으로 지하자원으로서의 가치 여부는 현재 경제적으로 이용될 수 있는가 하는 문제가 있으나, 장기적으로 볼 때에는 현재 가행대상이 되지 않는 광상일지라도 장래에 유용물질을 경제적으로 채굴·처리하는 기술이 얼마나 발전할 수 있겠는가에 기초를 두어 다루어지게 됩니다. 따라서 자원은 새로운 지질학적 지식, 과학 및 기술의 진보, 정치와 경제의 변천에 따라 그때마다 재평가되어야 합니다.","P","자원의 재평가가 이루어져야 하는 이유를 설명해 주세요."
"2","철강산업원료자원에 대해 설명해 주세요.","철강산업원료자원은 철강과 관련되어 합금철원료로 많이 사용되는 자원으로써 철·망간·몰리브덴·텅스텐·니켈·코발트·크롬·니오비움·베릴륨·바나듐·창연 등을 들 수 있습니다. 철은 인류 문명의 발전에 지대한 공헌을 한 원소로 대부분 기기의 재료로써 사용된다는 특징이 있습니다. ","P","몰리브덴에 대해 설명해 주세요."
"2","철강산업원료자원에 대해 설명해 주세요.","철은 적철광, 자철광, 갈철광 등의 광석에서 채취할 수 있으며 우리나라의 철광석은 강원도와 충청북도에 주로 매장되어 있습니다. 망간은 주로 철강재의 첨자 원료로써 사용되며 연망간석, 경망간석 등의 광석에서 채취됩니다. 몰리브덴과 텅스텐은 합금이나 특수강의 재료로써 많이 사용되며, 두 광물자원이 같은 광상에서 산출되는 경우도 많이 존재합니다.","P","자철광에 대해 설명해 주세요."
"2","철강산업원료자원에 대해 설명해 주세요.","철강산업원료는 지하자원을 매개로 구성됩니다. 우리나라의 경우 철광석의 원료는 저나도와 경상도 일대에 주로 매장되어 있어 해당 지역에 광산과 시추작업이 활발하게 진행되고 있으며 주로 철광재의 원료나 구리가 많이 내장되어 있습니다.","F",""
"2","철강산업원료자원에 대해 설명해 주세요.","철강산업원료자원은 원천적 재료만으로 한정됩니다. 따라서 합금이나 변형된 재료를 사용하는 철강산업의 경우에는 이에 해당되지 않고 순수한 강철이나 구리, 알루미늄 등만 해당합니다. 국내 철강산업은 2010년 이후로 중국의 철강 수요가 감소함에 따라 침체되고 있습니다.","F",""
"2","철강산업원료자원에 대해 설명해 주세요.","철은 자연적으로 채취하기 어려운 원료입니다. 따라서 우리나라는 대부분 수입에 의존하고 있으며 주로 갈색 빛을 띄는 갈철광을 반도체업의 주요 원료로 사용하고 있습니다. 또한 철을 합금하는 기술이 발달되어 2차 가공 산업이 발달되었습니다.","F",""
"2","철강산업원료자원에 대해 설명해 주세요.","니켈·코발트 등의 광물자원 역시 합금이나 고강도 자재의 중요 재료로써 사용되고 있지만, 일제강점기 말에 군수산업의 원료자원으로 개발하여 일부 생산하였거나 탐사되었을 뿐입니다. 국내 철강산업은 2000년대 이후 중국의 철강 수요 급증에 따른 영향으로 활황이 유지되고 있습니다.","P","니켈에 대해 설명해 주세요."
"2","화학공업원료자원에 대해 설명해 주세요.","인광석·유황·형석·석회석·석고·보론·리튬 등은 화학공업의 원료로써 많이 사용되는 광물자원입니다. 국내의 경우 석회석, 장석 등을 제외하고 전량을 수입에 의존하고 있습니다. 인회석은 주로 인산질 비료 생산 원료로 사용되며 유황은 화학공업의 중요 시약인 황산을 제조하는 데에 주로 사용됩니다.","P","보론에 대해 설명해 주세요."
"2","화학공업원료자원에 대해 설명해 주세요.","석회석은 시멘트 제조의 주원료 및 제철용제 등으로 사용되며 국내에도 많은 양이 부존되어 있습니다. 석고는 시멘트의 원료와 석고보드의 원료로써 사용되며 천연산뿐만 아니라 부산물로도 다량 생산되고 있습니다. 석탄발전소에서 석회석을 투입해 탈황 작용을 시켜 부산물로 석고를 회수하기도 합니다.","P","탈황 작용에 대해 설명해 주세요."
"2","화학공업원료자원에 대해 설명해 주세요.","화학공업의 원료로는 다양한 광물자원이 활용되는데 주로 석회석이 우리나라에서는 많이 사용됩니다. 우리나라는 모든 지역에서 공업에 적합한 석회석을 내장하고 있기 때문에 전량 국내에서 공급하고 있으며 석회석을 통한 반도체 생산에 집중하고 있습니다.","F",""
"2","화학공업원료자원에 대해 설명해 주세요.","화학공업원료자원의 대표적인 원료로는 석회석이 있습니다. 석회석은 콘크리트의 기본원료로서 우리나라의 석회석의 경우 그 강도가 튼튼하고 불순물이 거의 없어 해외에서도 인기가 좋아 널리 수출하고 있습니다. 또한 유황과같은 특수한 원료 역시 수출하고 있습니다.","F",""
"2","화학공업원료자원에 대해 설명해 주세요.","화확공업원료 자원 중에 보론은 붕산을 제조하는데 핵심적인 원료이며 유리 제조에 이용됩니다. 우리나라의 경우 강언도에 보론 함유량이 높아서 국내 자체적으로 보론을 배급받고 있을 뿐 아니라, 붕소 제조도 핵심적인 공업으로 각광받고 있습니다.","F",""
"2","화학공업원료자원에 대해 설명해 주세요.","보론은 붕산 제조 원료이며 요업 및 유리 제조 등 다양한 분야에 사용되고 있는데, 우리나라에는 생산이 전무하여 수입에 의존하고 있습니다. 리튬은 2차전지의 원료로써 각광받는 광물자원인데 우리나라에서는 전량을 수입에 의존하고 있습니다. 형석은 불소가스 제조나 제련 용제용으로 사용되고 있습니다.","P","형석에 대해 설명해 주세요."
"2","내화재자원에 대해 설명해 주세요.","점토·규조토·석면·흑연·납석·활석 등은 요업 분야 중에서도 특히 내화재용으로 흔히 사용되며 중화학공업과 밀접한 관련을 맺고 있습니다. 그러나 이들 비금속자원은 산업광물로 불릴 만큼 다양한 용도에서 상호 대체관계를 가지고 사용되고 있습니다. 불석·규조토 등은 여과재로 수요가 증가되고 있으며, 석면 대체품으로 규회석이 사용되기도 합니다.","P","석면에 대해 설명해 주세요."
"2","내화재자원에 대해 설명해 주세요.","고령토·벤토나이트 등의 점토류는 내화물 제조용으로 많이 사용되며, 다른 광물자원으로 대체가 가능하나 가격 면에서 우위를 가지고 있습니다. 특히 고령토는 우리나라에도 많은 양이 부존되어 있으며 도자기공업, 내화물공업, 화학공업 및 원자력의 방사선 폐수처리용 등 각종 산업의 공업용 소재로 활용되고 있습니다.","P","고령토에 대해 설명해 주세요."
"2","내화재자원에 대해 설명해 주세요.","납석은 내화재료와 유리섬유용으로 사용되며 소량이 살충제 제조 등에 이용된다. 충청북도에서 시멘트의 부원료로 사용되어 왔습니다. 활석은 매우 부드럽고 전기 전도성이 낮으며, 내화성도 강하기 때문에 다방면에 걸쳐 보충재로 사용되고 있습니다. 우리나라에 풍부하게 매장되어 있어 자체적으로 생산,조달합니다.","F",""
"2","내화재자원에 대해 설명해 주세요.","내화제 자원은 점토,규조토,석면,흑연,납성 등을 의미하며 주로 인테리어 산업과 밀접한 관련이 있습니다. 각 재료마다 특이한 성질을 가지고 있어 단일한 용도로 사용되는 것이 특징입니다. 예를 들어 규회석은 대리석을 만드는 기본 재료입니다.","F",""
"2","내화재자원에 대해 설명해 주세요.","내화재자원이란 내화물 제조용으로 쓰이는 자원을 의미합니다. 대부분의 내화재자원은 상호대체가 가능하기 때문에 내화재자원 중 하나만 내장되어있으면 다용도로 사용이 가능합니다. 우리나ㅏ의 경우 벤토나이트라는 점토류가 풍부하여 규토,고령토,납석 등을 대체하고 있습니다.","F",""
"2","내화재자원에 대해 설명해 주세요.","납석은 내화재료와 유리섬유용으로 사용되며 소량이 살충제 제조 등에 이용된다. 충청북도에서 시멘트의 부원료로 사용되어 왔습니다. 활석은 매우 부드럽고 전기에 절연성을 가지고 있으며, 내화성도 강하기 때문에 다방면에 걸쳐 충전재로 사용되고 있습니다. 우리나라에 매장되어 있지만 중국산 저가 활석의 등장으로 인해 극소량만 생산되고 있습니다.","P","활석에 대해 설명해 주세요."
"2","전자공업원료자원에 대해 설명해 주세요.","비소는 유비철광 등의 광석에서 채취되며 동이나 연 광체에 포함되어 있습니다. 고순도의 비소는 Ga-As 화합물 반도체용으로 사용됩니다. 운모는 절연성이 높기 때문에 전자제품의 절연체 및 화장품, 내화피복, 농자재용 등으로 사용된다. 수은은 환경문제로 인하여 사용에 제약이 많지만, 염소 제조 또는 아말감법을 통한 금 회수 공법에 사용되고 있습니다.","P","아말감법에 대해 설명해 주세요."
"2","전자공업원료자원에 대해 설명해 주세요.","셀레늄은 주로 귀금속 함량이 많은 동을 전기 정련할 때 추출되며 태양전지, 복사기용 드럼 피복재, 안료 제조, 유기화합물 제조 등 다양한 분야에 사용됩니다. 동 제련의 부산물이기 때문에 셀레늄 생산은 동 제련소 가동에 큰 영향을 받는다. 우리나라에서는 주로 화학용으로 사용되고 있습니다.","P","셀레늄이 태양전지 제조에 활용되는 이유를 설명해 주세요."
"2","전자공업원료자원에 대해 설명해 주세요.","비소 셀레늄 구사 등이 전자공업원료에 해당합니다. 이들은 주로 비도체적인 성질을 가지고 있어서 전기가 통하지 않아 전자공업에서 기초적인 원료로서 기능합니다. 특히 비소는 어떠한 상황에서도 전류가 흐르지 않아 전류 차단 스티커에서도 사용됩니다.","F",""
"2","전자공업원료자원에 대해 설명해 주세요.","셀레늄의 경우 귀금속 함량이 많은 금이 채취되었을 때 그의 부산물을 의미합니다. 전기전도율이 높아서 피복제, 유리, 안료의 제조 등 다양한 분야에서 사용되지만, 금 제련의 부산물이기 떄문에 높은 가격대를 자랑한다는 단점이 있습니다.","F",""
"2","전자공업원료자원에 대해 설명해 주세요.","비소는 알루미늄 등의 광석에서 채취되며 금이나 은과 같은 광체에 포함되어 있습니다.  운모는 절연성이 낮기 때문에 전자제품의 전자파를 차단하는 제품 및 화장품, 내화피복, 농자재용 등으로 사용됩니다 또한, 수은은 환경친화적인 제품이어서 각광받고 있으며, 염소 제조 또는 아말감법을 통한 금 회수 공법에서도 사용되고 있습니다.","F",""
"2","전자공업원료자원에 대해 설명해 주세요.","규사는 규석 등과 함께 실리콘 금속의 원료로써 유리공업, 주물용을 비롯하여 전자산업 및 화학공업에 다양하게 사용되고 있습니다. 희토류 광물은 원자번호 57에서 71사이에 들어 있는 화학적 성질이 비슷한 15개 원소와 이트륨을 통칭하는 용어로써 합금용, 요업용, 전자부품 등 다양한 분야에 사용되고 있습니다.","P","실리콘에 대해 설명해 주세요."
"2","기초금속자원에 대해 설명해 주세요.","기초금속자원에는 동·납·아연·주석 등이 있습니다. 이들은 합금기술과 더불어 청동기문화 시대라는 인류 문명 발달의 새로운 장을 열게 해 주었습니다. 동은 전성과 연성이 우수하고 전기전도도가 좋을 뿐만 아니라, 다른 금속과 쉽게 합금을 만들 수 있으므로 전선·일반 구조물의 재료·기계부품 등 다양한 분야에 사용되고 있습니다.","P","전기전도도에 대해 설명해 주세요."
"2","기초금속자원에 대해 설명해 주세요.","적동광, 휘동광, 반동광 등의 광석에서 채취됩니다. 우리나라에 동광석이 매장되어 있기는 하지만 금광 개발의 부산물로 간헐적으로 생산될 뿐 주광종으로 개발하는 광산은 없고, 수요의 대부분을 수입에 의존하고 있습니다. 우리나라에서 납과 아연은 보통 같은 광상에서 산출됩니다.","P","적동광에 대해 설명해 주세요."
"2","기초금속자원에 대해 설명해 주세요.","기초금속자원에는 합금기술발전 전에도 인류 문명 발달에 중요한 기능을 한 동,납,철 등이 있습니다. 이는 연성도가 높지만 철을 제외하고는 전기 전도도가 낮아서 다른 금속과 쉬비게 합금을 만들지 못하여 현재는 철만 기초금속자원으로 고려되고 있습니다.","F",""
"2","기초금속자원에 대해 설명해 주세요.","우리나라에는 기초금속자원 중 납을 가장 많이 사용하고 있습니다. 납은 화폐를 만드는 것에 사용될 뿐만 아니라, 각종 배선을 만드는데도 사용됩니다. 또한 연성이 쉽고 전기전도도도 높으며 다른 기초금속자원보다 저렴하다는 장점을 가지고 있습니다.","F",""
"2","기초금속자원에 대해 설명해 주세요.","적동광, 휘동광, 반동광 등의 광석에서 채취됩니다. 우리나라에 동광석이 매장되어 있어서 금광 개발의 부산물로 풍부할 뿐더러 주광종으로 개발하는 광산이 많기 때문에, 수요의 자체적 생산에 의존하고 있습니다. 우리나라에서 철과 청동은 보통 같은 광상에서 산출됩니다.","F",""
"2","기초금속자원에 대해 설명해 주세요.","방연석·백연석 등은 납의 주요 광석이며, 섬아연광·이극석 등은 아연의 주요 광석입니다. 우리나라의 납·아연광은 주로 강원도와 경상북도에 부존합니다. 주석은 합금과 도금의 재료로 주로 사용되는 광물자원이며, 석석·스태나이트 등에서 채취됩니다. 국내 매장량은 극히 미미하고, 제련시설도 없기 때문에 주로 괴 또는 금속제품의 형태로 수입하고 있는 실정입니다.","P","스태나이트에 대해 설명해 주세요."
"2","경금속자원에 대해 설명해 주세요.","경금속자원은 알루미늄·마그네슘·티타늄 등이 있는데 모두 가볍다는 공통점을 지닙니다. 이들은 주로 항공산업 또는 자동차 산업에서 높은 수요를 보이고 있습니다. 알루미늄은 알루미나 등이 합금 주재료로 사용되며 보크사이트라는 광석에서 채취됩니다. 보크사이트는 국내에 부존하지 않기에 국내 수요를 수입에 의존하고 있습니다.","P","보크사이트에 대해 설명해 주세요."
"2","경금속자원에 대해 설명해 주세요.","전라남도 해남군에 있는 명반석광에서 채굴된 명반석을 원료로 하여 알루미늄을 제련·생산하기도 하였습니다. 마그네슘은 경금속 합금으로서 항공기 재료와 차량부품, 그리고 내화재로 주로 이용되는 광물자원입니다. 이는 주로 마그네사이트라는 광석을 원료로 제련하여 추출하는데, 국내에 매장량이 존재하지 않아 수입에 의존하고 있습니다.","P","마그네사이트에 대해 설명해 주세요."
"2","경금속자원에 대해 설명해 주세요.","경금속자원이란 가벼운 금속을 통칭합니다. 금과 은이 대표적인 경금속 자원으로 이들은 주로 항공업 또는 자동차 산업에서 높은 수요를 보이고 있습니다. 또한 금과 은은 재련방법이 다양하기 때문에 이외의 사업에도 핵심 자원으로 평가됩니다.","F",""
"2","경금속자원에 대해 설명해 주세요.","무게가 가벼운 마그네슘,티타늄 알루미늄이 대표적입니다. 이들은 우리나라에서 자체적으로 생산이 되지 않는 자원이기 때문에 중국에서 전량 수입에 의존하고 있습니다. 특히 마그네사이트라는 마그네슘을 만드는 광석은 국내에서 매장량이 존재하지만 광산개발이 더 많은 비용이 들어 수입에 의존합니다.","F",""
"2","경금속자원에 대해 설명해 주세요.","마그네사이트는 우리나라에 존재하지 않는 자원으로 여겨졌으나 2018년 제주도에 대규모의 마그네사이트 매장이 있다는 사실이 밝혀지면서 주목을 끌었습니다만, 현재의 시추방식으로 전량을 확보하는데 한계가 있어 아직까지 수입에 의존성이 높습니다.","F",""
"2","경금속자원에 대해 설명해 주세요.","북한에는 함경남도에 마그네사이트가 매장되어 있습니다. 티타늄은 대부분 산화 형태로 사용되고 있으며 항공기 제작, 건축, 화학 산업, 자동차 산업 등의 소재로써 이용됩니다. 주로 티탄철석 광석에서 생산되는데, 국내에는 티탄철광 생산이 없기 때문에 수입에 의존하고 있습니다.","P","티타늄의 특징을 설명해 주세요."
"2","귀금속자원에 대해 설명해 주세요.","귀금속자원은 금·은·백금과 같이 귀금속의 재료로써 사용되는 광물자원을 의미합니다. 이들은 고대로부터 장식용 및 화폐로 사용되어 왔으며, 현재도 안전자산으로써 활발한 거래가 이루어지고 있습니다. 간혹 공업용으로 사용되기도 하지만 제품 당 사용 원단위가 개선되면서 공업용 수요는 크게 증가하지 않았습니다.","P","귀금속자원이 화폐에 사용되는 이유를 설명해 주세요."
"2","귀금속자원에 대해 설명해 주세요.","금은 대부분이 자연 금 상태로 산출됩니다. 국내산 금은 대부분 비철금속광의 부산물이나 기타 폐가전제품 등에서 회수된 것입니다. 순수 금 광산에서는 소규모의 사금광에서 소량씩 생산하고 있을 뿐입니다. 은은 자연 은 상태로 산출되거나 휘은석 등에서 채취됩니다.","P","사금광에 대해 설명해 주세요."
"2","귀금속자원에 대해 설명해 주세요.","귀금속 자원은 사치품을 만드는 용도로만 사용되는 자원을 의미합니다. 따라서 금과 은은 다른 방편으로 사용가능하기 때문에 귀금속 자원이 아니며, 다이아몬드가 우리가 아는 대표적인 귀금속 자원이라고 할 수 있습니다. 이들은 재련이 어렵고 희귀하기 때문에 원가부터 다른 자원에 비해 높습니다.","F",""
"2","귀금속자원에 대해 설명해 주세요.","귀금속 자원이란 사회에서 귀금속으로 여겨지는 다이아몬드,금,은과 같은 물질을 대체할 수 있는 자원을 말합니다. 최근에는 큐빅의 마모를 통해서 해당 물질을 대체하곤 하는데 이 떄문에 유리를 생산할 수 있는 붕소가 귀금속 자원으로 여겨지고 있스비다.","F",""
"2","귀금속자원에 대해 설명해 주세요.","대부분의 귀금속 자원은 전자공업에서도 사용됩니다. 백금같은 경우 우리나라에서 금보다 많은 매장량을 차지하고 있어 우리나라에서는 백금을 반도체업,자동차공업,조선업,항공업 등에서 재련의 용도로 사용되고 있는 실정입니다.","F",""
"2","귀금속자원에 대해 설명해 주세요.","백금은 귀금속의 재료뿐만 아니라 촉매나 전자공업의 재료로써도 사용됩니다. 자연 백금 상태로 산출되거나 스페리라이트 등의 광석에서 채취할 수 있지만 우리나라는 지질 조건상 백금의 생산을 기대할 수 없는 상황입니다. 따라서 수요의 전량을 수입에 의존하고 있습니다.","P","스페리라이트에 대해 설명해 주세요."
"1","자원관리에 대해 설명해 주세요.","자원의 이용 ·개발을 적정하게 하고 이를 보존할 수 있도록 하는 것을 말합니다. 자원의 매장량은 비고정적이며 전환 ·대체가능성을 내포하고 있으나 오늘날에 있어서 자원은 사적 소유의 대상으로서 이용 ·개발이 자본의 최대한 이윤의 확보를 위하여 이용된다는 측면에서 자원의 혹사 ·낭비 및 파괴 등이 따르지 않을 수가 없습니다.","P","자원의 매장량에 대해 설명해 주세요."
"1","자원관리에 대해 설명해 주세요.","발전·수도·공업용수 등에 이용되는 수자원은 거액의 공공투자에 의하여 확보되며, 수도법 및 공업용수공급규칙의 적용에 따라 관리되고 있습니다. 산림자원은 국유림은 산림청이, 민유림은 산림조합이 관리합니다. 해양자원은 수산업법 ·동시행령 및 수산자원보호령의 적용에 의해 관리됩니다.","P","국유림에 대해 설명해 주세요."
"1","자원관리에 대해 설명해 주세요.","자원 관리란 귀금속, 경금속, 기초금속 등 여러 자원에 대한 종합적인 관리를 의미합니다. 각 자원들은 사용용도와 목적이 다양하지만, 대부분 하나의 자원관리시스템에 통합하여 관리하는 것이 현실적이며 경제적이라는 평가가 있습니다.","F",""
"1","자원관리에 대해 설명해 주세요.","자원은 매장되어있는 금속자원뿐만 아니라 우리가 에너지원으로 사용되는 자원까지 포괄합니다. 따라서 노동력역시 자원으로 포함되며 자원관리의 대상이 됩니다. 그러나, 자원은 형태가 존재해야 하며 단일한 개체로 존재해야 되기 때문에 특정 지역은 자원이라고 고려되지 않습니다. ","F",""
"1","자원관리에 대해 설명해 주세요.","자원은 현대를 기준으로 무제한적으로 인류에게 보급되고 있습니다. 또한 지속적인 재생산을 통해 자원량이 늘어나고 있는 실정이기 때문에 자원을 낭비적으로 사용하더라도 문제가 발생하지 않을 정도로 기술과 과학이 진보하였습니다.","F",""
"1","자원관리에 대해 설명해 주세요.","자본이 자연 그대로를 대상으로 하는 관광자원은 국립공원 등을 지정하여 관광자본에 의한 무제한적인 파괴 방지에 노력을 기울이고 있습니다. 그러나 공업용수에 관련하는 지반침하 ·수질오염, 산림남벌에 의한 수해 등 공해관리의 종합적인 계획성이 요구되고 있습니다.","P","산림남벌의 폐해에 대해 설명해 주세요."
"1","국제어업협정에 대해 설명해 주세요.","과거에는 해양 생물자원은 무진장의 것으로 잘못 인식되어 규제 없는 남획이 세계적으로 자행되었습니다. 이는 자연히 어획량의 감소라는 심각한 문제를 야기시켜, 자원보존의 필요성이 인식되기에 이르렀습니다. 따라서 20세기 전반에는 자원보존을 위한 어업규제의 취지로 조약이 관계국간에 체결되었습니다.","P","어획량의 감소가 발생한 원인과 결과에 대해 설명해 주세요."
"1","국제어업협정에 대해 설명해 주세요.","조약의 유형은 어업대상에 따라 서로 차이가 있으나, 일반적으로 그물코의 제한, 어구의 제한, 어업금지수역이나 금어기 의 지정 등이 있습니다. 그러나 이러한 규제는 점차로 확대되어 어획량 제한을 위한 어업의 배분이나 할당의 조치에까지 이르게 되었습니다.","P","금기어에 대해 설명해 주세요."
"1","국제어업협정에 대해 설명해 주세요.","국가마다 해양자원은 그 중요도가 높습니다. 그러나 해양을 영토에 포함하지 않는 국가가 존재하며, 해양은 세계인 모두의 소유임에도 해양자원을 위치적 특성으로 독점하는 것은 불합리합니다. 따라서 국제어업협정은 모든 해안을 세계 공동소유로 전환하며 어획량을 관리하고 있습니다.","F",""
"1","국제어업협정에 대해 설명해 주세요.","국가의 영토 개념에서 해안은 포함되지 않지만 관리의 대상입니다. 즉 타국가의 해안에 들어오기 위해서는 해당 국가의 관리 하에 들어오는 것이기 때문에 해당 국가의 법률에 귀속됩니다. 따라서 타국가의 어획을 막고 어획량을 보존시키기 위해서 국가 상호간에 침범하지 않겠다는 협정을 맽게 되는데 이를 국제어업협정이라고 합니다.","F",""
"1","국제어업협정에 대해 설명해 주세요.","국가의 해양자원은 해당 국가에 귀속됩니다. 따라서 국제어업협정은 해당 국가가 해양자원을 판매하기 용이하게 하기 위해서 해양자원과 해양영토를 자유시장과 같이 거래할 수 있게 하였는데 이를 국제어업협정이라고 합니다. 이를 통해 한 국가의 영토가 주기적으로 변경되는 상황이 발생하였습니다.","F",""
"1","국제어업협정에 대해 설명해 주세요.","국가간의 자원보존협정으로는 국제포경규제조약·북태평양 공해어업조약·북서태평양 어업조약·대서양다랑어조약 등이 있습니다. 또 연안국이 배타적인 어업권을 행사할 수 있는 어업수역 설정의 방식이 국제적으로 일반화됨에 따라 이 어업수역 내에서 조업하고 있던 외국어선에 대한 규제를 가하는 조약까지도 체결되기에 이르렀습니다.","P","국제포경규제조약에 대해 설명해 주세요."
"2","광해에 대해 설명해 주세요.","광해의 대표적인 예인 지표침하는 지하채굴로 인한 지표의 인장 ·압축 ·만곡 ·경사등의 현상으로 도로 ·교량 ·철도 ·제방 ·농지 ·건물 등의 피해를 가져오는 경우가 많습니다. 한국의 경우 대부분의 광산이 산간지방에 있으므로 이에 따른 피해는 심각하지 않습니다. 충북 보은탄광의 지표침하로 인하여 입은 철도 ·농지 및 학교건물의 피해는 지표침하에 의한 광해의 대표적인 예입니다. ","P","지표침하에 대해 설명해 주세요."
"2","광해에 대해 설명해 주세요.","오늘날 한국광산의 광해 중 가장 큰 문제가 되는 것은 광산의 폐수 방류, 광산지대의 폐석집적 입니다. 이 중에서 사회적 문제를 일으키는 것은 광산의 폐석이 계곡에 집적되어 있다가 여름철에 강수가 심할 때 하천으로 밀려 나오면서 하천의 바닥을 높여 수해를 입히는 일입니다. ","P","폐수에 대해 설명해 주세요."
"2","광해에 대해 설명해 주세요.","광해란 광산이 있는 바다를 말합니다. 광해는 광산보다 훨씬 많은 양의 자원을 포함하고 있는 것이 일반적이고 그 자원의 희귀성도 독보적입니다. 그러나 태평양 한 가운데에 광해가 존재한다면 해당 광해의 소유권에 대한 의문이 발생하여 현재 광해는 그 지리적 위치와 관계없이 국제적 소유로 규정됩니다.","F",""
"2","광해에 대해 설명해 주세요.","광해의 경우 시추나 개발을 진행할 경우 해양생태계를 심각하게 파괴하고 해양 자원의 파손, 누수,유출이 발생합니다. 따라서 국제해양협약을 통해 1992년부터 광해에 대한 개발을 국제적으로 금지하고 있습니다.","F",""
"2","광해에 대해 설명해 주세요.","광해는 바다에 존재하는 광산으로서 광해가 개발되기 위해서는 많은 조약이 필요합니다. 광해 개발 자체가 생태계에 큰 영향을 끼치기 때문입니다. 그러나 현재 그러한 관심은 무관심한 채로 대부분의 국가가 광해 개발에 열중인 것이 실로 안타깝습니다. ","F",""
"2","광해에 대해 설명해 주세요.","1993년에 개정된 광산보안법 시행규칙 제192조에서부터 제200조에 광산의 배수시설과 광해방지에 관하여 규정하고 있습니다. 광업권자는 토지의 굴착으로 인한 지표의 침강, 기타 광해가 발생할 염려가 있는 지하에서 광물을 채굴하고자 할때에는, 광해를 방지하기 위하여 채광물의 충전 또는 배수 등에 대한 필요한 조치를 강구해야 한다고 규정하고 있습니다.","P","광해와 관련된 광산보안법에 대해 설명해 주세요."
"2","광산보안에 대해 설명해 주세요.","재해요인이 배제되고 광산노동자의 안전위생이 유지되고 위해가 방지되고 있는 상태를 보안이 확보되었다고 합니다. 광산보안은 원칙적으로 어떤 광산에 대해서도 이와 같은 생각이 적용되나, 광물의 종류 내지 그것을 생산하는 환경조건에 따라 필요한 보안기술에 다소의 차이가 있습니다.","P","재해요인에 대해 설명해 주세요."
"2","광산보안에 대해 설명해 주세요.","낙반 방지 및 화약 발파기술은 모든 광산에 공통된 보안문제입니다. 이처럼 광산보안기술은, 대상으로 하는 광산의 종류에 따라 석탄광산보안·금속광산보안·석유광산보안으로 나눌 수 있습니다. 또한 석탄광산은 메탄가스의 유무에 따라 갑종탄광과 을종탄광으로 분류됩니다.","P","금속광산보안에 대해 설명해 주세요."
"2","광산보안에 대해 설명해 주세요.","광산보안이란 광산의 위험도가 다른 자원채취지역보다 낮기 때문에 광산의 현재상태를 그대로 보존하며 광산을 최대한 안전하게 채취하기 위한 것으로 안전모를 쓰지 않는 근로자는 출입하지 못한다라는 단순한 보안부터 갱도의 높이와 포 제한같은 세부적인 사항이 포함됩니다.","F",""
"2","광산보안에 대해 설명해 주세요.","광산의 보안은 광산의 보안법규상의 최고책임자인 국토교통부장관을 선두로 보안관리자, 보안기술직원 및 광산노동자의 높은 보안의식과 자주적 노력 없이도 확보될 수 있도록 보안확보에 대한 의욕을 선제적으로 가지고 있는 것이 필요합니다.","F",""
"2","광산보안에 대해 설명해 주세요.","광산은 항상 사고가 발생할 확률이 높은 위험한 지역입니다. 따라서 광산에 노동자가 출입하는 것을 금하고 자동기계화를 이룩하는 것이 광산 보안을 최대한 실현하는 지름길입니다. 따라서 현재 우리나라는 기계가 아니면 광산에 출입하지 못하도록 제한하고 있습니다.","F",""
"2","광산보안에 대해 설명해 주세요.","대상환경에 따라 갱내보안·갱외보안·기계보안·전기보안·화약보안·발파보안·안전보안 등으로 나눕니다. 광산의 보안은 광산의 보안법규상의 최고책임자인 보안관리자를 선두로, 보안기술직원 및 광산노동자의 높은 보안의식과 자주적 노력 없이는 확보되지 않으며, 광산경영자의 보안확보에 대한 의욕이 중요합니다.","P","발파보안에 대해 설명해 주세요."
"1","광산재해에 대해 설명해 주세요.","광산은 작업장이 지하에 있고, 자연에 대한 도전을 항상 계속하게 되므로, 광산의 갱내외에는 다른 산업에 비하여 많은 재해요인이 산재합니다. 따라서 이에 대한 충분한 보안책이 수립되지 않으면 재해가 일어날 위험성이 항상 있습니다. 한국의 산업별 재해 현황을 보면, 특히 석탄광산이 금속광산에 비하여 보안상 위험이 더 많은 것이 사실입니다.","P","금속광산과 석탄광산을 비교해서 설명해 주세요."
"1","광산재해에 대해 설명해 주세요.","광산재해는 합리적인 보안책을 수립, 시행함으로써 방지해야 하나, 면밀한 대책을 수립해도 자연조건의 위험을 완전히 없앨 수 없습니다. 한국의 탄광은 석탄이 급경사로 매장되어 있고 상·하반이 연약하며, 채굴의 기계화가 곤란하여 인력에 의존하는 채탄작업을 수행하는 등 자연조건이 불합리하므로 다른 나라에 비하여 재해율이 높습니다.","P","우리나라의 재해율에 대해 설명해 주세요."
"1","광산재해에 대해 설명해 주세요.","광산 재해란 광산에서 발생하는 모든 재해를 포괄합니다. 이는 광산 뿐 아니라 광해역시 포함되는데 광산이 갱도의 대명사로 불리우기 때문에 통용해서 사용됩니다. 상대적으로 광산재해는 광산의 입구에서 빈번하게 발생하며 광산의 최하단에서는 쉽게 발생하지 않습니다.","F",""
"1","광산재해에 대해 설명해 주세요.","광산은 지하에 작업이 있고 폭발물을 사용하는 등 위험한 요소가 많이 발생하기 때문에 극도의 조심을 통해 재해를 피헤야 합니다. 따라서 최근에는 광산에서 재해가 발생할 것은 대비하여 광산 부근에 통신망을 설치하는 법안을 발의하여 광산재해가 생길 시 즉각적으로 알리게 되어있습니다.","F",""
"1","광산재해에 대해 설명해 주세요.","광산재해는 영화에 의해서 과장된 측면이 있습니다. 현대 광산 재해는 연간 자살률보다 낮으며, 자연사보다 낮은 피해를 갖고 있습니다. 하지만 광산업에 종사하는 자들이 더 많은 자본을 광산에 유입시키기 위해서 영화 제작을 로비하고 힘듦을 강조함으로써 광산 재해를 과장하고 있습니다.","F",""
"2","광산재해중 대형재해에 대해 설명해 주세요.","대형재해는 일시에 많은 사상자를 내거나 광산시설 및 광물자원에 막대한 손실을 가져오는 재해를 말합니다. 한국에서는 대형재해의 기준을 5명 이상의 사망자가 동시에 발생하거나, 3명 이상의 사망자와 다수의 중상자가 발생했을 경우로 규정하고 있습니다. 운반에 의한 대형재해는 주로 사갱, 수갱의 와이어 로프나 광차의 연결핀이 절단외 인차사고가 발생했을 때 일어납니다.","P","와이어로프에 대해 설명해 주세요."
"2","광산재해중 대형재해에 대해 설명해 주세요.","탄층에서 발생한 메탄가스는 일반적으로 5에서 15% 범위에서 공기와 혼합되면 폭발성을 갖게 됩니다. 암석갱도, 연층갱도의 굴진 도중에 다량의 메탄가스가 분탄을 수반하여 분출됨으로써 사람이 매몰, 질식하는 경우가 있습니다. 갱내의 산화열이 축적되어 석탄, 황화철이 발화되는 자연발화도 있습니다.","P","연층갱도에 대해 설명해 주세요."
"2","광산재해중 대형재해에 대해 설명해 주세요.","광산 재해 중 대형 재해는 광산 내부에 있는 근로자 전원이 사망할 경우에만 대형으로 분류됩니다. 또한 대형재해는 현재까지 일어나지 않았으며, 혹여나 하는 상황에 대비하여 만들어져 있는 규정일 뿐 아직 현실화 된적은 없습니다.","F",""
"2","광산재해중 대형재해에 대해 설명해 주세요.","광산재해의 대부분은 폭발이 아닌 메탄가스에 대한 중독을 통해 발생합니다. 메탄가스에 중독되면 호흡곤란과 중독을 일으키며 단시간에 사망하게 되며 광산 자체에서 이를 보호할 수 있는 수단이 없기 떄문에 현재 정부에서는 메탄가스가 누수된 광산을 즉각적으로 폐쇄하고 있습니다.","F",""
"2","광산재해중 대형재해에 대해 설명해 주세요.","광산에는 다양한 폭발물을 사용하기 떄문에 언제나 대형재해에 노출되어 있습니다. 따라서 광산 대형 재해는 광산 개발이 진행되면 필연적으로 발생하며 예방할 수 없습니다. 광산 노동자들은 이 사실을 알고 있으면서 위험을 무릎쓰고 광산을 개발하고 있습니다.","F",""
"2","광산재해중 대형재해에 대해 설명해 주세요.","석탄의 자연발화, 갱내시설기재의 마찰 및 전기 누전 또는 스파크로 인하여 갱내에 화재가 일어납니다. 갱내화재는 조기에 발견하여 진화하지 않으면 큰 재해를 초래합니다. 갱내출수의 원인은 지표암반의 균열로 지표수나 하천수가 침수되는 경우, 채굴적·고갱도의 유수가 하부 채굴 때 갑자기 침수되는 경우 및 자연 지하수의 갱내침수 등으로 일어납니다. ","P","스파크의 원인에 대해 설명해 주세요."
"2","규폐증에 대해 설명해 주세요.","규산이 들어있는 먼지가 폐에 쌓이면 규산의 기계적·화학적 작용에 의해 폐에 염증이 생기게 됩니다. 이렇게 생긴 염증은 결국 폐에 상처를 남기게 되고, 시간이 지나며 결국 폐가 온몸에 산소를 공급하는데 문제를 일으킵니다. 이런 만성질환을 규폐증이라고 합니다.","P","규산에 대해 설명해 주세요."
"2","규폐증에 대해 설명해 주세요.","규폐증은 석탄을 캐는 광산에서 일한 광부에게서 나타나 존재가 알려진 직업병 중 하나입니다. 광부 외에도 모래나 화강암, 슬레이트를 직업적으로 다루는 공장 근로자나 도공, 세공업자에게서도 많이 발생합니다. 규폐증이 일어나려면 보통 15~20년이 걸리는데, 규산의 농도에 따라 발병 속도는 달라집니다.","P","슬레이트에 대해 설명해 주세요."
"2","규폐증에 대해 설명해 주세요.","규폐증이란 석탄가루가 수년에 걸쳐 폐 조직에 쌓이면서 서서히 반흔이 생기고, 이로 인해 호흡 곤란이 생기는 심각한 질환입니다. 시간이 지남에 따라 이러한 호흡곤란은 더욱 악화되며 석탄가루에 얼마나 노출되었는지에 따라 증상의 정도가 달라지며 탄광부에게 많이 발생하고 있습니다.","F",""
"2","규폐증에 대해 설명해 주세요.","규폐증은 진폐증과 달리 광산 보안 철칙이 세워짐과 동시에 선진국 광산에서는 사라지고 있지만 아직 안전지침이 확보되지 않은 지역에서는 지속적으로 발생하고 있습니다. 따라서 규폐증의 예방을 위해서는 안전지침을 우선적으로 확보하는 것이 최우선입니다.","F",""
"2","규폐증에 대해 설명해 주세요.","규폐증이란 석탄을 캐는 광산에서 일하는 광부에게서 주로 발생합니다. 규폐증은 초기에 쉽게 발견될 수 있는 질환으로 보통 1~2년 광산노동자를 대상으로 검사시 쉽게 발견할 수 있기 때문에 조기에 진압할 수 있는 질병입니다.","F",""
"2","규폐증에 대해 설명해 주세요.","규폐증의 초기에는 운동할 때 호흡곤란이 나타나는 것처럼 증상이 가볍지만 병이 진행되며 기침을 하며 가래가 나오게 됩니다. 또 일상생활에서도 가슴이 늘 답답하고 가슴에 통증이 있기도 합니다. 규폐증은 X선 검사와 폐기능 검사를 통해 진단할 수 있고 담배를 피우는 경우에는 규폐증 증상이 더 심해질 수도 있습니다.","P","X선 검사에 대해 설명해 주세요."
"1","갱내분진에 대해 설명해 주세요.","광산 ·탄광의 갱내에서 채굴, 갱도의 굴진, 운반 기타 작업에 수반하여 발생하는 분진입니다. 갱내분진 중의 주된 것은 탄진과 암석분진입니다. 탄진은 주로 석탄의 채굴, 연층갱도의 굴진, 석탄의 적재 ·운반 도중에 바꾸어 싣기 등에서 발생합니다. 탄진은 갱내기류 중에 떠다니거나 또는 갱도 안에 쌓여서 폭발 및 폭발의 전파에 관계합니다.","P","탄진과 폭발의 관계에 대해 설명해 주세요."
"1","갱내분진에 대해 설명해 주세요.","암석분진은 광석의 채굴, 암석갱도의 굴진 같은 작업에 수반하여 발생하고, 공기 속에 부유합니다. 이러한 분진은 광물 ·암석 ·석탄 등이 미세하게 분쇄되어 생긴 미립자입니다. 발생하는 분진의 양, 기류중에 떠도는 분진의 농도는 작업의 종류 ·지속시간, 공기의 유입량 ·속도, 암석 ·석탄의 성질 등에 따라 다릅니다.","P","미립자에 대해 설명해 주세요."
"1","갱내분진에 대해 설명해 주세요.","갱도는 결국 땅을 파는 행위가 포함되어 있기 때문에 흙먼지나 광물의 소형 파편이 발생할 수 밖에 없습니다. 이러한 것들을 총합하여 갱내분진이라고 하는데,. 최근에는 갱내분진을 막기 위해서 소형 폭탄으로 갱도를 터뜨린 후, 분진이 잠잠해질 경우 시멘트로 갱을 덮은 뒤에 작업을 하기 떄문에 현재는 사라졌습니다.","F",""
"1","갱내분진에 대해 설명해 주세요.","갱내분진은 주로 석탄, 암석, 광물, 미생물 등이 분쇄되어 공기 중을 떠다니는 미립자의 형태로 존재합니다. 따라서 눈에 보이지 않고, 마스크로도 예방되지 않기 때문에, 갱내분진을 완벽하게 진압하기는 어렵습니다. 결국 갱내분진은 하나의 위험요소로 처리되지만 감수되어야할 위험인 것입니다.","F",""
"1","갱내분진에 대해 설명해 주세요.","갱내분진 중 가장 위험한 것은 부유분진입니다. 다른 암석분진이나 미립자들은 공기 중에 떠다니지만 시간이 지나면 점차 가라앉는데 부유분진은 지속적으로 공기 중을 부유하며 갱도 밖으로 유출됩니다. 이러한 갱내분진은 대기 중 오염물질과 결합하여 산성비와 같은 자연재해를 낳습니다.","F",""
"1","갱내분진에 대해 설명해 주세요.","부유분진 중의 규산질 분진은 호흡기관을 침범하여 규폐증을 일으키기도 합니다. 탄진 발생 방지에 쓰이는 방법은 탄진발생장소에 분수막을 만들거나, 탄진이 적재된 장소에 물을 뿌리든가, 또는 채탄에 들어가기 전에 탄층 내에 압력수를 주입하여 석탄을 적시는 탄벽주수법 등의 방법이 이용됩니다.","P","탄벽주수법에 대해 설명해 주세요."
"1","탄진폭발에 대해 설명해 주세요.","탄진은 석탄층을 채굴할 때, 채굴된 석탄을 운반할 때 발생되는 석탄의 미립자로서, 주로 배기갱도에 많이 부유하거나 퇴적되어 있습니다. 탄진의 크기는 10~30 μm까지이나 대부분이 10 μm 이하의 미세한 미분상태로 공기 속에 부유합니다. 이와 같은 부유 또는 퇴적중인 탄진이 결정적인 화염에 닿거나 가스폭발 등의 원인으로 인화될 경우 탄진폭발을 일으킵니다.","P","배기갱도에 대해 설명해 주세요."
"1","탄진폭발에 대해 설명해 주세요.","일반적으로 휘발분이 많이 함유되어 있고 회분이 적은 탄진일수록 폭발 위험성이 높습니다. 폭발원인은 주로 가스폭발에 이은 탄진폭발, 즉가스 ·탄진폭발이 일어나는 경우가 많으나 경우에 따라서는 탄진만이 폭발하는경우도 있습니다. 한국에서는 탄진폭발이 일어난 기록이 없는데, 이는 탄질 자체가 무연탄이므로 휘발분이 적어 쉽게 폭발하지 않기 때문입니다.","P","무연탄에 대해 설명해 주세요."
"1","탄진폭발에 대해 설명해 주세요.","탄진은 석유를 채굴할 때 발생하는 천연가스의 미립자로서 주로 배기갱도에서 많이 부유하거나 퇴적되어 있습니다. 탄진의 크기는 우리가 초미세먼지로 분류하는 정도이지만, 수용성이기 때문에 탄진폭발을 막기 위해 물을 뿌리는 것으로 철저하게 예방가능합니다. ","F",""
"1","탄진폭발에 대해 설명해 주세요.","탄진폭발은 석탄을 많이 채굴하던 1960~80년도에 많이 발생한 산업재해였으나 현재는 우리나라가 석탄의 수요량이 급감하면서 갱내에서도 탄진폭발을 안전 수칙에서 제외할 정도로 없어진 재해가 되었습니다. 다만, 탄진 자체가 인간의 폐에 유해하기 때문에 조심해야 합니다.","F",""
"1","탄진폭발에 대해 설명해 주세요.","탄진 폭발은 갱도를 뚫기 위해 폭탄을 터트릴 때 그 폭탄이 광산에 내장되어 있는 석유나 석탄에 의해서 이차적 폭발을 일으키는 것을 말합니다. 이로 인해 계획되어있던 갱도의 계획이 어긋나거나 갱도 자체의 구조가 뒤틀릴 위험이 있습니다.","F",""
"1","탄진폭발에 대해 설명해 주세요.","탄진폭발의 예방방법은 첫째 탄진이 부유하지 않도록 해야하고, 둘째로 탄진이 부유해도 탄진폭발을 일으키지 않는 방법을 채택해야 합니다. 탄진이 부유하지 않도록 하기 위해서는 물을 뿌려 탄진의 부유요소를 없애고, 부유중인 탄진에 대해서는 석회석 분말을 분출하여 탄진을 희석시키는 방법을 채택해야 합니다.","P","석회석에 대해 설명해 주세요."
"2","가스폭발에 대해 설명해 주세요.","폭발을 일으키는 가스의 농도 범위는 가스의 종류, 혼합기체의 조성, 압력, 온도, 기타 조건에 의해서 변화합니다. 예를 들면, 가연성 가스와 공기의 혼합기체에서는 상온·상압 하에서 수소 5∼27%, 메테인가스 5∼15%, 에틸렌 4∼22%, 아세틸렌 3∼82%의 농도가 폭발을 일으키는 범위로 알려져 있습니다.","P","아세틸렌에 대해 설명해 주세요."
"2","가스폭발에 대해 설명해 주세요.","탄광의 갱내 가스폭발은 석탄 채굴에 의하여 석탄층이나 상하반에 저장되어 있던 메테인가스가 방출되면서 공기와 혼합하여 폭발한계에 이르렀을 때 인화요인에 의해 점화되면 폭발합니다. 탄광 갱내의 폭발이 가끔 큰 재해를 일으키는데, 이는 폭발에 의하여 발생한 큰 압력을 가진 바람이 갱도를 따라 멀리까지 전해집니다.","P","메테인가스에 대해 설명해 주세요."
"2","가스폭발에 대해 설명해 주세요.","가스폭발이란 아파트 단지에서 도시가스가 누수되며 발생하는 것을 말합니다. 과거에는 이러한 가스 폭발로 인해 많은 부득이한 죽음이 발생하였으나 현재는 서울도시가스를 필두로 매달 정기적인 검사를 하며, 가스 자체를 쓰지 않는 세대가 늘어남에 따라 사라지고 있는 추세입니다.","F",""
"2","가스폭발에 대해 설명해 주세요.","가스폭발은 탄광 내에 있는 메탄가스가 쌓이는 와중에 해당 메탄 가스가 적정치를 초과하면 메탄가스끼리 결합을 위해 갱도의 입자를 끌어당김과 동시에 열이 발생하는데 이로 인해 메탄가스가 스스로 폭발하는 것을 말합니다. 따라서 갱도에는 메탄가스 측정기가 상시 보유되고 있습니다..","F",""
"2","가스폭발에 대해 설명해 주세요.","가스 폭발은 관련된 가스의 농도에 의해서 구별될 수 있는데 갱도의 경우 상온보다 낮은 온도를 유지함과 동시에 높은 압력 상태이기 때문에 메테인 가스가 20% 농도 이상, 에틸렌이 25%이상 아세틸렌이 85%이상, 질소가 90%이상일 경우 폭발을 일으킬 수 있다고 규정되고 있습니다.","F",""
"2","가스폭발에 대해 설명해 주세요.","탄광에서는 송풍기로 신선한 공기를 갱내에 공급하여 메테인가스를 희석시키는 통기법을 쓰는 동시에, 채굴하기 전에 미리 선진천공에 의하여 메테인가스를 뽑아내거나, 메테인가스가 농집해 있는 구역을 차단하는 밀폐법 등을 써서 갱내의 공기에 메탄가스가 혼입되는 것을 방지하고 있습니다.","P","송풍기의 역할에 대해 설명해 주세요."
"1","화약에 대해 설명해 주세요.","폭발성 물질이라도 폭발시에 발생하는 에너지를 공업용 등으로 유효하게 이용할 수 없는 것은 화약류라고 할 수 없습니다. 또 좁은 뜻으로는 추진제를 가리키기도 합니다. 화약류의 폭발은 주로 산화반응, 즉 연소에 의해서 일어나는데 연소속도가 빠르고 높은 온도가 되며 급격한 가스팽창에 의해서 음향과 파괴력이 발생하는 현상을 폭발이라고 합니다.","P","산화반응에 대해 설명해 주세요."
"1","화약에 대해 설명해 주세요.","폭발의 전파속도가 매질 내의 음속보다 커서 강한 충격파를 발생하는 경우를 폭굉이라고 합니다. 일반적으로 폭발이라는 말은 압력의 급격한 해방을 가리키지만, 화약류의 경우는 폭발로 간주되는  경우라도 폭발속도가 음속보다 작을 때는 연소라고 합니다. 그리고 폭발은 폭굉의 뜻으로 사용되는 일이 많습니다.","P","음속에 대해 설명해 주세요."
"1","화약에 대해 설명해 주세요.","화약이란 폭발성 물질의 이용으로 다이너마이트로 대표됩니다. 공업용으로 사용되는 것만 화약이라고 고려될 뿐 아니라 군용과 같은 살상용 폭탄 역시 화약으로 분류됩니다. 화약류는 보관이 까다로워 습기가 적은 지역에 보관해야 합니다.","F",""
"1","화약에 대해 설명해 주세요.","화약이란 보통 공업용도로 사용되는 것을 지칭하였지만 현대에는 놀이 용도로 그 의미가 변질되었습니다. 문구점에서 볼 수 있는 소형 화약제품들이 많으며, 라이터나 안마기 등에도 화약이 사용되며 대중적인 의미로 확대되었습니다.","F",""
"1","화약에 대해 설명해 주세요.","화염의 전파속도를 연속, 폭굉의 전파속도를 폭속이라고 규정하는데 화약의 경우 연속과 폭속의 중간 지점에 위치합니다. 따라서 화약은 폭굉과 화염 모두에 속하지 않기 떄문에 폭발을 일으킬 때 화재 위험이 없다는 특징이 있습니다.","F",""
"1","화약에 대해 설명해 주세요.","화약학에서 엄밀히 정의하면, 흑색화약의 폭발은 연소이고 화포 내에서의 추진제의 연소는 일반적으로 폭발적이므로 폭연이라고 하는 일이 있으나 폭굉은 아닙니다. 화약학에서는 연소인 경우의 화염의 전파속도를 연속, 폭굉의 경우의 전파속도를 폭속이라고 합니다. ","P","폭발과 폭굉을 비교해서 설명해 주세요."
"2","광업의 종류에 대해 설명해 주세요.","광산물의 종류에 의해서 금속광업, 비금속광업, 석탄광업 및 석유·천연가스 광업으로 분류됩니다. 금속광업은 금·은·구리·철 등의 금속광석을 탐광·채광하여선광·제련하는 산업입니다. 광석을 채광하는 사업소를 광산이라 하고, 제련하는사업소를 제련소라 합니다. 큰 광산은 제련소를 가까이 설치하고 있는 경우가 많지만, 중소 광산은 주로 채광과 선광만을 하여 다른 제련소에 매광합니다.","P","비금속광업에 대해 설명해 주세요."
"2","광업의 종류에 대해 설명해 주세요.","비금속광업은 석회석·황·석고·점토류 등의 비금속광물을 탐광·채광하고, 선광해서 순도를 향상시켜 제품을 공급하는 산업입니다. 황은 제품하기 위하여 제련공정을 필요로 하지만, 기타의 비금속광석은 거의 제련공정을 필요로 하지 않습니다. 산업활동이 활발해짐에 따라 각종 비금속광석에 대한 수요가 증대하여 생산이 증가하고 있습니다.","P","선광에 대해 설명해 주세요."
"2","광업의 종류에 대해 설명해 주세요.","광업은 금속광업과 비금속광업으로 나뉩니다. 주로 대중적인 과업은 금속광업으로 흔히 이해되지만 비금속 광업의 비중이 광업내에서 월등히 높을 뿐더러 금속광업은 제련공정이 필요하지 않기 때문에 비금속 광업보다 까다롭다는 특징이 있습니다.","F",""
"2","광업의 종류에 대해 설명해 주세요.","광업은 광산에서 나오는 물질을 재련하는 업을 말하기 때문에 재련 가능한 물질에 한정되어집니다. 따라서 가스와 같은 경우는 메탄가스,천연 가스 등 실생활과 공업용에서 많이 사용되지만 실체가 존재하지 않기 떄문에 광업으로 분류되지 않습니다.","F",""
"2","광업의 종류에 대해 설명해 주세요.","비금속광업은 석회석의 재련이 대표적입니다. 또한 비금속광업은 광산에서 나오지 않는 재료를 가공하는 것을 말하기 때문에 원칙적으로 광업에 속하지 않으나 재련과 사용용도가 금속광업과 비슷하다는 특징 때문에 광업으로 묶어 이해되고 있습니다.","F",""
"2","광업의 종류에 대해 설명해 주세요.","한편 제조화학의 부산물로서 생산되는 황·석고 등의 광산생산에 영향을 끼치고 있습니다. 석탄광업은 석탄을 탐탄·채탄하고 선탄하여 폐석을 제거해서 석탄을 공급하는 산업입니다. 회분 및 점결성의 정도에 따라서 주로 연료로 사용되는 일반탄과 제철원료 ·가스원료 등으로 사용되는 원료탄으로 분류됩니다.","P","탐탄에 대해 설명해 주세요."
"2","광업의 특징에 대해 설명해 주세요.","광업은 역사가 오래 된 기초 산업입니다. 인간의 문화발달의 역사는 광물의 채굴과 가공에 의한 금속, 비금속 및 광물성 연료의 사용기술의 진보와 함께 비약해 왔습니다. 이러한 광산물의 공급 없이는 다른 산업은 거의 이루어지지 못합니다. 더구나 다른 인공물질로는 대치할 수 없는 것이 많습니다.","P","광업이 기초산업이라 불리는 이유를 설명해 주세요."
"2","광업의 특징에 대해 설명해 주세요.","광업의 대상물질은 지하자원입니다. 유용광물자원은 대부분 지하심부에 부존되어 있는 경우가 많으며 이를 탐사하고 채굴하는 데는 특수한 기술을 필요로 할 뿐만 아니라, 갱내작업에는 다른 산업과는 달리 특수한 위험요소가 많아서 재해율이 높습니다. 따라서 광물자원을 합리적으로 안전하게 채굴하는 데는 갱내조건에 따른 고도의 기술개발이 필요합니다.","P","지하심부에 대해 설명해 주세요."
"2","광업의 특징에 대해 설명해 주세요.","광업의 특징은 물질을 재련하는데 있습니다. 보통의 산업이 대부분 원재료를 가공하여 2차가공품을 만들기는 하지만 광업의 경우 원재료를 이용하기 위해서 재련이라는 특수한 단계를 거쳐야 합니다. 이는 비금속 광업과 금속 광업 모두에게 해당됩니다.","F",""
"2","광업의 특징에 대해 설명해 주세요.","광업의 대상물질은 지하 자원으로 국한됩니다. 지하에 생산되는 많은 광물을 토대로 이를 재련하여 새로운 물품을 만드는 행위가 광업입니다. 이는 위치적인 특성을 더 우선시하기 때문에 갱도 내에서 이뤄지는 사업 역시 광업으로 통칭됩니다.","F",""
"2","광업의 특징에 대해 설명해 주세요.","광물자원은 한도가 존재하지 않습니다. 지하자원이 한정적이기는 하지만 이는 먼 미래의 것이기 때문에 고려되지 않고 있습니다. 따라서 경제적 측면에서 수요에 대한 한도가 존재하지 않는다고 여겨집니다. 또한 다른 산업은 기술의 진보와 함께 비약적으로 발전하였으나 광업은 광물 의존적이기에 항상 그 존재만 유지되어 있습니다.","F",""
"2","광업의 특징에 대해 설명해 주세요.","광물자원은 한도가 있고 재현성이 없습니다. 지하자원은 태고의 지질활동으로 생성된 것이며, 이것을 채굴 하면 없어지고 재생되지 않습니다. 따라서 지하자원은 실수율을 높여서 가능한 한 남김없이 채굴해야 하며, 동시에 탐광기술의 진보에 의해서 새로운 광상 발견에 주력해야 합니다.","P","실수율을 높이는 방안에 대해 설명해 주세요."
"1","채광에 대해 설명해 주세요.","넓은 의미로는 지각 중에 존재하는 광물을 채취하는 작업 전체를 가리킵니다. 광상이라고 하는 형태로 한정된 구역에 집합되어 존재하는 유용광물을 채취하는 장소가 광산이며, 그 각각의 광상의 형태에 적합한 방법으로 경제적 ·기술적으로 또한 자원의 입장에서 합리적으로 유용광물을 채취하는 작업이 채광입니다.","P","채취와 채광을 비교해서 설명해 주세요."
"1","채광에 대해 설명해 주세요.","채취하는 광물의 종류에 따라서 금속채광, 비금속광물 채광, 석탄채광 등으로 사용되며, 석유를 채취하는 경우는 석유채광이라고 합니다. 좁은 의미의 채광은 넓은의미의 채광에서 여러 가지 작업 중에서 지질탐사작업, 즉 광상의 발견을 위한 작업, 채취한 광석을 선별하기 위한 선광작업을 제외한 광상의 개발 ·계획 ·개갱 등 입니다.","P","개갱에 대해 설명해 주세요."
"1","채광에 대해 설명해 주세요.","채취되는 광물을 의미합니다. 따라서 재료에 따라서 채광을 구별할 수 있는데 귀금속채광,석탄채광, 기초금속채광, 경금속채광 등 다양하게 존재할 수 있습니다. 또한 채취되는 광물이 재련되는 것을 포함하기 때문에 재련작업이 없는 비금속은 채광에서 제외됩니다.","F",""
"1","채광에 대해 설명해 주세요.","광산에서 채굴을 하는 행위를 말하는 것으로 채광의 종류와 기능은 다양합니다. 기계를 사용하면 기계채광이라 칭해지며, 폭발을 이용하면 폭발채광, 삽을 이용하면  삽채광 등이 있습니다. 현재는 광산의 자연적인 부식을 이용하여 채굴하는 자연채광이 유행하고 있습니다.","F",""
"1","채광에 대해 설명해 주세요.","넓은 의미로는 지각 뿐만 아니라 멘틀에 존재하는 광물을 채취하는 작업과 이를 재련하는 작업을 통칭하여 가리킵니다. 좁은 의미로는 광업 중 광산에서 채취된 것을 통칭하는 것으로,  이 때 바다에서 채취된 지하자원은 배제됩니다.","F",""
"1","채광에 대해 설명해 주세요.","지표로부터 깊은 곳에 있는 광상의 채굴은 갱내채굴이라고 하며, 노천채굴에 비하여 기술적으로 곤란한 점이 많으며, 개발에 있어서도 면밀한 계획을 세우고 여러 가지 기술을 도입할 필요가 있습니다. 수증기를 보내어 황을 용해하여 퍼올리는 방법, 암염층을 물로 용해시켜 채취하는 방법 등도 행해지고 있습니다.","P","암염층을 물로 용해시켜 채취하는 방법에 대해 설명해 주세요."
"2","선광에 대해 설명해 주세요.","넓은 뜻으로는 이들 조작을 포함하는 처리기술을 총칭합니다. 광산에서 채굴된 광석은 불순물, 모암 및 맥석을 다량으로 함유하기 때문에 그대로는 사용할 수 없는 경우가 많습니다. 예를 들면, 조광을 그대로 제련하여 목적하는 금속을 얻을 수 있었다고 해도 그 방법은 경제적이지 못합니다. ","P","모암에 대해 설명해 주세요."
"2","선광에 대해 설명해 주세요.","광산에서 채굴된 광석이 받는 선광처리의 일반적인 과정은 다음과 같습니다. 벨트 컨베이어·광차·덤프 트럭 등에 의해서 운반되어 온 조광은 호퍼·피더 등의 설비를 통해서 크러셔로 공급되어 파쇄됩니다. 파쇄과정에서는 각종 파쇄기 외에 진동체와 같은 체질기계가 사용되어 파쇄공정을 돕습니다.","P","파쇄기의 종류에 대해 설명해 주세요."
"2","선광에 대해 설명해 주세요.","선광이란 채광에 재련 및 불순물 제거 등의 행위를 포함한 것입니다. 모든 광업은 채광에서 끝나는 것이 아니라 별도의 제련작업을 필요로 하기 때문입니다;  따라서 채광은 선광에 귀속되는 개념입니다. 또한 선광은 제련작업 뿐만 아니라 실패작을 파쇄하는 작업도 포함합니다.","F",""
"2","선광에 대해 설명해 주세요.","광산의 선광과정은 컨베이어, 광차, 덤프 트럭 등에의해 채광작업된 광물이 운송된 뒤 이에 대한 불순물을 제거하고 순수 광물 자원으로 이뤄집니다. 선광 과정에서 발생하는 모든 자본과 관련된 손해와 이익은 해당 광산으로 귀속됩니다.","F",""
"2","선광에 대해 설명해 주세요.","선광이란 광물을 선별하는 작업입니다. 철과같은 경우 철강업에 사용되기 위해서는 불순물이 전혀 존재하지 않는 순수철이 되어야하기 떄문에 선광작업을 통해 불순물이없는 철만을 골라서 구입해야할 필요가 있습니다. 때문에 선광작업은 주로 철강사업자가 직접 수행하는 것이 일반적입니다.","F",""
"1","광업권에 대해 설명해 주세요.","광구에서 등록을 받은 광물과 이와 동일한 광상 중에 부존하는 다른 광물을 채굴하여 취득하는 권리를 말합니다. 광업권은 탐사권과 채굴권이 있습니다. 조광권은 물권으로 하고 광업법에서 따로 정한 경우 외에는 부동산에 관한 민법과 그 밖의 법령에서 정하는 규정을 준용합니다.","P","조광권에 대해 설명해 주세요."
"1","광업권에 대해 설명해 주세요.","광업권이란 탐사권과 채굴권을 말합니다. 탐사권이란 등록을 한 일정한 토지의 구역에서 등록을 한 광물과 이와 같은 광상에 묻혀 있는 다른 광물을 탐사하는 권리이고 채굴권이란 광구에서 등록을 한 광물과 이와 같은 광상에 묻혀 있는 다른 광물을 채굴하고 취득하는 권리를 말합니다.","P","탐사권에 대해 설명해 주세요."
"1","광업권에 대해 설명해 주세요.","광업권은 본디 해당 광산이 존재하는 산의 소유주에 귀속되지만, 현재는 근로자의 보호를 위해서 광산에서 근로하는 근로자와 해당 근로자를 관리하는 기업에 귀속되고 있습니다. 또한 광업권은 해당 광산 뿐만 아니라 광산에서 채굴되는 모든 광물을 포괄합니다.","F",""
"1","광업권에 대해 설명해 주세요.","광업권은 항상 국가에 귀속됩니다. 광업권이 국가 소유가 아니라면 지하자원이 유출되는 것을 막을 수 없으며, 개인 소유의 석유,석탄이 생김으로써 우연적 부의 형성이 발생하기 떄문에 사회 불평등을 초래할 수 있습니다. 따라서 광업권은 자유시장에서 매매될 수 없는 개념입니다.","F",""
"1","광업권에 대해 설명해 주세요.","광업권에 대한 허가를 원하는 자는 허가를 원하는 광업권의 종류를 정하여 대통령령으로 정하는 바에 따라 국토교통부 장관에게 허가를 받아야하며, 해당 광산을 등록한 후, 2차례의 광산보안, 광산 채굴 기업과의 계약을 신고함으로써 광업권을 획득할 수 있습니다.","F",""
"1","광업권에 대해 설명해 주세요.","광업권의 설정을 받으려는 자는 광업권의 종류를 정하여 대통령령으로 정하는 바에 따라 지식경제부장관에게 출원하고 그 허가를 받아야 하고, 광업권설정의 출원을 하는 자는 광업권설정출원서에 구역도, 대통령으로 정하는 바에 따라 작성한 광상에 관한 설명서, 그 밖에 지식경제부령으로 종하는 서류를 첨부하여 지식경제부장관에게 제출하여야 합니다.","P","광업권설정출원서에 대해 설명해 주세요."
"2","자주개발률에 대해 설명해 주세요.","자원의 수입 물량 가운데 자국이 개발 및 투자에 참여해 확보한 자원의 물량비율을 말합니다. 자원 확보의 안전성을 위해 매우 중요한 지표가 됩니다. 만약 외국에서 채굴된 석유를 전량 그대로 수입해 올 경우 자주개발률은 0%가 되지만, 국내의 기술과 자본을 투자해 석유개발사업에 참여하고 이를 수입해 오면 이 석유수입량이 자주개발률에 포함되는 것입니다.","P","자주개발률 0%가 의미하는 것을 설명해 주세요."
"2","자주개발률에 대해 설명해 주세요.","국내 업체가 해외에서 개발하는 석유ㆍ가스 생산량을 국내 소비량으로 나눈 값으로, 한 나라의 에너지 자립도를 측정하는 지표가 됩니다. 수치가 높을수록 에너지 자립도가 뛰어나다는 것을 뜻하며, 보통 20%가 넘어야 에너지 자립이 안정적이라는 평가를 받습니다.","P","에너지 자립도가 중요한 이유를 설명해 주세요."
"2","자주개발률에 대해 설명해 주세요.","우리나라는 국내에 지하자원이 거의 존재하지 않기 떄문에 해외에 지하자원을 대신 시추함으로써 적당량을 수입하는 개념으로 지하자원을 확보합니다. 이때 자주개발률에 의해 우리나라가 해외에서 얻는 지하자원의 비율을 구할 수 있는데 그 수치가 높을수록 해당 국가에서 우리나라에게 주는 지하자원의 비율이 증가합니다.","F",""
"2","자주개발률에 대해 설명해 주세요.","지하자원 수입 물량 가운데 자국이 투자에 참여해 확보한 자원의 물량비율을 말합니다. 자주개발률이 낮을수록 지하자원 매장량이 풍부하여 수입의존도가 높음을 의미하고 높을수록 지하자원에 대한 수입의존성이 높음을 의미합니다.","F",""
"2","자주개발률에 대해 설명해 주세요.","국내 업체가 해외에 존재하는 석유,가스,지하자원의 생산에 직접 참여하여 국내 소비량을 충당하였을 경우 이를 자주개발이라고 합니다. 전체 국내 소비량 중 자주개발률이 차지하는 비율은 우리나라가 굉장히 높은 편으로 현재 60%를 차지합니다. 수치가 높을수록 에너지 자립도가 낮음을 의미하여 우리나라가 지하자원에 대한 수입의존도가 높음을 알 수 있습니다.","F",""
"2","법정광물에 대해 설명해 주세요.","광물학에서 정의하는 광물 중에서 광업법으로 정한 광물을 말하며 광업권의 설정 없이는 채굴 또는 취득할 수 없는 광물을 말합니다. 현재 법정광물은 금·은을 위시하여 희소광물에 이르기까지 66종이며 위 광물을 채취하고 버린 폐광이나 제련 후에 버려진 광재까지도 법정 광물에 포함됩니다.","P","희소광물에 대해 설명해 주세요."
"2","법정광물에 대해 설명해 주세요.","이 법에서 정하지 않은 광물은 광업법의 적용을 받지 않는 토사석에 불과하므로 토지의 일부로서 토지 소유권자에게 그 채취권이 귀속됩니다. 나라마다 법정 광물을 정하는 데는 자국에서 산출되는 광물 모두를 다 정할 수 없는 것이고 그 시대 그 나라의 국민 경제에 중요한 가치가 있고 광업 경영에 적합한 조건이 겸비된 것이라야 합니다.","P","토사석에 대해 설명해 주세요."
"2","법정광물에 대해 설명해 주세요.","법정광물이란 법을 통해서 보호받을 수 있는 광물을 의미합니다. 예를 들어 석회석의 경우 우리나라에서 한정적으로 생산되며 수입물품 중 중요한 역할을 하기 때문에 개인이 소유할 수 없으며 국가의 재산에 포함되는 법정광물이라고 할 수 있습니다.","F",""
"2","법정광물에 대해 설명해 주세요.","광물학에서 정의하는 광물 중에서 광업법을 통해서 광물로 인정받은 광물을 말하며 광업권에 제한을 받지 않습니다. 현재 법정광물은 금·은을 위시하여 희소광물에 이르기까지 66종이며 위 광물을 채취하고 버린 폐광이나 제련 후에 버려진 광재는 제외하고 있습니다. ","F",""
"2","법정광물에 대해 설명해 주세요.","법정광물은 법에서 광물로 정해져있는 광물이기 떄문에 국가별로 상이할 수 있습니다. 따라서 현재 우리나라에서는 이러한 혼란 초래를 방지하기 위해서 법정 광물을 현재 광업에서 이용되는 모든 재료로 정의하여 넓은 개념으로 사용되고 있습니다.","F",""
"2","법정광물에 대해 설명해 주세요.","법정광물은 나라마다 다르며 한 나라에서도 그 시대의 과학의 발달과 그 나라 경제적, 사회적 변천에 따라서 증감될 수 있습니다. 국민경제상 가치가 있고 광업을 영위함에 있어 적합한 광물이라고 하는 것은 그 광석의 품질과 매장량이 어느 수준 이상이 되어야 할 뿐더러 매장된 위치가 너무 오지에 있어 운반이 어렵다든가 할 경우는 광석으로서 가치가 없게 되는 것입니다.","P","광석으로서의 가치에 대해 설명해 주세요."
"1","전략광물에 대해 설명해 주세요.","전략광물은 국방부의 전략물자에서 비롯된 개념입니다. 전략물자는 전쟁수행에 필요한 물자와 그 물자의 충분한 양, 질, 또는 획득시간이 어떠한 이유를 불문하고 불확실성이 있으므로 획득준비가 요구되는 주요물자를 지칭하는 용어로서 비상시에 대비하기 위해 군은 장기 또는 중기계획에 의해 비축합니다.","P","전략광물과 불확실성의 관계에 대해 설명해 주세요."
"1","전략광물에 대해 설명해 주세요.","6대 전략광물은 전략적으로 필요한 광종을 선정하여 해외자원개발 기본계획을 수립할 때 반영하였고 특히 석유, 가스, 광물 분야의 3대 공기업의 경영평가 시 석유, 가스와 함께 8대 전략광물의 자주공급률을 평가지표에 반영하였습니다. 6대 전략광물은 유연탄, 우라늄, 철, 동, 아연, 니켈 입니다.","P","해외자원개발 기본계획 수립 시 유의할 점을 설명해 주세요."
"1","전략광물에 대해 설명해 주세요.","전략광물은 군용으로 사용가능한 광물 혹은 군용 목적으로 지속적으로 사용되고 있는 광물을 의미합니다. 따라서 무기 생산이나 보급품에 사용되는 광물을 의미하며 해당 광물은 전시상황을 대비하여 온전히 국가만 소유가능합니다.","F",""
"1","전략광물에 대해 설명해 주세요.","전략광물이란 광업을 하는 기업을 평가할 수 있는 요소가 되는 광물을 말하며 주로 석회석, 리튬, 구리, 납, 규토, 이리듐입니다. 이들은 자주공급률이 굉장히 낮으며 경영평가를 할 때 이들의 비율을 통해 안정성을 평가하기 도 합니다.","F",""
"1","전략광물에 대해 설명해 주세요.","국가에서 전략적으로 경제 발전에 필요한 광물을 정하는 것으로 이전에는 국가마다 관련된 기본계획에 따라서 전략광물이 다양했으나 현재에는 국제적인 표준 전략광물이 결정되어 있어, 석유,가스,철,동,아연,은 위 6가지 항목을 국제적 전략광물로 규정하고 있습니다./","F",""
"2","유연탄에 대해 설명해 주세요.","석탄을 크게 분류할 때 무연탄에 상대되는 것입니다. 이는 많은 휘발성분을 포함하고 있기 때문에 연소될 때 매연이 나오고 불꽃을 일으키며 타오르는 것이 특징입니다. 갈탄, 역청탄 등이 여기에 속하며, 유연탄은 대체로 발열량이 높습니다. 발전용으로 쓰이며 역청탄은 제철소에서 쓰이는 환원제인 코크스의 원료로 중요합니다.","P","코크스에 대해 설명해 주세요."
"2","유연탄에 대해 설명해 주세요.","남한에는 없으며 북한에서 생산됩니다. 탈 때 연기가 많아 유연탄이라 부르며, 무연탄 보다 탄화가 덜되어 탄소의 양은 적으나 휘발성분이 많아 불이 잘 붙으며, 탈 때 노랑 불꽃을 내며 화력이 무연탄 보다 강합니다. 주로 화력 발전용, 시멘트 소성용, 제철소 코오크스 제조용, 화학공업 원료용 등으로 쓰입니다.","P","화력발전에 대해 설명해 주세요."
"2","유연탄에 대해 설명해 주세요.","유연탄이란 연기가 많아 유연탄이라고 부릅니다. 즉 연기가 많이 발생하는 석탄으로 시장성이 적지만 발열량이 많고 휘발성분을 거의 포함하고 있지 않아 안전성을 확보할 수 있어서 화력발전에 적합하여 우리나라 화력발전의 대부분은 유연탄을 사용하고 있습니다. 또한 유연탄은 강원도에 밀집되어 있어 자체적으로 조달 가능하다는 장점을 갖습니다.","F",""
"2","유연탄에 대해 설명해 주세요.","유연탄이란 표면이 매끄러운 석탄을 의미합니다. 표면이 다른 석탄에 비해 마모되기 수월하여 제련이 어렵고, 발화점도 굉장히 높아 시장성이 없다는 평가를 받아왔습니다. 현재는 석탄의 액화작업을 위한 실험용도로 사용되고 있습니다.","F",""
"2","유연탄에 대해 설명해 주세요.","유연탄이란 연기가 발생하는 석탄을 의미하며 대중적으로 번개탄이라고 불립니다. 연소전도율이 높아서 다른 석탄을 연소시키기 위해서 사용됩니다. 또한 발화점이 낮고 화력이 높아 발열량이 높아 고깃집에서 자주 볼 수 있다는 특징을 지닙니다.","F",""
"1","우라늄에 대해 설명해 주세요.","우라늄은 주기율표에서 악티늄족에 있는 은백색 금속입니다. 우라늄은 모든 동위원소가 불안정하므로 약한 방사성을 띠는데, 대표적인 동위원소들의 반감기는 159,200년에서 45억년으로 알려져 있습니다. 농축하여 원자력 발전이나 원자 폭탄 제조에 사용될 수 있습니다.","P","반감기에 대해 설명해 주세요."
"1","우라늄에 대해 설명해 주세요.","1789년 마틴 하인리히 클라프로트가 피치블렌드 미네랄에서 우라늄을 최초로 발견하였습니다. 프랑스 과학자 외젠 페리고가 우라늄 금속을 처음으로 분리하였으며, 1896년 앙리 베크렐이 우라늄의 방사성을 확인하였습니다. 1934년부터 시작한 연구에서, 우라늄이 원자력 산업에 활용한 것으로 알려졌습니다.","P","원자력 산업에 대해 설명해 주세요."
"1","우라늄에 대해 설명해 주세요.","우라늄은 은백색 금속입니다. 우라늄의 동위원소는 지극히 안정하여 강한 방사성을 띕니다. 또한 반감기가 매우 짧아 폐기물 분해가 굉장히 빠른 편이어서 농축하여 원자력 발전으로 이용되고 있습니다.","F",""
"1","우라늄에 대해 설명해 주세요.","우라늄은 굉장히 불안정한 동위원소를 가지고 있어 핵융합 시 거대한 에너지를 내뿜는 특성이 있습니다. 이를 이용하여 원자폭탄에 주로 사용되기 떄문에 2차 세계 대전 이후 국제적으로 우라늄 사용에 대한 원천적 금지 명령이 내려져 있습니다.","F",""
"1","우라늄에 대해 설명해 주세요.","우라늄은 지구 상에 존재하는 원소 중에 가장 원자량이 낮습니다. 밀도 또한 구리보다 50% 가량 작으며 자연 상태로는 존재할 수 없습니다. 우라늄은 악티늄의 화학분해를 통해서만 얻을 수 있는데 강력한 방사선을 쬐야하기 때문에 획득 방법부터 고위험군에 속합니다.","F",""
"1","우라늄에 대해 설명해 주세요.","태고로부터 존재하던 원소 중에서 우라늄의 원자량이 가장 큽니다. 밀도가 납보다 70% 가량 크고, 금이나 텅스텐보다 약간 낮습니다. 자연의 흙이나 암석 또는 물에 ppm 수준의 낮은 농도로 존재하며, 우라니나이트와 같은 미네랄에서 상업적 용도로 추출합니다. 우라늄은 92개의 양성자와 92개의 전자를 갖고 있으며 이 중 6개가 원자가 전자입니다.","P","원자량에 대해 설명해 주세요."
"1","철광에 대해 설명해 주세요.","철을 함유한 광석으로 자철광, 적철광, 갈철광이 있습니다. 보통은 철의 함량 50∼60퍼센트의 것이 경제성이 있으며, 그 이하의 것은 빈광으로 고품위의 광석에 섞어서 사용합니다. 이와 같이 대부분의 철광석은 철의 산화물인 적철석이나 자철석으로 존재하기 때문에 순수한 철을 뽑아 내기 위해서는 코크스에 의한 환원 작용으로 산소를 제거하면 철을 분리할 수 있습니다.","P","적철석에 대해 설명해 주세요."
"1","철광에 대해 설명해 주세요.","제철의 원료가 되는 철광은 적철광, 자철광, 갈철광, 능철광 등이 있으며, 철광에 포함되는 철분의 양에 따라 60% 이상의 것을 부광, 40% 이하의 것을 빈광이라고 합니다. 세계적인 주요 철광으로 구소련의 크리보이로크, 스웨덴의 키루나, 프랑스의 로렌, 영국의 크리블랜드 등지가 알려져 있습니다.","P","부광에 대해 설명해 주세요."
"1","철광에 대해 설명해 주세요.","철광이란 광산에서 나오는 모든 철을 포함하는 것을 의미합니다. 자철광 적철광 갈철광으로 구분되며 이는 제련 시 발생하는 철의 색깔을 통해 구분하고 있습니다. 자철광은 보라색 빛을 띄는 것으로 철분의 함유량이 가장 낮으며 갈철광으로 갈 수록 철분 향유량이 높습니다.","F",""
"1","철광에 대해 설명해 주세요.","철광은 광산에서 채굴 시 다양한 광석과 혼합되어 존재하기 때문에 제련의 과정을 거쳐야 합니다. 이에 제련시 철분의 함유도에 따라 등급을 나누는데 90% 이상 철분 함유량이 되어 있어야만 시장성을 가진다고 평가되고 있습니다.","F",""
"1","철광에 대해 설명해 주세요.","철광은 산화 반응으로 철광석에서 순수한 철을 추출하여 사용합니다. 이 제련과정을 거친 철광석은 전도율이 낮아서 반도체로도 사용가능하며, 밀도가 굉장히 높고 튼튼하여 선박, 항공 등의 운행수단을 만들 때나 중공업에서 주로 사용되고 있습니다.","F",""
"1","철광에 대해 설명해 주세요.","산화 환원 상태에 따라 여러 산화철 형태로 채굴된 철광석에서 순수한 철을 추출하여 사용하려면 산화철을 환원시켜야 합니다. 이러한 과정을 제련이라 하며 원료인 철광석이나 사철로부터 비중이 낮은 불순물인 슬래그를 분리하여 쇠를 얻는 것입니다. 이를 위해 용광로에 산화철, 코크스, 석회석을 넣고 용광로 내로 강한 열풍을 가해 줍니다.","P","슬래그에 대해 설명해 주세요."
"2","동광석에 대해 설명해 주세요.","구리를 함유한 광석의 총칭으로서, 동광 혹은 구리광이라고도 부릅니다. 화학조성에 따라 원소광물, 황화광물, 산화광물, 착염광물로 구분되는데 그 중에서 황화광물인 황동석과 반동석이 가장 중요한 1차적 구리광입니다. 한국의 구리광은 황동석이 주채광 대상 광물입니다.","P","반동석에 대해 설명해 주세요."
"2","동광석에 대해 설명해 주세요.","보통 납 ·아연 ·황화철 등이 수반되어 산출됩니다. 또 대부분의 구리광은 금과 은을 수반합니다. 한국의 구리광상은 대부분 열수광상과 교대광상에 속하는데, 전자가 현저하게 많습니다. 보통 맥상 ·각력상 ·망상 등의 광체를 이루고 있으나, 경북 영양 지구의 현무암 중에는 자연구리가 현무암의 열극을 충전하여 형성되어 있는 것도 있습니다.","P","현무암에 대해 설명해 주세요."
"2","동광석에 대해 설명해 주세요.","동광석이란 구리를 만드는데 사용되는 광석을 의미합니다. 동광석에서 불순물을 제거하면 구리라고 하는데 그 제련 방식이 굉장히 복잡하여 순수한 구리는 금과 은보다 더 큰 값어치를 가지고 있습니다. 한국에서는 동광석이 존재하지 않아 수출에 의존하고 있습니다.","F",""
"2","동광석에 대해 설명해 주세요.","동광석은 납을 함유하고 있는 광석으로서 주로 금과 은이 내포되어 있습니다. 납은 신체에 굉장히 유해하지만, 금과 은을 추출하기 위해서 많은 광부들이 동광석을 채굴하면서 위험에 빠지는 경우가 많습니다. 이에 정부는 동광석을 중앙에서 관리하는 행정명령을 발동한 적도 있습니다.","F",""
"2","동광석에 대해 설명해 주세요.","구리를 함유한 광석을 동광석이라고 하며 구리는 한국에서 매우 흔한 자원으로 광산이 아니더라도 동네에 있는 돌과 암석 등의 하단에서 구리를 쉽게 발견할 수 있습니다. 또한 구리는 화폐를 생산하는 자원으로 굉장히 저렴하다는 특징이 있습니다.","F",""
"1","아연에 대해 설명해 주세요.","청백색의 아연은 광택이 있고 부서지기 쉬우며, 인류가 철, 알루미늄, 구리 다음으로 많이 생산하여 사용하고 있는 금속입니다. 철보다 밀도가 다소 낮으며, 전기 전도성이 우수하고, 녹는점이 수은과 카드뮴을 제외한 모든 전이 금속 중에서 가장 낮습니다. 마그네슘과 화학적 특성이 일부 유사합니다.","P","카드뮴에 대해 설명해 주세요."
"1","아연에 대해 설명해 주세요.","가장 흔히 발견되는 아연 광석은 황화물 형태인 섬아연석입니다. 구리와 아연을 다양한 비율로 합금한 황동이 예전부터 사용되었으며, 철의 부식 방지를 위한 도금, 건전지, 통신장비, 악기, 주화 및 다양한 합금의 제조에 아연이 쓰입니다. 아연 화합물은 식이 보조제, 방취제, 항균제, 발광 도료, 화장품 원료 및 유기 합성용 시약 등 다양한 분야에서 사용됩니다.","P","섬아연석에 대해 설명해 주세요."
"1","아연에 대해 설명해 주세요.","아연이란 광석 자원 중에 가장 흔하게 발굴됩니다. 아연은 강도가 강하며 밀도가 빽빽하여 쉽게 마모되지 않으며 청록색의 빛을 띕니다. 또한 아연은 전도율이 높아서 건전지나 합금 제조에 주로 사용되고 있습니다.","F",""
"1","아연에 대해 설명해 주세요.","아연은 산업 혁명 이후로 인간에게 널리 사용되고 있습니다. 아연은 금의 부식을 막아주기 때문에 금본위제 화폐를 사용하던 근대 시기 아연을 화폐를 유지하기 위한 수단으로서 사용하기도 하였습니다. 현재는 아연은 마그네슘을 생성하기 위해 사용됩니다.","F",""
"1","아연에 대해 설명해 주세요.","아연은 철보다 밀도가 높고 전기 전도성이 낮으며 신체에 무해하다는 특징 때문에 주로 그릇과 같은 주방용품이나 가전제품의 생산에 주로 사용되고 있습니다. 또한 아연은 제련방식이 굉장히 단순하여 기존의 철로 만들 수 있는 제품을 보다 저렴하게 생산하게 해줍니다.","F",""
"1","아연에 대해 설명해 주세요.","아연을 사용한 고대 시대 유물이 세계 곳곳에서 발견되었는데, 이 금속을 순수한 원소로 분리하여 사용하기 수천 년 전부터 아연 광석은 구리-아연 합금인 황동을 만드는 데 이용되었습니다. 서양에서 아연은 17세기 후반 정제되기 시작했는데, 1746년 독일의 화학자 마르그라프가 밀폐된 용기에서 칼라민 광물과 숯 혼합물을 가열하여 순수한 아연 금속을 처음으로 얻었습니다.","P","황동에 대해 설명해 주세요."
"2","아연의 산업적 용도에 대해 설명해 주세요.","전 세계에서 생산되는 아연의 약 55%는 아연 도금에, 16%는 황동과 청동 제조에, 21%는 합금 제조에, 나머지 약 8%는 기타 용도에 사용됩니다. 아연은 현수교, 난간, 가로등, 금속제 지붕, 열교환기 및 자동차 차체 등과 같이 부식이 쉬운 철이나 강철로 이루어진 구조물의 표면에 도금하여 부식 방지제 역할을 합니다.","P","아연의 부식방지제 역할에 대해 설명해 주세요."
"2","아연의 산업적 용도에 대해 설명해 주세요.","아연에 소량의 구리나 알루미늄 혹은 마그네슘이 첨가된 합금인 자막은 스핀 주조나 다이 주조가 쉬워 자동차, 전기 및 기계 부품 산업에서 널리 사용됩니다. 한 예로 아연-알루미늄 자막의 경우 합금의 녹는점과 점도가 낮아 작고 복잡한 모양의 금속 부품을 신속하게 생산할 수 있습니다.","P","스핀주조에 대해 설명해 주세요."
"2","아연의 산업적 용도에 대해 설명해 주세요.","아연은 강한 염기성을 띄기 떄문에 배관이나 선박의 산화 부식을 방지하는데 사용되기도 합니다. 아연은  녹는점과 점도가 낮아서 주로 액체상태로 산업적으로 사용되는데 산화 부식이 쉽게 되는 제품에 액체 아연으로 코팅함으로써 부식을 방지하는 제품도 존재합니다.","F",""
"2","아연의 산업적 용도에 대해 설명해 주세요.","아연은 다양한 원소와 결합하기 용이합니다. 주로 구리, 알루미늄, 마그네슘, 납 등과 결합하여 합금을 만드는데 합금을 하더라도 마모가 쉽게 되어서 기계의 부품으로는 사용될 수 없지만 배터리의 핵심소재로서 기능하고 있습니다.","F",""
"2","아연의 산업적 용도에 대해 설명해 주세요.","아연은 우리나라에 굉장히 풍부한 자원으로써 다양한 방법으로 사용되고 있습니다. 아연은 백금,카드뮴,텔루륨,코발트 등 희소금속과 합금하게 되면 산화반응을 일으키며 산화아연이 되는데 이는 스마트 기기 LED에 자주 쓰이는 발광 다이오드로서 기능한다.","F",""
"2","아연의 산업적 용도에 대해 설명해 주세요.","아연은 상대적으로 산화력이 높기에 매설된 배관이나 선박의 부식을 방지하기 위해 음극 보호를 통한 희생용 금속으로 사용할 수 있습니다. 아연의 표준 전극 전위는 -0.76 V로 낮아 알칼리 전지 및 아연-탄소, 아연-공기 전지의 양극 물질로 사용됩니다. 구리에 3~45% 첨가하여 구리보다 연성과 내부식성이 우수한 합금인 황동을 만드는데도 널리 사용됩니다.","P","표준전극전위에 대해 설명해 주세요."
"1","리튬에 대해 설명해 주세요.","리튬은 가장 밀도가 낮은 고체 원소로 반응성이 강한 금속 중 하나입니다. 리튬은 1817년 스웨덴의 25세 화학자 요한 아르프베드손이 발견했습니다. 그아르프베드손은 새로운 원소의 이름을 ‘돌’을 뜻하는 그리스어 리토스에서 따와 리튬이라는 이름을 붙이게 되었습니다.","P","반응성에 대해 설명해 주세요."
"1","리튬에 대해 설명해 주세요.","리튬 화합물은 다양한 용도로 쓰이지만 대부분 카메라나 노트북 컴퓨터의 재충전이 가능한 리튬전지에 사용됩니다. 또 전기 자동차에도 리튬전지가 쓰이고 있어 전기 자동차 사용이 일반화되면 리튬의 수요가 크게 증가할 것으로 보입니다. 리튬 화합물은 유리와 세라믹 산업에서 널리 사용되고 있습니다. ","P","리튬전지의 특징을 설명해 주세요."
"1","리튬에 대해 설명해 주세요.","리튬이란 13번째 원자로써 산화 금속에 속하는 화학원소입니다. 돌을 뜻하는 그리스어 리토스에서 이름을 유래하였으며 이유는 나트륨이나 이리듐과는 달리 광석에서 최초로 발견되었기 때문입니다. 리튬은 은백색을 띄며 쉽게 부식되지 않습니다","F",""
"1","리튬에 대해 설명해 주세요.",".리튬은 합금을 통해  열전달이나 전지 등에 사용되곤 합니다. 또한 미네랄 오일에는 리튬 염의 형태가 첨가될 정도로 다양한 방면으로 사용되고 있습니다. 그러나 녹는점이 18도로 굉장히 낮기 떄문에 보관이 어렵고 부식이 쉽다는 단점이 있습니다.","F",""
"1","리튬에 대해 설명해 주세요.","리튬의 결정 구조는 체심 입방정계입니다. 이는 원뿔모양이로 대상과 쉽게 합성될 수 있다는 특징을 지닙니다. 이에 따라 탄소와 쉽게 결합하여 탄화리튬 등을 얻을 수 있으며 탄화리튬은 칼로 자를 수 있을 정도로 무르고 강한 산성을띄는 특징을 지닌다.","F",""
"1","리튬에 대해 설명해 주세요.","탄산리튬은 여러 가지 정신 질환 치료에 사용되는 의약품의 주성분입니다. 또한, 알루미늄을 추출하는 데도 이용됩니다. 탄산리튬에서 탄소를 제거하여 만드는 수산화리튬은 우주선이나 잠수함 내의 공기 중에서 이산화탄소를 흡수하여 제거하는 자체 ‘공기세척기’로 사용됩니다.","P","수산화리튬에 대해 설명해 주세요."
"2","광재에 대해 설명해 주세요.","광산 또는 제철소 등에서 이용하고 남은 찌꺼기이다. 일반적으로 철을 용해할 때 용제의 작용으로 생기는 비철금속 물질을 말하며, 제철에서는 용광로로부터 나오는 광재의 것을 가리키며, 용접에서는 용접부의 표면에서 발생하는 재를 말합니다. 광재는 광석, 재, 분진, 오니와 함께 대개 더미로 버리게 됩니다.","P","용제의 작용에 대해 설명해 주세요."
"2","광재에 대해 설명해 주세요.","광재에는 환경을 해치는 물질이 들어 있기도 하지만, 유용하게 이용할 수 있는 물질이 함유된 자원으로 평가되기도 합니다. 우선 어떠한 과정을 거쳐 광재가 발생되어, 어떤 조건하에 대량으로 쌓아 놓았는가를 알아야 합니다. 또 쌓아 놓은 후의 화학적, 물리적 조건의 변화를 파악하고, 규칙에 따라 어떤 물질이 들어 있는가를 분석하여야 합니다.","P","광재가 유용하다고 평가되는 이유를 설명해 주세요."
"2","광재에 대해 설명해 주세요.","광재는 염기성성분과 금속산화물이 결합하는 자연적인 공용체이며 제련 과정에서 불필요한 부분의 집합물입니다. 제련에서 불순물의 제거 등을 통해 생성되며 슬러그라고도 불려집니다. 강한 산성을 띄기 때문에 광재를 처리할 떄는 강한 염기성물질과 결합하여 처리합니다.","F",""
"2","광재에 대해 설명해 주세요.","광재는 정부에서 지정한 지정폐기물로 분류됩니다. 따라서 광업을 하는 기업은 광재를 최대한 감축하기 위해서 노력해야 합니다. 또한 광재를 쌓아 놓을 때는 그 위험도에 따라서 분류하고 위험 정도에 따라서 선택적으로 감축을 해야합니다. 주로 위험도가 낮은 광재가 더 많은 양을 차지하기 때문에 위험도가 낮은 광재부터 순차적으로 처리합니다.","F",""
"2","광재에 대해 설명해 주세요.","광재는 시장성이 떨어지는 광물을 모아 적재해놓은 것을 말합니다. 광재의 처리는 굉장히 간단한데 채굴된 광산에 다시 돌려놓는 방법이 있습니다. 또한 광재는 화학적 물리적 조건과 관계없이 항상 변화하지 않기 떄문에 안전하다는 특징이 있습니다.","F",""
"1","광산에 대해 설명해 주세요.","광석을 채굴하는 장소뿐만 아니라 선광·제련 등의 공작소도 포함됩니다. 광산은 채굴되는 광물의 성질에 따라 크게 금속광산과 비금속광산으로 나눕니다. 따라서 석탄·석유가 생산되는 곳도 광산이라고 하지만, 석탄을 생산하는 광산은 탄광, 석유인 경우는 유전이라고 합니다.","P","제련에 대해 설명해 주세요."
"1","광산에 대해 설명해 주세요.","광산은 지상의 일반적인 생산공장과는 달리 다음과 같은 몇 가지 특수성을 지닙니다. 대상으로 하는 광물자원이 유한성을 지니고 있으므로 채굴 때 가능한 한 채취율을 높여야 합니다. 광산의 경영에 있어서 장기간에 걸쳐 가행이 가능한지의 여부를 판단하기 곤란하고, 투자자본의 회수기간이 길다는 특징이 있습니다.","P","채취율의 중요성을 설명해 주세요."
"1","광산에 대해 설명해 주세요.","광산은 광석이나 광물을 채굴하는 장소를 말하며 주로 산악지대에 분포하고 있습니다. 광산은 투자자본 회수기간이 짧고 광물이 발생하면 막대한 이익을 챙길 수 있어 현재 개발이 활발히 진행 중입니다. 또한 광물의 성질에 따라 그 종류가 다양합니다.","F",""
"1","광산에 대해 설명해 주세요.","광물을 채굴하는 장소를 말합니다. 이때 광물은 다양한데 보통 종류에 따라 금속광산과 비금속 광산으로 나뉩니다. 비금속 광산에는 석유를 채취하는 유전과 석탄을 채취하는 탄광이 대표적이며 금속광산은 선광작업이 필수적입니다.","F",""
"1","광산에 대해 설명해 주세요.","광산은 최근 관광업으로도 이용되고 있습니다. 관광객이 직접 광업 활동을 하면서 얻은 광물을 채취하고 이를 통해 수익을 얻는 개념입니다. 또한 대부분 산지에 위치한 광산 때문에 주변 인접지역에 투숙업이 발달되고 있습니다.","F",""
"1","광산에 대해 설명해 주세요.","광물자원을 채굴하는 장소뿐만 아니라 채굴 후 광석을 처리하는 선광·제련시설과 기타 공작소·숙소 등 부수적인 자산도 포함됩니다. 석탄이나 석유와 같은 에너지자원이 생산되는 곳도 광산이라고 합니다. 광산은 산출되는 광석의 종류, 개발 대상이 되는 광상의 형태, 광상의 형성된 원인, 채굴방식, 광물자원의 판매 양식 등에 따라 몇 가지로 분류할 수 있습니다.","P","광상의 형태에 대해 설명해 주세요."
"1","채석장에 대해 설명해 주세요.","건축용 석재·골재 등을 채굴하는 옥외 또는 지표의 작업장을 칭합니다. 일반적으로 석재류를 채굴하는 장소를 말하며, 대부분이 노천채굴이기 때문에 때로는 수직으로 우뚝 솟은 거대한 암벽이 만들어집니다. 비교적 신선한 노두를 관찰할 수 있는 장소입니다. 콘크리트 골재로 쓰는 석회암 채석장에는 크러셔나 선별기를 설치해 놓고 분쇄된 크고 작은 암석들을 골라서 반출합니다.","P","석회암에 대해 설명해 주세요."
"1","채석장에 대해 설명해 주세요.","암석을 노두에서 떼어내는 노천 작업장을 말합니다. 토목·건축용 석재의 채석장에서는 대형의 석재를 규칙적으로 깎아내지 않으면 안 되므로 수직의 평면벽으로 둘러싸인 대건축물의 모습을 드러내는 경우도 있습니다. 이때문에 폐 채석장은 주변 환경과 조화를 이루지 못하는 경우가 있어 사후 조경 관리가 요망됩니다.","P","사후조경관리가 필요한 이유를 설명해 주세요."
"1","채석장에 대해 설명해 주세요.","채석장이란 비금속 광산의 일종으로 금속 종류가 아닌 규토, 석회석, 현무암, 화강암, 변성암 등 다양한 석재를 채굴하는 광산을 의미합니다. 또한 해당 광물은 모두 제련 과정이 동행되어야 함으로 채석장 주변에는 반드시 제련소가 존재합니다.","F",""
"1","채석장에 대해 설명해 주세요.","채석장이란 시장가치가 있는 암석을 캐는 작업장을 의미합니다. 각 채석장마다 선호하는 가치가 다르기 때문에 하나의 채석장에는 하나의 암석만을 취급합니다. 따라서 보통의 경우 채석장끼리 협업하여 각자가 선호하는 암석을 이동시켜 효율성을 높입니다.","F",""
"1","채석장에 대해 설명해 주세요.","채석장의 종류는 다양한데 광산과 같이 동굴에 위치해 있으면 석재채석장, 지표면에 있는 암석으로 작업을 하면 노천채석장으로 분류됩니다. 그러나 대부분의 채석장은 그 규모가 넓기 떄문에 혼재되어 있는 경우가 다수 존재합니다.","F",""
"1","채석장에 대해 설명해 주세요.","조립 결정질 암석인 화강암이나 호상 무늬가 있는 편마암을 채석하는 채석장은 암석에 나타나는 절리를 이용하고, 층리가 발달된 사암의 경우는 층리면을 따라 용이하게 채석할 수 있습니다. 채석된 암석은 일정한 크기로 가공할 수 있는 치수석과 파쇄 암석으로 분리하여 용도에 맞게 이용됩니다.","P","편마암에 대해 설명해 주세요."
"1","광산의 특성에 대해 설명해 주세요.","산업경제의 필수적인 원료의 공급원으로서 광산은 일반 생산공장과는 다른 특성을 가지고 있습니다. 채광대상으로 하는 광물자원이 지하에 무한정 매장되어 있지 않기 때문에 생산에 한계가 있으며 재생산이 불가능합니다. 그러나 개발 도중에 예상하지 못했던 새로운 광체를 발견할 수 있는 가능성이 있어 개발의 기대 효과가 큽니다.","P","생산의 한계성에 대해 설명해 주세요."
"1","광산의 특성에 대해 설명해 주세요.","투자의 회임기간이 길고 장기간에 걸쳐 가행이 가능한지의 여부를 판단하기 곤란할 뿐 아니라, 폐광 뒤의 시설물을 재활용하기가 어려우므로 자본의 위험부담률이 큽니다. 원자재 생산의 1차산업이므로 광물원자재를 근간으로 하는 2차산업의 동향에 따라 자원시세의 영향을 많이 받게 됩니다.","P","1차산업에 대해 설명해 주세요."
"1","광산의 특성에 대해 설명해 주세요.","광산의 특징은 투자되는 돈을 안전하게 회수 가능하다는 점에서 경제적 가치를 띕니다. 광산 채굴 전 사전 답사를 통해 해당 광산에 어떤 광물이 시추되는지 확인되는 한, 수익이 원칙적으로 보장되어 현재는 하나의 투자수단으로 여겨지고 있습니다.","F",""
"1","광산의 특성에 대해 설명해 주세요.","광산의 특징은 안정성의 변화입니다. 이전 광산은 근로자가 필연적으로 폐질병을 동반하는 직업이라는 평가가 많았지만, 광산보안이 활성화되고 자본이 유입되면서 안전성을 최우선 과제로 삼게 되었습니다. 이에 따라 규폐증과 진폐증과 같은 질병을 쉽게 찾아볼 수 없게 되었습니다.","F",""
"1","광산의 특성에 대해 설명해 주세요.","광산의 특성은 광물이 무겁다는 것입니다. 따라서 유통을 할 때 많은 양을 운반하는데 한계가 있어, 보통의 경우 제련을 한 뒤 운반이 진행됩니다 .따라서 대부분의 광산은 하나의 클러스터를 운영하여 광물 채굴부터 제련, 판매까지 한 공간에서 이뤄집니다.","F",""
"1","광산의 특성에 대해 설명해 주세요.","지하의 협소한 공간에서 하는 발파작업 등으로 먼지와 가스 때문에 규폐·진폐 등의 독특한 직업병이 발생할 수도 있으며, 노동강도가 다른 산업에 비하여 높습니다. 암반붕괴·출수·추락·가스폭발 등의 특수한 산업재해율이 높습니다. 일반적으로 광산의 개발은 도시에서 멀리 떨어진 산간벽지에서 이루어지게 되므로 문화생활을 누리기가 어렵게 됩니다.","P","노동강도가 높은 이유를 설명해 주세요."
"2","광석운반에 대해 설명해 주세요.","광석운반은 막장운반·수평갱도 운반·수갱 및 사갱운반으로 나눌 수 있습니다. 막장운반은 중력을 이용한 슈트운반과 광차에 의한 운반 및 컨베이어운반 등을 들 수 있고, 수평갱도 운반에서는 주로 광차나 광산용 전차, 벨트컨베이어가 사용됩니다. 슈트는 광석·석탄 등을 경사면에 따라 낙하시키는 설비를 말합니다.","P","사갱운반에 대해 설명해 주세요."
"2","광석운반에 대해 설명해 주세요.","수갱·사갱의 경우에는 권양기와 벨트컨베이어를 사용합니다. 갱 내에서 채광된 것들이 모두 광물자원의 가치를 지닌 것은 아니고, 경제 가치가 없는 맥석이나 광맥을 품고 있는 바위인 모광암 같이 불필요한 것들이 광석과 함께 섞여 있게 됩니다. 이들 불필요한 부분들을 제거하여 광석의 품위를 높이는 한편, 유용광물을 종류별로 분류하는 작업이 선광입니다.","P","권양기에 대해 설명해 주세요."
"2","광석운반에 대해 설명해 주세요.","광석 운반은 광석의 종류에 따라 다양합니다. 보통 밀도가 낮고 질량이 낮은 광석의 경우 근로자가 직접 운반하는데 이 이유는 밀도가 높고 질량이 높은 광석은 벨트컨베이어로 옮기고 그와 동시에 근로자가 직접운반함으로써 효율성을 높이는 것입니다.","F",""
"2","광석운반에 대해 설명해 주세요.","수갱의 경우 광석운반에 제약이 따릅니다. 수갱 내부에 근로자가 직접 갈 수 없기 때문입니다. 따라서 수갱의 경우 벨트컨베이어에 의존할 수 밖에 없는데 이에 따라 누락되는 광석이 많아져서 이를 방지하기 위해 수평갱도로 수갱을 기획합니다.","F",""
"2","광석운반에 대해 설명해 주세요.","수갱의 경우 광석운반을 할 떄 기계의존도가 매우 높기 떄문에 경제적 가치를 지닌 광석만 선별하여 운반할 수 없습니다. 따라서 운반을 한 뒤 광석을 선별하는 작업이 진행되는데 이 때문에 사갱이나 이란 광산보다 경제성이 떨어집니다.","F",""
"1","셰일가스에 대해 설명해 주세요.","모래와 진흙 등이 단단하게 굳어진 퇴적암 지층인 셰일층에 매장되어 있는 천연가스입니다. 일반적으로 시추되는 천연가스에 비해 깊은 지층에 매장되어 있습니다. 셰일지층에는 과다한 양의 질소와 황화합물을 함유하고 있어 정제법에 있어 석유와 다릅니다. 때문에 정제과정에 있어서 수소화분해 과정을 거쳐야만 추출물을 얻을 수 있습니다.","P","석유와 셰일가스의 정제법을 비교해서 설명해 주세요."
"1","셰일가스에 대해 설명해 주세요.","셰일가스 추출법은 1694년 영국에서 처음으로 개발되어 전세계에서 제한적 생산이 이루어졌으며, 1973년 오일쇼크 때에는 셰일가스와 오일에 대한 관심이 고조되기도 하였습니다. 그러나 추출법과 정제과정 등에 있어서 경제성이 낮다는 측면도 있습니다. 하지만 중동의 산유국에서 생산되는 오일의 값이 계속오르면서 셰일오일은 새로운 시추공법의 개발과 함께 상업적인 생산성을 확보하게 되었습니다.","P","오일쇼크에 대해 설명해 주세요."
"1","셰일가스에 대해 설명해 주세요.","지층이 압력을 받아서 변성암이 되면 그 화학과정에서 가스가 발생하게 되는데 이를 셰일가스라고 합니다. 일반적으로 우리가 알고 있는 천연가스보다 질표면에 가깝게 배치되며 발화점이 굉장히 낮아 위험도가 높은 천연가스로 취급됩니다.","F",""
"1","셰일가스에 대해 설명해 주세요.","셰일가스는 천연가스에 비해 깊은 지층에 매장되어 있으며 과도한 수소이온과 황화합물을 포함하고 있습니다. 때문에 셰일가스는 추출 후 불순물을 제거하는 과정이 필수적이며 불순물 제거 시 상온 이하에서 진행되어야 한다는 특징이 있습니다.","F",""
"1","셰일가스에 대해 설명해 주세요.","퇴적암 지층에서 셰일층이라는 것이 있는데 그 셰일층에 축적되어 있는 가스를 셰일 가스라고 합니다. 수소화분해 과정을 거쳐서 셰일가스는 추출되는데 추출 후에는 다시 수소화합물과 결합하지 않으며 독특한 냄새를 풍깁니다.","F",""
"1","셰일가스에 대해 설명해 주세요.","셰일가스는 암석층 사이에 미세하게 퍼져있기 때문에 시추하는 작업이 매우 까다로운 특징이 있습니다. 셰일층에 존재하는 가스를 시추하는 새로운 공법이 개발되어 관심을 받기 시작했으며 보통 500~1,000기압인 고압으로 물을 분사하여 지층을 파쇄하는 수압파쇄법으로 채굴됩니다. ","P","암석층에 대해 설명해 주세요."
"2","인공석유에 대해 설명해 주세요.","석유 이외의 원료로 만든, 석유와 유사한 액체연료인데 제1차 세계대전 때 독일은 석유의 부족을 보충하기 위하여 석탄에서 석유를 인공적으로 만들려는 연구가 시작되어 석탄의 저온건류법과 석탄액화의 베르기우스법 및 석탄합성의 피셔법 등이 고안되었습니다. 그후 제2차 세계대전이 일어났을 무렵 독일은 이들 방법에 의해서 1년에 450만 t의 인공석유 설비능력을 갖추고 있었습니다.","P","베르기우스법에 대해 설명해 주세요."
"2","인공석유에 대해 설명해 주세요.","기존 석탄 액화 인조 석유는 이산화탄소를 일산화탄소로 만드는 과정에서 무려 2,400도의 고열이 필요했습니다. 이산화탄소를 쪼개려고 화석 연료를 태워야 하는 아이러니가 발생하는 셈입니다. 이를 극복하는 기술을 미국 샌디아국립연구소에서 개발했습니다. 접시형 반사판으로 햇빛을 한 점에 모아 고온 상태를 만들어 이산화탄소를 일산화탄소로 변환하는 기술입니다.","P","햇빛을 이용한 기술방법에 대해 설명해 주세요."
"2","인공석유에 대해 설명해 주세요.","인공석유란 석유의존도가 높은 사회 요구에 의해 만들어진 석유를 대체할 수 있는 모든 액체연료를 말합니다. 따라서 인공 석유로 칭해지는 범위는 굉장히 다양하며 단순한 식용유 역시 가공을 통해서 인공석유로서 기능할 수 있습니다.","F",""
"2","인공석유에 대해 설명해 주세요.","인공석유는 이산화탄소를 일산화탄소로 변경하면서 그 열을 발생시키는데에서 에너지를 얻습니다. 이에 따라 2,400도 가량의 고열이 필요로 하기 때문에 운송기기에는 사용될 수 없으며 화력 발전과 공업용으로 자주 사용되고 있습니다.","F",""
"2","인공석유에 대해 설명해 주세요.","현재 인조 석유는 중동아시아에서 지속적으로 개발되고 있습니다. 석유가 많이 매장되어있는 해당 지역에서 석유권력을 유지하기 위해 인공석유 기술을 독점적으로 소유하고 있습니다. 이에 따라 인공석유는 단순한 재료가 아닌 국제정치에 영향을 받는 에너지 자원입니다.","F",""
"2","인공석유에 대해 설명해 주세요.","현재 인조 석유 개발에 앞장서는 나라는 남아프리카 공화국입니다. 석유가 나지 않는 남아프리카 공화국의 기업 '사솔'은 1955년에 처음으로 석탄 액화 연료를 생산했고, 지금은 하루 평균 15만 배럴을 생산합니다. 사솔에서 생산하는 인조 석유는 일반 휘발유에 비해 이산화황을 35퍼센트나 적게 내보냅니다.","P","배럴 단위에 대해 설명해 주세요."
"1","석유산업에 대해 설명해 주세요.","수송부문은 석유산업 고유의 것이 아니고 수송 전담업자가 관계하는 예가 많습니다. 산업부문은 탐광 ·개발 ·생산으로 분류되며, 각 부가 독립적으로 일을 청부 맡는 경우도 있습니다. 산유부문은 상류부문이라 불리고, 수송 ·정제 ·판매는 하류부문이라고도 합니다.","P","석유산업에서 수송부문의 역할에 대해 설명해 주세요."
"1","석유산업에 대해 설명해 주세요.","산유에서 정제 ·판매까지 전과정을 전담하는 회사를 인티그레이티드 컴퍼니라 하며 대표적인 곳으로는 엑슨 ·로열더치 셸 ·걸프 ·모빌 ·텍사코 ·쉐브린 ·브리티시피트롤리엄의 7대 국제 석유자본 입니다. 이 밖에 국영기업으로서 이탈리아의 에니, 독일의 데미넥스가 있습니다.","P","7대 국제 석유자본의 특징을 설명해 주세요."
"1","석유산업에 대해 설명해 주세요.","석유산업이란 석유를 통해 진행되는 모든 산업을 포괄합니다. 단순히 석유를 판매,생산,수출하는 것 뿐만 아니라, 석유에서 나오는 부산물을 통해서 석유화합물을 만들거나, 석유를 통해 이동하는 자동차, 중공업 역시 석유산업에 포괄됩니다.","F",""
"1","석유산업에 대해 설명해 주세요.","석유 산업은 세계에 한정적인 공간에서만 존재합니다. 석유자본이 풍부한 서아시아 지역, 미국의 시베리아 반도 등 특정 지역에만 석유자본이 존재하기 때문에 해당 지역외에는 석유산업이 존재할 수 없습니다. 우리나라 역시 석유산업이 불가능하여 대체에너지를 연구하고 있습니다.","F",""
"1","석유산업에 대해 설명해 주세요.","석유 산업은 석유를 유통하는 과정 역시 포함합니다. 보통의 경우 석유는 조선을 통해 이동하는데 비행기로 이동할 경우 기압을 이기지 못해 석유의 폭발이 야기될 수 있는 위험성이 있기 때문입니다. 따라서 석유는 그 이동속도가 느리다는 단점이 있습니다.","F",""
"1","석유산업에 대해 설명해 주세요.","원유매장량이 가장 많은 나라는 사우디아라비아로 전세계 매장량의 25.2%를 차지하고 있으며, 사우디아라비아를 포함한 중동지역 매장량이 65.2%로 절대적입니다. 한편 석유 부존자원 전무한 한국의 석유산업은 석유 자원이 고갈될 것으로 예측되는 2000년대에는 중대한 위기에 봉착할 것으로 예측하고, 에너지 절약, 대체에너지 개발 등 석유위기에 대처하고 있습니다.","P","대체에너지의 종류를 설명해 주세요."
"2","해저광물자원개발법에 대해 설명해 주세요.","대한민국의 영토인 한반도와 그 부속도서의 해안에 인접한 해역이나 대한민국이 행사할 수 있는 모든 권리가 미치는 대륙붕에 부존하는 천연자원 중 석유 및 천연가스 등의 해저광물을 합리적으로 개발함으로써 산업발전에 기여함을 목적으로 합니다. 해저광구의 경계는 직선으로 정하고 해저의 경계선 직하를 한계로 합니다.","P","해저광구에 대해 설명해 주세요."
"2","해저광물자원개발법에 대해 설명해 주세요.","해저광업권은 정부만이 가질 수 있습니다. 해저조광권은 탐사권 및 채취권의 2종으로 합니다. 탐사권의 존속기간은 탐사권의 설정일로부터 10년을 초과할 수 없습니다. 채취권의 존속기간은 채취권의 설정일로부터 30년을 초과할 수 없으나, 산업자원부 장관의 허가를 받아 5년씩 2차에 한하여 연장할 수 있습니다.","P","해저조광권에 대해 설명해 주세요."
"2","해저광물자원개발법에 대해 설명해 주세요.","해저에는 인간이 직접 진입하는 것이 불가능하여 2000년대에 이르러서야 광물자원 개발이 시작되었습니다. 우리나라 역시 해저광물을 개발하려는 욕구와 함께 해저광물자원개발법을 재정하였으며, 해당 광물의 광업권은 신청을 통해서 누구나 소유할 수 있습니다.","F",""
"2","해저광물자원개발법에 대해 설명해 주세요.","해저광물은 국가에게 소중한 자원 중 하나로서 해저광업권은 오로지 정부만 가질 수 있습니다. 또한 해저조광권이나 탐사권 및 채취권 역시 정부가 주최하는 시험을 통해서 취득가능합니다, 하지만 각 권리는 1년 주기로 지속적으로 갱신되어야 합니다.","F",""
"2","해저광물자원개발법에 대해 설명해 주세요.","대한민국은 삼면이 바다로 구성된 반도형 국가이기 때문에 인접한 해역에 대한 광물자원이 풍부하며 이를 개발하기 위해서 정부는 2010년 해저광물자원개발법을 발의했습니다. 이로써 해저에서 나오는 모든 자원은 정부 소유로 귀속되며 산업 발전에 힘을 얻고 있습니다.","F",""
"2","해저광물자원개발법에 대해 설명해 주세요.","탐사권자는 해저조광구에서 탐사한 결과 경제적인 가치가 있는 광상을 발견하였을 때에는 탐사권의 존속기간만료 3월 전까지 채취권의 설정을 산업자원부 장관에게 출원하여 허가를 받아야 합니다. 산업자원부 장관은 탐사권 설정이나 채취권 설정에 대한 허가에는 조건과 부담을 붙일 수 있습니다.","P","탐사권의 존속기간에 대해 설명해 주세요."
"2","대륙붕 석유개발에 대해 설명해 주세요.","국제석유가가 인상됨에 따라, 각 석유소비국들은 자국 내 석유공급의 안정화를 기하기 위하여 이제까지 경제성이 없다는 이유로 방치하여 왔던 한계유전지역까지도 개발을 서두르게 되었으며, 그 결과 석유개발은 육상에서 해상으로, 천해에서 심해로 주요무대가 옮겨지게 되었습니다.","P","한계유전지역에 대해 설명해 주세요."
"2","대륙붕 석유개발에 대해 설명해 주세요.","특히 해양에서의 석유개발이 각광을 받게 된 이유는 석유개발 기술의 비약적인 발전으로 석유매장량의 발견이 현저히 증가하게 되었고, 현재까지 육상의 미발견 매장량이 38%인 데 반해 해양은 69%로 추정되어 앞으로의 해양석유에 대한 의존도가 점차높아질 것이 예상되기 때문입니다.","P","해양석유의 미래 가치에 대해 설명해 주세요."
"2","대륙붕 석유개발에 대해 설명해 주세요.","대륙붕 석유개발은 이집트만에 있는 대륙붕에서 최초로 이루어졌는데, 그곳은  해안에서 대륙붕이 지속적으로 발견되는 곳으로 석유개발에 적합한 곳이었습니다. 이에 타 국가들도 해당 국가의 대륙붕을 지속적으로 탐사하였고 현재 소비되는 석유의 절반 이상이 대륙붕 석유가 되었습니다. ","F",""
"2","대륙붕 석유개발에 대해 설명해 주세요.","대륙붕 석유는 해양에 존재하는 석유를 통칭하는 것입니다. 대륙붕 석유의 개발 이유는 해양이 대륙보다 훨씬 많은 지구의 표면을 차지하고 있으며, 국가 영토에 귀속되지 않을 뿐더러 더 많은 석유가 매장되어 있기 때문입니다. 그러나 시추가 어렵고 소유권 분쟁이 일어나는 단점이 있습니다.","F",""
"2","대륙붕 석유개발에 대해 설명해 주세요.","대륙붕 석유란 대륙의 지진판에 인접한 곳에서 발견되는 석유를 의미합니다. 따라서 각 대륙붕 석유는 해당 지진판에 인접한 국가에게 소유권이 있는데 대부분의 지진판은 국가경계에 위치하여 분쟁이 일어나고 있습니다. 중앙아시아쪽에 위치한 대륙판에서 현재 사우디아라비아와 아랍의 분쟁이 이러한 대륙붕 석유개발때문입니다.","F",""
"2","대륙붕 석유개발에 대해 설명해 주세요.","대륙붕 석유개발은 멕시코만의 루이지애나 대륙붕에서 최초로 이루어졌는데, 그곳은 수심 30m 이내의 천해가 해안에서 약 100km 이상 계속되는 곳으로서 해양석유개발에는 비교적 좋은 조건이었습니다. 그 후 다수의 해양유전이 발견되었고, 이를 통해 발전된 석유개발 기술은 페르시아만이나 북해 ·동남아 등지의 해양유전 개발에 응용되었습니다.","P","천해에 대해 설명해 주세요."
"2","대륙붕 개발사업에 대해 설명해 주세요.","대륙붕의 높은 경제적 가치가 밝혀지자 세계 각국은 대륙붕상의 자원개발에 관심을가지고 적극 나서게 되었으며 국제법상의 문제가 제기되기도 하였습니다. 1945년 9월미국 대통령 트루먼은 미국 주위의 대륙붕 자원은 미국에 속한다는 ‘트루먼선언’을 발표하였습니다. ","P","트루먼선언에 대해 설명해 주세요."
"2","대륙붕 개발사업에 대해 설명해 주세요.","대륙붕은 수심이 얕아 태양광선의 영향을 해저 가까이까지 받으며 해수의 수직 혼합이 일어납니다. 각종 영양염류가 많아 광합성이 활발하게 이루어지고 플랑크톤이 풍부하여 좋은 어장의 조건을 갖추게 됩니다. 또한 해저의 일부이지만 해수가 덮고 있는 육지의 연장으로서 각종 지하자원이 풍부히 매장되어 있습니다.","P","해수의 수직혼합에 대해 설명해 주세요."
"2","대륙붕 개발사업에 대해 설명해 주세요.","대륙붕이 석유를 함유하고 있다는 것이 알려지면서 많은 국가가 대륙붕 개발사업에 뛰어들었습니다. 더 많은 대륙붕을 차지하기 위해 국가 간의 경쟁이 일어났고, 이에 국제법으로 각 국가의 대륙붕 소유 한도를 정하게 되는데 이를 트루먼선언이라고 합니다.","F",""
"2","대륙붕 개발사업에 대해 설명해 주세요.","대륙붕은 수심이 굉장히 깊은 곳에 위치하여 특별한 기술이 존재하지 않으면 대륙붕 개발을 할 수 없습니다. 이에 대부분의 선진국이 대륙붕을 독정하게되는 결과를 초래하였습니다. 또한 대륙붕은 지중해와 아프리카 인접 해안에 주로 위치하여 제 2의 식민지사업이 될 우려를 국제사회를 표출하고 있습니다.","F",""
"2","대륙붕 개발사업에 대해 설명해 주세요.","대륙붕은 수심이 굉장히 얕은 지역에 위치하기 떄문에 발견하기 쉽지만, 태양열을 쉽게받으며 내제되어있는 자원이 전부 발화성 물질이기 때문에 굉장히 위험한 지역에 해당합니다. 따라서 대륙붕이 발견된 지역은 위험지역으로 고려되며 오직 개발 목적으로만 사용될 수 있습니다.","F",""
"2","대륙붕 조약에 대해 설명해 주세요.","정식명칭은 ‘대륙붕에 관한 조약’ 입니다. 1958년 4월 29일 서명되고, 1964년 6월 10일 발효하였습니다. 이 조약에서 말하는 대륙붕이란, 영해 밖 해저의 해상과 지하로서, 수심 200m까지의 것을 가리키는데, 그보다 깊어도 천연자원의 개발이 가능하면 대륙붕에 포함되며 연안국은 대륙붕의 조사와 천연자원의 개발을 위해서 ‘주권적 권리’를 행사합니다.","P","연안국에 대해 설명해 주세요."
"2","대륙붕 조약에 대해 설명해 주세요.","이 권리는 해저자원의 조사개발에 한해서 인정되는 것이므로 이로 인해서 대륙붕이 연안국의 영역이 되는 일은 없으며, 대륙붕의 상부수역은 여전히 공해이고, 그 상공은 여전히 공공입니다. 연안국은 대륙붕에 조사개발에 필요한 시설을 건설하고, 그 주위에 500m까지의 안전지대를 설치하여 필요한 보호조치를 취할 수 있습니다.","P","대륙붕 개발을 위한 보호조치에 대해 설명해 주세요."
"2","대륙붕 조약에 대해 설명해 주세요.","대륙붕은 지역에 따라 한정적으로 존재하기 때문에 그 소유권에 대한 분쟁이 발생할 수밖에 없습니다. 따라서 이에 각 지역의 영토적 주권 권리를 보장하기 위해서 국제적으로 맺은 조약을 대륙붕 조약이라고 합니다. 우연적인 결과에 의해서 발생한 권리를 국제적으로 동등하게 취득할 수 있게 되었습니다.","F",""
"2","대륙붕 조약에 대해 설명해 주세요.","대륙붕의 연안에 있는 국가는 대륙붕의 소유를 가지지 않습니다. 이를 대륙붕 조약이라고 합니다. 따라서 대륙붕이 존재하는 곳은 국제적 공해로 취급되며 조사개발 목적으로 연안 국가의 영토에 들어오는 것은 침해라고 규정하지 않게 되었습니다.","F",""
"2","대륙붕 조약에 대해 설명해 주세요.","정싱명칭을 대륙붕에 관한 조약입니다. 이 조약에서 대륙붕은 천연자원의 개발에 대한 목적으로 개발 가능한 지역이라고 칭해지며 대륙붕을 파손하는 행위는 국제적 협약에 위배되어 처벌받게 됩니다 .또한 대륙붕의 소유권은 개발을 지원하는 국가에게 귀속됩니다.","F",""
"1","천연자원에 대해 설명해 주세요.","인간의 생활이나 생산활동에 이용할 수 있는 자연물 ·자연력의 총칭합니다. 천연자원에는 석탄 ·석유 ·철 ·구리 등의 광물자원, 지하수 ·해수 등의 수자원, 수목 등의 산림자원, 동물단백을 제공하는 동물자원, 작물 ·산림의 생육장인 토양자원 및 토지자원 등이 있는 외에, 자연경관 등도 관광자원이라 하여 천연자원에 포함됩니다.","P","토양자원에 대해 설명해 주세요."
"1","천연자원에 대해 설명해 주세요.","천연자원은 광물자원과 같이 채굴이 끝나면 갱신할 수 없는 비갱신자원과, 물이나 산림 등과 같이 갱신 가능한 갱신자원으로 크게 나누어집니다. 전자는 이용함으로써 소실되므로 저류자원이라고도 하며, 후자는 합리적으로 이용하면 무한히 이용되므로 유동자원이라고도 합니다.","P","갱신자원을 유동자원이라 부르는 이유를 설명해 주세요."
"1","천연자원에 대해 설명해 주세요.","천연 자원이란 가공되지 않은 자원을 의미합니다. 석탄,석유,철,구리,지하수,해수,동물,식물이 모두 천연자원에 해당하며 이들을 가공할 경우 천연자원으로 구별되지 않습니다 또한 천연자원은 무한정 사용되어도 그 크기나 규모가 줄어들지 않는 특징이 있습니다.","F",""
"1","천연자원에 대해 설명해 주세요.","천연자원은 자연에서 발견할 수 있는 모든 자원을 의미합니다 .따라서 화학적으로 변형을 가하거나 생물학적 조작을 통해서 얻은 자원은 천연자원이라고 볼 수 없습니다. 또한 천연자원은 언제나 고정적인 가치를 지니기 때문에 그 값어치가 고정됩니다.","F",""
"1","천연자원에 대해 설명해 주세요.","천연자원은 제련의 단계를 거치지 않는 자원을 말합니다. 경제적 가치를 지니기 위해서 제련이 필수적인 비천연자원과 다르게 천연자원은 발견 즉시 그 자체로 경제적 가치를 지니며 이를 제련하면 가공되었다고 판단하고 있습니다.","F",""
"2","부존자원에 대해 설명해 주세요.","즉, 한 나라가 가지고 있는 자연 ·노동 ·자본을 총칭하는 말입니다. 종래에는 자원을 인적 자원과 자연적 자원으로 구분하여, 보통 자원이라고 할 때에는 자연적 자원을 가리키고, 좁은 뜻으로는 천연자원만을 가리키기도 하였습니다. 최근에는 부존자원을 인적 자원, 자연적 자원, 사회문화적 자원으로 구분하기도 합니다.","P","자연적자원의 종류를 설명해 주세요."
"2","부존자원에 대해 설명해 주세요.","부존자원의 질이나 많고 적음은 경제발전의 유형에 결정적 요인으로 작용합니다. 부존자원 특히 천연자원이 각국의 경제발전의 유형이나 세계경제 체제를 규정한다는것은, 역사적으로 보더라도 필요한 천연자원이 풍부한 국가가 주도권을 장악해 왔다는 사실로 입증됩니다.","P","부존자원과 세계경제 주도권의 관계를 설명해 주세요."
"2","부존자원에 대해 설명해 주세요.","부존자원이란 한 나라가 가지고 있는 모든 자원을 통칭합니다. 따라서 노동과 그 나라의 자본 전체를 포함합니다. 최근에는 부존자원을 경제적 부와 연관시키기 위해서 부존자원의 영역에서 해당 국가의 천연자원을 제외하고 있습니다.","F",""
"2","부존자원에 대해 설명해 주세요.","부존자원은 한 국가의 경제발전을 측정하는 기본단위입니다. 부존자원에는 천연자원이 포함되는데 천연자원이 많을 수록 부존자원이 높아지며 이에 따라 경제발전이 높은 지역으로 해당됩니다. 이에 따라 천연자원이 부족한 국가를 후진국으로 평가합니다.","F",""
"2","부존자원에 대해 설명해 주세요.","부존자원은 양적인 개념으로써 해당 자원의 질은 고려하지 않습니다. 자원의 질은 시대에 따라 유동적이기 때문에 자원의 질로 부존자원을 평가하는데 한계가 있다고 생각했기 떄문입니다. 따라서 국가의 부존자원은 그 국가가 가지는 천연자원의 수량에 비례합니다.","F",""
"2","부존자원에 대해 설명해 주세요.","한 나라가 가지고 있는 모든 생산요소를 말합니다. 천연자원이 부족한 국가가 인적 자원, 특히 기술의 개발을 통하여 새로운 산업을 일으키는 경우도 있습니다. 독일의 화학공업, 일본의 인조견사공업 등이 그 예입니다. 천연자원이 부족한 한국에서는 인적 자원이 경제발전에 있어 중요한 전략 자원이 되어 있습니다.","P","일본의 인조견사공업에 대해 설명해 주세요."
"1","자원 민족주의에 대해 설명해 주세요.","천연자원을 소유한 국가가 자국의 이익을 위하여 자원을 정치적으로 이용하는 현상입니다. 자원민족주의의 선구적 형태는 1962년 국제연합에서 채택된 '천연자원에 대한 항구주권에 관한 결의'에서 찾아볼 수 있는데, 본 결의문에서 천연자원은 그 보유국에 속하며 자원보유국의 민족적 발전과 국민의 복지를 위해 사용되어야 함을 선언하였습니다.","P","항구주권에 대해 설명해 주세요."
"1","자원 민족주의에 대해 설명해 주세요.","자원민족주의는 더 나아가 자국의 자원을 정치적 무기로 이용하는 경향으로 나타나기도 하였는데, 1973년 OAPEC의 여러 국가들이 석유를 정치적 무기로 사용하여 세계적인 석유파동을 가져온 바 있었습니다. 또한 1978년 2차 석유파동 사태가 일어났고, 이는 세계 경제의 대혼란을 가져오게 되었습니다.","P","OAPEC에 대해 설명해 주세요."
"1","자원 민족주의에 대해 설명해 주세요.","자원 민족주의란 한 국가가 가지는 천연자원을 그 국가를 위해서만 사용하는 이념입니다. 예를 들어 중앙아시아에서 석유가 많이 나는 국가인 사우디아라비아의 경우에 석유 자원을 수출을 통해서 막대한 부를 이용하며 자국민을 가난하게 하는데 이는 자원 민족주의에 위배된 행동입니다.","F",""
"1","자원 민족주의에 대해 설명해 주세요.","천연자원을 자국의 안녕과 평화를 위해 사용하는 정치적 이데올로기를 자원민족주의라고 합니다. 자원민족주의는 후진국의 국가가 개발이라는 명목하게 선진국에게 본국의 천연자원을 수탈받는 것을 막기 위해 후진국에서 내세우는 이념으로 이를 통해 자원의 독립이 가능합니다.","F",""
"1","자원 민족주의에 대해 설명해 주세요.","자원민족주의는 천연자원을 오로지 자국의 이익을 위해서 사용하는 것을 말합니다. 이에 대한 비판적 시각이 존재하지만, 자원보유국의 자원을 자주적으로 보호한다는 가치를 지니지만, 민족의 범위가 제한적인 특수지역만 가능한 이념으로 자원 이기주의로도 표현합니다.","F",""
"1","자원 민족주의에 대해 설명해 주세요.","과거에는 선진국에 대한 개발도상국의 경제적 자립 또는 경제 개발을 위한 전략적 도구로 시작했다면, 오늘날은 특정 자원을 소유한 국가가 자국의 이익을 위해서 경제적·정치적으로 이용하는 다양한 모습으로 나타나고 있습니다. 예를 들면 중국과 일본 사이에서 중국이 희토류 자원을 정치적으로 이용한 사건은 현대적 형태의 자원민족주의로 유명합니다.","P","희토류에 대해 설명해 주세요."
"1","자원 문제에 대해 설명해 주세요.","자원 소비 증가로 인한 자원 고갈 문제입니다. 자원의 매장량에는 한계가 있으나, 산업혁명 이후 산업화·도시화로 경제가 발달하고 인구가 증가함에 따라 자원의 개발과 소비가 증가하면서 재생 불가능한 자원이 점차 고갈되는 문제가 발생하였습니다. 이를 해결하기 위해서는 자원 절약형 산업을 육성함으로써 자원을 보다 효율적으로 이용하여야 합니다.","P","자원 절약형 산업에 대해 설명해 주세요."
"1","자원 문제에 대해 설명해 주세요.","자원의 지역적 편재에서 발생하는 문제입니다. 자원은 고르게 분포하지 않고 특정 지역에 집중하여 분포하는 편재성이 있습니다. 이로 인한 자원의 공급과 분배의 불균형이 발생하여 석유 자원을 둘러싼 분쟁이 발생하거나 자원 민족주의가 등장하기도 하였습니다. 이를 해결하기 위해서는 자원 공급의 안정적인 확보를 위해 자원 외교를 강화해야 합니다.","P","자원외교에 대해 설명해 주세요."
"1","자원 문제에 대해 설명해 주세요.","자원문제란 자원의 부족 뿐만 아니라 자원에 대한 과도한 소비 또한 문제의 일부입니다. 그러나 해당 두 가지 문제는  현실적으로 체감되지 않기 때문에 자원 절약 산업에 대한 인식이 바뀌지 않고 있으며 아직까지 대체 에너지 개발은 탄력을 받고 있지 못합니다.","F",""
"1","자원 문제에 대해 설명해 주세요.","자원 문제란 자원이 국제적으로 산발적으로 분포되지 않아서 발생합니다. 석유와 같은 경우 인류에게 가장 중요한 자원임에도 불구하고 특정지역에서만 자원이 발생하기 때문에 자원문제를 해결하기 위해서는 국제적으로 모든 자원을 공통소유하는 정책이 필요합니다.","F",""
"1","자원 문제에 대해 설명해 주세요.","자원 문제란 현실적으로 존재하지 않습니다. 세계화가 진행되면서 자원의 이동과 교환이 활발해짐에 따라 모두가 공평하게 자원을 분배받을 수있게 되었습니다. 따라서 자원 문제는 구시대적인 문제 제기일 뿐 현재는 존재하지 않습니다.","F",""
"1","자원 문제에 대해 설명해 주세요.","자원 이용으로 발생하는 환경 오염 문제입니다. 자원의 무분별한 개발과 지나친 소비로 인해 대기 오염, 수질 오염, 토양 오염 등이 심화되었고, 이러한 환경 오염은 자원의 생산에 영향을 미쳐 지속 가능한 발전을 위협하고 있습니다. 따라서 환경과의 조화가 고려된 자원의 개발과 소비가 이루어질 수 있도록 노력해야 합니다.","P","자원의 개발과 소비로 인한 수질오염에 대해 설명해 주세요."
"2","화약류 관리방법에 대해 설명해 주세요.","화약류는 원칙적으로 화약류 저장소에 저장하여야 합니다. 총포 · 도검 · 화약류 단속법 시행령에 의한 저장소의 종류에는 1급, 2급, 3급 저장소, 수중 저장소, 실포, 꽃불류, 장난감용 꽃불류 및 도화선 저장소, 그리고 간이 저장소 등 9가지가 있습니다. 이와 같은 저장소를 설치할 때에는 시 · 도지사 또는 관할 경찰서장의 허가를 받아야 합니다.","P","화약류 저장소에 대해 설명해 주세요."
"2","화약류 관리방법에 대해 설명해 주세요.","화약류를 취급하는 용기는 목재 그 밖의 전기가 통하지 아니하는 것으로 하고 견고한 구조로 해야 합니다. 화약, 폭약과 화공품은 각각 다른 용기에 넣어 취급해야 합니다. 화약류를 사용하기 전에 굳어지거나 습기에 찬 여부 그밖에 이상유무를 검사해야 합니다. ","P","화약류 관리를 위해 주로 목재가 사용되는 이유를 설명해 주세요."
"2","화약류 관리방법에 대해 설명해 주세요.","화약류는 폭발위험이 항시 존재하며 가연성을 가진 물체 주변에 위치해서는 안됩니다. 예를 들어 주방 시설과 화약류 보관 시설은 최대한 멀리 떨어져있어야 합니다. 또한 화약류는 대부분 수분에 약하기 떄문에 수분이 풍부한 지역에 보관하는 것이 원칙입니다.","F",""
"2","화약류 관리방법에 대해 설명해 주세요.","화약류는 그 관리방법에 따라 안정성이 달라집니다. 폭발의 위험을 항상경계해야 하기 떄문에 화약류 관시시설 근처에서 흡연을 하거나 불을 피우는 행위는 단속법 시행령에 따라서 과태료를 부과하게 되며 화약류는 시민 전체가 감시할 수 있도록 대중적으로 인기있는 장소에 위치해야 합니다/","F",""
"2","화약류 관리방법에 대해 설명해 주세요.","화약류는 그 종류가 다양하지만, 보관방법은 단일합니다. 화약류는 굉장히 위험도가 높기 떄문에 산악지형에 주로 배치되며, 인근에서 쉽게 발견되지 못하는 위장막을 설치함으로써 운용되어야 합니다. 화약류는 도난이나 절취를 당할 경우 심각한 사회문제가 되기 때문에, 현재 국가 2급 기밀로서 위치가 운영되고 있습니다","F",""
"1","다이너마이트에 대해 설명해 주세요.","나이트로글리세린은 폭발력이 강력하나 액상이며, 또 외력에 대하여 극히 예민한 물질이므로 그대로 취급하는 것은 매우 위험한 일입니다. 이것을 폭발약으로서 안전하게 사용할 수 있도록 연구를 거듭한 노벨은 1866년에 규조토에 나이트로글리세린을 흡수시킴으로써 안전하게 취급할 수 있는 가소성 폭약을 만드는 데 성공했습니다.","P","노벨의 업적을 설명해 주세요."
"1","다이너마이트에 대해 설명해 주세요.","처음에는 상품명이었으나, 현재는 보통명사로서 일반적으로 사용됩니다. 노벨이 발명한 규조토 다이너마이트와 같이 단순히 나이트로글리세린을 흡수제인 규조토에 흡수시킨 것을 혼합 다이너마이트라 합니다. 규조토는 주성분이 SiO2로, 흡수제로 이용될 뿐 나이트로글리세린의 폭발력을 감퇴시킵니다.","P","혼합 다이너마이트에서 규조토의 역할에 대해 설명해 주세요."
"1","다이너마이트에 대해 설명해 주세요.","다이너마이트는 노벨이 발명한 것으로 유명합니다. 노벨은 다이너마이트로 많은 부를 획득하는데 이러한 부로 인류 발전에 도움이 되었던 인물을 선별하여 매 년 노벨상을 수상하고 있습니다. 현재 우리나라에서는 노벨상을 평화상 1회 외에는 수상하지 못했습니다.","F",""
"1","다이너마이트에 대해 설명해 주세요.","처음에는 단순히 노벨이 만든 상풍의 이름이었으나 대명사가 되어 모든 폭발물, 화약물을 다이너마이트로 통칭하여 사용하고 있습니다. 다이너마이트는 더욱이 살상능력이 뛰어나고 위험하여 현재는 군용목적으로만 사용되고 잇습니다.","F",""
"1","다이너마이트에 대해 설명해 주세요.","다이너마이트는 폭발력이 강력했으나 현재는 사용되지 않습니다. 화약업과 군수사업이 발달하게 되면서 더 효율적이며 안정성을 보장할 수 있는 다양한 폭발물이 등장하면서 다이너마이트는 역사 속으로 사라졌습니다. ","F",""
"1","다이너마이트에 대해 설명해 주세요.","일반적으로 다이너마이트는 갱내 등 통풍상태가 좋지 않은 장소에서 많이 사용되므로 폭발 시 유해가스가 발생하면 안 되며, 또 다이너마이트를 완전 폭발시켜서 폭발위력을 발휘해야 합니다. 탄광용은 폭발온도를 낮추어 메테인이나 탄진에 불이 붙는 것을 방지해야 합니다.","P","다이너마이트의 폭발위력에 대해 설명해 주세요."
"1","원자 폭탄에 대해 설명해 주세요.","우라늄과 같은 원자번호가 큰 중원소의 원자핵에 중성자를 충돌시키면 원자핵에 분열반응이 일어나고 2개 이상의 중성자가 튀어나오게 됩니다. 이 핵분열 과정에서는 감마선과 중성자와 함께 엄청난 열에너지가 방출됩니다. 이러한 핵분열반응이 일정한 조건하에서 연쇄반응을 일으켜 확대되어 나가면 방대한 에너지를 방출하게 됩니다. ","P","연쇄반응에 대해 설명해 주세요."
"1","원자 폭탄에 대해 설명해 주세요.","원자폭탄은 사용되는 핵분열물질의 종류에 따라 우라늄폭탄과 플루토늄폭탄으로 나뉘며, 큰 것에는 TNT 폭약 수백 톤에 해당하는 폭발력을 내는 것부터 kt급의 위력을 내는 것에 이르기까지 여러 가지 크기의 것이 있습니다. 폭탄의 원료로 사용되는 우라늄 235는 천연우라늄 광석 속에 약 0.7%가 함유되어 있습니다.","P","플루토늄 폭탄에 대해 설명해 주세요."
"1","원자 폭탄에 대해 설명해 주세요.","우라늄의 핵융합이 가능하다는 연구결과가 2차 세계 대전 발발 직후 독일에서 알려지게 되었고 이를 응용하여 원자폭탄을 생산하기 시작하면서 인류의 악이 생겨났습니다. 보통 원자폭탄 1~2발을 만들기 위해서는 1억 톤 이상의 인공우라늄이 필요합니다.","F",""
"1","원자 폭탄에 대해 설명해 주세요.","원자폭탄은 역사에서 단 한차례만 사용된 적이 있습니다. 제 1차 세계대전 막바지에 일본의 히로시마와 나가사키에 각각 리틀보이와 팻을 미국이 투하한 것이 그것인데 이로 인해 원자폭탄의 위험성이 세계적으로 알려지게 되었고 현재는 원자폭탄의 개발이 중단되었습니다.","F",""
"1","원자 폭탄에 대해 설명해 주세요.","원자폭탄은 우라늄 235를 사용합니다. 이는 자연상태로 존재하지 않고 천연 우라늄을 화학적인 반응을 함으로써 생성될 수 있는데 강력한 방사선을 띄며 반감기가 1만 여년이 될 정도로 길기 때문에 인체에게 매우 위험한 원소로 판단되고 있습니다.","F",""
"1","폭약에 대해 설명해 주세요.","화약은 폭발적으로 연소하며 충격파를 발생하지 않으므로 구별됩니다. 기폭약에는 풀민산수은·아자이드화납 등이 있습니다. 또 화합화약류에는 나이트로글리세린·나이트로셀룰로스 등의 질산에스터, 트라이나이트로톨루엔·피크르산 등과 같이 나이트로기를 3개 이상 가지는 폴리나이트로 화합물, 질산요소·나이트로구아니딘·트라이메틸렌트라이나이트라민 등의 나이트라민 및 아민질산염 등이 있습니다.","P","폴리나이트로 화합물에 대해 설명해 주세요."
"1","폭약에 대해 설명해 주세요.","혼합화약류에는 질산암모늄을 주성분으로 하는 질소암모늄 폭약, 염소산칼륨을 주성분으로 하는 염소산칼륨 폭약, 과염소산암모늄을 주성분으로 하는 칼릿등이 속합니다. 또 액체폭약은 혼합화약류의 일종이며 액체산소와 질산 등의 액체산화제를 주성분으로 합니다. 다이너마이트류에는 화합화약류만으로 된 것 외에 화합화약류와 혼합화약류의 2가지 혼합물을 주성분으로 하는 것이 있습니다.","P","칼릿에 대해 설명해 주세요."
"1","폭약에 대해 설명해 주세요.","폭약이란 화약과의 차이가 존재합니다. 화약은 불을 붙이면 연소하며 충격파를 발생시키지만, 폭약은 연소하며 반복적인 연소를 일으켜 적을 살상합니다. 보통 화약과 다르게 폭약은 질산요소만을 사용하는 특징을 가지고 있습니다.","F",""
"1","폭약에 대해 설명해 주세요.","폭약은 혼합화약류의 일종으로 화약을 가공하여 충격파를 발생시키는 것을 말합니다. 따라서 폭약의 경우 화약에는 존재하지 않는 나이트로셀룰로스나 나이트로 글리세린 등을 수소와 결합하여 수소화합물로 충격파를 발생시키는 것을 말합니다.","F",""
"1","폭약에 대해 설명해 주세요.","폭약은 고체로만 존재합니다. 폭약 자체의 특성이 살상을 위해서 존재하기 떄문에 그 파편을 통해 적을 살상하는게 유용하다고 판단하였기 떄문입니다. 이에 구성요소를 통해서 폭약과 화약을 구분할 수 있게 됩니다.","F",""
"2","광해복원에 대해 설명해 주세요.","광산 개발에 따라 발생하는 광해의 현황을 조사하기 위해 광해 특성을 분석하고 광해 관련 법규에 따라 광해조사 계획을 수립합니다. 현재 광산의 개발 상황과 실태를 파악하기 위해 문헌조사, 탐문조사 및 실태조사를 하고 광해발생 원인을 조사합니다. 광산개발에 의해 오염된 토양의 오염도와 오염 범위를 파악하여 복원 공사 필요 여부를 결정하기 위해 조사 및 분석을 수행합니다.","P","복원공사 계획 수립 시 유의할 점을 설명해 주세요."
"2","광해복원에 대해 설명해 주세요.","광물찌꺼기에 의한 토양오염, 침출수 유출, 지하수 오염을 파악하여 복원 공사의 필요 여부를 결정하기 위해 오염원 조사, 광물찌꺼기 채취, 현장시험, 시료분석을 하고 광물찌꺼기를 평가합니다. 광업활동에 따른 광산배수, 적치사면, 채굴사면 등의 오염도를 파악하여 복원 공사의 필요 여부를 결정하고 안정성을 평가합니다.","P","적치사면에 대해 설명해 주세요."
"2","광해복원에 대해 설명해 주세요.","광해복원이란 광산 개발에 따라 발생하는 광산의 부산물들을 광해라고 하는데 이를 복원하는 사업을 말합니다. 환경파괴적인 광해를 복원함으로써 토양 오염을 방지하고 오염범위를 확정하고 다시 해당 광산을 친화적으로 변경하는 사업을 포괄합니다.","F",""
"2","광해복원에 대해 설명해 주세요.","광산을 인공적으로 개발하게 되면, 환경오염이 필수적으로 발생하기 때문에 광산을 개발 이전으로 되돌리는 작업을 광해복원이라고 합니다. 광해복원을 통해 개발 이전의 광산으로 복귀되면 다시 광산 개발을 통해 천연자원을 획득할 수있는 장점이 있습니다.","F",""
"2","광해복원에 대해 설명해 주세요.","광물 찌꺼기에 의한 토양오염, 오염물질의 유출, 지하수 오염 등을 일으키는 것을 방지하기 위해서 광해복원은 필수적입니다. 다만, 광해복원 역시 인간의 인위적인 조작이 일어나기 때문에 부작용이 발생하며 자칫하면 자연이 더욱 파괴될 수 있기 떄문에 주의해야 합니다.","F",""
"2","광해복원에 대해 설명해 주세요.","가행 광산에서 발생하는 먼지, 소음, 진동을 방지하고 대응하기 위해 먼지, 소음, 진동현황을 측정·분석하고 평가합니다. 조사 결과를 기초하여 광해복원사업을 실시하기 위해 개략적인 복원범위, 복원공법을 선정하고, 선정된 공법의 현장 적용을 위한 기본설계도서를 작성합니다.","P","복원공법에 대해 설명해 주세요."
"2","해저광물에 대해 설명해 주세요.","해저광물은 해수 내와 해저에 존재하는 광물질을 의미합니다. 광물학에서 광물은 일정한 결정구조를 갖는 단일 물질을 의미하지만, 해저광물은 해양과 해양으로 덮힌 지각 내부에 존재하는 광물질을 모두 일컫는 의미로 사용됩니다. 지질학적, 생물학적, 화학적 혹은 외계 기원의 다양한 광물질로 구성될 수 있습니다.","P","외계기원의 광물질에 대해 설명해 주세요."
"2","해저광물에 대해 설명해 주세요.","주로 퇴적광상, 즉 표사광상 또는 침전광상 또는 화성광상인 열수광상의 형태로 산출됩니다. 퇴적광상의 경우 표사광상으로는 대륙붕에서 흔히 발견되며, 아프리카 남서부 외해의 금강석 광상, 동남아시아의 주석 광상, 북미 북서부의 금 광상 등이 대표적인 사례입니다.","P","퇴적광상에 대해 설명해 주세요."
"2","해저광물에 대해 설명해 주세요.","해저광물이란 해저에 존재하는 물질을 통칭하여 말하는 것입니다.이에 바다에 존재하는 모든 암석과 식생물은 해저광물로 취급됩니다. 해저광물은 육지에 존재하는 광물과 유사한 특징을 지니며, 현재까지 해저광물에서만 존재하는 광물은 발견되지 않았습니다.","F",""
"2","해저광물에 대해 설명해 주세요.","해저갱도에서 추출되는 광물만을 해저광물이라고 합니다. 이전에는 해저에 존재하는 모든 광물을 해저광물이라고 했으나 육지에 비해 바다가 훨씬 광범위한 규모를 가지고 있어 해저광물을 넓게 정의하면 분류가 되지 않아 현재는 그 공간을 해저갱도로 한정하고 있습니다.","F",""
"2","해저광물에 대해 설명해 주세요.","광물은 일정한 결정구조를 갖는 것을 말하며 해저광물은 이러한 결정구조를 갖는 것이 해저에서 발견되었을 경우를 통칭합니다. 그러나 해저광물과 육지에서 발견되는 광물의 결정구조가 상이하게 다르기 때문에 해저광물을 광물로써 분류할 것인지에 대한 물음이 제기되고 있습니다.","F",""
"2","시추주상도에 대해 설명해 주세요.","시추 과정에서 얻어진 각종 정보와 채취 시료의 관찰 결과를 정리한 도표를 말합니다. 시추주상도는 일반 현황 부분과 세부조사 부분으로 구성됩니다. 일반 현황 부분에는 지질정보 이외의 시추공에 관련된 각종 정보가 포함되며 일반적으로 시추공의 이름, 위치, 지하수위 등을 기록합니다.","P","시추공에 대해 설명해 주세요."
"2","시추주상도에 대해 설명해 주세요.","지질단면을 도화화한 지반의 상태, 지하수 유동 등을 조사하여, 토층이나 암층의 상태를 예측하여 흙 파기, 흙막이 등의 공법선정, 기초의 설계, 형식 및 시공에 있어서 안전하고 경제적인 공사를 위한 설계도서 중의 하나입니다. 흙 시료의 경우 입도, 입자의 모양, 색, 굳기, 다짐 정도, 함유물, 냄새, N값 등을 기록합니다.","P","흙시료 정보에 대해 설명해 주세요."
"2","시추주상도에 대해 설명해 주세요.","시추를 위해서는 계획이 필요하며 이러한 계획 도상을 만드는 것이 시추주상도입니다. 시추할 공간 표면 아래에 무엇이 있는지 판단하며 이를 통해 불필요한 시추를 피할 수 있지만 그 금액이 많이 들어 시추주상도보다 현재는 시뮬레이션을 사용하고 있습니다.","F",""
"2","시추주상도에 대해 설명해 주세요.","시추주상도란 시추 과정에서 얻어진 자료를 분석하는 것을 말합니다. 이에 따라 시추의 경제성을 파악할 수 있게 되는데 주상도에는 지질학적 측면 뿐만 아니라 시추로 인해 얻어진 광물의 경제적 가치 또한 적혀 있기 때문입니다.","F",""
"2","시추주상도에 대해 설명해 주세요.","시추주상도란 시추 전 어디를 시추할 것인지를 계획하는 도표를 의미합니다. 지질단면의 상태를 예측하여 어떤 방식으로 시추할 것인지를 파악할 수 있지만, 액체상태를 파악할 수 없어서 지하수와 같은 물질을 파악할 수 없다는 단점이 있습니다.","F",""
"2","수압파쇄에 대해 설명해 주세요.","수압파쇄의 원리는 지하 심부 암반 지층에 수압을 가하여 인장균열을 생성시키는 것입니다. 주어진 응력이 암반 내의 인장강도를 초과할 때 인장 균열이 생성되며, 이러한 방법으로 생성된 균열은 최소 주응력의 방향에 직각인 방향으로 발달하게 됩니다. 이러한 이유 때문에 수압파쇄법을 이용하여 지각에 미치고 있는 현재상태의 응력방향을 알아낼 수 있습니다.","P","응력에 대해 설명해 주세요."
"2","수압파쇄에 대해 설명해 주세요.","수압파쇄는 셰일 가스나 석유를 채굴할 때 지하 심부까지 시추하여, 지하 암반 지층을 고압으로 분쇄하여 공극의 통로를 확대시켜 석유나 가스가 잘 이동할 수 있도록 하는 개념입니다. 이 방법은 천연가스, 석유, 암모니아 등이 함유된 지하 암반 지층에 균열을 생성시키기 위하여 시추공 안으로 모래나 산화알루미늄 등과 같은 물질을 포함한 고압의 유체를 주입하는 기술을 적용합니다.","P","수압파쇄법에서 고압의 유체를 주입하는 이유를 설명해 주세요."
"2","수압파쇄에 대해 설명해 주세요.","수압파쇄란 시추를 할 때 지하수의 위치를 파악하기 위해서 지하수가 있을 곳으로 예측되는 부분에 압력을 가하는 것을 말합니다. 이를 통해 지하수의 위치를 명확하게 파악하게 되면 지하수의 위치를 피해 시추를 할 수 있게 되어 예측력이 올라갑니다.","F",""
"2","수압파쇄에 대해 설명해 주세요.","수압파쇄는 화산지역에서 자주발견되는 현상입니다. 지하수가 끓어오르게되면 고압이 형성되는데 이를 통해 지하수가 지표면을 파괴하면서 지표면으로 흘러나오는 현상으로 우리가 온천이라고 여기는 지역에서 자주발견되고 있습니다.","F",""
"2","수압파쇄에 대해 설명해 주세요.","수압파쇄는 암석의 침식을 가능하게 합니다. 지하수에 마그마가 흘러들어와 섞이게 되면 수증기로 변하면서 강력한 압력이 형성되는데 이에 대한 습기와 열로 암석이 침식하는 현상입니다. 지하수가 있는 지역에 석회석이 발견되면 이는 수압파쇄의 흔적으로 여겨집니다.","F",""
"2","수압파쇄에 대해 설명해 주세요.","지질학적 의미에서 수압파쇄의 원리가 적용되는 예는 지하 열수가 고압으로 올라와서 높은 공극수압으로 암석에 균열이 발생하고 그 균열에 마그마 열수용액으로부터 공급된 광물들이 충진되는 과정이 가장 좋은 예라고 할 수 있습니다. 따라서 암맥의 방향성을 조사함으로써 당시 응력의 방향을 해석할 수 있습니다.","P","암맥에 대해 설명해 주세요."
"2","수평시추에 대해 설명해 주세요.","수평시추는 셰일가스의 생산단가를 떨어뜨리는데 결정적인 역할을 했습니다. 수평시추를 통해 형성된 균열부위로 가스가 유출되면 이를 시추관을 통해서 지표로 끌어올리게 됩니다. 셰일가스의 개발에 사용되는 시추관의 길이는 수직 방향으로 2~4km 정도이고, 수평으로는 1.5km 정도입니다.","P","수평시추가 셰일가스의 생산단가를 감소시킨데 미친 영향을 설명해 주세요."
"2","수평시추에 대해 설명해 주세요.","셰일층에 수평 형태로 삽입한 시추관을 통해 물·모래·화학약품 혼합액을 고압으로 분사해 암석에 균열을 일으키는 채굴 방법입니다. 기존의 시추관은 ‘I’자 모양이었지만 이 형태는 ‘L’자 모양으로 구부러져 있습니다. 암석의 균열 부위로 가스가 스며들면 시추관을 통해 이 가스를 외부로 끌어냅니다.","P","시추관이 L자 모양인 이유를 설명해 주세요."
"2","수평시추에 대해 설명해 주세요.","수평시추란 산이나 봉우리 지역에서 시추를 하는 방식입니다. 보통의 시추는 수직적으로 지표면의 단면을 파악하기 위함이 목적이지만, 산과 같은 경우는 봉우리 자체에서 시추를 하는 것이 비경제적이기 떄문에 산의 표면에서 수평시추를 합니다.","F",""
"2","수평시추에 대해 설명해 주세요.","수평시추를 통해 셰일가스를 발견하게 되었으며 수평시추의 기술이 셰일 가스의 단가를 상승시키는 요인이 되었습니다. 수평시추는 기술력이 우수해야하는 조건 떄문에 막대한 비용이 들어서 셰일 가스 채굴의 원가를 상승시켰습니다.","F",""
"2","수평시추에 대해 설명해 주세요.","수평시추는 수압파쇄를 통해 진행됩니다. 수압파쇄를 통해 지표면의 단면을 대략적으로 파악한 뒤 해당 지층을 선회하기 위해서 수평시추를 통해 시추의 위치를 수정하는데 사용됩니다. 이를 통해 지하수의 오염을 방지할 수 있습니다.","F",""
"2","수평시추에 대해 설명해 주세요.","수압 파쇄법은 1940년대, 수평 시추 기술은 1970년대부터 사용됐으나 이를 복합적으로 활용해 셰일가스의 상업 생산에 성공한 건 1999년입니다. 이 기술의 진화로 북미 셰일가스의 탐사 및 개발 단가는 2007년 1000제곱미터당 73달러 수준에서 2010년 31달러로 떨어졌습니다.","P","수평시추와 수직시추를 비교해서 설명해 주세요."
"1","굴착장치에 대해 설명해 주세요.","땅이나 암석에 구멍을 뚫는 것으로, 대표적인 굴착기계에는 터널 굴착기계와 관정굴착기계가 있습니다. 터널 굴착기계는 말 그대로 도로공사에서 터널을 뚫을 때 이용되는 기계이고, 관정굴착기계는 지반의 암반 지하수을 찾기 위해 지층을 뚫을 때 사용하는 기계입니다.","P","터널 굴착기계와 관정굴착기계를 비교해서 설명해 주세요."
"1","굴착장치에 대해 설명해 주세요.","대심도원격조작굴착장치는 아직은 개발연구 단계에 있으며, 수심 200~250m까지의 해저굴착을 목표로 하고 있습니다. 이러한 장치가 개발되면, 대륙붕 100m의 해저 밑에 존재할 가능성이 있는 유전의 채굴이 가능해집니다. 또 다른 자원채굴에도 응용할 수 있으며, 해양개발의 추진에 기여할 것으로 기대됩니다.","P","대심도원격조자굴착장치의 활용성에 대해 설명해 주세요."
"1","굴착장치에 대해 설명해 주세요.","굴착장치란 굴착을 하기 위한 모든 장치를 포괄하는 개념입니다. 대중적으로 알려진 포크레인이나 굴착기 역시 굴착장치 중 하나이며, 보통 터널을 뚫거나 지하수를 선회하기 위해 사용됩니다. 또한 굴착장치는 가격이 저렴하여 대중적으로 사용되고 있습니다.","F",""
"1","굴착장치에 대해 설명해 주세요.","도로공사에서 터널을 뚫거나 지하수를 찾기 위해 사용하는 기계를 굴착장치라고 합니다. 그러나 굴착장치는 굴착 이외에 다른 용도로 사용될 수 없다는 단점을 가지고 있으며 해안에서 사용할 수 없어, 그 사용 범위가 제한적입니다.","F",""
"1","굴착장치에 대해 설명해 주세요.","굴착장치 중 현재 가장 널리 사용되고 있는 것은 대심도원격조작굴착장치입니다. 해저굴착을 하기 위해서 탑승이 필요로 하지 않고 원격으로 조작가능한 장치를 통해 해저터널과 해저통신을 가능하게 했다는 의의를 가지고 있습니다.","F",""
"2","반잠수식 시추선에 대해 설명해 주세요.","해저석유 개발이 깊은 수심과 파도가 거친 먼 바다로 이동함에 따라 얕은 바다에서 주로 사용되던 고정식 구조물은 기술적, 경제적으로 한계에 이르게 되었습니다. 수심이 깊은 바다에서는 부유식이면서 운동 응답이 작은 구조물이 필요한데 파도가 심한 해역에서는 선박과 같은 형식의 시추선은 동요가 크고 가동률이 떨어져 부적합합니다.","P","부유식 구조물의 가동률에 대해 설명해 주세요."
"2","반잠수식 시추선에 대해 설명해 주세요.","반잠수식 구조물의 전체적인 형상은 하부선체와 그 위에 2~3층의 상자형 구조인 갑판이 설치됩니다. 갑판의 중앙부에는 시추작업을 위한 문풀이 설치됩니다. 전체 구조를 보면 종방향은 하부선체, 칼럼, 갑판거더로 이루어진 프레임 구조, 횡방향은 칼럼, 갑판보, 보강재로 이루어진 트러스 구조가 많이 채용되고 있습니다. ","P","트러스구조에 대해 설명해 주세요."
"2","반잠수식 시추선에 대해 설명해 주세요.","반잠수식 시추는 인간이 해저에 진입할 수 없다는 한계를 보완하기 위해 구성되었습니다. 깊은 수심에 들어가기 위해서 시추선이 해양표면에 위치하는 것이 아니라 잠수해서 존재하는 것을 말하며, 위험성 때문에 모든 반잠수식 시추선은 원격으로 사용되고 있습니다.","F",""
"2","반잠수식 시추선에 대해 설명해 주세요.","반잠수식 시추의 장점은 얕은 수심의 시추를 가능하게 했다는 것입니다. 수심이 깊은 지역은 시추를 할 때 굴착 장치가 평형상태를 유지할 수 있는 반면에 얕은 지역은 그 평행을 맞추기가 어려웠지만, 반잠수를 통해서 시추선을 고정할 수 있게 되었습니다.","F",""
"2","반잠수식 시추선에 대해 설명해 주세요.","반잠수식 시추선에 의해서 파도에 영향을 받지 않고 시추선을 고정할 수 있게 됨으로써 해저시추의 위치적 공간적 한계를 극복하였습니다. 다만 반잠수식 시추는 현재 기동성이 떨어지고, 부유식이라 조종이 마음대로 되지 않는다는 치명적인 단점을 가지고 있습니다.","F",""
"2","반잠수식 시추선에 대해 설명해 주세요.","쌍으로 된 선체는 밸러스트 물을 저장하여 심한 파도가 작용할 때 움직이지 않고 현 상태를 그대로 유지할 수 있게 해 줍니다. 과거에는 반잠수식 구조물의 설계는 주 추진장치를 설치하지 않는 상태에서 구조물을 목적지까지 견인하기 위해 보조 선박의 도움을 필요로 했는데 이것은 앵커를 어떻게 배치하느냐에 달려 있었습니다.","P","앵커의 역할에 대해 설명해 주세요."
"2","드로워크스에 대해 설명해 주세요.","로터리식 착정법에서의 중요한 기계로서, 철관의 회전 등 조작을 하는 특수기계 입니다. 굴착장치의 주요부분으로서, 로터리 테이블의 회전, 드릴파이프의 승강, 케이싱의 삽입 등을 하게 합니다. 드로워크스의 드럼은 와이어로프를 감아 올리거나 풀어 주는것으로, 원동기로부터 2∼8단으로 감속되어 동력을 드럼에 전달합니다.","P","케이싱과 드릴파이프에 대해 설명해 주세요."
"2","드로워크스에 대해 설명해 주세요.","회전축에는 원동기쪽으로부터 구동축·부축·라인축·드럼축·로터리캔터축이 있는데, 처음의 2개는변속축으로, 다음 2개는 로프감기용으로, 마지막 것은 로터리테이블의 회전에 사용됩니다. 드로워크스의 성능은 흔히 드럼축의 지름에 따라 표시됩니다. 따라서, 이것으로 대략의 굴착능력을 알 수 있습니다.","P","드로워크스에 대해 설명해 주세요."
"2","드로워크스에 대해 설명해 주세요.","드로워크스는  4개의 축으로 구성되어있습니다. 구동축,부유축, 리니어축, 로터리캔터축이 있는데 로터리캔터축과 리니어축은 변속을 담당하고 구동축과 부유축은 로프감기에 이용됩니다. 이 네 축의 상태를 통해 드로 워크스의 성능을 파악합니다.","F",""
"2","드로워크스에 대해 설명해 주세요.","드로워크스는 드럼이 포함되어야 하는데 드럼이 있어야 하는 이유는 원동기에 대한 감속과 가속을 결정하기 때문입니다. 보통의 원동기는 8단으로 되어있는데 드럼이 존재하지 않으면 각 단이 급격하게 변화하여 속도의 문제가 발생합니다.","F",""
"2","드로워크스에 대해 설명해 주세요.","로터리식 착정법의 종류 중 하나인 드로워크스는 해저터널에서 철관의 회전이나 위치를 변화시키기 위한 용도로 사용합니다. 굴착장치 중에 드로워크스는 유일하게 높은 가격대를 자랑하는데 그 이유는 세밀한 조정이 필요한 기능을 하기 때문입니다.","F",""
"1","석유화학폐수에 대해 설명해 주세요.","석유화학제품이 다양하기 때문에 석유화학공업폐수의 종류가 매우 다양합니다. 황화합물, 질소화합물, 중금속이온 등의 다양한 불순물을 포함하며, 유기물 폐수에 대하여는 생물학적 처리가 행해지나 석유화학폐수 중에는 때때로 페놀, 포름알데히드, 크로톤알데히드, 케톤류가 포함되는 일이 있어서 세균에 대하여는 유독합니다.","P","페놀에 대해 설명해 주세요."
"1","석유화학폐수에 대해 설명해 주세요.","석유를 이용한 화학제품을 만들 때 발생하는 폐수를 말합니다.  6가 크롬이온, 니켈이온, 동이온, 시안이온 등도 유독하여 허용한도가 설정되어 있습니다. 유성폐수의 경우 오일 세퍼레이터에서 유분을 회수한 후에도 방류기준에 미달한 경우에는 생물학적 처리에 의해 처리될 때도 있습니다.","P","유성폐수의 방류기준에 대해 설명해 주세요."
"1","석유화학폐수에 대해 설명해 주세요.","석유화학폐수란 석유화학 제품을 만들 때 나오는 부산물로써 대부분의 기업이 이를 하천에 버림으로써 생태계를 파괴하고 있습니다. 정부는 이에 대한 대책으로 화학폐수를 버리는 상한선을 두었는데 이에 기업은 화학폐수를 통해 새로운 화학섬유를 만드는 것으로 이를 극복하였습니다.","F",""
"1","석유화학폐수에 대해 설명해 주세요.","석유화학폐수는 기존에 생태계를 파괴한다는 비판을 받았지만 현재는 다양한 미생물과 박테리아를 포함하고 있어 하천 생태계의 주요한 유기물공급원으로 사용되고 있습니다. 다만 기존의 인식을 타파하기에는 아직 부족하기 때문에 많은 노력이 필요한 상황입니다.","F",""
"1","석유화학폐수에 대해 설명해 주세요.","석유화학공업은 그 종류가 다양하지만 석유화학공업폐수는 종류가 단일합니다. 주로 황화합물,질소화합물,중금속이온 등을 포함하고 있으며, 해당 물질들이 연구가치가 높아짐에 따라서 현재는 폐수가 화학공업의 소중한 자료로써 사용되고 있습니다.","F",""
"1","석유화학폐수에 대해 설명해 주세요.","석유공업에서 나오는 폐수의 80~90%는 냉각용수로 사용되어집니다. 그러나 이 물의 경우 유독성이 없기 때문에 바다에 그대로 방류되어집니다. 그 외의 석유폐수는 유성폐수, 산성폐수, 알칼리성폐수, 가성폐수, 폐산슬러지가 주된 오염폐수입니다. 유성폐수의 경우 방류기준의 초과 및 미달에 따라 처리방법이 다릅니다.","P","폐산슬러지에 대해 설명해 주세요."
"2","석유공업에 대해 설명해 주세요.","좁은 의미로는 원유를 가공 정제해서 각종 석유 제품을 제조하는 공업 즉 석유 정제 공업를 말하는데, 넓은 의미로는 유전의 조사 개발 및 원유 생산에 관한 공업 즉 석유 광업 또는 석유 생산 공업에서 석유 정제 공업에 걸친 전 영역을 일괄하고 있다.","P","원유에 대해 설명해 주세요."
"2","석유공업에 대해 설명해 주세요.","석유 공업은 그 초기에는 등유 제조를 주목적으로 했지만, 그후 자동차, 비행기, 함선, 기타 기계 공업에 대한 연료 및 윤활유의 공급 공업으로서의 중요성을 높이고, 현대에서는 다시 발전, 동력 발생 등 에너지 산업으로의 기여도 석탄과 필적하는 지위를 차지하기에 이르렀습니다. ","P","에너지 산업에 대해 설명해 주세요."
"2","석유공업에 대해 설명해 주세요.","석유공업은 석유를 통해 발생하는 모든 공업을 통칭합니다. 따라서 석유화학 역시 석유 공업의 일종입니다. 다만 부족한 자원인 석유를 공업 목적으로 사용하는데는 한계가 있기 때문에 석유 수입의존도가 높은 우리나라에서는 많이 각광받고 있지 못하고 있는 공업의 종류입니다.","F",""
"2","석유공업에 대해 설명해 주세요.","석유공업은 초기에는 석유 자체를 가공하는데 그쳤으나 현재는 섬유, 각 종 기계 공업의 연료로서 주목받았습니다. 더욱이 현재에는 석유 공업의 부산물을 식용유로 재사용할 수 있는 기술이 개발됨에 따라서 식품업에서도 각광받고 있습니다.","F",""
"2","석유공업에 대해 설명해 주세요.","석유공업은 20세기에 가장 각광받은 공업의 종류였으나 대체에너지의 개발과 석유자원의 공급 한계로 인해서 현재는 후순위가 되어 도태되고 있는 실정입니다. 이에 석유공업은 현재 대체에너지 개발 산업으로 전환되고 있는 추세입니다.","F",""
"2","석유공업에 대해 설명해 주세요.","세계적으로 석유의 공급이 부족하고 또 전쟁의 위기가 때때로 느껴졌던 20세기 후반까지는 석유 공업은 군수 산업의 성격이 강했으나, 그 후에는 석유의 공급이 윤택하게 된 한편, 전쟁의 위기도 멀어져서 평화 산업으로서의 색채가 짙게 되었습니다. 유체를 처리하는 공업이기 때문에 가공 장치의 자동화가 쉽고 자동 조절 기기가 모든 부분에 장비되어 인력을 극도로 절약하고 있습니다.","P","석유공업의 자동화에 대해 설명해 주세요."
"2","갱목에 대해 설명해 주세요.","광산 ·토목공사 등 지하작업에서 사용하는 목재로 좁은 의미로는 통나무 목재와 각목재 등의 기둥 재목만을 뜻합니다. 채굴 ·굴진으로 인하여 생긴 공동을 유지하고, 막장의 확보와 안전한 작업을 위해 지주를 세우고 틀을 짜는 지보작업에는 굵은 기둥 재목, 널말뚝과 같은 판재를 사용합니다.","P","공동을 유지한다는 의미를 설명해 주세요."
"2","갱목에 대해 설명해 주세요.","갱목재로는 소나무가 제일이지만, 오늘날은 질이 좋고 값이 싼 목재를 구하기 어렵게 되었습니다. 강도에서 목재가 따르지 못할 강점을 가진 강재 ·콘크리트가 지보작업에 쓰입니다. 몇 개의 갱목을 사용하여 틀을 짜는 데도 여러 가지 방법이 있는데, 각 경우에 따라 알맞은 방법이 채택됩니다.","P","지보작업에 대해 설명해 주세요."
"2","갱목에 대해 설명해 주세요.","갱목이란 갱도의 입구와 갱도 자체를 받치는 나무를 의미합니다. 따라서 갱목으로 쓰이는 목재는 그 강도가 굉장히 단단해야 하며 제련하기 쉬워야 하며 저렴해야 하는 조건을 가지고 있습니다. 현재는 등나무가 갱목에 가장 적합하다고 평가받고 있습니다.","F",""
"2","갱목에 대해 설명해 주세요.","갱도의 입구와 지붕을 지탱하는데 사용하는 목재를 갱목이라고 합니다. 처음에는 대나무가 가공하기 쉬운 목재여서 자주사용되었지만 현재는 질이 좋고 값이 싼 목재인 소나무를 갱목의 주 원료로 사용하고 있는 상황입니다.","F",""
"2","갱목에 대해 설명해 주세요.","갱목을 만드는 과정은 일반 목재가공품과는 다릅니다. 비가 오는나레도 나무가 부패하지 않도록 코딩작업이 선행되어야 하며, 갱목의 강도를 높이기 위해서 콘크리트와 같은 첨가물을 추가하기도 합니다. 또한 현재는 갱목으로 사용되었던 나무를 가구로 재생산하여 그 효율을 높이고 있습니다.","F",""
"2","갱목에 대해 설명해 주세요.","갱목은 광산의 갱내 즉, 사람이 물건을 나르기 위해 오고가는 길이 무너지지 않도록 지붕을 지탱하는 데 쓰이는 통나무를 말합니다. 탄광의 중요성이 쇠퇴해가고 금속 재질로 대체되면서 이 용어는 자주 쓰이지 않게 되었습니다. 갱목은 공동의 유지와 안전을 위해서뿐만 아니라 사다리 ·발판, 쿠션의 재료로도 필요합니다.","P","갱목이 금속 재질로 대체되는 이유를 설명해 주세요."
