"1","생명과학에 대해 설명해 주세요.","인간의 본질을 잘 이해하여 인간과 자연과의 본연의 관계를 해명하는 과학이라고 할수 있습니다. 세포증식·운동·유전·진화·조절 등의 여러 가지생물학적 현상을 그것에 관여하는 생체고분자의 구조·성질·상호작용 등에 의하여 설명하려는 것이 분자생물학인데, 오늘날 분자생물학의 눈부신 발전으로 신비하다는 생명현상도 과학으로 표현할 수 있게 되었습니다.","P","유전에 대해 설명해 주세요."
"1","생명과학에 대해 설명해 주세요.","생명과 관련된 현상이나 생물의 여러 기능을 연구하여 의료 및 환경보존 등 인류복지에 사용하는 종합적인 과학입니다. 기재 및 분류를 중심으로 하여 출발한 생명에 관한 근대 과학적 연구는 진화론, 세포설의 제창, 유전법칙의 발견 등을 계기로 하여 생물학이 성립하여 실험과학으로 발전하였습니다.","P","진화론에 대해 설명해 주세요."
"1","생명과학에 대해 설명해 주세요.","생명에 대한 모든 분야를 연구하는 과학을 의미합니다. 따라서 생명과학은 의학과 무관하게 연관되며, 주로 유기체에 대한 과학만을 담당하는 분야이기 때문에 생명과학은 주로 생명에 대한 복지를 높이는 방향으로 발전하였습니다.","F",""
"1","생명과학에 대해 설명해 주세요.","생명과 관련된 모든 현상에 대한 연구를 진행하는 것을 말합니다. 주로 생식의 분야를 다루며 나아가 DNA를 변형하여 새로운 생명을 창조하기도 하여 인간의 창조력을 높였습니다. 현재는 인간 자가 복제에 대한 연구가 완성되어있습니다","F",""
"1","생명과학에 대해 설명해 주세요.","생명현상과 생물을 형상에 대해서 연구하는 과학을 의미합니다. 현재 직면한 생명과학의 가장 큰 문제는 인구문제로 전염병을 생성하여 지구의 인구를 보존, 유지하는 방향으로 설정되어 있습니다. 또한 생명과학에서 이러한 행위는 거시적 공리주의로 용인되고 있습니다.","F",""
"1","생명과학에 대해 설명해 주세요.","현재까지의 세계적인 연구목표로서는 생명현상과 생물의 여러 가지의 해명, 자연환경의 해명, 정신활동의 해명, 건강유지와 의료의 향상, 식량자원의 확보, 생물 및 그 기능의 공업에의 응용, 인구 문제 등의 7항목을 들고 있습니다. 그 중에서 시급히 다루어져야 할 과제는 노화현상의 억제연구, 인공장기 등 의료기술에 관한 연구, 생체물질기능의 시뮬레이션과 그 응용 등입니다.","P","인공장기에 대해 설명해 주세요."
"2","PCR에 대해 설명해 주세요.","중합효소 연쇄반응이라고도 합니다. 2개의 시발체 사이에 낀 DNA부분을 시험관내에서 대량으로 증폭시킬 수 있는 혁명적인 방법입니다. DNA의 외가닥에의 변성, 시발체의 결합, 중합효소에 의한 상보성 DNA의 합성, 변성, 시발체 결합이라는 회로를 반복하는 것으로서 목적인 유전자 영역만을 시험관내에서 증식시킵니다.","P","시발체에 대해 설명해 주세요."
"2","PCR에 대해 설명해 주세요.","캐리 멀리스에 의하여 1985년에 개발된 중합효소 연쇄 반응은 현재 유전물질을 조작하여 실험하는 거의 모든 과정에 사용하고 있는 검사법으로, 검출을 원하는 특정 표적 유전물질을 증폭하는 방법입니다. 중합효소 연쇄 반응에 의해, 소량의 유전물질로부터 염기 순서가 동일한 유전물질을 많은 양으로 증폭할 수 있으므로, 인간의 DNA를 증폭하여 여러 종류의 유전질환을 진단하는 데 사용됩니다.","P","염기순서에 대해 설명해 주세요."
"2","PCR에 대해 설명해 주세요.","종합적인 연쇄반응을 말합니다. DNA부분이 시험관 내에서 결합, 합성, 변성 등을 통해서 유전자 영역을 제외한 모든 부분의 수량을 대량으로 증폭시키는 방법으로 인간의 DNA는 법적으로 사용이 금지되고 있습니다.","F",""
"2","PCR에 대해 설명해 주세요.","종합효소 연쇄 반응을 말하며 유전물질을 조작하여 연구하는 생명과학 분야에서 다용도로 사용되고 있습니다. 그러나 해당 연쇄 반응은 랜덤성이 짙어 특정 표적에 대한 증식을 할 수 없다는 단점을 가지고 있습니다.","F",""
"2","PCR에 대해 설명해 주세요.","PCR는 DNA에 대한 유전물질을 증폭시켜 복제하는 방식인데, RNA의 경우 대부분이 탄수화물로 구성되어 단백질로 구성된 DNA와 달리 복제가 어려워 PCR에서 이용할 수 없습니다. 따라서 RNA의 경우 회로를 반복하여 대상을 복제하기도 합니다","F",""
"2","PCR에 대해 설명해 주세요.","중합효소 연쇄 반응의 변형 방법으로는, RNA를 대상으로 역전사효소를 이용하여 역전사 반응을 시행하여 complementary DNA를 합성하여 이를 주형으로 이용하여 중합효소 연쇄 반응을 시행하는 역전사중합효소 연쇄 반응과 형광물질을 사용하여 DNA를 증폭시키면서 증폭산물을 동시에 검출하는 실시간 중합효소 연쇄 반응 등이 있습니다.","P","RNA에 대해 설명해 주세요."
"2","젤전기영동에 대해 설명해 주세요.","폴리아크릴아미드나 녹말을 겔상태로 만들어 운반체로 이용하는 전기영동법입니다. 튜브모양의 겔도 사용하지만 평판상 겔이 주류입니다. 겔담체는 열의 대류현상 예방을 위해 도입되었는데, 취급이 쉽고 다른 특성이 있는 막에 전사할 수 있으며 그물눈의 체효과를 이용할 수 있는 등 여러 가지 장점이 있어서 생체고분자의 분리, 분석에서 없어서는 안 되는 요소가 되었습니다.","P","생체고분자에 대해 설명해 주세요."
"2","젤전기영동에 대해 설명해 주세요.","단백질에는 분자량에 거의 비례하여 SDS가 결합하므로 폴리아크릴아미드겔 내에서 전기영동하면, 그물눈으로 차단되는 정도에 따라 양극으로 이동하는 속도에 차이가 생깁니다. 이러한 성질을 이용하면 분자량을 편리하게 추정할 수 있습니다. 저분자핵산의 분자량 의존적 분리에도 폴리아크릴아미드를 사용합니다.","P","분자량에 대해 설명해 주세요."
"2","젤전기영동에 대해 설명해 주세요.","전기영동법의 일종으로 액체상태의 젤을 사용합니다. 처음에는 압력 차이를 예방하기 위해서 도입되었으나, 그 취급이 매우 어렵고 변질이 쉽게 되어서 현재는 폴리아크릴아미드를 통해서 이를 보완하고 있습니다.","F",""
"2","젤전기영동에 대해 설명해 주세요.","단백질에서는 분자량이 일정한데, 이를통해서 전기영동법을 사용합니다. 전기영동법은 대상의 분자량에 변형을 주고 나서 이를 분해하면 분해된 분자들이 다시 분자량이 복귀되는 것을 이용하여 의존적 분리에 사용되기도 합니다.","F",""
"2","젤전기영동에 대해 설명해 주세요.","전기영동법은 전기적인 힘을 사용하여 DNA,RNA와 같은 미세한 분자들을 분리시키게 하는 방식입니다. 해당 분리에 젤을 사용하는 것이 젤전기영동이며, 작은 분자량을 가지더라도 선별적으로 이를 선택할 수 있습니다.","F",""
"2","젤전기영동에 대해 설명해 주세요.","DNA나 RNA, 단백질과 같은 큰 분자들을 전기적인 힘을 이용하여 겔에서 이동시켜 크기에 따라 서로 분리하는 기술입니다. 겔은 콜로이드 용액이 굳어진 상태를 말하는 것입니다. 전기영동이란 말은 전기적인 힘에 의해 전하를 띤 입자가 이동하는 것을 가리키는 표현입니다. 따라서 겔전기영동은 전류를 흘려주어서 전하를 가진 입자가 겔 내부에서 이동하여 분리되도록 하는 기술입니다.","P","단백질에 대해 설명해 주세요."
"1","DNA에 대해 설명해 주세요.","DNA는 2개의 뉴클레오타이드 가닥이 결합하여 이중나선 구조를 이루고 있습니다. 각각의 가닥은 뉴클레오타이드 단량체들의 복합체로 염기와 디옥시리보오스 그리고 인산염 3가지로 구성되어 있습니다. 핵염기는 퓨린과 피리미딘의 두 가지 종류가 있으며, 퓨린에는 아데닌과 구아닌, 피리미딘에는 시토신, 티민이 존재합니다.","P","인산염에 대해 설명해 주세요."
"1","DNA에 대해 설명해 주세요.","DNA가 이중나선을 이루고 있을 때, 각각의 퓨린은 반대 가닥의 피리미딘과 수소 결합을 통해 결합합니다. 즉, A와 T 그리고, G와 C가 항상 짝을 이루어 존재하게 됩니다. 이러한 수소 결합은 DNA의 이중 나선구조를 안정하게 만들어주는 힘입니다. 이 때, A-T의 결합에는 2개의 수소 결합이 G-C의 결합 사이에는 3개의 수소 결합이 존재합니다.","P","수소결합에 대해 설명해 주세요."
"1","DNA에 대해 설명해 주세요.","DNA는 단일한 나선 구조를 가지고 있고 이를 이중적으로 합성하면 뉴클레오타이드  가닥이 되는 유전자 성질입니다. DNA는 모든 유기체에 포함되어 있기 때문에 이를 통해 해당 유기체의 유전적 형질 등을 파악할 수 있습니다","F",""
"1","DNA에 대해 설명해 주세요.","모든 유기체는 유전자 물질인 DNA를 가지고 있습니다. DNA의 특징은 모든 유기체가 통일된 구조를 가지고 있기 때문에 유기체 간 DNA의 교환이 가능하며 RNA가 결합된 것이 DNA이기 때문에 RNA도 같은 성질을 가집니다.","F",""
"1","DNA에 대해 설명해 주세요.","DNA는 A-T-G-C라는 퓨린과 피리미딘의 수소결합을 통해서 이뤄집니다. 이 둘은 서로 짝이 있어서 퓨린인 A는 피리미딘인 C와 퓨린인 T는 피리미딘인 G와 ㄱ결합하며 이들 사이에는 단일한 수소결합만이 존재하는 특징이 있습니다 ","F",""
"1","DNA에 대해 설명해 주세요.","뼈대는 단당류인 디옥시리보스에 인산기가 결합되어 긴 사슬과 같은 형태를 띄고 있습니다. DNA의 당 잔기들은 각각 3번과 5번 탄소 원자 사이에 포스포디에스테르 결합을 형성하는 인산기에 의해서 연결됩니다. 이러한 비대칭 결합으로 인해 5'에서 3'으로 DNA 가닥이 방향성을 가지고 있도록 합니다.","P","인산기에 대해 설명해 주세요."
"2","DNA 중합효소에 대해 설명해 주세요.","DNA 중합효소는 전체적으로 오른손 모양의 구조를 가지며, 엄지손가락, 손가락, 손바닥 모양의 영역을 가지고 있습니다. 전반적으로 효소 반응이 일어나는 부분의 구조는 모든 생명체에서 잘 보존되어 있는데, 이는 DNA 중합효소 효소 반응 부위가 세포에서 매우 중요한 역할을 담당함을 보여주고 있습니다.","P","효소반응을 설명해 주세요."
"2","DNA 중합효소에 대해 설명해 주세요.","DNA 중합효소 효소가 활성화되면 DNA가 손바닥 영역에 달라붙고, 손바닥 영역은 포스포릴기를 전달하는 반응을 촉진하게 됩니다. 손가락 영역은 주형 DNA의 염기와 디옥시뉴클리오시드 삼인산이 잘 결합하도록 하는 역할을 하고, 엄지와 손가락 영역은 진행성, 전좌 뿐 아니라 DNA가 올바른 자리에 위치하도록 도와주는 역할을 합니다.","P","디옥시뉴클리오시드에 대해 설명해 주세요."
"2","DNA 중합효소에 대해 설명해 주세요.","DNA중합요소는 DNA에서 효소의 반응을 일으키는 물질을 통합합니다. 또한 이는 대부분 인간의 오른손 손가락 모양을 띄고 있으며 그 형질이 고정적이고 화학적,물리적 변화가 일어나지 않는다는 특징을 가지고 있습니다","F",""
"2","DNA 중합효소에 대해 설명해 주세요.","DNA중합요소는 효소를 통해 일어나며 효소가 활성화되면 삼인산이 잘 결합하도록 하는 역할을 하며 사람의 왼손 모양과 유사한 구조를 띕니다. 이때 엄지와 손가락 영역은 진행성, 전좌 뿐 아니라 DNA가 올바른 자리에 위치하도록 도와줍니다","F",""
"2","DNA 중합효소에 대해 설명해 주세요.","DNA를 합성하는 것이 DNA의 중합효소입니다. 기본적으로 삼인산과 주형 그리고 프라이머가 필요하며 주형 가닥이 새롭게 합성되기 위해서는 디옥시뉴클리오드와 삼인산이 잘 결합하는 것이 중요하기 때문에 포스포릴기가 제 기능을 해야합니다","F",""
"2","DNA 중합효소에 대해 설명해 주세요.","사슬에 뉴클레오티드를 연결하면서 새로운 DNA를 합성하는 DNA 중합효소의 작용에는 데옥시리보뉴클레오사이드 삼인산과 주형, 그리고 프라이머가 기본적으로 필요합니다. 주형 가닥은 새롭게 합성되는 상보적인 데옥시리보뉴클레오티드를 지정하는 역할을 합니다.","P","프라이머에 대해 설명해 주세요."
"1","RNA에 대해 설명해 주세요.","RNA는 DNA와 더불어 핵산이라고 하는데, 지방, 단백질, 탄수화물과 더불어 생명체를 이루는 주된 물질입니다. RNA는 DNA와 마찬가지로 뉴클레오타이드가 연결된 폴리머를 이룹니다. 하지만 DNA가 대부분은 염기쌍을 이루는 것에 비해, RNA는 염기쌍을 이루지 않고 작용하는 경우가 많습니다.","P","핵산에 대해 설명해 주세요."
"1","RNA에 대해 설명해 주세요.","DNA를 이루는 염기는, 아데닌, 구아닌, 티민, 시토신이지만, RNA의 경우 아데닌, 구아닌, 유라실, 시토신으로 이루어져 있습니다. 가장 많이 알려진 RNA로는 DNA의 유전정보를 tRNA로 전달해주는 mRNA가 있습니다. 하지만 RNA 분자들은 유전자의 조절, 세포 시그널의 인식 등 다양한 생명현상에 작용할 뿐 아니라, RNA 자체가 효소로서 작용하기도 합니다.","P","mRNA에 대해 설명해 주세요."
"1","RNA에 대해 설명해 주세요.","RNA는 DNA를 구성하는 요소로서 핵산이라고 불립니다. 주로 단백질, 지방, 탄수화물의 기본단위가 되며, DNA와 마찬가지로 뉴클레오타이드가 연결된 폴리머를 이루고 있습니다. 또한 DNA와 마찬가지로 대부분 염기쌍으로 구성됩니다","F",""
"1","RNA에 대해 설명해 주세요.","RNA는 DNA와 달리 유전정보를 탄수화물을 통해서 저장하는 역할을 합니다. 유전정보를 리보솜에 전하여 단백질을 합성하게하는 DNA와 달리 RNA는 유전정보를 리포좀에 전하여 탄수화물을 합성하게 하는 기능을 합니다","F",""
"1","RNA에 대해 설명해 주세요.","RNA는 tRNA와 mRNA로 구분할 수 있습니다. tRNA는 RNA가 전달되는 창구를 의미하며 mRNA는 해당 창구를 통하여 전달되는 메세지로 비유하면 편하게 이해할 수 있습니다. 이들을 통해 RNA는 다양한 생명현상을 작동시키지만 자체적인 효소로서 기능하지는 않습니다","F",""
"1","RNA에 대해 설명해 주세요.","mRNA는 DNA에 있는 유전정보를 리보솜에 전하여 단백질을 합성하게 하는 RNA로, mRNA의 염기서열은 단백질을 구성하는 아미노산의 서열을 결정합니다. 많은 경우 RNA가 단백질을 코드 하지 않는데, 이러한 RNA를 비번역 RNA라고 부릅니다. 비번역 RNA는 비번역 RNA를 전사하는 유전자로부터 생성되기도 하지만, 단백질을 코드 하는 mRNA의 인트론으로부터 유래하기도 합니다.","P","리보솜에 대해 설명해 주세요."
"1","리보솜에 대해 설명해 주세요.","세포질에 분포하며, 조면소포체의 표면에 부착되어 있습니다. 단백질 합성이 이루어지는 곳으로 호염기성입니다. 모든 생물 종의 세포에서 발견되고, 1개의 세포당 1,000∼100만 개가 들어 있습니다. 진핵생물과 원핵생물에서 모양과 기능이 유사합니다. 단백질 합성의 마지막 단계로서 분자생물학의 중심적 연구대상이 됩니다.","P","진핵생물에 대해 설명해 주세요."
"1","리보솜에 대해 설명해 주세요.","리보솜은 크고 작은 두 개의 소단위체로 구성되어 있습니다. 진핵생물은 세포질에서 리보솜의 두 소단위체를 구성하는 단백질을 생성하고, 이 단백질과 리보솜RNA를 핵에서 결합시켜 소단위체들을 형성합니다. 이렇게 생성된 각각의 소단위체는 세포질에서 결합하여 리보솜을 형성합니다.","P","세포질에 대해 설명해 주세요."
"1","리보솜에 대해 설명해 주세요.","리보솜이란 단백질 분해가 일어나는 호염기성 객체로 모든 생물 종의 세포에서 발견되고 1개의 세포당 1000만개 가량이 들어가 있습니다. 단 원핵생물의 경우에는 발견되지 않는데 이를 통해 원핵색물과 진핵생물을 분류 가능합니다.","F",""
"1","리보솜에 대해 설명해 주세요.","리보솜은 소단위체로 구성되어 있습니다.  해당 소단위체가 서로 결합하여 단백질을 만들어내고 해당 단백질이 다시 소단위체와 화학결합함으로써 지방과 탄수화물로 구분되어 생명체를 생성하는 역할을 하고 있습니다.","F",""
"1","리보솜에 대해 설명해 주세요.","단백질 합성의 초기 단계에 리보솜은 가장 중요하고, 그 침강계수가 미생물보다 동물에서 적기 때문에, 초기 단계를 제외한 리보솜의 역할은 굉장히 제한적이며, 성체가 된 생물에서는 발견되지 않는 특징을 가지고 있습니다","F",""
"1","리보솜에 대해 설명해 주세요.","입자의 지름은 15∼30nm이고 완전한 리보솜의 침강계수는 미생물에서 약 70S, 동물에서는 80S 정도입니다. 침강계수는 스웨덴의 스베드베리가 리보솜의 분리를 위해 초고속원심분리법을 통하여 개발한 것으로 자신의 이름 첫글자를 따 S를 침강계수로 표시하였습니다. 마그네슘 이온의 농도를 낮추면 대장균인 경우 30S와 50S, 진핵생물의 경우 40S, 60S의 두 개의 소단위체로 나뉩니다.","P","초고속원심분리법에 대해 설명해 주세요."
"1","골지체에 대해 설명해 주세요.","세포 내의 세포질 소기관으로 동식물 세포 모두에서 발견되는데, 분비작용을 맡고 있습니다. 소포체에서 합성된 분비 단백질이 이곳 골지체로 운반되어 농축된 후 세포 밖으로 분비되는 원리입니다. 시스터나라고 하는 소포가 여러 개 겹쳐 층상구조를 이룹니다. 식물에서는 딕티오솜이라는 골지체를 가지고 있습니다.","P","소포체에 대해 설명해 주세요."
"1","골지체에 대해 설명해 주세요.","골지체 본체의 구조는 편평한 구조의 소포인 시스터나로서 3~10개가 나란히 겹쳐 층상구조를 이루고 있습니다. 반면 식물세포의 골지체는 동물세포와는 달리 골지주머니가 작고 골지 액포가 없는데, 이것을 딕티오솜이라고도 합니다. 주로 막구조로 되어 있기 때문에 인지질과 단백질 성분이 많으며, 알칼리성 포스파타아제·비타민C·카로틴 등을 함유합니다.","P","골지체가 층상구조를 이루는 이유를 설명해 주세요."
"1","골지체에 대해 설명해 주세요.","골지체란 세포질 소기관이 있는 동물 세포에서만 발견되며 분비작용을 맡는 역할을 합니다. 골지체로 단백질이 운반되어 세포 밖으로 분출되는 것으로 인간의 경우 주로 피부나 배뇨,배설 기관에서 쉽게 발견되고 있습니다.","F",""
"1","골지체에 대해 설명해 주세요.","골지체의 경우 세포 내에서 발생하는 노폐물의 배출을 도와주는 기능을 합니다. 시스터나라고 하는 소포가 여러개 겹쳐서 층상구조를 이루고 있으며, 주로 동물세포에서만 발견되기 떄문에 골지체의 유무로 동식물 세포를 구별할 수 있습니다","F",""
"1","골지체에 대해 설명해 주세요.","골지장치라고도 합니다. 골지체는 신경세포가 나란히 겹쳐 층상 구조를 이룬 것을 의미하며 골지체가 존재하는 곳에는 반드시 통각 세포가 공존합니다 .따라서 골지체는 동,식물의 통각에 반응하여 이에 대한 대처를 하는 부분으로 이해될 수 있습니다","F",""
"1","골지체에 대해 설명해 주세요.","골지장치라고도 합니다. 1898년 이탈리아의 골지가 올빼미의 신경세포체에서 처음으로 발견하였습니다. 동물세포에서 주로 관찰됩니다. 근래에 와서 전자현미경의 관찰에 의해 식물세포에서도 그 존재가 확인되고 있습니다. 골지체에 해당되는 부분은 층상·포상·입상 구조의 세 가지로 되어 있는데, 이것을 골지역이라고도 합니다.","P","전자현미경이 생명과학에 미친 영향을 설명해 주세요."
"2","생체모방기술에 대해 설명해 주세요.","생물체가 갖고 있는 다양한 기능을 인위적으로 모방하여 이용하는 기술입니다. 현재까지 생체의 기능을 이용한 여러 가지 기계를 제작한 바 있습니다. 예를 들면 NC기계나 로봇 등 바로 인간의 기능을 대행한 것이라고 할 수 있습니다. 그러나 이러한 인간의 개체로서의 외형적 모방기술이 아니고, 최근에는 생체에 있는 보다 미세한 세포 효소단백질, 펩티드의 기능에서 배운 연구개발이 발달하고 있습니다.","P","세포 효소단백질에 대해 설명해 주세요."
"2","생체모방기술에 대해 설명해 주세요.","효소는 보통 상온에서 작용하는데, 이것을 고온고압에서 작용할 수 있지 않겠느냐하는 연구가 있습니다. 또 인공적인 화합물로서 효소와 같은 반응을 촉매하는 물질을 제작하려는 연구도 활발하게 진행되고 있습니다. 단백질의 경우 1개가 수 옹스트롬 크기의 아미노산잔기로서 반응기 위치를 조정하지 않으면 안 되는 것에 대해, 화학합성법에서는 임의의 위치에 반응기가 있게 하는 것이 용이합니다.","P","촉매에 대해 설명해 주세요."
"2","생체모방기술에 대해 설명해 주세요.","생물체가 가지고 있는 다양한 기능을 인위적으로 모방하여 인간 생활에 도움이 되는 기계를 만드는 것을 말합니다. 예를 들어, 잠자리의 비행방식은 헬리콥터가 이를 착용하여 사전 준비 없이 바로 비행 가능합니다. 그러나 더 이상 생체모방기술을 적용할 대상이 존재하지 않아 연구개발이 더뎌지고 있습니다","F",""
"2","생체모방기술에 대해 설명해 주세요.","생체모방기술이란 인간의 신체에서 제 기능을 하지않거나, 파괴된 장기, 혹은 신체를 대체할 수 있는 혁신적 기술입니다. 주로 장애인에게 새로운 삶을 부여하기 위해서 사용되고 있으며 , 신경계와 자체적으로 연결되어 자의적으로 운동할 수 있는 기술까지 개발되고 있습니다","F",""
"2","생체모방기술에 대해 설명해 주세요.","생체모방 기술이란 생물체가 소유하는 기능을 인위적으로 모방하여 사용하는 기술입니다. 주로 인간의 개체로서의 외형적 모방기술을 통해서 작동하며, 기술의 한계로 인해서 가시적인 생물체만을 모방할 수 있다는 한계를 가지고 있습니다","F",""
"2","생체모방기술에 대해 설명해 주세요.","화학합성법의 발달은 단백질공학의 경쟁상대가 될 가능성도 있습니다. 또 제5세대 컴퓨터로서는 인간의 사고과정, 언어체계 등의 이용을 고려하고 있습니다. 이 밖에 혈액을 대체하는 인공혈액과 인공신장, 인공심장, 인공골격, 인공혈관 등의 인공장기도 생체모방기술이라 할 수 있습니다.","P","인공혈액에 대해 설명해 주세요."
"1","인공장기에 대해 설명해 주세요.","생체 장기의 기능을 대행하기 위해 인공적으로 만들어진 기기입니다. 예를 들면 인공신장은 혈액과 관류액을 셀로판 등의 투석막으로 나누어 혈액의 요소 등의 노폐물을 걸러 주는 장치입니다. 인공심폐는 심장을 직접 수술하는 수 시간 동안 심장의 펌프작용과 폐의 가스교환작용을 대행하는 장치입니다.","P","혈액에 대해 설명해 주세요."
"1","인공장기에 대해 설명해 주세요.","인공심장은 심장의 기능을 반영구적으로 대행하는 인공펌프장치이지만, 아직 충분히 실용화되어 있지 않습니다. 인공혈관은 그물눈모양의 합성섬유로 만든 관으로, 생체혈관의 일부를 이식하면 주위에서 생체조직이 침입 · 정착하여 혈관을 대신합니다. 심박조율기는 외부에서 심장으로 직접 전기자극을 가함으로써 적절한 심장박동을 유지하게 하는 장치입니다.","P","합성섬유의 특징을 설명해 주세요."
"1","인공장기에 대해 설명해 주세요.","인공장기란 생체 장기를 대행하기 위해 인공적으로 만들어진 기기로, 인류의 생명이 연장되는 계기가 되었습니다. 현재는 말기암 환자의 경우에도 장기를 인공적으로 대체함으로써 생명을 지속하는 것까지 가능해졌습니다.","F",""
"1","인공장기에 대해 설명해 주세요.","인공심장과 인공폐의 경우에 전기 자극을 가함으로서 그 호흡이나 심장 박동을 유지시키는 기능입니다. 그러나 해당 장기들은 가격이 굉장히 비싸기 때문에 현재 소득단위에 따른 평균 수명의 차별화를 야기시키기도 하였습니다","F",""
"1","인공장기에 대해 설명해 주세요.","인공장기에는 도덕적 결함이 깔려있습니다. 인간은 누구나 사망에 이르게 되는데 이를 인공장기가 이를 강제적으로 연장함으로써 인간이 생명을 경시하는 태도를 생성하고 있어 현재는 연구 개발을 중단하고 있는 상태입니다.","F",""
"2","테라토마에 대해 설명해 주세요.","여러 종류의 세포와 조직들로 이루어진 종양의 일종입니다. 일반적인 종양은 단일한 세포들로 이루어져 있는 반면에, 테라토마는 피부세포, 근육세포, 신경세포 등 다양한 세포와 조직들로 이루어져 있습니다. 또한 같은 종류의 세포나 조직에서도 각각의 세포가 분화된 정도까지 다릅니다.","P","신경세포에 대해 설명해 주세요."
"2","테라토마에 대해 설명해 주세요.","생식세포에 생기는 경우가 많아서 여성의 경우 난소에서, 남성의 경우 정소에서 주로 나타납니다. 난소에 생기는 테라토마의 경우, 털이나 이가 자라기도 할 만큼 다양한 조직을 형성합니다. 이러한 테라토마는 배아줄기세포의 분화능력을 검증할 때 이용되기도 합니다.","P","생식세포에 대해 설명해 주세요."
"2","테라토마에 대해 설명해 주세요.","테라토마는 다양한 세포 조직들과 이루어져 있는 종양의 일종입니다. 주로 암과 같은 종양이 이에 해당됩니다. 따라서 해당 테라토마가 발생한 지역은 즉각적으로 병원을 통해 제거해야 하며, 방치할 경우 암으로 발전되게 됩니다","F",""
"2","테라토마에 대해 설명해 주세요.","테라토마는 주로 생식세포 주위에 생기는 경우가 많습니다. 불청결한 성생활을 지속적으로 유지할 경우에 생식기 주위에 작은 종양이 생기는데 이를 테라토마라고 합니다. 테라토마는 성병이 걸렸다는 신체의 신호로 기능합니다.","F",""
"2","테라토마에 대해 설명해 주세요.","테라토마는 일반적인 종양과 같이 단일한 세포들로 이루어져 있기 떄문에 해당 세포의 분열 혹은 복제를 통해서 인간 신체에서 생성되는 가장 기본적인 세포를 추출해 낼 수 있어 현재 생명공학에서 널리 사용되고 있습니다","F",""
"2","테라토마에 대해 설명해 주세요.","모든 조직의 세포로 분화하는 배아줄기세포의 특성 때문에, 쥐와 같은 실험동물에게 배아줄기세포를 주사하면, 배아줄기세포가 다양한 종류의 세포와 조직으로 분화하여 테라토마를 형성하게 됩니다. 따라서 배아줄기세포를 만드는 마지막 단계에서, 만들어진 배아줄기세포가 테라토마를 형성하는지 봄으로써 배아줄기세포가 성공적으로 만들어졌는지 판단할 수 있습니다.","P","세포와 조직에 대해 설명해 주세요."
"1","배아줄기세포에 대해 설명해 주세요.","다분화능력이 있는 수립세포주로 배양접시에서 배양할 수 있지만 다른 배반포강 내에 주입하면 생식세포를 포함하여 여러 가지 세포로 분화할 수 있는 세포입니다. 마우스 배반포를 배양함으로써 직접 수립한 세포이고, 일단 기형종을 경과해 수립한 배성암세포와 구별하기 위하여 그러한 명칭이 붙여졌습니다.","P","배성암세포에 대해 설명해 주세요."
"1","배아줄기세포에 대해 설명해 주세요.","분화능력을 유지한 채로 배양하기 위해서는 미리 선택한 소의 태아혈청이나 백혈병 저지인자를 첨가해야 합니다. 배양 중에 상동적유전자재조합을 통하여 특정 유전자 파괴, 아미노산 치환, 유전자 전 치환 등이 일어날 수 있습니다. 상동적 재조합을 한 ES세포를 다른 배반포강 내에 주입함으로써 키메라마우스를 제작하고, 이를 다시 교배시킴으로써 특정한 유전자를 개변시킨 마우스를 만들 수 있습니다.","P","백혈병에 대해 설명해 주세요."
"1","배아줄기세포에 대해 설명해 주세요.","배아줄기세포란 배아되기 전의 세포를 추출하여 여러 가지 세포로 분화시키는 세포를 말합니다. 또한 배아 줄기세포는 상온에서도 그 복제를 이어가는 끈질긴 생명력을 가지고 있어 연구용으로 가장 적합하다고 평가받고 있습니다","F",""
"1","배아줄기세포에 대해 설명해 주세요.","분화능력이 사라진 채 배양된 분열 전의 세포를 배아줄기세포라고 합니다. 배아줄기세포는 배반포를 배양할 경우에만 분화능력이 발생하며 나머지는 다른 세포로 분화하지 못한 채로 서서히 사멸하는 특징을 가지고 있습니다","F",""
"1","배아줄기세포에 대해 설명해 주세요.","배아줄기세포의 연구는 한국이 중심적으로 실행되었는데, 2000년 대초 배아줄기세포를 연구하던 기업이 부도하게 되면서 급격하게 한국에서 연구가 시행되지 않고 있으며, 현재는 그 연구 개발이 도덕과 윤리의 문제떄문에 원칙적으로 중단되어 있습니다","F",""
"1","배아줄기세포에 대해 설명해 주세요.","배아줄기세포는 자가복제가 가능하며 적절한 조건하에서 체내에 존재하는 특정 세포로 분화할 수 있는 잠재력을 가지고 있기에 신체의 손상된 세포나 조직을 줄기세포로부터 분화된 같은 종류의 새로운 세포로 대체시켜 난치병을 치료하기 위한 연구들이 활발히 진행되고 있습니다.","P","배아줄기세포를 통한 난치병 치료에 대해 설명해 주세요."
"2","핵치환에 대해 설명해 주세요.","어떤 세포로부터 핵을 도려내어 이미 핵을 제거한 다른 세포에 옮기는 것을 핵치환이라 합니다. 핵과 세포질과의 관계를 조사하는 수단으로 쓰입니다. 이 방법은 발생·분화 과정에 있어서의 핵과 세포질의 역할을 알아내는 데 매우 유효합니다. 개구리의 발생 도중에 있는 세포의 핵을 무핵란에 이식하면 핵 그 자체가 단계적인 분화를 하고 있음을 알게 되었습니다.","P","무핵란에 대해 설명해 주세요."
"2","핵치환에 대해 설명해 주세요.","포유류의 난자에 핵을 이식하려는 실험이 근래에도 활발히 행해지고 있으며, 쥐의 수정란에서 핵을 제거하고 대신 다른 쥐의 체세포 핵을 집어넣어 발생시키는 데 성공하기도 하였습니다. 이로 보아 고등동물들도 핵을 바꿔치기 함으로써 복제가 가능해질 것이며, 이 방법이 보편화 된다면 축산에 크게 기여할 것입니다.","P","포유류에 대해 설명해 주세요."
"2","핵치환에 대해 설명해 주세요.","핵치환이란 강제적인 수정이라고도 언급합니다. 주로 복제양 돌리를 통해서 대중적으로 알 수 있듯이, 포유류의 난자에 다른 종의 포유류의 정자를 강제적으로 수정시킴으로써 새로운 생명체를 탄생시키는 창조의 과정입니다.","F",""
"2","핵치환에 대해 설명해 주세요.","포유류의 난자에 핵을 이식시키는 실험이 핵치환이라고 합니다. 그러나 해당 핵치환으로 생성된 생명에 대한 윤리적,생명적 존엄성에 대한 우려 떄문에 핵치환은 현재 연구 개발이 금지된 생명과학의 연구분야 입니다.","F",""
"2","핵치환에 대해 설명해 주세요.","어떤 세포로부터 핵만 도려내어 다른 세포로 옮긴 뒤 새로운 세포로 만드는 것을 말합니다. 이 과정에서 핵과 세포질의 역할을 알아내는 것에 도움을 받을 수 있지만, 성공확률이 극히 낮아 현재까지 1~2차례의 결과만 도출되어 있습니다","F",""
"2","핵치환에 대해 설명해 주세요.","핵치환의 가장 대표적인 예인 복제양 돌리는 1996년 영국 로슬린연구소의 윌머트 박사에 의해 탄생되었습니다. 이는 핵치환 기술을 응용하여 세계 최초로 포유동물인 양을 복제하는 데 성공한 것으로 대대적인 반향을 불러일으켰습니다. 돌리는 핵치환을 시도한 277개의 난세포 가운데 유일하게 살아 남은 것이며, 총 6마리의 새끼를 낳음으로써 복제 양이 완전한 생식 능력을 갖는 생명체임을 입증하였습니다.","P","복제양 돌리에 대해 설명해 주세요."
"1","바이오인포매틱스에 대해 설명해 주세요.","컴퓨터를 이용해 각종 생명정보를 처리하는 학문으로 방대한 생물의 유전자 정보를 분석하기 위한 학문입니다. 유전자 예측 프로그램 개발, 생명정보 데이터베이스 구축 등 정보 기술의 개발과 바이오 칩이라 불리는 첨단 반도체의 개발 등이 해당됩니다. 이는 유전체의 기능 연구를 기반으로 실질적인 인류 혜택을 실현할 포스트 게놈 시대의 학문이라 합니다.","P","프소트 게놈 시대에 대해 설명해 주세요."
"1","바이오인포매틱스에 대해 설명해 주세요.","염기 1,000∼수만 개가 모여 유전자 1개를 구성하는데 인간 유전자 10만 개 중 어느유전자, 나아가 유전자 중 어느 부분의 이상으로 유전병이 일어나는지 밝혀내려면 처리해야 할 정보량이 천문학적 규모로 방대해집니다. 이처럼 많은 정보량을 분석하기위해서는 유전자 예측 프로그램 개발, 생명정보 데이터베이스 구축 등 정보기술의 개발과 함께 바이오 칩이라 불리는 첨단 반도체의 개발이 선행되어야 합니다.","P","바이오 칩에 대해 설명해 주세요."
"1","바이오인포매틱스에 대해 설명해 주세요.","바이오인포매틱스는 컴퓨터를 이용하여 생명정보를 처리하는 학문을 의미합니다. 주로 생명체의 연구에서 해당 생명체의 행동특성, 신체의 특성 등을 시뮬레이션하는 것에 사용되며 현재는 전시목적으로도 개발되어 지고 있습니다.","F",""
"1","바이오인포매틱스에 대해 설명해 주세요.","컴퓨터를 통해 유전자 예측 프로그램, 생명정보 데이터베이스 구축 등을 수행하는 것을 바이오인포매틱스라고 합니다. 생명정보학이라고도 하며, 생명에 대한 정보를 컴퓨터에게 삽입하여 해당 컴퓨터가 그 생명과 같은 특성을 갖게 할 수도 있습니다.","F",""
"1","바이오인포매틱스에 대해 설명해 주세요.","유전자의 갯수와 종류는 굉장히 방대하기 때문에 컴퓨터의 연산 능력을 이용하여 이를 정리하고 데이터베이스를 구축하는 행위 역시 바이오인포매틱스의 종류입니다. 그러나 현재는 단순한 정보 저장과 사칙연산 등에서만 이용될 뿐입니다","F",""
"1","바이오인포매틱스에 대해 설명해 주세요.","바이오 칩은 반도체 칩 위의 바이오 실험실이라고 할 수 있으며, 인체의 유전자에 대한 정보가 저장되어 있는 바이오 칩을 이용할 경우 한 번에 수천 가지 유전자의 특성을 읽어냄으로써 질병의 조기진단과 치료가 가능해집니다. 바이오 칩이 본격적으로 실용화되면 개인의 유전자 변이나 이상 여부를 쉽게 진단할 수 있습니다.","P","유전자 변이에 대해 설명해 주세요."
"2","성체줄기세포에 대해 설명해 주세요.","외부의 충격이나 노화 등으로 죽은 세포는, 그 기능을 계속해 나갈 새로운 세포가 생겨야 하는데, 이러한 새로운 세포를 공급하는 것이 성체줄기세포입니다. 즉, 성체줄기세포는 필요한 때에 특정한 조직의 세포로 분화하게 되는 미분화상태의 세포입니다. 배아줄기세포처럼 모든 조직의 세포로 분화하는 것은 불가능하다고 알려져 있습니다. ","P","성체줄기세포와 배아줄기세포를 비교해서 설명해 주세요."
"2","성체줄기세포에 대해 설명해 주세요.","과거에는 한 조직에 있는 성체줄기세포는 오직 그 조직의 세포로만 분화한다고 알려져 있었으나, 최근에는 다른 조직의 세포로도 분화할 수 있다는 연구 결과들이 보고되고 있습니다. 예를 들어 피부에 있는 성체줄기세포가 신경세포, 근육세포, 지방세포등으로 분화될 수 있다는 연구 결과가 있습니다.","P","근육세포에 대해 설명해 주세요."
"2","성체줄기세포에 대해 설명해 주세요.","성체줄기세포는 외부의 충격이나 노화 등으로 인해 죽은 세포를 말하며, 이를 배아줄기세포가 새로운 세포를 만들어 냄으로써 대체됩니다. 따라서 성체줄기 세포는 배아줄기세포의 반의어라고 할 수 있습니다","F",""
"2","성체줄기세포에 대해 설명해 주세요.","성체줄기세포는 오로기 해당 조직에서 그 기능으로만 분화하는 것이 특징입니다. 특정한 조직의 세포로 분화할 뿐, 그 성체 줄기세포의 위치가 변화하거나 화학적 반응을 일으킨다고 하더라도 그 본질적 성격이 변하지는 않습니다.","F",""
"2","성체줄기세포에 대해 설명해 주세요.","성체줄기세포는 피부 치료에 주로 사용되고 있습니다. 피부의 자가적인 재생을 가능하게 하여, 피부과에서 고객들의 만족을 일으키는데, 이를 통해 성체줄기세포는 각 조직의 재생을 가능하게 하는 과학적인 역할을 수행할 가능성을 지닌 것을 확인할 수 있습니다.","F",""
"2","성체줄기세포에 대해 설명해 주세요.","성체줄기세포를 치료에 이용할 경우, 치료하고자 하는 환자로부터 직접 성체줄기세포를 얻을 수 있기 때문에 배아줄기세포에 비해 윤리적인 문제가 적고, 환자 자신의 세포를 이용하는 것이기 때문에 면역거부반응도 적습니다. 그러나 대개는 소량으로 존재하기 때문에 분리해 내기가 쉽지 않다는 문제점이 있습니다.","P","면역거부반응에 대해 설명해 주세요."
"1","역치에 대해 설명해 주세요.","감각세포에 흥분을 일으킬 수 있는 최소의 자극의 크기를 말하며, 문턱값이라고도 합니다. 역치는 세포의 종류에 따라 다르고 같은 세포일지라도 그 세포가 자극을 받는 상태에 따라서도 달라집니다. 이와 같은 역치의 변화는 그 세포가 흥분하기 쉬운가 어려운가를 뜻하므로, 흥분성은 일반적으로 역치값의 역수로 표시합니다.","P","감각세포에 대해 설명해 주세요."
"1","역치에 대해 설명해 주세요.","역치는 그 감각기의 수용기에 적합자극을 주었을때 가장 낮게 나타납니다. 예를 들면, 사람의 눈에 맞는 적합자극은 400~700nm의 가시광선이고 귀는 20~20,000Hz의 음파로 이때 가장 쉽게 흥분하게 됩니다. 그러나 귀에 음파 이외의 다른자극을 주면 흥분하기 어렵고 이를 부적합자극이라고 합니다.","P","가시광선을 설명해 주세요."
"1","역치에 대해 설명해 주세요.","역치는 그 감각기의 수용기에 적합자극을 주었을때 가장 높게 나타나는 수치를 말합니다. 예를 들면, 사람의 눈에 맞는 적합자극은  가시광선인데 해당 자극보다 낮으면 역치 이하인 경우이기 때문에 볼수 있지만 역치의 이상에서는 볼 수 없습니다. ","F",""
"1","역치에 대해 설명해 주세요.","역치는 해당 감각기관이 느낄 수 있는 최대의 자극을 말하며, 최종값을 의미합니다. 그러나 세포의 크기와 상태에 따라서 역치값은 변화하기 떄문에 보통의 경우 세포들이 가지는 역치값의 중간값이 해당 기관의 역치값으로 계산되어 집니다.","F",""
"1","역치에 대해 설명해 주세요.","같은 크기의 감각이 지속되면 역치값은 점점 감소하게 됩니다. 기관 자체가 감각이 지속됨에 따라서 민감도가 증가하여 같은 크기의 감각이더라도 받아들이지 못하는 경우가 발생하며 기관 자체의 내구도에도 큰 피해를 발생시킵니다","F",""
"1","역치에 대해 설명해 주세요.","같은 크기의 자극을 지속적으로 받으면 역치가 올라가 더 큰 자극을 주기전에는 자극을 느끼지 못하는 경우가 생기는데 이를 감각의 순응이라고 합니다. 예를 들면 우리가 일상생활을 할때 속옷을 다른것으로 갈아입으면 그 즉시는 촉각을 느끼지만 어느 정도의 시간이 지나면 옷이 피부에 닿고 있다는 느낌이 없어지는 경험과 같은 것입니다.","P","감각의 순응의 예제를 설명해 주세요."
"1","탈분극에 대해 설명해 주세요.","일반적으로 세포의 내부에는 음하전이 더 많아 안정시 막전압은 －90mv로 분극되어 있으나, 흥분이나 전기자극을 주어 세포막 내외의 이온 투과도에 변화가 생기면 세포막을 경계로 내부에 생긴 음분극이 감소하여 양으로 바뀌게 되는 현상입니다. 반대로 음분극이 증가하는 것은 과분극이라고 합니다.","P","과분극에 대해 설명해 주세요."
"1","탈분극에 대해 설명해 주세요.","흥분성 막에서는 일정값 이상까지 탈분극하면 능동적인 탈분극이 계속 일어나 종종 탈분극방향의 오버슈트가 일어나지만, 그 후 다시 내부가 음하전으로 변하는 재분극이 진행되어 원래의 안정막전위로 되돌아갑니다. 분극 상태에서 탈분극, 그리고 다시 재분극하는 일련의 과정을 활동전위라고 합니다.","P","활동전위에 대해 설명해 주세요."
"1","탈분극에 대해 설명해 주세요.","일반적으로 세포의 내부는 양하전이 더 많기 떄문에 전압이 높은 경우가 많은데 세포가 흥분하거나 전기자극을 주게되면 전압이 지속적으로 감소하는데 이를 탈분극이라고 합니다. 반대로 양분극이 증가하는 것은 과분극이라고 합니다.","F",""
"1","탈분극에 대해 설명해 주세요.","세포가 흥분하게 되면 음하전을 띄던 세포의 내부에서 음분극이 지속적으로 감소하여 막전압이 지나치게 저점을 찍게 되는데 이때 세포막을 경계하여 세포막 외부에 있는 양분극이 세포에 지속적으로 유입되는 현상을 탈분극이라고 합니다.","F",""
"1","탈분극에 대해 설명해 주세요.","세포의 이온 투과도에 변화가 발생하면 탈분극이 발생합니다. 새포막 내외에서 이온이 이동할 수 있는 정도를 이온 투과도라고 하는데, 투과도가 높아지면 탈분극이 발생하고 낮아지면 과분극이 발생하는 것이 일반적입니다.","F",""
"1","백신의 원리를 설명해 주세요.","우리 몸의 면역 반응은 크게 선천성 면역과 후천성 면역으로 구분됩니다. 그 중 후천성 면역은 여러 특징을 갖는데, 그중 하나가 면역 기억입니다. 후천성 면역의 기억은 이전에 인체에 침범했던 병원체의 정보를 기억하여, 미래에 같은 병원체에 감염되면 이에 대해 더 빠르고 강한 면역반응을 유도할 수 있게 해줍니다.","P","후천성 면역을 설명해 주세요."
"1","백신의 원리를 설명해 주세요.","백신 접종을 통해 병원성은 없지만, 특정 병원체에 대한 항원을 인체에 주입하면 우리 몸에서는 가벼운 증상, 혹은 질병에 대한 증상 없이도 병원체에 대한 기억 림프구들을 생성할 수 있게 됩니다. 이러한 기억 림프구는 백신 종류에 따라 다르지만, 홍역 백신 같은 경우에는 평생 동안 그 기억을 유지할 수 있습니다.","P","항원에 대해 설명해 주세요."
"1","백신의 원리를 설명해 주세요.","백신이란 선천성 면역을 높이는 약물 치료를 의미합니다. 수정체가 여성의 자궁에 안착하게 되었을 때 백신을 주입함으로써 태어날 때부터 해당 선천 면역을 높이는 것이 가능하며, 일반적으로는 유전적 형질로 인해 발생할 수 없는 질병을 치료하는 목적으로 사용됩니다.","F",""
"1","백신의 원리를 설명해 주세요.","인간의 체내에 면역 정보를 강제적으로 주입하는 것이 백신입니다 .후천성 면역의 일종으로, 약화된 병원체를 집어넣는 것을 의미하지만, 주로  RNA바이러스에 영향을 줄 뿐 미세한 DNA바이러스에서는 백신이 존재하지 않습니다.","F",""
"1","백신의 원리를 설명해 주세요.","백신 정좁을 통해서 병원체에 대한 항원이 인체에게 주입하게 되면 우리 몸에서는 병원체에 대한 면역반응이 자가적으로 발생합니다. 이는 모든 병에 대한 백신이 가능해졌으며, 백신의 종류에 따라 면역 기억이 다르다는 특징이 있습니다","F",""
"1","백신의 원리를 설명해 주세요.","백신의 기본 원리는 질병을 일으키는 병원체를 배양하여, 죽이거나 약독화하여 병원성을 최대한 낮춘 상태에서 비병원성 항원을 주입하는 것이 기초적인 원리입니다. 최근에는 클로닝을 비롯한 유전공학 기술이 발달하여 다른 방법으로 비병원성 항원을 생성할 수 있게 되었습니다.","P","클로닝에 대해 설명해 주세요."
"2","백신의 종류를 설명해 주세요.","사백신은 배양한 병원체를 죽이되, 항원의 특성을 그대로 유지하여 만든 백신입니다. 소아마비, 콜레라, 인플루엔자 백신 등이 이에 속합니다. 약독화 및 생백신은 병원체를 죽이지는 않지만, 약독화 된 상태로 주입하여 병을 일으키지 않게 해주는 백신으로 볼거리, 홍역, 장티푸스 백신 등이 이에 속합니다.","P","인플루엔자에 대해 설명해 주세요."
"2","백신의 종류를 설명해 주세요.","톡소이드 백신은 병원체 자체가 아니라 질병을 일으키는 원인 물질인 독소를 비활성화시켜서 만든 백신입니다. 비활성화된 독소를 톡소이드라고 하며, 파상풍, 디프테리아 백신이 이에 속합니다. 이종 백신은 목표 병원체와 유사하지만 병원성이 낮은 병원체를 이용한 백신으로 제너가 우두를 이용해서 만든 천연두 백신이 이에 속합니다.","P","톡소이드에 대해 설명해 주세요."
"2","백신의 종류를 설명해 주세요.","백신의 종류에는 사백신이 있습니다.  사백신은 병원체 자체가 아니라 질병을 일으키는 독소만을 비활성화 시켜 만든 백신으로, 파상풍, 디프테리아 백신이 이에 속합니다. 주로 병원성이 낮은 병원체를 이용하는 경우가 많습니다.","F",""
"2","백신의 종류를 설명해 주세요.","아단위 백신이 있습니다. 배양된 병원체를 죽이고 그 항원의 특성을 유지하여 만든 백신으로 주로 인플루엔자 백신에서 사용됩니다. 백신의 종류 중에 가장 일반적인 방식으로 진행되고 있으며 부작용이 없다는 특징이 있습니다.","F",""
"2","백신의 종류를 설명해 주세요.","톡소이드 백신은 항원으로 인식되는 항원결정부위에 해당하는 부분을 따로 추출하여 해당 부분의 독소를 제거한 백신을 의미합니다. 주로 홍역,볼거리,장티푸스 백신 등이 속하며, 유아기에 발생할 가능성이 높은 병에 대한 백신으로 인체에 유해한 요소가 완전히 제거되어 있습니다","F",""
"2","백신의 종류를 설명해 주세요.","아단위 백신은 병원체 중 항원으로 인식되는 항원결정부위에 해당하는 부분만을 따로 추출해서 만든 백신입니다. 이 아단위 입자들은 병원성을 갖지는 않지만, 면역체계를 활성화시켜 기억 림프구를 만들 수 있기 때문에 안전성이 매우 높습니다. 하지만 단점으로는 모든 병원체가 이런 면역체계를 활성화시킬 수 있는 아단위 입자를 만드는 것은 아닙니다.","P","기억림프구를 설명해 주세요."
"1","바이러스에 대해 설명해 주세요.","바이러스는 DNA나 RNA를 유전체로 가지고 있으며, 단백질로 둘러 싸여 있는 구조를 가지고 있습니다. 바이러스는 혼자서 증식이 불가능하여 숙주 세포내에서 복제를 하며, 세포 간에 감염을 통해서 증식합니다. 동물, 식물, 박테리아 등 거의 모든 생명체에는 각각 감염되는 바이러스가 존재하며, AIDS나 독감과 같은 다양한 질환의 원인이 되기도 합니다.","P","AIDS에 대해 설명해 주세요."
"1","바이러스에 대해 설명해 주세요.","바이러스는 일반적으로 생물과 무생물의 특성을 모두 가진 것으로 알려져 있습니다. 세포들은 기존의 세포에서 스스로 복제되는 데 반해서, 바이러스는 숙주에 감염이 된 후에 숙주의 복제 시스템을 활용하여 자신의 유전체를 복제하여 증식을 하게 됩니다. 따라서 숙주가 없는 상태에서 바이러스는 스스로 복제하지 못하고 단순히 단백질과 핵산의 덩어리인 무생물 상태로 존재하게 되는 것입니다.","P","무생물의 특징을 설명해 주세요."
"1","바이러스에 대해 설명해 주세요.","바이러스는 단백질로 둘러 쌓여있는 하나의 세포로서 해당 바이러스가 체내에 주입되면 체내의 세포와 화학적 결합을 통해서 질병을 발생시키는 것입니다. 또한 RNA와 DNA를 숙주로 이용하기 때문에 모든 생명체가 동일한 바이러스에 치명적이라는 특징이 있습니다","F",""
"1","바이러스에 대해 설명해 주세요.","바이러스는 단백질을 숙주로 하여 질병을 일으킵니다 .따라서 단백질 구성 비율이 높은 생명체가 바이러스에 감염될 확률 이 높은데 여성보다는 남성이 남성 중에도 단백질 함량이 높은 사람이 더 바이러스에 감염될 확률이 높습니다.","F",""
"1","바이러스에 대해 설명해 주세요.","체내에 바이러스가 들어오게 되면, 바이러스는 스스로 복제를 하여 무생물인 단백질과 핵산의 덩어리로 존재하다가 체내에서 단백질을 만나게되면 결합합니다. 따라서 바이러스 질병은 체내의 특정 공간에 밀집되어 있는 경우가 많습니다","F",""
"1","바이러스에 대해 설명해 주세요.","바이러스의 여러 단백질들은 숙주에 효율적으로 감염하고, 숙주의 시스템을 활용하는 데 최적화되도록 진화하였습니다. 바이러스와 유사한 특징을 가지는 프리온은 무생물로 분류가 됩니다. 바이러스를 분류할 때, 가장 많이 쓰는 방법은 볼티모어 분류체계로 바이러스가 가지는 유전체와 복제방식, 유전자 발현 방식에 따라 분류합니다.","P","프리온에 대해 설명해 주세요."
"1","세균에 대해 설명해 주세요.","세균은 다양한 병원균과 더불어 산업적으로 중요한 분류군들을 포함하고 있어 일상 생활에서도 인간과 뗄 수 없는 불가분의 관계를 가지고 있으며, 최근 인체 연관 미생물의 집합을 의미하는 인간 마이크로바이옴 연구는 인체의 건강 및 질병에 대한 총체적인 이해의 바탕이 될 수 있는 중요한 정보를 제공해 주고 있습니다.","P","미생물에 대해 설명해 주세요."
"1","세균에 대해 설명해 주세요.","세균은 펩티도글리칸으로 구성된 세포벽을 가지며, 세포 내에 핵이나 막으로 둘러싸인 소기관이 결여되어 있고, 유전체는 대부분의 경우 원형의 단일한 염색체로 구성되어 있으며, 편모운동이나 활주운동 등을 통해 운동성을 가지는 경우가 많습니다. 세균의 세포 형태는 구형, 막대형, 나선형, 필라멘트형, 부정형 등 다양합니다.","P","편모운동을 설명해 주세요."
"1","세균에 대해 설명해 주세요.","세균이란 다양한 병원균을 통틀어 일으키는 것입니다. 단백질로 주로 구성되어 있으며 혼자서 증식이 불가능항여 숙주 세포내에서 복제를 하며, 세포 간의 감염을 통해서 증식됩니다. 이는 다양한 질환의 원인이 되고 있습니다.","F",""
"1","세균에 대해 설명해 주세요.","세균은 인간과 뗄 수 없는 불가분의 관계를 가지고 있습니다. 현재 인간에게 치명적이거나 유해한 질병은 모두 세균을 매개로 발생하는 질병이며 바이러스와 다르게 표적 치료가 불가능하기 때문에 백신을 통해서만 치료 가능합니다","F",""
"1","세균에 대해 설명해 주세요.","세균은 펩티도글리칸이라는 세포벽을 가지며 세포 내에 핵이나 막으로 둘러싸인 소기관이 있으며, 유전체는 대부분의 경우 원형의 쌍 염색체로 구성되어 있습니다. 또한 세균은 특정 장소에서 고정되어 있기 때문에 표적치료가 가능합니다","F",""
"1","세균에 대해 설명해 주세요.","세균 중에는 무성포자를 생성하는 종류들이 있으며 대표적으로는 방선균이 기균사의 말단에 분절을 통해 생성하는 분절포자, 고초균 등에서 세포 내부로부터 생성되는 내생포자, 점액세균이 만들어 내는 점액포자 등이 있습니다. 생물에서 발견될 수 있는 모든 유형의 대사가 세균에서 발견되고 있습니다. 즉, 독립영양, 종속영양, 광합성, 화합합성, 호기적 호흡, 혐기적 호흡, 발효 등 다양한 유형이 관찰됩니다.","P","점액포자에 대해 설명해 주세요."
"2","그람음성에 대해 설명해 주세요.","자연계에 존재하는 세균은 세포벽의 형태에 따라 크게 두 가지로 분류할 수 있는데 그람염색법은 세포벽의 구조 차이에 따라 세균을 다른 색으로 착색시켜 분류하는 염색법입니다. 그람염색법에서는 열을 가하여 고정시킨 세균을 염기성 색소인 크리스탈 바이올렛으로 염색하고 요오드 혼합용액으로 처리한 다음 알코올이나 아세톤을 사용하여 세척하게 됩니다.","P","세포벽의 역할을 설명해 주세요."
"2","그람음성에 대해 설명해 주세요.","그람염색법을 통해 색소가 세척되어 탈색되는 세균을 그람 음성균, 탈색되지 않는 세균을 그람 양성균이라고 부릅니다. 세척작용 이후에는 사프라닌과 같은 붉은색을 띄는 색소를 사용하여 다시 시료를 염색하게 되고, 이때 세척과정에서 탈색된 그람 음성균은 사프라닌에 의해 착색되게 되어 현미경 하에서 붉은색으로 관찰됩니다.","P","그람양성균의 특징을 설명해 주세요."
"2","그람음성에 대해 설명해 주세요.","그람음성이란 그람양성의 반댓말로 중량이 존재하지 않는 것들을 모두 총칭하여 말합니다. 이를 이용하여 대상을 염색할 수 있는데 이를 그람염색법이라고 하며 대상에 중량을 부여하여 염색 즉시 양성으로 변하게 됩니다","F",""
"2","그람음성에 대해 설명해 주세요.","자연계에 존재하는 세포막을 가지고 있는 유기물을 그람음성이라고 합니다. 세포벽의 구조를 가지고 있는 식물의 경우에는 그람양성을 가지기 떄문에 그람음성은 주로 동물의 경우에만 한정되어 관찰되어 지고 있습니다","F",""
"2","그람음성에 대해 설명해 주세요.","그람 음성은 그람 음성균에 의해서 세포벽이 투명한 색을 띄고 있는 상태를 말합니다. 따라서 붉은색을 띄는 사프라닌과 같은 색소를 통해서 해당 세포벽을 염색할 수 있으며 이는 현재 미용용법에서 많이 사용되고 있습니다","F",""
"2","그람음성에 대해 설명해 주세요.","그람 음성균과 그람 양성균의 착색되는 성질의 차이는 세포 내부를 에워싸고 있는 세포벽의 구조 차이에 기인합니다. 그람 음성균의 세포벽의 두께는 10nm 정도로 매우 얇습니다. 이렇게 얇은 세포벽은 염료를 이용해 착색한 후 알코올로 세척을 하면 염료가 모두 씻겨서 탈색되게 됩니다.","P","그람염색법에서 사용하는 염료를 설명해 주세요."
"2","펩티도글리칸에 대해 설명해 주세요.","다당사슬에 비교적 짧은 펩티드사슬이 결합한 화합물의 총칭입니다. 특히 세균이나 남조 세포벽의 골격구조인 N-아세틸글루코사민과 N-아세틸뮤라민산이 반복된 다당사슬에 펩티드곁사슬이 붙은 사슬모양화합물입니다. 세균세포표층이 하나의 펩티도글리칸층을 구성하며 세균이 강한 삼투압에 견디고 독특한 형태를 유지할 수 있는 것은 이 층이 세포를 둘러싸고 있기 때문입니다.","P","삼투압에 대해 설명해 주세요."
"2","펩티도글리칸에 대해 설명해 주세요.","이 구조체를 무레인이라고도 하며, 자루모양의 하나의 거대분자로 간주하며 세균의 종류에 따라 미세구조에 차이는 있지만 기본적으로는 상당히 유사한 구조를 갖습니다. N-아세틸글루코사민과 N-아세틸뮤라민산의 다당사슬은 그 펩티드사슬부분의 가교구조에 의해 망상 · 격자상으로 다수 배열하여 거대한 3차원구조를 형성합니다.","P","펩티드 사슬에 대해 설명해 주세요."
"2","펩티도글리칸에 대해 설명해 주세요.","펩티도클리칸은 상대적으로 긴 펩티드 사슬이 결합되어 있는 화합물의 총칭입니다. 주로 바이러스의 세포벽에서 발견되며 해당 바이러스가 숙주를 만나기 전까지 바이러스의 세포활동을 유지시켜주는 기능을 하고 있습니다.","F",""
"2","펩티도글리칸에 대해 설명해 주세요.","펩티도글리칸은 모든 세균에 동일하게 있는 원시적인 세포구성요소입니다 .따라서 각 세균에서 추출된 펩티도글리칸은 모두 동일한 구조를 가지고 있으며, 해당 펩티도글리칸이 없지만 유해한 세균을 바이러스라고 칭하고 있습니다.","F",""
"2","펩티도글리칸에 대해 설명해 주세요.","세포의 성장이 완성되게 되면은 펩티도글리칸은 소멸되게 됩니다. 세포가 성장하기 전까지는 부분분해와 재합성을 통해서 세포의 성장을 주도하지만 성체가 되게 되면 이에 대한 기능이 상실되어 자연적으로 소멸하는 요소입니다.","F",""
"2","펩티도글리칸에 대해 설명해 주세요.","세포의 성장과 함께 펩티도글리칸은 고도로 제어된 부분분해와 재합성을 반복하는 것으로 알려져 있지만 생합성은 우리딘이인산에 결합한 N-아세틸뮤라밀펩티드 단위가 세포막성분인 박토프레놀의 인산에스테르로 전이하는 과정을 포함하며 펩티드사슬말단의 D-알라닌잔기가 가교결합을 형성하는 단계에서 종료합니다.","P","생합성에 대해 설명해 주세요."
"1","림프에 대해 설명해 주세요.","림프는 림프계 전반을 걸쳐 흐르고 있는 알칼리성을 띤 황색 액체로서 림프액이라고도 합니다. 또한 과거에는 이를 한자어의 음을 빌려서 읽는 임파라는 단어로 주로 부르기도 했습니다. 림프계는 림프절, 림프관, 림프조직 등의 림프 기관의 복합체를 말하며 혈관과 직접 연결되어, 혈액 순환의 일부를 담당하고 있습니다.","P","림프절에 대해 설명해 주세요."
"1","림프에 대해 설명해 주세요.","림프계는 크게 3가지 기능을 가지고 있습니다. 조직에 남는 여분의 조직액을 제거하는 기능, 소화된 지방 성분을 혈관까지 운반하는 기능, 면역에 관련된 기능입니다. 림프는 원래 모세혈관에서 나온 혈장이 변화하여 세포 사이에 흐르는 조직액이 된 것입니다. 혈장은 압력에 의해 모세혈관에서 밀려 나와 조직액과 섞입니다.","P","혈장에 대해 설명해 주세요."
"1","림프에 대해 설명해 주세요.","림프란 림프계를 구성하는 액체형태의 구성물질입니다. 림프계는 혈관과 분리되어 있어 우리몸의 순환을 구성하는 또다른 종류의 순환계의 역할을 합니다. 또한 림프계는 신체에 따라서 그 존재가 없는 사람도 존재합니다.","F",""
"1","림프에 대해 설명해 주세요.","림프계는 흉선 골수 비장 편도 충수 및 소장 내 파이어판과 함께 면역체계에서 매우 중요한 역할을 합니다. 림프관은 림프계로 연결된 림프절의 망으로 림프관은 인체 내에서 림프를 전달하는 역할을 하며, 림프는 모세혈관의 얇은 벽을 통해 인체 조직에 스며드는 고체로 구성됩니다","F",""
"1","림프에 대해 설명해 주세요.","림프계통은 연결된 림프기관들로 이루어져있는 순환계의 일종입니다 .주로 호흡계를 통해서 산소와 이산화탄소가 흡수 배출되는 것을 도와주는 역할을 하며, 체내의 이산화탄소를 분해하여 영양분을 분배하는 역할도 하고 있습니다","F",""
"1","림프에 대해 설명해 주세요.","림프계는 제2의 순환계로서 작동합니다. 그러나 심장을 중심으로 한 닫힌 관인 혈관과는 달리 림프계는 조직에 열려 있는 개방형 순환계입니다. 이러한 특징 때문에 림프절에서 만들어진 백혈구 등의 면역 세포는 림프계를 순환하면서 몸 전체를 보호하는 역할을 맡고 있습니다.","P","면역세포에 대해 설명해 주세요."
"1","의료기기 중 진단기기에 대해 설명해 주세요.","심전도는 심장질환의 진단에 가장 유용하게 쓰이며, 심장박동의 전위 변화를 증폭된 신호로 변화시켜 도형으로 나타내는 진단기기입니다. 현대의학에서 심전도의 임상학적인 활용가치는 매우 높으며, 특히 협심증이나 심근경색 등의 이상 유무를 실시간으로 검출해 내는 의료기기입니다.","P","협심증에 대해 설명해 주세요."
"1","의료기기 중 진단기기에 대해 설명해 주세요.","뇌전도는 일반적으로 두피 상에 전극을 접촉하여 미세한 전극 신호를 증폭하여 뇌파의 이상 유무를 통하여 진단하는 의료기기입니다. 뇌의 기능적 변화, 지각 자극, 뇌의 병적 질환 상태를 실시간으로 검출하는 의료기기입니다. 뇌파는 진동주파수에 따라 델타파, 세타파, 알파파, 베타파, 감마파로 구성되어집니다.","P","뇌파 중 감마파에 대해 설명해 주세요."
"1","의료기기 중 진단기기에 대해 설명해 주세요.","진단기기란 수술과 같은 큰 의료행위가 아닌 외부적으로 해당 병을 파악할 때 하는 행동을 수행하기 위해서 사용되는 기기를 총칭합니다. 하지만 외부적인 병만을 측정할 수 있으며 신체 내부의 병을 파악할 수 없다는 단점을 가지고 있습니다.","F",""
"1","의료기기 중 진단기기에 대해 설명해 주세요.","진단기기의 경우 신체 외부에서 신체 내부의 활동을 의사에게 인지시키게 하는 기능을 합니다. 과학기술의 발전으로 인해 진단기기를 통해서 다양한 의료활등이 가능해졌지만 심장과 같은 복잡한 장기는 진단기기를 통해서 그 행동을 측정할 수 없다는 단점이 있습니다","F",""
"1","의료기기 중 진단기기에 대해 설명해 주세요.","의료기기는 의료활동에 도움을 주는 기기를 총칭하며 진단기기란 진단에 행해지는 모든 기기를 말합니다. 단 진단기기는 그 사용방법이 매우 단순하여 의사가 아니어도 사용할 수있다는 장점을 가지고 있습니다.","F",""
"1","의료기기 중 진단기기에 대해 설명해 주세요.","근전도는 근육의 활동 상태나 그의 근간이 되는 중추신경의 활동 상황 등을 판별할 수 있으며, 이를 통하여 신경질환이나 병변의 진단 등에 사용하며, 임상학적인 응용은 생체역학, 운동생리학 등에서 환자의 질환 유무를 판단하는 일반화된 의료장비입니다.","P","중추신경에 대해 설명해 주세요."
"1","의료기기 중 치료기기에 대해 설명해 주세요.","심정지는 심장이 갑자기 정지하여 환자에게 위험한 상황을 발생시키는 현상이며, 외상이 없을 때 심정지 원인의 60~90%는 심실세동과 무맥박 심실성빈맥이 원인입니다. 제세동기는 기본 심폐소생술보다 효과가 매우 뛰어나며, 심실세동을 치료할 수 있는 가장 효과적인 장비입니다.","P","심폐소생술에 대해 설명해 주세요."
"1","의료기기 중 치료기기에 대해 설명해 주세요.","인공심폐기는 심폐수술 시 심장과 폐의 대체역할을 위한 의료기기로 혈액에 산소를 공급하여 순환시키는 기능을 합니다. 인공심폐기를 이용한 수술 시에는 공급시간이 증가할수록 환자의 심장과 폐에 부담이 되기 때문에 통상적으로 1~3시간 이내에서 이루어져야 합니다. 초기에는 혈액에 직접 산소를 공급하는 시스템을 사용하였습니다.","P","심폐수술에 대해 설명해 주세요."
"1","의료기기 중 치료기기에 대해 설명해 주세요.","치료기기란 의료기기에서 해당 조직의 행동 상태나 그의 근간이 되는 활동 상황 등을 판별하는 기능을 하며 해당 판별이 완성되었을 때 이 기능이 부적절하다고 판단되면 원상태로 돌리는 역할을 하는 기기를 총칭합니다.","F",""
"1","의료기기 중 치료기기에 대해 설명해 주세요.","치료기기란 신체의 장기 혹은 신체의 일부에서 그 기능이 원활하게 작동하지 않아 신체에 위협을 줄 가능성이 있을 때 해당 기능을 유지하거나 재개시키는 장치로 주로 위장의 치료에서 사용되고 있으며 폐와 심장에서는 사용되고 있지 않습니다","F",""
"1","의료기기 중 치료기기에 대해 설명해 주세요.","수술에 사용되는 모든 기기는 치료기기입니다. 따라서 수술이 아닌 의료 활동에서 사용되는 기기는 치료기기라고 불리지 않으며 오히려 진단기기라고 불립니다. 치료기기는 심장이나 폐와 같이 복합적인 작용을 하는 장기에 사용되게 되면 반드시 부작용이 발생합니다","F",""
"1","의료기기 중 치료기기에 대해 설명해 주세요.","전기수술기는 전기에너지를 이용하여 출혈량을 감소시켜, 혈액의 손실을 줄이고 시야를 확보할 뿐만 아니라 수술 효율을 증대시키는 치료기기입니다. 현대의 외과수술에 필수적인 기기입니다. 전기수술기의 작용은 지혈, 응고, 절개 등으로 크게 나눌 수 있습니다. 절개는 고주파의 강한 전력을 이용하여 종양이나 조직을 절제할 때 사용되며, 정밀한 수술에는 사용이 어렵습니다.","P","고주파의 특징을 설명해 주세요."
"2","의료영상에 대해 설명해 주세요.","X선영상 기기는 1895년 X선 발견 이후 과거 수십 년간 평면 아날로그식 방사선 영상 기술을 사용하였으나, 전산화 단층 촬영 기술이 1972년 개발되어 의료영상 분야에서 가장 획기적인 기술로 평가받고 있습니다. 1985년 환자가 탄 침대를 축 방향으로 움직여 고속으로 연속 스캔하는 CT가 개발되었습니다.","P","CT에 대해 설명해 주세요."
"2","의료영상에 대해 설명해 주세요.","X-ray 기술은 X선을 생체에 투과해 인체 각 부위 조직에 투과된 X선의 감쇄특성을 이용해 평면형 필름에 생체 내부의 구조를 영상화하는 기술입니다. MRI, CT, PET, 초음파 등 다른 영상 진단 기술에 비해 제일 오래된 비침습적 영상 이미지 기술이며, 병원에서 가장 일반적으로 이용되는 의료영상법입니다. ","P","MRI에 대해 설명해 주세요."
"2","의료영상에 대해 설명해 주세요.","의료영상이란 의료기기의 일종으로 가시적으로 보이지 않는 신체의 부분을 보여주게 하는 기능을 합니다. 그러나 의료영상은 현재까지 기술적인 부족으로 인해 대중적인 의료기기로서 역할하고 있지는 않습니다.","F",""
"2","의료영상에 대해 설명해 주세요.","X-ray 기술은 의료영상을 보여주는 대표적인 의료기기로 여겨집니다. 그러나 X선이라는 방사선을 이용하여 신체를 투과해 각 부위 조직을 간접적으로 파악하기 때문에 신체에 유해한 성분이 체내에 흡수될 위험이 존재합니다","F",""
"2","의료영상에 대해 설명해 주세요.","X-ray기술로 대표되는 것이 의료영상입니다. 그러나 의료영상은 대상의 전반적인 외형만을 파악할 뿐, 침습성이 강하고, 특정한 질병을 포착하는 능력이 부족하기 때문에 현재는 사용하고 있지 않는 실정입니다.","F",""
"2","의료영상에 대해 설명해 주세요.","디지털 X선 조영술은 필름이 아닌 디지털 저장 형태로 기록되는 모든 일상적인 진단 방사선영상법이며, X선 필름 대신에 디지털 X선 검출기를 사용합니다. 디지털 X선 조영술은 검출기에 들어온 X선이 섬광체를 통과하면서 빛으로 변환되고, 이 빛이 검출기를 통해 전기적인 신호로 변환된 것을 디지털 신호로 바꾸어 컴퓨터로 영상화하는 기술입니다.","P","디지털 X선 조영술에 대해 설명해 주세요."
"2","PET 영상 기기에 대해 설명해 주세요.","핵의학영상 기기는 인체에 투입한 방사성동위원소에서 방출하는 감마선을 측정하여 영상화하는 기술로 병소의 위치를 인식하는 감마 디텍터로부터 영상을 얻는 방법입니다. 초창기에는 단층영상을 재구성하는 PET, 1985년경에는 각 방향에서 단층영상을 얻을 수 있는 SPECT가 개발되었습니다. 1990년대 이후에는 인체에 폐쇄감을 주지 않는 검출기의 기술이 개발되었습니다.","P","방사성 동위원소에 대해 설명해 주세요."
"2","PET 영상 기기에 대해 설명해 주세요.","CT나 MRI와 같이 다른 종류의 영상 진단 장치의 영상을 융합·조합하여 생화학적인 PET 영상과 해부학적인 CT, MRI 영상을 동시에 검사함으로써 PET에서 발견된 병변의 위치와 크기의 판단이 가능한 PET-CT, PET-MRI DH와 같은 의료기기가 개발되어 진단의 정확성을 높이는 연구가 진행되고 있습니다.","P","병변에 대해 설명해 주세요."
"2","PET 영상 기기에 대해 설명해 주세요.","PET영상은 단층영상을 재구성하는 것으로 X-ray영상과 그 구조와 역할이 동등하지만 더욱 세분화된 신체의 외형을 파악할 수 있기 때문에 고액의 의료기기로 평가되고 있습니다. 그러나 해당 영상을 인쇄할 기술이 부족하여 현재는 디지털 영상으로만 활용되고 있습니다.","F",""
"2","PET 영상 기기에 대해 설명해 주세요.","PET영상 기기는 CT나 MRI와 같이 영상 진단 장치의 영상을 융합하거나 조합함으로써 만들어진 해부학적인 영상을 추출하는 기기를 의미합니다. 이를 통해 영상 진단에 대한 정확성이 높이는 의의를 가지게 되었습니다.","F",""
"2","PET 영상 기기에 대해 설명해 주세요.","PET를 통해서 신체 내부의 생화학적인 현상을 캐치할 수 있습니다. 주로 악성 종양의 조기진단이나 치료방법, 혹은 심근 생존능과 같이 장기에서 발생하는 이상현상을 쉽게 판단할 수 있으나 뇌의 경우에는 두개골을 투과할 수 없기 때문에 진단할 수 없다는 한계가 있습니다","F",""
"2","PET 영상 기기에 대해 설명해 주세요.","PET의 임상 응용 분야는 크게 신경학, 종양학, 심장학 등으로 분류할 수 있습니다. 생체 내 생화학적 현상을 평가할 수 있으므로 질병의 생물학적 현상 규명이나 알츠하이머병에서 나타나는 특징적인 뇌 대사를 관찰할 수 있는 난치성 뇌신경계 질환, 악성종양의 조기진단과 치료방법 결정 및 예후 평가, 심근 생존능 검사 등에 큰 도움을 주고 있습니다.","P","알츠하이머병에 대해 설명해 주세요."
"1","초음파 기기에 대해 설명해 주세요.","초음파영상 진단기는 1980년대에 처음으로 도플러효과를 이용하여 혈류영상을 측정하는 컬러 도플러 초음파영상 기기가 실용화되었으며, 1980년대 후반에는 고주파 트랜스듀서를 이용하여 해상도를 향상시키는 기술, 마이크로 버블 등과 같은 의료용 조영제에 의한 분자초음파영상의 연구가 활발해졌습니다.","P","도플러 효과에 대해 설명해 주세요."
"1","초음파 기기에 대해 설명해 주세요.","초음파영상이란 우리 귀에 들리지 않는 높은 주파수의 음파를 인체 표면에서 인체 내부로 보낸 후 내부에서 반사되는 음파를 영상화시킨 것을 말하며, A 모드, B 모드, M 모드, 도플러로 나눌 수 있습니다. A 모드는 단일 초음파 펄스를 환자에 인가한 뒤 반사된 초음파 신호를 검출하는 가장 기본적인 방법입니다.","P","M모드에 대해 설명해 주세요."
"1","초음파 기기에 대해 설명해 주세요.","초음파기기는 도플러효과를 이용하여 초음파를 통해 해당 체내의 모양을 추론하는 것으로 이루어져 있습니다. 하지만 초음파의 경우에 인간이 듣지 못하는 소리로 구성되어 있어, 초음파 기기로 진단하는 경우 부작용이 발생할 수 있습니다","F",""
"1","초음파 기기에 대해 설명해 주세요.","인체 내부에는 일정한 수준의 초음파가 존재하는데 외부에서 해당 초음파보다 음파가 높은 음파를 통해서 이를 상쇄하는 값을 토대로 체내의 해부학적 영상을 추출하는 방법입니다. 주로 단일 초음파를 사용하는 경우가 많습니다","F",""
"1","초음파 기기에 대해 설명해 주세요.","초음파기기는 단일 초음파 기기인 A모드와 B모드 M모드 도플러로 나눌 수 있습니다. 이는 초음파의 개수에 따라서 모드를 나눈 것인데, 보통의 경우 A모드와 같이 단일한 초음파를 사용하는 기기가 다양한 초음파를 쓰는 B,M,도플러 모드보다 정확성이 높습니다","F",""
"1","초음파 기기에 대해 설명해 주세요.","A 모드에서 표현된 반사된 신호의 진폭과 위치를 이용하여 진폭을 점의 밝기로 표시한 것이 B 모드입니다. 인체내부의 단면영상을 보여주는 방식이며, 단순히 초음파 검사라고 하면 B 모드를 가리키며 다른 용어로 에코그램이라고도 합니다. 1개의 초음파 빔은 1차원 영상 밖에 구성할 수 없지만, 여러 초음파 빔을 발생 시키면 2차원 그림을 만들 수 있습니다.","P","에코그램에 대해 설명해 주세요."
"2","자기공명영상에 대해 설명해 주세요.","1990년대 이후에는 생체의 기능을 진단할 수 있는 f-MRI의 연구, 고속영상 획득을 위한 연구, 환자의 촬영을 쉽게 할 수 있는 개방형 MRI, 인체 전체를 고속으로 촬영할 수 있는 평행영상 기술, 고해상도 MRI 기술 개발 등이 활발해졌습니다. 또한 혈류의 속도, 자화율, 확산의 영상기법을 비롯해 혈관 조영술, 뇌 기능영상 등 다양한 임상영상 기법이 개발되고 있습니다.","P","혈관 조영술에 대해 설명해 주세요."
"2","자기공명영상에 대해 설명해 주세요.","기술 환자를 자장이 형성되어 있는 직경 50~60㎝의 커다란 원형으로 만든 자석 장치에 눕히고, 고주파 자기장을 발생시켜 환자내의 공명현상을 가지는 원자의 핵 반응으로부터 발생되는 신호를 재구성하여 인체의 모든 부분을 단면 및 3차원 영상으로 만든 후 질병의 유무를 진단하는 검사입니다.","P","공명현상에 대해 설명해 주세요."
"2","자기공명영상에 대해 설명해 주세요.","자기공명영상이란 환자의 신체반응에서 발생하는 전자기를 토대로 실행되는 영상입니다. 신체 내부에 발생하는 전자기를 캐치하여 해당 전자기의 변화를 영상으로 나타낸 것으로 주로 신체의 원활한 대사활동을 파악하는데 사용되고 있습니다","F",""
"2","자기공명영상에 대해 설명해 주세요.","자기공명영상은 자석장치에 환자를 높이고 저주파 자기장을 발생시켜서 환자 신체 내에 공명현상을 일으키게 하는 방식으로 진행됩니다. 이를 통해 저주파가 체 내에 있는 신호를 재구성함으로써 질병 유무를 검사할 수 있습니다","F",""
"2","자기공명영상에 대해 설명해 주세요.","MRI는 대표적인 자기공명현상을 이용한 영상기기 입니다. MRI를 통해 얻어진 다층적 영상을 토대로, 인체 내의 특정 부위에 이상이 있는지를 파악할 수 있으나, 해당 부위의 이상 정도를 파악하는 것은 어렵다는 한계가 있습니다.","F",""
"2","자기공명영상에 대해 설명해 주세요.","MRI는 자기공명현상을 이용하여 단층영상을 얻는 것을 말하며 인체 내의 특정 부위의 분광을 얻는 것을 말합니다. 핵자기공명현상을 보이는 원소는 H, C, Na, P 등이 있는데 이중 H 원자가 인체 내의 물 분자와 지방 분자에 가장 많이 분포하고 있으므로 영상을 얻는데 이용됩니다.","P","분광에 대해 설명해 주세요."
"2","생체역학에 대해 설명해 주세요.","생체역학에서 뼈는 부착된 근육으로부터 발생되는 힘을 지탱하는 지렛대의 역할과, 신체의 조직을 보호하고 인체를 지지하는 중요한 역할을 합니다. 인체의 206개의 뼈는 독특한 기능을 수행할 수 있는 구조와 형태로 구성되어 있으며, 뼈의 형상과 구조는 인체의 생체 역할 속에서 보면 가장 중요한 요소입니다.","P","뼈의 구조를 기능 측면에서 설명해 주세요."
"2","생체역학에 대해 설명해 주세요.","관절의 안정성은 관절골의 비정상적 변위에 대해 저항하는 관절의 능력을 말하며, 이는 표면의 형태, 인대와 근육의 배열에 의해 정해집니다. 관절 유연성은 관절의 각 운동면에 허용된 가동 범위를 나타내는 용어이며, 정적 유연성과 동적 유연성으로 나눌 수 있습니다.","P","관절에 대해 설명해 주세요."
"2","생체역학에 대해 설명해 주세요.","생체역학이란 생체가 가지고 있는 물리력을 측정하는 학문입니다. 이는 주로 동물을 통해서 이뤄지며, 동물의 생체역학이 인간보다 우월한 경우가 많다는 것이 밝혀짐에 따라 동물권에 대한 논의를 유발시킨 학문으로 평가받습니다","F",""
"2","생체역학에 대해 설명해 주세요.","생체역학은 정형의료를 할 경우에 많이 사용됩니다. 관절의 강도와 세기, 수명 등을 측정하거나, 근육,인대의 배열 방식을 연구하는 것으로 최근에는 과학의 분야뿐 아니라 필라테스,헬스 트레이닝의 분야까지 확장되고 있습니다.","F",""
"2","생체역학에 대해 설명해 주세요.","신체의 조직이 어떠한 물리력을 가지고 있는지를 파악하는 것을 말하며, 주로 관절의 유연성이 주 연구분야입니다. 최근에는 인공 관절이 개발되며 인공관절이 자연관절보다 우수함이 인정됨에 따라서 관절 교체 수술이 활발하게 진행되고 있습니다","F",""
"2","생체역학에 대해 설명해 주세요.","근섬유의 균형질은 각가 미오신과 액틴 근세사로 구성된 실모양의 평행한 근원섬유로 구성되어 있으며, 하나의 운동 신경원과 그것에 의해 지배되는 모든 근섬유를 운동 단위라 합니다. 운동 단위의 섬유들은 지근, 피로 저항성 속근이나 쉽게 피로를 느끼는 속근섬유들로 구성되어 있습니다.","P","미오신에 대해 설명해 주세요."
"1","세포신호전달에 대해 설명해 주세요.","신호전달을 일반화한다면, 세포를 향한 자극 혹은 세포 주위의 환경정보는 신호전달이라는 조립으로 세포에 전달한다는 것이 됩니다. 수용체와 신호분자의 조립은 어느 정도까지는 결정되고 있어서, 이러한 것이 적절한 세포에 적절한 신호로서 알맞은 세포에 전달한 것은 대단히 중요한 것이 됩니다.","P","수용체에 대해 설명해 주세요."
"1","세포신호전달에 대해 설명해 주세요.","의료에 이용되는 약제도 신호전달구조를 이용한 것이 많은 것으로 되고 있습니다. 예를 든다면 위산의 분비를 억제하는 약제는 위산의 분비를 촉진하는 신호전달을 저해합니다. 어떤 신호분자를 첨가하여 그의 수용체 폐쇄한 신호분자의 결합을 방해한 신호를 차단하는 것 등 여러 가지 종류가 있습니다.","P","위산의 작용에 대해 설명해 주세요."
"1","세포신호전달에 대해 설명해 주세요.","세포신호전달은 주로 화학적인 결합을 통해서 이뤄집니다. 신경체계에서 각 신경세포가 화학적으로 결합하고 분해하면서 혹은 해당 결합과 분해의 종류에 따라서 다양한 세포 신호를 전달할 수 있게 합니다.","F",""
"1","세포신호전달에 대해 설명해 주세요.","주로 의약분야에서 세포신호전달을 많이 사용하게 되는데, 세포신호를 억제하거나 활성화시킴으로서 이로인해발생하는 병을 치료하는 목적으로 합니다. 그러나 해당 세포신호는 한 번의 변경 명령을 받으면 고정적이기 때문에 질병의 초기에 주입되어야 합니다.","F",""
"1","세포신호전달에 대해 설명해 주세요.","세포신호전달은 세포 내 혹은 세포 간에서 활발하게 발생하는 현상입니다. 더욱이 세포신호전달이 없는 경우에 질병이 발생하는 경우가 많으며, 세포신호전달이 활발하거나 혹은 평균 이상으로 발생할 경우에는 건강에 이상이 없다는 것이 밝혀졌습니다","F",""
"2","의료기기법에 대해 설명해 주세요.","의료기기 제조업자·수입업자는 식품의약품안전청장의 허가를 받아야 합니다. 제조 및 수입하려는 품목별로 허가를 받거나 신고해야 합니다. 제조업자는 일정한 시설과 품질관리체계를 유지하고, 제조 및 품질관리 등에 관한 준수사항을 지켜야 합니다. 수리업자는 식품의약품안전청장에게 신고해야 하며, 판매 및 임대업자는 시장·군수·구청장에게 신고해야 합니다.","P","식품의약품안전청에 대해 설명해 주세요."
"2","의료기기법에 대해 설명해 주세요.","인체 안에 1년 이상 삽입되거나 생명유지용 의료기기중 의료기관외의 장소에서 사용가능한 의료기기중 부작용이나 결함으로 치명적인 위해를 줄 수 있는 의료기기 등은 추적관리대상 의료기기로 지정할 수 있습니다. 의료기기를 취급하는 의료기관·공장 등에 대한 검사 업무를 위해 의료기기감시원을 둡니다.","P","추적관리대상 의료기기에 대해 설명해 주세요."
"2","의료기기법에 대해 설명해 주세요.","의료기기법은 의료에 쓰이는 모든 용도가 있는 물품을 규제하는 법을 말합니다. 의료기기는 수술이나 환자의 진찰에 사용되기 때문에 인체에 미치는 유해성이 절대 존재해서는 안된다는 특징을 가지고 있습니다. 따라서 의료기기법에서 의료기기는 자체적인 소독능력을 구비해야 한다고 규정하고 있습니다","F",""
"2","의료기기법에 대해 설명해 주세요.","의료기기법에서 의료기기를 잠재적 위험성의 정도에 따라 4개의 등급으로 나누고 있습니다. 1등급은 인체 내에 영구적으로 삽입되는 것을 말하며 4등급은 인체에 간접적으로 접촉되는 것을 말합니다. 따라서 섭취하는 약품과 같은 경우 1등급이며 진찰기기는 4등급에 속합니다","F",""
"2","의료기기법에 대해 설명해 주세요.","의료기기는 단독으로 사용되는 경우가 거의 존재하지 않고 조합을 통해 사용되기 때문에 의료기기법은 해당 조합에 대한 규정 또한 세분화하여 설명합니다. 그러나 의료정보시스템과 같이 소프트웨어의 경우 의료기기에 포함되지 않는다는 한계를 지닙니다. 각종 소프트웨어가 직접적으로 환자의 치료에 영향을 주지 않기 떄문입니다","F",""
"1","의약외품에 대해 설명해 주세요.","약사법에 따르면 의약외품은 '질병의 치료·예방' 등과 관련된 제품으로, 사람이나 동물의 질병을 치료·경감·처치 또는 예방할 목적으로 사용되는 섬유·고무 제품, 인체에 대한 작용이 경미하거나 직접 작용하지 않는 제품, 감염병 예방을 위해 살균·살충 및 이와 유사한 용도로 사용되는 제품을 가리킵니다.","P","약사법에 대해 설명해 주세요."
"1","의약외품에 대해 설명해 주세요.","질병의 치료, 경감, 처치 또는 예방할 목적으로 사용되는 제품으로 식품 의약품 안전처장이 지정한 것을 말합니다. 품목으로는 인체에 대한 작용이 경미하거나 직접 사용하지 않는 제품, 감염병 예방을 위하여 살균, 살충 용도로 사용하는 제품이 있습니다. 의약외품을 판매하기 위해서는 사전에 식품 의약품 안전처장으로부터 허가를 받거나 신고를 해야 합니다","P","감염병에 대해 설명해 주세요."
"1","의약외품에 대해 설명해 주세요.","의약외품이란 질병이나 치료 목적으로 사용되지만, 약물이 아닌 모든 것을 의미합니다. 따라서 마스크, 안대, 붕대 등은 의약외품으로 구분되며 모든 의약 외품은 의료기관이 아니라면, 약국에서만 구입가능하도록 규정되어 있습니다.","F",""
"1","의약외품에 대해 설명해 주세요.","의약외품을 판매하기 위해서는 식품의약품안전처장으로부터 허가를 받은 곳이어야만 합니다. 따라서 의약외품은 식약처장이 승인한 약국, 개인 병원, 한의원에서만 구입가능하며 편의점의 경우 해당 관련된 모조품은 제한없이 판매할 수 있습니다","F",""
"1","의약외품에 대해 설명해 주세요.","약사법에 따르면 의약외품은 질병의 치료 예방 등과 관련된 상품으로, 주로 약국에서 판매하는 의사의 처방없이 제공할 수 있는 약품만을 의미합니다. 즉 의약외품은 약물이지만, 그 효과에서 부작용이 미흡하며, 강도가 약한 약품만을 의미합니다","F",""
"1","일반의약품과 전문의약품에 대해 설명해 주세요.","전문의약품은 약리작용의 위험성이나 용법 용량에 대한 전문지식의 필요에 따라 의사의 진단과 지시에 따라서만 사용할 수 있는 의약품을 말합니다. 약분업이후 의약품의 수요 선택권이 의료인들에게 주어지자 전문의약품 시장이 급속하게 증가했던 반면 일반의약품 시장은 위축되기도 했습니다.","P","약 분업에 대해 설명해 주세요."
"1","일반의약품과 전문의약품에 대해 설명해 주세요.","일반의약품은 전문의약품 이외의 것으로 안전성과 유효성이 인정돼 약사나 소비자가 임의로 선택할 수 있는 품목을 말합니다. 즉 의사의 처방을 받지 않아도 부작용 등의 문제가 크지 않기 때문에, 약사나 소비자가 판단하여 사용할 수 있게 한 약으로 이러한 의약품은 의사의 처방전이 없어도 약국에서 구입할 수 있습니다.","P","처방전에 대해 설명해 주세요."
"1","일반의약품과 전문의약품에 대해 설명해 주세요.","일반의약품은 시중에서 개인이 구매할 수 있는 의약품을 이야기하며 전문의약품은 전문적인 진단과 지시가 있어야만 구입가능한 약품을 의미합니다. 또한 일반의약품의 경우 부작용이 전문의약품보다 발생활 확률이 높기 때문에 적절한 소비자의 안목이 동반되어야 합니다","F",""
"1","일반의약품과 전문의약품에 대해 설명해 주세요.","일반의약품은 전문의약품보다 안전성은 뛰어나지 않지만 저렵하여 약국에서만 구매가능한 상품을 의미합니다 일반의약품은 그 효과가 일시적이지만 단기간의 효과가 발생하여 환자의 스트레스를 덜어주는 목적으로 제조된 것을 말합니다","F",""
"1","일반의약품과 전문의약품에 대해 설명해 주세요.","일반의약품과 달리 전문의약품은 전문의의 진찰과 진료확인서가 필수적으로 있어야만 구매가능하며 약국에서도 이를 판매할 수 없으며 병원에서만 구입할 수 있는 약품을 의미합니다. 전문의약품은 부작용이 발생할 가능성이 있어 섭취에 유념할 필요가 있습니다","F",""
"2","병리학에 대해 설명해 주세요.","병리학은 다시 말해 질병을 연구하는 학문으로 병적 상태의 세포, 조직, 그리고 기관들의 구조적, 생화학적, 그리고 기능적 변화를 연구합니다. 전통적으로 병리학은 일반 병리학과 기관 병리학으로 구분됩니다. 일반 병리학은 질병의 주된 원인인 비정상적인 자극과 유전적 결함에 대해 세포와 조직의 반응을 다룹니다. 반면, 기관 병리학은 질환이 발생된 특정 장기 및 조직에서의 변화를 다루게 됩니다. ","P","기관 병리학에 대해 설명해 주세요."
"2","병리학에 대해 설명해 주세요.","병인이란, 질병이나 증상이 어떤 원인에서 일어났는가를 알아보는 것을 의미합니다. 어떤 비정상적인 증상 혹은 질병이 ‘야기된다.’라는 개념은 고대로부터 유래됩니다. 기원전 2500년경 아르카디아 사람들은 사람이 아프게 되면 이는 그 사람이 죄를 지은 잘못 혹은 나쁜 냄새, 추위, 악령 혹은 신과 같은 외부 작용에 의한 결과로 간주하였습니다.","P","질병과 증상의 관계를 설명해 주세요."
"2","병리학에 대해 설명해 주세요.","병리학은 질병을 연구하는 학문으로 최종적인 목표는 지구 상에 존재하는 모든 질병을 치료하는 것을 목표로 합니다. 그러나 질병이라는 것이 지속적으로 새롭게 나옴에 따라 목표를 잃고 현재는 단순히 질병에 대한 목록화를 수행하는 학문으로 변질되었습니다","F",""
"2","병리학에 대해 설명해 주세요.","질병에 대해 연구하고 해당 질병에 대한 대처를 개발하는 학문을 병리학이라고 합니다. 그러나 병리학의 경우 사전적인 대처가 불가능하고 사후적인 대처만을 하는 학문이기 때문에 경제성이 없는 학문이라는 비판을 받고 있습니다","F",""
"2","병리학에 대해 설명해 주세요.","질병을 유발하는 바이러스나 세균 그리고 병적 상태의 세포, 조직, 기관의 물리적 화학적 관계를 연구하는 학문을 병리학이라고 합니다. 전통적으로 병리학은 일반 병리학과 기관병리학으로 구분되는데 대학이나 기업에서 하는 병리학을 전자로 정부의 기관에서하는 병리학을 후자로 구분합니다.","F",""
"2","병리학에 대해 설명해 주세요.","질병의 발병 기전은 초기 자극으로부터 궁극적인 질병의 성립까지 발병인자에 대한 세포 및 조직의 일련의 반응을 의미합니다. 발병 기전에 대한 연구는 병리학의 중요 영역 중 하나입니다. 초기의 원인을 알고 있는 경우라도, 질병의 발현까지 많은 과정들이 존재합니다.","P","발병인자에 대해 설명해 주세요."
"1","향정신성의약품에 대해 설명해 주세요.","환각을 유발 ·발동시키는 물질도 모두 여기에 속합니다. 특히 환각제의 경우, 실제로는 존재하지 않는 소리가 들리거나 물건이 보이고, 또는 냄새를 느끼는 등 병적 현상을 야기시키는 작용물질입니다. 세계의 모든 나라에서 이와 같은 물질이나 의약품을 법으로 규제하고 있으며, 특히 한국에서는 강력한 법적 배경으로 관련물질을 규제하고 있습니다.","P","환각제의 작용에 대해 설명해 주세요."
"1","향정신성의약품에 대해 설명해 주세요.","향정신성의약품은 인간의 중추신경계에 작용하는 것으로서 이를 오남용할 경우 인체에 현저한 위해가 있다고 인정되는 것을 말합니다. 향정신성의약품으로 지정되면 마약류로 취급되어 엄격한 관리, 처벌 규정이 적용됩니다. 일반인은 향정신성의약품을 사용하지 못하며, 약국은 반드시 처방전에 의해 향정신성의약품을 취급해야 합니다.","P","마약류에 대해 설명해 주세요."
"1","향정신성의약품에 대해 설명해 주세요.","인간의 신경계를 자극하여 정신적인 질병에 대한 치료를 도모하도록 제작된 의약품을 항정신성의약품이라고 합니다. 최근에는 각종 부작용이 발생했던 약들이 많아 현재는 항정신성 의약품 전체를 마약류로 구분하고 의료목적이라 하더라도 그 제작을 금지하고 있습니다.","F",""
"1","향정신성의약품에 대해 설명해 주세요.","항정신성의약품이 일반화됨에 따라서 우울증, 공황장애, 분노조절장애와 같이 급격하게 발생하거나 빈번하게 발생하는 정신성 질병을 사전에 방지하기 위해서 의사의 처방 없이도 약국에서 이와 관련된 의약품을 판매하도록 되어있습니다","F",""
"1","향정신성의약품에 대해 설명해 주세요.","항정신성의약품으로 지정되면 마약류로 구분되어 엄격한 관리, 처벌 규정이 적용됩니다. 따라서 환자의 경우 항정신성 의약품을 섭취할 경우 처벌받게 되며, 이러한 처벌을 감수함으로써 질병을 치료하고 있습니다.","F",""
"1","향정신성의약품에 대해 설명해 주세요.","제조업자, 의교기관, 약국 등은 향정신성 의약품의 판매·수수에 관한 장부를 작성·비치하고, 향정신성 의약품을 판매 또는 수수할 때마다 그 내용을 기재하고 매수인 또는 양수인의 서명 또는 날인을 받아야 합니다. 또한 향정신성의약품은 잠금장치가 설치된 장소에 보관해야 합니다.","P","의교기관에 대해 설명해 주세요."
"2","진단검사의학에 대해 설명해 주세요.","소변, 대변, 체액, 조직 등 각종 인체로부터 채취되는 검체에서 분자 및 세포 성분을 검사함으로써 질병의 선별 및 조기 발견, 진단, 경과 관찰, 치료, 예후 판정에 기여하고 질병의 기전 및 병인론을 연구하는 학문입니다. 이를 위하여 일차적으로는 환자가 의뢰하는 각종 검사를 수행하여 질병의 진단과 치료에 참여하는 의료서비스를 제공합니다.","P","체액에 대해 설명해 주세요."
"2","진단검사의학에 대해 설명해 주세요.","진단검사의학 검사를 실시하는 목적은 확실한 진단 및 감별진단, 질병의 경중 및 시기 결정을 통한 치료방침 수립 및 치료효과 판정, 환자의 추적 관찰 및 예후 판정, 건강검진이나 선별검사를 통한 질병 발견 또는 예방, 입원 또는 수술을 위한 사전 준비, 의료상의 법적 뒷받침 또는 객관적 자료 제공, 유전상담 등입니다.","P","유전상담에 대해 설명해 주세요."
"2","진단검사의학에 대해 설명해 주세요.","진단검사는 해당 질병을 사후적으로 발견하였을 경우 어떤 방식으로 치료를 할 것인지를 구체적으로 파악하기 위해서 진행하는 것을 말합니다. 흔히 의료영상기기가 이곳에 사용되며 환자의 선택에 따라서 진단검사를 수행할 수 있습니다","F",""
"2","진단검사의학에 대해 설명해 주세요.","소변,대변,체액,조직 등 인간 체내에서 발생하는 물질의 세포성분을 분석함으로써 해당 체내에 발생하는 문제에 대해서 진단하는 검사를 진단검사의학이라고 말합니다. 현재는 영상기기의 발달로 사용 빈도가 급격하게 감소하였습니다.","F",""
"2","진단검사의학에 대해 설명해 주세요.","진단검사를 실시하기 위해서는 입원 또는 수술이 약속된 환자가 되어야 합니다. 진단검사는 인체에 유해할 가능성이 높으며, 진단검사가 소모하는 시간도 크기 떄문에 병원에 오랜 기간 환자가 존재해야만 시행할 수 있는 검사이기 때문입니다","F",""
"1","플라시보효과에 대해 설명해 주세요.","플라세보라고 하는 독도 약도 아닌, 약리학적으로 비활성인 약품 즉, 젖당 ·녹말 ·우유 ·증류수, 생리적 식염수 등을 약으로 속여 환자에게 주어 유익한 작용을 나타낸 경우에 플라세보 효과가 나타났다고 합니다. 현재 비교연구에 의하여 의약품의 치료효과를 평가하기 위하여 사용됩니다.","P","생리적 식염수에 대해 설명해 주세요."
"1","플라시보효과에 대해 설명해 주세요.","과학적인 플라세보 효과 판정법에는 이중맹검법이 있는데, 이것은 투여하는 의사 쪽에도 플라세보인 것을 알리지 않고 결과를 조사하는 방법으로, 서양에서는 상식화된 검사입니다. 예를 들면, 환자 또는 건강인을 두 무리로 나누어, 한 무리에 시험하는 약품, 다른 무리에 플라세보를 주어 그 감응결과를 비교하는 것 입니다.","P","이중맹검법에 대해 설명해 주세요."
"1","플라시보효과에 대해 설명해 주세요.","플라시보효과란 실험자가 새로운 의약품을 만들었을 경우 그 의약품의 가치와 효능을 지나치게 확신함에 따라 피실험자를 대상으로 한 실험의 결과에 막대한 의미를 부여하는 것을 말하며, 실험자 심리 왜곡 현상이라고도 불립니다.","F",""
"1","플라시보효과에 대해 설명해 주세요.","플라시보효과란 새로운 의약품에 대한 효능 실험을 할 경우 자주 발생하는 현상입니다. 주로 피실험자가 실험자가 주는 약을 과도하게 맹신함으로써 발생하며 이 때문에 실제 효능이 있는 약품과 없는 약품의 구분이 모호해지는 현상입니다","F",""
"1","플라시보효과에 대해 설명해 주세요.","플라시보 효과는 과학적이지 않은 심리적 현상입니다. 이 현상은 자주 일어나기 떄문에 과학적으로 증명되었다고 오해되지만 단기간의 경우에만 발생하며 장기적인 관점에서는 플라시보 효과가 존재하지 않음이 증명되고 있습니다","F",""
"1","플라시보효과에 대해 설명해 주세요.","신약품 개발 절차에 필요한 실험입니다. 신약품을 개발할 때 해당 약이 실제 임상 효과가 있음을 보이기 위해 흔히 가짜 약을 투여한 집단과 진짜 약을 투여한 집단의 상대적 효과를 비교하는 플라시보 효과를 볼 수 있는 실험 절차를 거치도록 하고 있습니다.","P","신약품과 임상효과에 대해 설명해 주세요."
"1","임상시험에 대해 설명해 주세요.","신약이나 식품, 의료기기, 새로운 시술법 등의 안전성과 유효성을 증명할 목적으로 사람을 대상으로 실시하는 시험 또는 연구를 임상시험이라고 합니다. 예를 들어 의약품 임상시험의 경우 해당 약물의 약동, 약력, 약리, 임상 효과를 확인하고 이상반응을 조사하기 위해 실시됩니다.","P","약동과 약력에 대해 설명해 주세요."
"1","임상시험에 대해 설명해 주세요.","의약품 임상시험의 단계는 총4상으로 이루어지는데, 임상 1단계에서는 대부분 소수의 건강한 성인을 대상으로 약물의 체내 흡수, 분포, 대사, 배설 등에 대한 자료를 수집하면서 안전성을 평가합니다. 임상 2단계에서는 적정용량의 범위와 용법을 평가합니다. 대부분 수백 명 이상의 환자를 대상으로 약물의 유효성과 안전성을 최종적으로 검증합니다.","P","임상시험의 총4상에 대해 설명해 주세요."
"1","임상시험에 대해 설명해 주세요.","임상시험이란 백신이나 새로운 의약품이 나왔을 경우 이 의약품이 인체에 유해한지 혹은 부작용은 없는지를 파악하기 위해서 하는 시험을 말하며 총 3단계로 구성되며 모두 도덕적인 문제 때문에 동물을 대상으로 진행하고 있습니다.","F",""
"1","임상시험에 대해 설명해 주세요.","의약품은 임상시험의 단계를 통과하지 못하면 제품으로 인정되지 않으나, 임상시험에 통과되지 못한다고 하더라도, 의료기관에서는 보건복지부 장관의 승인을 통해서 사용되고 있으며 이는 환자나 병원 외의 사람에게는 비밀로 유지됩니다","F",""
"1","임상시험에 대해 설명해 주세요.","임상시험은 총 3상으로 이뤄집니다 1단계에서는 약물 섭취 이후에 발생하는 신체 내 활동을 파악하여 안정성을 평가하고 2단계에서는 적정량을 평가합니다. 그리고 세번째 단계에서는 해당 약물의 경제성을 측정하고 있습니다.","F",""
"1","생약에 대해 설명해 주세요.","생약은 자연물을 간단히 가공한 것이므로 조제나 저장법이 불량하면 쉽사리 곰팡이, 충해, 쥐 등의 해를 입기 쉽고 그렇지 않더라도 경시변화를 일으켜서 색이 변하거나 냄새가 나빠지는 등의 변화가 일어납니다. 이와 같은 것을 방지하기 위하여 팅크제, 엑스제, 또는 추출물을 분무건조 시켜서 분말로 만든 생약 등이 많이 개발되고 있습니다.","P","조제에 대해 설명해 주세요."
"1","생약에 대해 설명해 주세요.","생약을 연구하는 학문을 생약학이라고 하며 현대 약학의 중요한 분과의 하나입니다. 생약학은 생약의 기원 ·형상 ·성질 ·성분 ·약리작용 ·응용 및 용량 등을 연구하는 학문이며, 예전 한의학에서는 생약학을 본초학이라고 하여 나름대로의 체계적 발전을 이룩하여 왔습니다.","P","한의학에 대해 설명해 주세요."
"1","생약에 대해 설명해 주세요.","생약이란 자연물 상태에서 신체에 건강한 요소를 가지고 있는 것을 말합니다. 주로 우리나라에서는 산삼이 대표적인 생약의 일종이며 해당 연구는 각 요소가 어떤 기능을 하는지만 판단하면 되기 떄문에 대부분의 생약은 연구가 완료되었습니다","F",""
"1","생약에 대해 설명해 주세요.","약용의 용도를 가지고 있는 생명체를 모두 생약이라고 합니다. 보통의 경우 생약은 신체마다 각기 달리 반응하기 때문에 각 개인마다 생약의 유효 성분이 체내에 적합한지를 파악하는 연구를 진행합니다. 따라서 생약이라고 규정되지 않은 것 역시 어떤 이에겐 생약이 될 수 있습니다","F",""
"1","생약에 대해 설명해 주세요.","생약이란 한의학의 본초학 분야로서 개발되었지만, 현재 의학에서 한의학을 유사과학으로 평가함에 따라 의학의 분야에서 제외되었고 이에 따라 생약역시 생명의료 연구분야에서 점차 제외되고 있습니다.","F",""
"1","생약에 대해 설명해 주세요.","약용으로 할 목적으로 식물, 광물, 동물, 곤충, 곰팡이, 세균 등의 전체, 또는 일부, 분비물 등을 그대로, 또는 건조, 또는 여기에 간단한 가공을 해서 얻어진 것을 말합니다. 의약품의 역사는 생약에서 비롯된 것이고 산지, 원료의 종별ㆍ생장도 등에 따라서 또 습도, 광선 등에 따라서 유효 성분이 다르기 때문에 사용시에는 보존에 주의를 요합니다.","P","곰팡이를 활용한 생약에 대해 설명해 주세요."
"2","약리작용에 대해 설명해 주세요.","생체가 지닌 기능에 양적 변화를 주는 것으로서, 질적 변화를 초래하거나 무에서 유를 만드는 것과 같은 것은 아닙니다. 다시 말하여, 약물이 병적 상태를 낫게 하는 작용을 하는것이 아니라, 생체기능에 영향을 주어 생체자신의 치유경향을 조장하는데 불과하다는 것을 알아두어야 합니다.","P","병적상태 호전이 아닌 생체기능에 영향을 준다는 의미를 설명해 주세요."
"2","약리작용에 대해 설명해 주세요.","주요한 약리작용에는 흥분 ·억제 ·자극 외에, 대상이나 항감염작용 등이 있습니다. 또한 약물은 그 효력을 확립하기 위하여 보통 몇 종을 혼합합니다. 이 때 그 효력을 대표하는 것을 주약, 그 효력을 조장하는것을 좌약, 그 냄새를 좋게 하는 것을 교정약, 복용하기 쉬운 형으로 하기위하여 혼합하는 것을 부형약이라고 합니다.","P","좌약에 대해 설명해 주세요."
"2","약리작용에 대해 설명해 주세요.","약리작용이란 약물을 통해 생체가 지닌 기능에 질적 변화를 주는 것을 말합니다. 백신을 통하여 항체를 생산하거나, 자가치료의 범위를 확대시키는 모든 행위는 약리작용으로 구분되며, 현대 면역학에 큰 영향을 주고 있습니다.","F",""
"2","약리작용에 대해 설명해 주세요.","약리작용은 신체 내 기능의 양적 변화를 주는 것을 말합니다. 주로 세포신호전달의 양적 크기를 변화시켜는 것을 통해 실행되며, 대부분의 질병이 세포신호전달의 양이 미흡해서 발생하기 떄문에 약리작용을 통해 신호전달을 높여주는 것이 중요합니다.","F",""
"2","약리작용에 대해 설명해 주세요.","약리작용의 종류에는 항감염작용, 흥분,억제,자극 등이 있습니다. 약물의 효능은 해당 약리작용이 제대로 일어나는 지로 판단되며, 대부분의 약리작용은 상호작용적인 발생이 있을 수 있기 떄문에 단일한 약물만을 투입하는 것이 부작용이 일어나지 않을 방법입니다","F",""
"2","이부프로펜에 대해 설명해 주세요.","아스피린과 더불어 비스테로이드성 소염진통제의 대표적 성분으로서 체내의 통증 유발물질인 프로스타글란딘을 만드는 COX-2라는 효소를 억제하여 통증을 줄여주는 작용을 합니다. 상품명으로는 부루펜·이부펜·도시펜·나르펜·에드빌·모트린 등이 알려져 있습니다. 진통과 해열 효과 외에 염증을 가라앉히는 소염 효과도 있습니다.","P","소염진통제의 기능을 설명해 주세요."
"2","이부프로펜에 대해 설명해 주세요.","비슷한 진통·해열 효과를 지닌 아세트아미노펜에 비하여 작용시간이 길고, 간에 미치는 영향이 덜하며, 생리통에는 효과가 더 뛰어난 것으로 알려져 있습니다. 감기·두통·치통·근육통·생리통·해열과 가벼운 신경통의 통증제거 등에는 일반의약품으로 사용되고, 류머티즘 등의 중급 통증치료제로는 의사의 처방이 필요한 전문의약품으로 사용됩니다.","P","류머티즘에 대해 설명해 주세요."
"2","이부프로펜에 대해 설명해 주세요.","이부프로펜은 아스피린과 더불어 소염진통제의 대표적 성분이며, 아스피린 종류의 약품에 혁신을 가져온 성분으로 평가받고 있습니다. 비스테로이드성 소염진통제와 달리 위장출혈과 같은 부작용이 발생하지 않기 때문입니다","F",""
"2","이부프로펜에 대해 설명해 주세요.","아세트아미노펜은 이부프로펜과 비슷한 진통 해열 효과가 있는 약물이지만 이부프로펜에 비해 작용시간이 길고 간에 미치는 영향이 덜하여 이부프로펜은 가벼운 신경통의 종류에서만 제한되어 사용되고 있습니다","F",""
"2","이부프로펜에 대해 설명해 주세요.","이부프로펜의 개발을 통해서 아스피린을 대체하게 되었습니다. 이부프로펜은 부작용이 거의 없고, 약효를 수월하게 조절할 수 있기 때문에, 의사의 처방이 필요없는 일반 의약품으로 구분되어 약국에서 쉽게 마주칠 수 있는 진통제에 함유되어 있습니다","F",""
"2","이부프로펜에 대해 설명해 주세요.","부작용으로는 다른 비스테로이드성 소염진통제들과 마찬가지로 위장출혈의 위험성이 있습니다. 비스테로이드성 소염진통제 여러 가지를 동시에 복용하거나 장기 투여 또는 복용중 음주를 하는 경우에는 위장출혈의 위험성이 커집니다. 미국식품의약국은 2009년 이부프로펜을 포함한 비스테로이드성 소염진통제의 제품 라벨에 위장출혈 등 잠재적 위험에 대한 경고를 포함하도록 결정하였습니다.","P","비스테로이드성의 특징을 설명해 주세요."
"2","리파아제에 대해 설명해 주세요.","동물의 소화효소로서 위액·이자액·장액 속에 분비되고 폐·신장·부신·지방조직·태반 등의 각종 조직에도 있으며, 식물에서는 밀·아주까리·콩 등의 종자와 곰팡이·효모·세균 등에도 널리 들어 있고, 우두바이러스에도 들어 있습니다. 그 밖에 특수한 라이페이스인 리포단백질라이페이스가 동물의 혈액 등에 존재하면서 리포단백질을 형성하는 중성지방에 잘 작용합니다.","P","리포단백질에 대해 설명해 주세요."
"2","리파아제에 대해 설명해 주세요.","성질은 재료에 따라 다르고, 또 효소로서의 화학적 특징은 기질이 되는 중성지방에 따라 다릅니다. 동물성 라이페이스는 pH 7∼9, 식물성 리파아제는 pH 4.5∼5.0 부근이 최적 pH 입니다. 라이페이스는 기질이 되는 지방산에스터가 에멀션 상태일 때 잘 작용하는 데 반해, 에스터 가수분해효소는 지방산에스터가 분자상으로 녹은 상태일 때 잘 반응하므로 이것으로 양자를 구별합니다.","P","라이페이스에 대해 설명해 주세요."
"2","리파아제에 대해 설명해 주세요.","라이페이스(lipase) 또는 리파아제는 지방을 분해하여 지방산과 모노글리세리드으로 분해하는 효소입니다. 주로 동물에서는 발견되어 지지 않으며, 식물에서는 아주까리 종자에 많이 들어 있다고 알려져 있습니다.","F",""
"2","리파아제에 대해 설명해 주세요.","리파아제는 탄수화물을 분리하는 효소로서 탄수화물을 탄화물과 글리세린으로 구분하게 됩니다. 해당 구분을 통해서 탄수화물의 열량이 체내에 저장할 수 있으며 주로 동물의 이자액, 장액 등에 포함되어 있습니다.","F",""
"2","리파아제에 대해 설명해 주세요.","리파아제는 지방을 분해하는 효소로서 지방을 지방산과 글리세린으로 분리시킵니다. 지방산과 글리세린은 한 번 지방에서 분리되면 체내에서는 더 이상 지방으로 다시 화학적 결합을 할 수 없는 특징을 가지고 있습니다.","F",""
"1","호르몬에 대해 설명해 주세요.","호르몬은 생체의 각종 샘에서 분비되어 순환계를 통해 이동되어 표적 장기로 수송되어 각종 생리현상과 행동까지도 조절할 수 있는 일련의 신호전달 분자를 말합니다. 특히 신체의 생리적 기능과 항상성 유지에 필수적인 것으로, 내분비샘에서 분비되어 표적장기의 기능을 조절할 수 있는 물질을 호르몬이라 합니다.","P","항상성 유지에 대해 설명해 주세요."
"1","호르몬에 대해 설명해 주세요.","호르몬의 화학적 구조는 다양하나 에이코사노이드, 스테로이드, 아미노산 및 단백질 유래 호르몬 등 크게 3가지로 분류됩니다. 아미노산 간의 결합으로 이루어진 아미노산 유래 호르몬, 아미노산의 카르복실기가 벤젠고리로 바뀐 아민계 호르몬, 그리고 스테로이드계 호르몬 은 서로 구조가 차이가 있습니다.","P","스테로이드에 대해 설명해 주세요."
"1","호르몬에 대해 설명해 주세요.","호르몬이란 생체에 발생하는 각종 현상을 조절하는 신호전달 분자를 말합니다. 주로 성장호르몬과 성 호르몬이 대표적으로 알려져 있으며, 신체의 생리적 기능에 주요 역할을 하며, 항상성에 대한 유지는 관련되어 있지 않습니다","F",""
"1","호르몬에 대해 설명해 주세요.","호르몬이란 신체에게 세포전달신호를 분비하는 단백질로서 신체 내에서 자동적으로 형성되지 않기 때문에 호르몬 주사를 놓거나 해당 호르몬이 들어 있는 유기체를 섭취함으로써 체내에 저장되어 발동되는 특징을 가지고 있습니다.","F",""
"1","호르몬에 대해 설명해 주세요.","호르몬은 아미노산의 결합을 통해 얻어진 단백질로 주로 면역의 기능을 담당합니다. 신체가 질병에 걸려서 면역이 제대로 기능하지 않을 때 갑상선에서 호르몬이 분비되어 면역 체계를 원활하게 돌아가도록 하는 항상성 유지의 역할을 하고 있습니다","F",""
"1","호르몬에 대해 설명해 주세요.","호르몬은 기관과 조직 간 정보교환을 담당하며 다양한 생리적 현상과 행동을 조절합니다. 신체는 스트레스나 수면 욕구 그리고 슬픔이나 기쁨 등의 감정을 조절할 때 호르몬 분비를 필요로 합니다. 호르몬의 분비는 몸의 항상성 유지에 중요한 역할을 합니다. 호르몬이 영향을 미치는 현상은 거의 모든 생명현상이라고 해도 과언이 아닙니다.","P","스트레스에 대해 설명해 주세요."
"1","면역에 대해 설명해 주세요.","선천면역은 자연면역이라고도 합니다. 항원에 대해 비특이적으로 반응하며 특별한 기억작용은 없습니다. 선천적인 면역체계로는 항원의 침입을 차단하는 피부·점액조직, 강산성의 위산, 혈액에 존재하는 보체 등이 있습니다. 세포로는 식균작용을 담당하는 대식세포와 다형핵백혈구, 감염세포를 죽일 수 있는 K세포 등이 있습니다.","P","대식세포에 대해 설명해 주세요."
"1","면역에 대해 설명해 주세요.","획득면역은 후천면역이라고도 합니다. 처음 침입한 항원에 대해 기억할 수 있고 다시 침입할 때 특이적으로 반응하여 효과적으로 항원을 제거할 수 있는 특징이 있어 선천면역을 보강하는 역할을 합니다. 흔히 사용되는 면역의 정의는 이것을 말합니다. 이 획득면역은 편의상 체액성 면역과 세포성 면역으로 나누어 이해합니다.","P","세포성면역에 대해 설명해 주세요."
"1","면역에 대해 설명해 주세요.","면역이란 감염이나 질병으로부터 신체를 보호하는 것을 말합니다 .면역의 경우 대부분 선천적으로 주어지며 선천면역이 작동하지 않게 되는 현상을 AIDS라는 질병으로 부릅니다. 선천면역이 무너지게 되면 그 즉시 외부적 세균에 노출되어 사망하게 됩니다","F",""
"1","면역에 대해 설명해 주세요.","선천면역과 후천면역으로 구분됩니다 .후천면역이란 유전적 성질이나 신체에 항원 자체가 내제되어 있어 해당 세균 혹은 바이러스에 면역이 있는 것을 말하며 선천면역이란 특정한 질병이 걸렸을 때 신체가 이를 기억하고 다음에 동일한 항원에 대해 반응하는 것을 말합니다","F",""
"1","면역에 대해 설명해 주세요.","감염이나 질병으로부터 신체를 보호하는 역할을 하는 것을 면역이라고 합니다. 면역의 경우 주로 갑상선의 호르몬에서 분비되는 호리몬-분비 리파아제에 큰 영향을 받기 떄문에 해당 기능에 이상이 생기게 되면 AIDS가 발생하게 됩니다","F",""
"1","면역에 대해 설명해 주세요.","감염이나 질병으로부터 신체를 보호하는 면역반응에 관여하는 장기, 조직, 세포, 체액의 생체시스템입니다. 우리 주위에는 많은 감염성 생물이 있습니다. 그러나 정상개체에서는 감염이 일어나더라도 단기간에 종식되는 경우가 많아 중대한 장애를 남기는 일은 없는데, 바로 면역계에 의한 방어작용 때문입니다.","P","장기의 종류를 설명해 주세요."
"1","감염에 대해 설명해 주세요.","이 경우 동물 또는 인체에 여러 증세, 즉 질병을 일으키는 경우와 일으키지 않는 경우가 있습니다. 예를 들면, 일본뇌염 바이러스가 인체에 침입하여 체내에서 증식하면 어떤 사람에게는 고열·두통·의식장애·경련 등의 증세가 일어나 질병을 자기자신이 알지만, 대다수의 사람은 체내에서 바이러스가 증식하더라도 증세의 정도가 낮고 발열이나 그 밖의 증세도 없어 질병에 걸리지 않습니다.","P","일본 뇌염 바이러스를 설명해 주세요."
"1","감염에 대해 설명해 주세요.","병원미생물은 인체에 감염하더라도 발병하는 경우와 하지 않는 경우가 있습니다. 전자를 현성감염이라 하고, 후자를 불현성감염이라고 합니다. 이 양자의 차이는 자각적으로 증세가 나타나느냐의 여부이지, 병적변화가 있는가를 따지는 절대적 차이는 아닙니다. 즉, 병변의 양적 차이입니다.","P","현성감염에 대해 설명해 주세요."
"1","감염에 대해 설명해 주세요.","감염이란 미생물이나 병원체를 통해서 질병이 체외에서 체내로 유입되는 것을 말합니다. 감염에 걸리면 필연적으로 질병이나 어떠한 이상 증세가 일어나게 되며 이러한 증상이 보이지 않을 경우 감염으로 규정하지 않습니다.","F",""
"1","감염에 대해 설명해 주세요.","감염이라는 것은 환경의 비위생적 상황에 의해서 병원균이 체내로 투입되는 것을 말하며, 이는 적절한 위생보건을 위해서 완벽히 처리할 수 있기 떄문에 감염은 주로 개발도상국에서 발생하는 의학적 현상으로 규정되고 있습니다","F",""
"1","감염에 대해 설명해 주세요.","감염에 대한 근원에 대해서 인간은 후천적인 학습을 통해서만 해당 근원을 파악할 수 있습니다. 따라서 감염의 근원이 되는 것을 모르는 사람의 경우에 감염에 대한 무지로 인해서 질병이 발생할 확률이 높은 통계를 지닙니다.","F",""
"1","감염에 대해 설명해 주세요.","감염의 근원이 되는 환자 ·보균자 ·감염동물 ·매개동물 ·병원체를 포함한 배설물 및 그것들에 의하여 감염된 것들을 감염원이라 하고, 이러한 감염원에서 직접 또는 간접으로 생체에 병원체가 침입하는 경로를 감염경로라고 합니다. 감염경로에는 공기감염 ·경구감염 ·경피감염 등이 있습니다.","P","보균자에 대해 설명해 주세요."
"1","내시경에 대해 설명해 주세요.","원래는 수술을 하거나 또는 부검을 하지 않고서는 직접 병변을 볼 수 없는 장기에 대하여 기계를 삽입하여 관찰하도록 고안된 기구입니다. 일반적으로 사용되는 종류로는 기관지경, 식도경, 위경, 십이지장경, 직장경, 방광겸 등이 있고 그 밖에 특수한 것으로는 흉강경, 종격경, 심장경 등이 있습니다.","P","심장경에 대해 설명해 주세요."
"1","내시경에 대해 설명해 주세요.","내시경에는 직달경이라 하여 1개의 통으로 되어 있어서 장기를 직접 육안으로 볼 수 있는 형, 렌즈시스템을 이용한 형, 카메라를 직접 장기에 삽입하는 형과 유리섬유를 사용한 파이버스코프 등이 있습니다. 최근 위암의 조기발견 진단에 위카메라·위파이버스코프 등이 크게 활용되고 있습니다.","P","파이버스코프에 대해 설명해 주세요."
"1","내시경에 대해 설명해 주세요.","내시경이란 의료기기의 일종으로 체내에 영상기기를 투입하여 체내의 내부를 보는 것으로 주로 장기의 구조를 파악하기 위해서 수행되고 있습니다. 그러나 해당 내시경의 경우 신체에 유해하기 떄문에 법적 승인이 존재해야 하는 특징을 가지고 있습니다","F",""
"1","내시경에 대해 설명해 주세요.","내시경은 일반적으로 가시적으로 파악할 수 있는 장기에 대해서 이뤄지는데,  영상기기를 활용하여 해당 장기의 조직을 확대하여 조금더 정밀하게 진단하는 것을 말합니다. 주로, 치과의료에서 사용되고 있습니다.","F",""
"1","내시경에 대해 설명해 주세요.","수술이나 부검을 굳이하지 않고 내시경을 통해서 빠르고 정확한 검사를 할 수 있게 되면서, 질병에 대한 예측가능성이 높아지게 되었습니다 .그러나 암의 경우에 가시적인 종양이 아니기 떄문에 효율이 떨어진다는 단점이 있습니다","F",""
"1","염증에 대해 설명해 주세요.","어떤 자극에 대한 생체조직의 방어반응의 하나로, 조직 변질, 순환장애와 삼출, 조직 증식의 세 가지를 병발하는 복잡한 병변을 일컫습니다. 중이염 등과 같이 끝자가 염으로 되어 있는 것 외에, 전염성 질환등에서 볼 수 있는 병변의 총칭으로, 대부분의 병이 이것에 속합니다. 여러가지 원인 중 세균에 의한 것이 가장 많습니다.","P","중이염에 대해 설명해 주세요."
"1","염증에 대해 설명해 주세요.","원인은 기계적 상해작용, 온도·방사선 등의 물리적 인자, 독물 등의 화학적 인자, 세균감염 등의 기생체에 의한 것 등이며 이 중 세균에 의한 것이 가장 많습니다. 이러한 주요 원인 외에도, 여러 부수적 요인과 개체의 소인이나 면역 등에 의하여 그 발생은 복잡합니다.","P","기생체에 대해 설명해 주세요."
"1","염증에 대해 설명해 주세요.","염증이란 생체조직에 피해가 발생하였을 경우 해당 생체조직이 사멸함에 따라 발생하는 것을 말합니다. 이는 신체 외부에서 상처쪽으로 병원균이나 오염물질이 축적됨에 따라서 발생하는 것으로 위생적으로 제거되어야 합니다","F",""
"1","염증에 대해 설명해 주세요.","염증은 면역반응의 일종입니다. 염증이 생성되면 면역반응이 제대로 일어나는 것이기 떄문에 감염에 대한 발생 가능성이 줄어들지만 상처가난 부위에 염증이 발생하지 않을 경우 자가면역의 가능성을 고려해야 합니다.","F",""
"1","염증에 대해 설명해 주세요.","어떤 자극에 의해서 신체가 훼손되었을 경우 해당 상처를 통해서 병원균이나 세균이 체내에 유입되는 것을 막기위해서 염증이 발생합니다. 그러나 염증의 경우 고체상태로 존재하기 떄문에 상온을 넘는 기온이 있을 때는 발생하지 않습니다","F",""
"1","염증에 대해 설명해 주세요.","염증은 조직의 손상된 부위나 감염 부위에 따라 급성 염증과 만성 염증으로 나뉩니다. 조직의 손상된 부위나 감염 부위가 작거나 일시적 일 때는 급성염증에 의해 해결되지만, 염증 부위가 크거나 만성적 감염 상태일 때는 급성염증에 의해 해결되지 않으며, 만성염증으로 진행됩니다. 만성염증의 경우는 고질적인 염증성질환으로 진행될 수 있습니다.","P","염증성질환에 대해 설명해 주세요."
"1","원격의료에 대해 설명해 주세요.","산간 지대나 낙도, 적설 지대 등 교통이 불편한 벽지 주민과 의료 기관 사이에 통신망을 설치하고 각종 ME 기기를 이용하여 진료하는 것을 말합니다. 기기를 이용하여 주민의 신체 정보를 병원에 전송하여 의사의 진찰이나 문진 등을 받습니다. 반대로 그 진단에 기초한 의사의 치료 지시를 병원에서 환자에게 전송하여 진료를 실시합니다.","P","문진에 대해 설명해 주세요."
"1","원격의료에 대해 설명해 주세요.","한 단계 더 발달한 형태로는 무선 심전도 검사가 있습니다. 심전도계가 가슴에 부착된 전극에 유도된 심전도 신호를 증폭하여 화면이나 기록지상에서 진료하는 것이라면 무선 심전도 검사는 이것을 무선으로 환자와 연결하여 컴퓨터로 이를 분석, 감시하고 이상이 발생하였을 때에는 화면의 모니터상이나 알람으로 이상 상태를 알려줍니다.","P","심전도검사에 대해 설명해 주세요."
"1","원격의료에 대해 설명해 주세요.","영상의료 기기의 발달을 통해서 의사와 환자가 직접 대면하지 않더라도 의료활동을 할 수 있게 되었는데 이를 원격의료라고합니다. 원격의료가 점차적으로 개발됨에 따라서 현재는 대부분의 병원을 방문하지 않고도 진료를 볼 수 있게 되었습니다.","F",""
"1","원격의료에 대해 설명해 주세요.","의료기관이 많지 않거나 의료기관이 쉽게 접근할 수 없는 장소, 시골이나 산악지대에 원격의료가 전문적으로 사용되고 있지만, 해당 지역의 경우 경제성이 거의 존재하지 않기 떄문에 점차 그 사용빈도가 줄어들고 있는 실정입니다","F",""
"1","원격의료에 대해 설명해 주세요.","원격의료는 의사와 환자가 직접대면하지 않더라도 의료활동을 하는 것을 말하지만 환자의 심리적 특성상 원격의료를 통해 의료서비스에 대한 만족감을 충족할 수 없기 떄문에 현재는 사용되고 있지 않고 잇습니다.","F",""
"1","원격의료에 대해 설명해 주세요.","의사와 환자가 멀리 떨어져 있는 장소에서 행하는 의료 행위로, 통신 수단에 의해 환자의 상태를 파악하여 적절한 진료를 행하는 것 입니다. 재택 건강 진단 서비스에서는 쌍방향 CATV의 기능을 이용하여 가입자가 자택의 단말에서 혈압이나 혈당치 등을 입력, 지역 내의 의료 기관으로부터 진단을 받습니다.","P","CATV에 대해 설명해 주세요."
"2","항생제의 종류에 대해 설명해 주세요.","페니실린류는 세균의 세포벽 합성을 억제함으로써 항균작용을 합니다. 경구투여했을 때 일반적으로 잘 흡수되지만 초기제제들은 위산에 의해 불활성화 합니다. 화농성구균 등 대부분의 그람양성균과 임균·매독균 등에 강력한 효과가 있습니다. 페니실린에 감수성이 없는 세균감염증과 페니실린의 남용으로 생긴 내성균에 사용해서는 안됩니다.","P","화농성구균에 대해 설명해 주세요."
"2","항생제의 종류에 대해 설명해 주세요.","세팔로스포린류는 병원균의 세포벽 합성을 억제하여 살균작용을 합니다. 페니실린에 저항성이 생긴 포도상구균 등의 그람양성균뿐 아니라 프로테우스, 세라티아, 엔테로박테르 등에도 효과가 있습니다. 경구투여를 하면 흡수가 잘 되지 않기 때문에 근육 또는 정맥주사를 사용합니다. 부작용은 알레르기 반응 외에는 별로 없지만 발진, 설사, 백혈구 감소, 간 기능 이상 등이 올 수 있습니다.","P","포도상구균에 대해 설명해 주세요."
"2","항생제의 종류에 대해 설명해 주세요.","항생제는 세균을 억제하는 것을 말하며 페니실린이 가장 대중적으로 알려져있습니다. 페니실린을 통해 모든 세균에 대한 항체를 생성할 수 있으며 페니실린은 남용되었다 하더라도 체내에 축척되어 지속적으로 사용되기 때문에 부작용이 존재하지 않습니다.","F",""
"2","항생제의 종류에 대해 설명해 주세요.","살균작용을 하는 모든 것은 항생제로 역할을 합니다. 따라서 적외선 역시 항생제의 역할을 할 수 있는데 적외선을 통한 살균 작용의 경우 체외에 존재하는 감염이나 조리기구 등에 사용되고 있어 대중적입니다.","F",""
"2","항생제의 종류에 대해 설명해 주세요.","페니실린은 항생제의 가장 대표적인 의약품입니다 .그러나 페니실린은 중독성이 강하고 남용시 부작용이 강하기 떄문에 의사의 직접적인 처방이 필요한 전문의약품으로 구분되고 있으며, 대신 알레르기에 대한 반응이 없는 것으로 알려져 있습니다","F",""
"2","항생제의 종류에 대해 설명해 주세요.","클로람페니콜은 그람양성균, 장티푸스균·변형균 등의 그람음성균, 리케차 및 대형 바이러스, 다른 항생제에 저항성이 있는 감수성균 감염에 효과가 있습니다. 경구투여 및 정맥 내 주사합니다. 알레르기성 급·만성결막염, 결막염 등에 점안액으로도 투여하고 세균성 질염에는 좌약으로도 사용합니다.","P","항생제에 대해 설명해 주세요."
"2","히크만카테터에 대해 설명해 주세요.","정맥을 통하여 중심정맥에 삽입하는 중심정맥카테터의 일종입니다. 혈관을 별도로 확보할 필요가 없으므로 항암치료 등 반복해서 정맥주사가 필요한 환자에게 유용합니다. 항암제는 물론 항생제와 혈액성분 주사, 종합비경구 영양법, 혈액채취 등에도 쓸수 있어 의료시술 행위 전반에 큰 역할을 하는 의료기기입니다.","P","정맥주사에 대해 설명해 주세요."
"2","히크만카테터에 대해 설명해 주세요.","인체와 외부를 연결시키므로 삽입 부위를 항상 소독해야 하고, 헤파린용액을 주입하여 통로가 막히지 않도록 해야 합니다. 삽입 부위가 빨개지거나 부으면서 아프고 냄새가 나며 분비물이 있을 때, 38도 이상의 열이 날 때, 카테터가 새거나 액체가 흘러나올 때 또는 막혔을 때, 데이크론 커프스가 피부 밖으로 나왔을때는 감염의 위험이 있으므로 교체해야 합니다.","P","헤파린용액에 대해 설명해 주세요."
"2","히크만카테터에 대해 설명해 주세요.","히크만카테터란 중심동맥에 삽입하는 중심동맥카테터의 일종입니다. 혈관을 확대한 뒤에 투여되어야 하며, 이를 반복적으로 주사할 경우에 혈관이 지속적으로 확대되는 부작용이 발생할 수 있어 전문의약품으로 분류되고 있습니다.","F",""
"2","히크만카테터에 대해 설명해 주세요.","정맥을 별도로 확보할 필요 없이 정맥을 통하여 중심정맥에 삽입함으로써 항생제의 역할을 하는 것이 히크만카테터입니다. 그러나 수술방법이 굉장히 까다롭고 고액이기 떄문에 페니실린의 발명 이후로 사용되고 있지 않습니다","F",""
"2","히크만카테터에 대해 설명해 주세요.","인체와 외부를 연결시키지만 자체적인 소독기능이 존재하기 떄문에 히크만카테터는 그 삽입부위가 항상 항생 역할을 하고 있습니다. 또한 히크만카테터를 삽입할 경우 체내 항생기능이 확장됨에 따라 감염 전체에 대한 면역이 생깁니다.","F",""
"2","미주신경에 대해 설명해 주세요.","숨뇌에서 나오는 제10뇌신경으로 여러 개의 가지로 나누어 져서 심장, 인두, 성대 내장기관 등에 분포하여 부교감신경, 감각 및 운동 신경의 역할을 합니다. 미주신경은 숨뇌에서 시작하여 목정맥구멍을 통과한 후 위아래 신경절과 연결됩니다. 아래로 진행하면서 가로막을 통해 배에 도달합니다.","P","부교감신경에 대해 설명해 주세요."
"2","미주신경에 대해 설명해 주세요.","숨뇌의 옆면에서 여러 개의 잔뿌리로 시작되어 목정맥구멍을 통과합니다. 목정맥구멍을 중심으로 위신경절과 아래신경절로 구분되고 위신경절 부위는 혀인두신경이나 위목신경절과 연결됩니다. 미주신경은 입천장, 인두 등에 분포하는 가지를 내며 목, 가슴으로 내려가고 가로막을 통과하여 배에 도달합니다.","P","위신경절에 대해 설명해 주세요."
"2","미주신경에 대해 설명해 주세요.","점막에 대한 감각을 담당하는 신경이 미주신경입니다. 미주신경은 유일하게 뇌를 거치지 않고 척수에서 해당 감각에 대한 반응을 하는 신경이기 때문에 자율신경으로서 기능을 수행하고 있으며, 체내의 점막 활성화를 유지합니다.","F",""
"2","미주신경에 대해 설명해 주세요.","미주신경은 간뇌에서부터 나오는 여러 개의 가지로 나누어져서 내장기관 등에 분포하면서 점막의 기능을 활성화 합니다. 또한 운동 신경과 연결되어 외부적 자극에 대해 자율적으로 반응하는 자율신경으로 구분되고 있습니다.","F",""
"2","미주신경에 대해 설명해 주세요.","미주신경이 없는 사람이 간혹 나타나게 되는데 미주신경이 체내에 존재하지 않으면 폐의 점막이 생성되지 않기 떄문에 호흡이 불가능하여 태어나자 마자 사망하게 됩니다. 최근에는 미주신경을 주입하는 기술이 발달됨에 따라 미주신경이 없다고 판단되는 태아에 미주신경을 주입하고 있습니다","F",""
"2","미주신경에 대해 설명해 주세요.","귀, 혀, 인두, 후두에 감각성으로 분포하여 피부 감각 및 미각, 인두, 후두의 점막 감각을 담당합니다. 또한 인두, 후두 및 식도에 운동성으로 분포하면서 각 기관의 움직임을 담당합니다. 가슴 및 배의 기관에 내장구심성으로 분포하여 자율신경으로써의 기능을 수행합니다.","P","자율신경에 대해 설명해 주세요."
"2","심실보조장치를 설명해 주세요.","좌심실과 우심실 둘 다 보조할 수 있으나 주로 좌심실에 사용됩니다. 좌심실의 심첨부에 도관을 삽입하여 보조장치로 혈류를 보내면 보조장치에서는 혈류가 차기를 기다려 일정한 양이 되면 다시 대동맥으로 보냅니다. 즉 자기 심장이 하는 펌프로서의 역할을 도와주는 것입니다.","P","대동맥에 대해 설명해 주세요."
"2","심실보조장치를 설명해 주세요.","대동맥내 풍선펌프도 일종의 심실 보조장치라고 할 수있지만 일반적으로는 좌심실 보조장치만을 가리킵니다. 완전 인공심장은 자기 심장을 떼어내고 인공심장으로 바꾸어 주는 것이기 때문에 언젠가는 사람의 심장으로 바꾸어 주어야 하지만 좌심실 보조술은 수술 후에 일시적 저심박출 등이 나타날 때도 사용할 수 있고 또 심부전이 심한 환자에게도 사용했다가 어느 정도 호전되면 심장이식으로 넘어가지 않고 제거할 수도 있는 장점이 있습니다.","P","인공심장에 대해 설명해 주세요."
"2","심실보조장치를 설명해 주세요.","심실보조장치란 좌심실의 기능이 저하되었을 때 이에 대한 기능을 보조하는 장치로 우심실의 경우에서는 사용될 수 없습니다. 혈류가 차기를 기다려 일정한 양이 되면 대동맥으로 보냄으로써 혈액의 순환량을 유지하게 됩니다.","F",""
"2","심실보조장치를 설명해 주세요.","심실보조장치를 통해 인공심장의 개발을 가능케 하였습니다. 또한 대동맥 내 풍선펌프도 심실 보조장치와 유사한 기능을 하지만 해당 풍선펌프는 우심방에 주로 장착되기 때문에 심방 보조장치로 구분하는 것이 올바른 구분법입니다.","F",""
"2","심실보조장치를 설명해 주세요.","좌심실과 우심실을 보조하는 장치를 심실보조장치라고 합니다. 주로 심실이 제기능을 하지 못하여 혈액의 순환이 불가능한 환자들을 대상으로 심실보조장치를 장착하게 하지만 해당 장치를 부착하게 되면 움직임에 제한이 생기기 떄문에 주로 위급 환자에게만 사용하고 있습니다","F",""
"2","심실보조장치를 설명해 주세요.","종래의 통상적인 심부전 치료 약물이나 개심술로써 치료할 수 없는 심부전환자에서 심실의 기능을 기계적으로 도와주는 장치의 통칭합니다. 그러나 보조장치의 가격이 비싸고 유지비 또한 엄청나 아무나 쉽게 사용하기에는 제한이 따릅니다. 최근에는 환자의 허리에 차고 다니는 배터리가 고안되어 환자가 집으로 퇴원할 수도 있게 되었습니다. ","P","심부전에 대해 설명해 주세요."
"2","건열멸균법에 대해 설명해 주세요.","일부 치과용 핸드피스, 분말, 기름, 종이, 천으로 된 제품 및 170℃ 이상의 온도에는 노출이 금지된 물품에 적용합니다. 증기, 끓는 물, 화학멸균법을 적용할 수 없는 물품들에 대한 경제적이고 효과적인 소독이 가능합니다. 보통 160도에서 2시간 혹은 140도에서 3시간 이상 지속해야 멸균이 됩니다.","P","화학멸균법에 대해 설명해 주세요."
"2","건열멸균법에 대해 설명해 주세요.","기구의 멸균법은 크게 열멸균법, 화학멸균법 및 방사선멸균법으로 분류할 수 있습니다. 열멸균법에는 고압증기멸균법, 건열멸균법, 열전도멸균법 등이 있으며, 이 중 건열멸균법은 치과 분야에서 광범위하게 사용되는 소독법입니다. 건열의 장점은 유리제품을 파괴하지 않고 기구들을 부식시키지 않으며, 기구의 경도 및 예리함에 영향을 주지 않는다는 것입니다.","P","방사선멸균법에 대해 설명해 주세요."
"2","건열멸균법에 대해 설명해 주세요.","건열멸균법이란 습기가 없는 곳에서 고온의 증기를 통해서 세균을 죽이는 것을 말합니다. 세균의 경우 상온이 아니게 되면 대부분 사멸하기 때문에 상온보다 높은 50도 정도에서 단기간 내에 사멸되는 특징을 이용한 멸균방법입니다.","F",""
"2","건열멸균법에 대해 설명해 주세요.","건열멸균법은 열멸균법의 일종으로, 주로 치과분야에서 광범위하게 사용되고 있습니다.그러나 건열멸균법은 유리제품이 파손될 우려가 있으며 다른 기구들이 부식될 우려가 있기 떄문에 현재는 고압증기멸균법을 더 자주 사용합니다.","F",""
"2","건열멸균법에 대해 설명해 주세요.","건열멸균법은 치과치료에서 광범위하게 사용되고 있으나, 고압증기멸균법이나 열전도멸균법에 비해 가격대가 높습니다. 단, 상온보다 약간 높은 정도의 온도만을 필요로 하기 때문에 신체에 대한 변형을 일으키지는 않는다는 장점이 있습니다.","F",""
"2","건열멸균법에 대해 설명해 주세요.","건열멸균법에 사용되는 건열멸균기는 고압증기멸균기에 비해 가격이 저렴합니다. 그러나 낮은 온도에서는 멸균시간이 길어질 수 있으며, 멸균할 기구의 양이 많거나 멸균할 물품이 두껍게 포장되어 있으면 멸균이 잘 되지 않는 단점이 있습니다. 또한 일정 사용기간이 지나면 가열장치가 연소해 버리므로, 주기적으로 건열멸균기의 온도조절장치를 점검해야 합니다.","P","고압증기멸균기에 대해 설명해 주세요."
"1","의료영상저장전송시스템을 설명해 주세요.","영상의학적인 영상 진단장치를 통하여 진단한 영상을 디지털 상태로 획득·저장하고, 그 판독과 진료기록을 함께 각 단말기로 전송·검색하는 데 필요한 기능을 통합적으로 처리하는 디지털 의료 영상 저장 전송 시스템입니다. 이 방식은 기존의 필름을 가지고 진단하고 판독하던 병원의 업무를 컴퓨터와 네트워크을 통하여 병원의 업무를 처리해나가는 데 도움을 주는 것으로 알려져 있습니다.","P","영상진단장치에 대해 설명해 주세요."
"1","의료영상저장전송시스템을 설명해 주세요.","이를 통하여 연결할 수 있는 의료기기는 기본적으로 영상의학과 의료 영상 장비들인데, 컴퓨터단층촬영장치·자기공명영상촬영장치·투시촬영장치·혈관조영장치·유방암검진기 등 핵의학 영상 장비들이 있으며 초음파·내시경·현미경 등의 이미지도 연동이 가능합니다. 그러나 이들 의료영상 장비가 의료영상저장시스템과 연동하기 위해서는 먼저 영상의 디지털화가 필요합니다.","P","유방암 검진기에 대해 설명해 주세요."
"1","의료영상저장전송시스템을 설명해 주세요.","의료영상저장전송시스템은 원격의료시스템이 발달됨에 따라 활성화되었습니다. 원격으로 진단할 경우 의사의 판단이 미흡할 경우를 대비하여 진단에 오류가 발생할 수 있기 때문에 의료영상저장전송시스템을 통해 원격진단은 다수의 의사에게 전송되어 다수진단을 받는 것을 가능케 하였습니다","F",""
"1","의료영상저장전송시스템을 설명해 주세요.","병원시스템의 원격적인 관리가 의료영상저장전송시스템을 통해 가능하게 되었습니다. 영상의학과에서 주로 사용되지만, 병원에서 저장되어 있는 이미지는 환자의 개인정보이기 떄문에 병원 간의 교류는 원칙적으로 금지되어 있습니다","F",""
"1","의료영상저장전송시스템을 설명해 주세요.","의료기기를 의료영상저장전송시스템을 통하여 핵의학 영상 장비나 초음파 내시경 현미경 등의 이미지를 통합할 수 있습니다. 이러한 통합을 통해서 원격진료의 질이 높아지게 되었으며, 대형병원이 페업하는 계기가 되었습니다.","F",""
"1","의료영상저장전송시스템을 설명해 주세요.","이 시스템은 필름 없는 병원 시스템을 구축할 수 있습니다. 이를 구현하기 위해서는 영상 표시 및 처리, 정보 통신 및 네트워킹, 데이터베이스, 정보관리, 사용자 인터페이스와 정보저장관리 등의 기술들을 종합하여야 합니다. 이 시스템을 통하여 영상의학과에서는 필름 비용 절감, 인건비 절감, 필름 보관 비용 절감, 미판독 이미지들의 감소, 특수검사 판독 지연 감소, 관리업무 축소, 반복검사 감소 등의 효과를 볼 수 있습니다.","P","영상의학과에 대해 설명해 주세요."
"1","집단면역에 대해 설명해 주세요.","집단의 총인구 중 면역성을 가진 사람의 비율로 정의합니다. 한 집단 내에서 특정 감염병에 대한 면역력을 가진 구성원 수가 일정 수준 이상이 되어 감염병이 전파되기 어려워진 상태로, 전염병에 대한 집단의 저항성을 나타내는 지표로 사용합니다. 군집면역이라고도 하는 집단면역은 감염이나 예방접종을 통해 이뤄집니다.","P","예방접종에 대해 설명해 주세요."
"1","집단면역에 대해 설명해 주세요.","집단면역의 목적은 질병 전파를 억제해 면역이 없는 사람을 보호하는 것입니다. 집단 내 면역자가 늘어날수록 질병 전파력은 약해지며, 일정 수준을 넘으면 면역이 없는 구성원도 간접적으로 보호받는 효과가 나타납니다. 이때 집단면역을 획득할 수 있는 집단 내 면역자 비율을 집단면역 역치라고 합니다. ","P","집단면역이 질병전파를 억제한다는 의미를 설명해 주세요."
"1","집단면역에 대해 설명해 주세요.","집단면역이란 공동체 구성원 전체가 면역기능을 수행할 수 있는 상황을 말하며 전염병이 퍼졌을 경우에 해당 전염병이 종결된 시점을 측정하는 단위입니다. 따라서 집단면역이 수행된 경우에 전염병을 정복했다고 표현하기도 합니다","F",""
"1","집단면역에 대해 설명해 주세요.","집단면역은 어떠한 공동체에서 면역성을 가진 사람의 비율을 나타냅니다. 보통의 경우 집단면역이 5할을 넘게되면 해당 집단에서 면역체계가 활성화되었다고 말하며 , 면역체계가 활성화될 경우 해당 공동체 내부에서는 전염병이 발생할 가능성이 사라집니다.","F",""
"1","집단면역에 대해 설명해 주세요.","집단면역은 전염병에 대한 집단의 저항성이 나타납니다. 따라서 집단면역이 가능한 경우 해당 공동체에서 면역이 아직 활성화되지 않은 구성원을 선별하여 따로 배치하여 집단면역 비율을 높이는 것이 효과적인 면역방법으로 평가받고 있습니다.","F",""
"1","집단면역에 대해 설명해 주세요.","집단면역을 통해 건강한 사람은 물론, 면역 결핍으로 백신 접종이 불가능하거나 접종 이후에도 면역이 생기지 않는 사람들을 보호할 수 있습니다.  한편, 집단면역은 감염병 중에서도 개체 간 직접 전염되는 질병에만 유효합니다. 상처를 통해 감염되는 파상풍처럼 다른 경로로 감염되는 질병은 다른 사람이 면역을 가진 것과 관계없이 감염될 수 있습니다.","P","파상품에 대해 설명해 주세요."
"1","보건의료기술에 대해 설명해 주세요.","영어의 머리글자를 따서 HT라고 약칭합니다. 영국국립보건연구원의 정의에 따르면, 보건의료기술은 '건강증진, 예방, 치료, 재활, 요양 등 인간의 건강에 관련된 모든 방법적 기술을 가리키며, 제약과 의료기구, 치료기술, 진단기술, 의료관리체계 등을 포괄'하는 개념입니다.","P","의료기구의 종류를 설명해 주세요."
"1","보건의료기술에 대해 설명해 주세요.","인간의 건강과 관련된 기술을 광범위하게 지칭하는 용어로서 이와 관련된 산업을 보건의료산업이라 지칭합니다. 한편, 한국은 보건의료기술을 의과학·치과학·한의학·의료공학 및 의료정보학 등에 관련되는 기술, 의약품·의료기기·식품·화장품·한약 등의 개발 및 성능 향상에 관련되는 기술, 그밖에 인체의 건강과 생명의 유지·증진에 필요한 상품 및 서비스와 관련되는 보건·의료 관련 기술이라고 정의합니다.","P","의료공학에 대해 설명해 주세요."
"1","보건의료기술에 대해 설명해 주세요.","보건의료기술이란 건강증진, 예방,치료,재활,요양 등 인간의 건강에 관련된 모든 방법적 기술을 가리키며 국제적인 협약을 통해 공공보건의 활성화와 인간의 존엄성을 위해 모든 국간는 보건의료기술에 대한 정보를 공유함으로써 상향평준화가 되었습니다","F",""
"1","보건의료기술에 대해 설명해 주세요.","보건의료기술은 한 국가의 의료시스템의 수준을 측정하는 지표가 됩니다. 인체의 건강과 생명이 해당 국가에서 어떤 수준으로 유지되고 있는지를 파악할 수 있는 것으로 주로, 개발도상국이 선진국에 비해 높은 지표를 가지고 있습니다.","F",""
"1","보건의료기술에 대해 설명해 주세요.","보건의료기술이란 인간의 건강과 관련된 기술을 협소하게 지칭하는 용어이며 주로 의학분야와 의료산업 분야에서 사용되는 기술에 한정됩니다. 또한 보건의료기술로 지정된 기술의 경우에 해당 분야의 전문가가 아니면 사용이 금지됩니다","F",""
"2","사이클로트론치료장치에 대해 설명해 주세요.","동일한 자기장에서 전자나 양성자 같은 하전입자의 원운동주기는 입자의 질량에 비례하고, 전하와 자기장의 세기에 반비례한다는 원리를 이용한 입자가속기의 사이클로트론 중 의료용으로 사용되는 것입니다. 양성자선은 수소원자핵을 사이클로트론으로 가속해서 뽑아낸 것입니다.","P","입자가속기에 대해 설명해 주세요."
"2","사이클로트론치료장치에 대해 설명해 주세요.","사이클로트론 공명장치는 N극과 S극 사이의 진공상자 속에 D자형의 두 전극을 서로 마주보게 했으며 입자는 그 틈새를 지날 때 가속됩니다. 빠른 중성자선·양성자선·알파선 등의 방사선이 이 장치에서 발생합니다. 빠른 중성자선은 수소원자핵을 사이클로트론으로 가속해서 베릴륨 등의 금속에 부딪치면 발생합니다.","P","베릴륨의 특징을 설명해 주세요."
"2","사이클로트론치료장치에 대해 설명해 주세요.","서로 다른 자기장에서 발생하는 전자나 양성자를 결합시켜서 그 세기를 증폭시켜서 해당 자기장을 의학적인 분야로 활용하는 것을 사이클로트론치료장치라고 합니다. 그러나 자기장 자체가 신체에 유해하여 부작용이  큰 치료방법으로 평가받고 있습니다","F",""
"2","사이클로트론치료장치에 대해 설명해 주세요.","방사능에서 발생하는 자기장은 입자가속기를 통해서 그 세기를 변화시킬 수 있는데 해당 입자가속기를 통해 자기장의 세기를 변화시켜 의료용으로 사용되는 것을 사이클로트론치료장치라고 합니다.  X-RAY나 MRI, CT등에서 해당 기법을 사용하고 있습니다","F",""
"2","사이클로트론치료장치에 대해 설명해 주세요.","사이클로트론치료장치를 통해서 각종 종양을 조사할 수 있습니다. 또한 해단 종양의 종류나 정확한 위치를 파악할 수 있어서 해당 장치가 발달함에 따라서 인류가 암을 정복하게 되었고 이로 인해 암에 대한 두려움이 인류의 역사에서 제거되었습니다","F",""
"2","사이클로트론치료장치에 대해 설명해 주세요.","이 방사선들은 각종 종양에 조사하여 종양을 치료하는 데 쓰입니다. 빠른 중성자선은 여성성기암·골육종·두경부암·악성흑색종·폐암·연조직육종 등에 사용되고 있습니다. 빠른 중성자선 발생장치로서 이밖에 뉴트론제너레이터라는 장치가 개발 중에 있습니다. 빠른 중성자선을 포함해 양성자선·알파선 등은 계속 연구중입니다.","P","뉴트론제너레이터에 대해 설명해 주세요."
"1","역학에 대해 설명해 주세요.","인간 집단 내에서 일어나는 유행병의 원인을 규명하는 학문입니다. 즉 역학은 인구집단의 질병에 관한 학문이며, 구체적으로는 인구집단에서 질병의 분포양상과 이 분포양상을 결정하는 원인을 연구하는 학문이라고 할 수 있습니다. 또한 역학은 인간에게 발생하는 질병은 우연에 의해 결정되는 것이 아니라 필연적인 이유가 있다는 전제 하에서 발전되어 왔습니다.","P","질병은 필연적 이유에 의해 발생된다는 의미를 설명해 주세요."
"1","역학에 대해 설명해 주세요.","보통 역학조사라고 함은 일정한 시기 안에 사람들 사이에서 발생하는 질병과 같은 특별한 현상의 빈도와 분포에 대한 연구를 말합니다. 대개 이것은 발생률과 분포율로 표현됩니다. 역학에서 일반적으로 쓰는 다른 용어로는 현시점 분포율, 기간 분포율, 질병위험률이 있습니다.","P","기간분포율에 대해 설명해 주세요."
"1","역학에 대해 설명해 주세요.","인류 공동체에서 발생한 전염병 혹은 유행병이 어디에서 왔는지를 규명하는 학문입니다. 그러나 최근에는 전염병의 발생이 즉각적으로 알려짐에 따라서 해당 연구는 생리학의 분야의 협소한 과목으로 축소되었습니다.","F",""
"1","역학에 대해 설명해 주세요.","일정한 시기 안에 인류공동체 내에서 발생하는 질병의 원인을 규명하는 학문을 역학이라고 합니다. 따라서 역학이 제대로 진행되게 되면 해당 질병의 치료 가능성 여부와 해당 질병에 대한 필연적 인과관계를 파악할 수 있기 떄문에 전염병을 넘어 모든 질병에 적용되고 있습니다","F",""
"1","역학에 대해 설명해 주세요.","유행병의 원인을 규명하는 학문으로 알려져 있습니다. 그러나 의학의 발달로 인해서 유행병이 발생하는 경우가 거의 존재하지 않아졌고 이와 더불어 유행병이 발견되더라도 즉각적으로 백신이 등장하기 떄문에 현재는 학문적 가치가 감소하였습니다","F",""
"1","생명연장기술에 대해 설명해 주세요.","병에 걸리지 않고 오래 살고 싶다는 바람은 인류가 지구상에 나타난 이래 오늘에 이르기까지 불변의 꿈으로 이어져 왔습니다. 이에 따라 생명연장을 위한 각종 수단과 방법이 동원되었고, 마침내 20세기에 들어서면서 페니실린의 발견과 생명과학·유전공학 등의 비약적인 발전으로 인해 인간의 평균수명도 획기적으로 늘어났습니다.","P","인간의 평균수명에 대해 설명해 주세요."
"1","생명연장기술에 대해 설명해 주세요.","2003년 4월에는 인간의 DNA 유전자 정보를 담은 인간게놈지도가 완성되었습니다. 이로써 각종 질병을 유발하는 유전자, 신체 이상을 낳는 유전자, 노화촉진 유전자 등 그동안 인류를 괴롭혀 온 각종 난치병들을 치료할수 있는 길이 열렸습니다. 비록 생명의 존엄성 파괴라는 윤리문제가 불거지고 있지만, 이용만 잘한다면 머지않아 인간의 수명을 늘릴 수 있을 것으로 기대됩니다.","P","인간게놈지도에 대해 설명해 주세요."
"1","생명연장기술에 대해 설명해 주세요.","생명연장기술이란 병에 걸리지 않게 하거나 병에 걸리더라도 건강을 다시 회복할 수 있도록 만들어진 모든 기술을 의미합니다 .따라서 생명연장기술은 굉장히 광범위하기 떄문에 올바른 식습관 역시 생명연장기술로 볼 수 있습니다","F",""
"1","생명연장기술에 대해 설명해 주세요.","인간게놈프로젝트로 인해서 생명연장기술이 대중적으로 알려지게 되었습니다. 각종 질병이 어디서 발생하는지를 파악하게 되었고 인간이 어떻게 구성되었는지 완벽하게 파악됨에 따라 현재는 인간의 영구적 생존에 대한 확신하에 기술이 개발되고 있습니다.","F",""
"1","생명연장기술에 대해 설명해 주세요.","과학의 급속한 발달로 인해서 생명연장기술은 점차 확대되었습니다. 또한 국제적인 협약을 통해서 생명연장기술은 모든 국가에 해당 정보가 공유되도록 하였으며, 이를 통해서 인류 공동체의 공익적 차원이 높아지는 계기가 되기도 하였습니다","F",""
"1","생명연장기술에 대해 설명해 주세요.","생명연장을 위한 과학기술의 급속한 발전에 비례해 인류의 미래를 어둡게 만드는 갖가지 요인들도 나타나고 있어 이들 요소들에 대한 적절한 해결이 선행되어야 한다는 견해도 있습니다. 예를 들어 아직 몇몇 국가를 제외하고는 별 문제가없지만, 머지않아 세계적인 물 부족 현상이 나타나 물전쟁이 일어날지도 모른다고 전문가들은 경고합니다.","P","생명연장에 대해 설명해 주세요."
"2","텔로미어에 대해 설명해 주세요.","텔로미어는 염색체의 손상이나 다른 염색체와의 결합을 방지하는 기능을 가지고 있습니다. 그런데 텔로미어는 세포가 한 번 분열할 때마다 그 길이가 조금씩 짧아지며, 세포분열이 일정한 횟수를 넘어서면 그 길이가 아주 짧아지면서 해당 세포는 분열을 멈추고 죽게 됩니다.","P","염색체에 대해 설명해 주세요."
"2","텔로미어에 대해 설명해 주세요.","텔로미어를 '생명시계'라 부르기도 합니다. 이에 반해 체세포를 제외한 생식세포와 암세포는 텔로미어가 줄어들지 않아 무한증식이 가능한데, 특히 암세포의 경우 '텔로머라아제'라는 효소가 분비되면서 텔로미어가 짧아지는 것을 막기 때문에 암세포가 죽지 않고 계속 증식하게 됩니다.","P","체세포에 대해 설명해 주세요."
"2","텔로미어에 대해 설명해 주세요.","텔로미어란 염색체의 손상을 일으키는 역할을 하는 단백질을 의미합니다. 텔로미어는 염색체의 길이를 점차 감소시켜서 세포분열을 증폭시키고 이에따라 세포가 사멸되게 하는 기능을 하며 주로 암세포의 주요 구성물질로 평가받고 있습니다","F",""
"2","텔로미어에 대해 설명해 주세요.","텔로미어란 생명시계로 불립니다. 체세포에는 모두 텔로미어가 들어있는데 텔로미어가 길수록 그 체세포의 수명이 짧으며 그 길이가 짧을수록 수명이 긴 세포로 평가받고 있습니다. 또한 텔로미어는 세포합성을 촉진시켜 세포의 에너지를 소진시킵니다","F",""
"2","텔로미어에 대해 설명해 주세요.","텔로미어를 통해서 인류의 영생에 대한 연구가 끊임없이 진행되고 있습니다. 텔로미어를 멈출 수 있는 화학물질을 주입시킴으로써 세포가 사멸하지 않도록 막는 것을 말하는데, 현재 대중적으로 사용됨에 따라 인류의 평균 연령이 100세 이상으로 상승되었습니다","F",""
"2","텔로미어에 대해 설명해 주세요.","텔로미어는 진핵생물 염색체의 말단에 존재하는 반복적인 염기서열을 가지는 DNA 조각으로서 염색체 말단의 손상 혹은 근접한 염색체와의 융합으로부터 보호하는 역할을 수행합니다. 척추 동물의 텔로미어의 염기 서열은 TTAGGG인데, 인간의 경우 약 2,500번 반복됩니다.","P","척추동물의 특징을 설명해 주세요."
"1","암에 대해 설명해 주세요.","암은 비정상적인 세포 성장으로 인하여 유발되는 질병으로 양성 종양과 악성 종양으로 구분됩니다. 양성 종양은 비교적 성장 속도가 느리며 전이되지 않는 반면, 악성 종양은 양성 종양에 비해 성장 속도가 빠르며 신체의 다른 장기로 전이될 수 있습니다. 흔히 암이라고 부르는 질병은 악성 종양을 말합니다.","P","양성종양에 대해 설명해 주세요."
"1","암에 대해 설명해 주세요.","암세포는 성장인자가 공급되지 않아도 스스로 공급하거나 성장할 수 있는 능력을 가지게 됩니다. 정상 세포의 경우 성장 억제 신호에 의해 성장이 저해되는 반면, 암세포의 경우 억제 신호에 저항성을 가지게 되어 지속적인 성장과 분열 능력을 가집니다. 암세포의 경우 세포사멸에 대한 저항 및 회피 능력을 얻어 제거되지 않습니다.","P","성장억제신호에 대해 설명해 주세요."
"1","암에 대해 설명해 주세요.","암이란 비정상적으로 세포가 사멸하면서 해당 세포가 존재해야하는 공간에 세포사멸시체 덩어리인 종양이 발생하는 것을 말합니다. 주로 그 종양은 양성이기 때문에 성장속도가 빠르고 전이되는데 이 경우를 암으로 규정하고 있습니다.","F",""
"1","암에 대해 설명해 주세요.","암이란 성장인자가 공급된 경우에만 성장하지만 해당 성장인자가 체내에 있는 정상세포이기 때문에 해당 신체보유자가 죽지 않는 경우에 지속적으로 성장합니다. 또한 암의 경우에는 성장 억제 신호에 대한 면역이 있어 지속적으로 팽창하는 성질을 가지고 있습니다","F",""
"1","암에 대해 설명해 주세요.","정상세포의 경우에 세포분열에 따라 텔로미어가 확대되면서 세포성장이 저해되고 사멸하게 되는데 암세포의 경우 세포가 분열하더라도 텔로미어의 길이가 그대로 유지되기 때문에 지속적인 세포분열을 통해 전이되는 특징을 가지고 있습니다","F",""
"1","암에 대해 설명해 주세요.","정상세포의 경우 세포 분열에 따라 텔로미어가 짧아지게 되며 어느 정도가 지나면 세포 분열이 억제되지만 암세포의 경우 제한 없는 세포 분열 능력을 가집니다. 과도한 분열과 성장으로 커진 고형 암세포의 경우 영양분이 부족하기 마련인데 주위의 혈관 생성을 촉진시키는 능력을 통하여 혈관을 암세포 주변으로 유도하여 생존에 유리하도록 합니다.","P","세포분열에 대해 설명해 주세요."
"2","암의 원인을 설명해 주세요.","암을 유발하는 유전적 요인으로는 크게 두 가지 부류의 유전자가 존재합니다. 첫 번째는 발암 유전자로 세포의 성장 및 분화, 분열을 촉진시키는 유전자들을 말합니다. 두 번째는 종양 억제 유전자로서 세포 분열이나 생존을 억제하는 유전자들을 말합니다. 대부분의 악성 종양은 유전적 변이에 의해 발암 유전자가 과하게 발현하거나 암 억제 유전자가 변이되어 암을 억제하는 역할을 제대로 수행하지 못하는 상황에 있습니다.","P","종양억제유전자에 대해 설명해 주세요."
"2","암의 원인을 설명해 주세요.","최근의 연구에 따르면 발암 유전자, 종양 억제 유전자 뿐만 아니라 세포의 분열과 분화, 세포 사멸, 세포 부착, DNA 복구와 관련된 유전자들도 암과 깊은 연관이 있습니다. 예를 들어 DNA 복구 유전자가 망가져 DNA 수복 과정에 문제가 생겼을 때 돌연변이 누적이 증가하게 되고 암으로 진행될 확률이 높아지게 됩니다.","P","DNA 복구 유전자에 대해 설명해 주세요."
"2","암의 원인을 설명해 주세요.","암의 원인은 유전자입니다. 흡연이나 음주와 같은 경험적인 경우가 많다는 통념이 퍼져있지만 사실이 아니며 암에 대한 유전적 형질이 체내에 유지되어 있기 떄문에 암이 발생하며 이는 의료학적으로 변경할 수 없습니다.","F",""
"2","암의 원인을 설명해 주세요.","최근 연구에 따르면 암은 발암 유전자, 종양 억제 유전자를 통해서만 원인이 발생합니다. 발암유전자가 많은 인물은 암이 필연적으로 발생하며, 억제 유전자가 많은 인물은 암이 거의 발생하지 않기 때문에 유전 형질을 통해 진료를 진행합니다","F",""
"2","암의 원인을 설명해 주세요.","유전자에 대한 돌연변이를 통해서 발생하며 이는 발암유전자를 가지고있는 식품을 섭취하거나 그러한 환경에 노출되었을 경우에 암의 발생 확률을 높입니다. 이로 인해 과거에서보다 현재 암의 치사율이 높은 실정입니다.","F",""
"2","암의 원인을 설명해 주세요.","유전자에 직접적인 돌연변이가 생기는 유전학적 원인뿐만 아니라 후성유전적인 원인으로 문제가 발생했을 때에도 암이 유발될 수 있습니다. 후성유전학은 DNA 상의 염기서열 변화 없이 유전자 발현이 가역적으로 조절되는 경우를 말합니다. 후성유전적 조절의 예로 DNA의 메틸화와 히스톤 단백질의 메틸화, 아세틸화 등을 포함합니다.","P","DNA의 메틸화에 대해 설명해 주세요."
"2","라디오캡슐을 설명해 주세요.","소형 전자발신관을 소형 전지와 함께 약품용 캡슐 크기의 용기 안에 넣고, 이것을 삼킨 사람의 소화관의 상태, 예를 들면 산도 ·온도 ·압력 등을 측정하여 그 결과를 몸 밖에 있는 수신장치에 무선으로 전달하는 장치입니다. 이것은 전원으로 쓰는 소형 전지의 수명이 짧기 때문에 캡슐을 사용할 때마다 교환하지 않으면 안 됩니다.","P","소형전지로 사용되는 예제를 설명해 주세요."
"2","라디오캡슐을 설명해 주세요.","라디오 캡슐을 진보시킨 개량형으로 에코캡슐이 있습니다. 이것은 캡슐 안에 전지를 넣지 않고 몸 밖의 전자장치에서 무선으로 몸 안의 캡슐 안으로 전원을 공급하여, 그 전원에 의해 몸 안의 측정결과를 다시 무선으로 몸 밖에 있는 전자장치에 전해 주므로 메아리 방식의 캡슐이라는 뜻으로 에코 캡슐이라 부릅니다.","P","에코캡슐의 특징을 설명해 주세요."
"2","라디오캡슐을 설명해 주세요.","라디오캡슐이란 원격의료에서 사용되며 음파를 통해서 해당 질병을 치료하는 기술입니다. 주로 저주파나 고주파를 이용하여 근육의 수축과 이완을 원활하게 하는 치료 방법이 사용되고 있으며, 물리치료의 저변에 확대되고 있습니다","F",""
"2","라디오캡슐을 설명해 주세요.","라디오 캡슐은 에코캡슐의 진화형 혹은 개량형으로평가받고 있습니다. 캡슐안에 소형의 전자장치를 삽입함으로써 해당 전자장치가 암과 같은 종양의 선별적 타격을 통해서 암을 치료하는 미래의 항암치료기기로 평가받고 있습니다.","F",""
"2","라디오캡슐을 설명해 주세요.","소형 전자발신관을 소형 전지와 함께 캡슐 안에 넣어서 이를 섭취할 경우 내시경과 유사한 기능을 하는 의약품을 라디오 캡슐이라고 합니다. 캡슐을 섭취하면 원격으로 해당 전자발신관을 조절하여 신체에 이상이 있는 공간을 파악할 수 있습니다","F",""
"2","뉴클레오티드에 대해 설명해 주세요.","뉴클레오티드는 염기 하나와 오탄당 하나, 한 개 이상의 인산으로 구성되어 있습니다. 뉴클레오티드를 구성하는 염기에는 퓨린 계열인 아데닌과 구아닌과 피리미딘 계열의 시토신, 티민, 우라실이 있습니다. 또 뉴클레오티드에 들어가는 오탄당으로는 리보오스와 디옥시리보오스가 있습니다.","P","퓨린계열에 대해 설명해 주세요."
"2","뉴클레오티드에 대해 설명해 주세요.","뉴클레오티드를 구성하는 염기와 오탄당의 종류에 따라, 결합한 인산의 수에 따라 뉴클레오티드의 종류는 다양하게 나뉩니다. 뉴클레오티드는 몸속에서 다양한 방법으로 합성되며, 실험실에서 인공적으로 합성할 수도 있습니다. 염기와 오탄당만 있고, 인산이 없는 물질은 뉴클레오시드라고 합니다.","P","오탄당에 대해 설명해 주세요."
"2","뉴클레오티드에 대해 설명해 주세요.","뉴클레오티드는 인산 하나와 오탄당 하나 다수의 염기로 구성되어 있습니다. 인산에는 퓨린계열인 아데닌과 구아닌이 존재하며 해당 종류에 따라서 구분가능한데 보통의 경우 아데닌은 인공으로 합성된 뉴클레오티드를 말합니다.","F",""
"2","뉴클레오티드에 대해 설명해 주세요.","뉴클리오티드는 중합반응을 일으켜 핵산을 형성합니다. 따라서 모든 DNA와 RNA에는 뉴클레오티드가 포함되어 있는데 보통의 경우 뉴클리오티드가 중합반응이 과도하게 형성되어 변이가 발생할 경우를 DNA라고 정의하고 있습니다.","F",""
"2","뉴클레오티드에 대해 설명해 주세요.","뉴클레오티드의 종류 중에 인산이 없는 물질을 디옥시뉴클레오티드라고 규정하며 이는 DNA를 생성하는 인자로 정의됩니다. 또한 디옥시뉴클레오티드는 DNA가 RNA로 변경될 경우 사멸하며 몸속에서 다양한 방법으로 합성되고 있습니다","F",""
"2","뉴클레오티드에 대해 설명해 주세요.","뉴클레오티드는 중합반응을 일으켜 핵산을 형성합니다. 오탄당 중 리보오스를 가지고 있는 리보뉴클레오티드는 여러 개가 결합하면 RNA를 만들고, 디옥시리보오스를 가지고 있는 뉴클레오티드인 디옥시뉴클레오티드는 DNA를 생성합니다. 이밖에도 뉴클레오티드는 생명현상을 유지하는데 중요한 역할을 합니다.","P","리보오스에 대해 설명해 주세요."
"2","하디바인베르크의 법칙에 대해 설명해 주세요.","집단유전법칙의 하나로 집단에서의 유전자의 구성의 유지 또는 변화에 관한 이론인데 커다란 개체군에서 유전자를 변화시키는 외부적 힘이 작용하지 않는 한 우성유전자와 열성유전자의 비율은 세대를 거듭해도 변하지 않고 일정하다는 것입니다. 1908년 영국의 수학자 하디와 독일의 의사 바인베르크가 각기 독자적으로 발견했습니다. ","P","우성유전자에 대해 설명해 주세요."
"2","하디바인베르크의 법칙에 대해 설명해 주세요.","진화의 메커니즘인 자연선택을 설명하는 데 특히 중요한 역할을 하였습니다. 이 법칙을 따르는 집단은 유전적 평형을 나타내며, 이러한 집단을 멘델집단이라고 합니다. 이러한 자연적 평형상태를 깨뜨리는 외부적인 힘으로는 선택·돌연변이·이동 등이 있습니다. 하지만 하디와 바인베르크가 설정한 이상적 집단의 전제조건이 있습니다.","P","멘델집단에 대해 설명해 주세요."
"2","하디바인베르크의 법칙에 대해 설명해 주세요.","하디바인베르크의 법칙이란 대립유전자가 멘델의 유전방식 만으로 일어난다고 가정하며, 그 집단의 세대가 아무리 지나도 유전자 형의 빈도가 항상 일정하게 유지되며 이와 같은 유전자의 풀은 교차 상태로 유지된다는 법칙입니다.","F",""
"2","하디바인베르크의 법칙에 대해 설명해 주세요.","하디바인베르크 평형 또는 하디 와인버그 평형이라고 불립니다. 대를 거듭하면서 유전자 풀에서 대립 유전자의 빈도가 변화함에 따라서 해당 유전자 개체가 전체 유전자에서 차지하는 비율은 지속적으로 유지된다는 것이 하디바인베르크법칙입니다","F",""
"2","하디바인베르크의 법칙에 대해 설명해 주세요.","하디바인베르크 원리에 도달하기 위해서는 다음과 같은 조건을 만족해야 합니다. 교배가 작위적으로 형성되어야 하며, 집단이 협소하고 돌연변이가 발생할 가능성이 농후하며 자연선택 만으로 발생하고 집단간의 유전자 흐름이 활발해야 합니다","F",""
"1","GMO에 대해 설명해 주세요.","유전자 변형 농산물로서 일반적으로 생산량 증대 또는 유통 · 가공상의 편의를 위하여 유전공학기술을 이용, 기존의 육종방법으로는 나타날 수 없는 형질이나 유전자를 지니도록 개발된 농산물을 말합니다. 유전자재조합 기술은 어떤 생물의 유전자 중 유용한 유전자만을 취하여 다른 생물체에 삽입하여 새로운 품종을 만드는 것을 말합니다.","P","형질에 대해 설명해 주세요."
"1","GMO에 대해 설명해 주세요.","GMO 식물체가 최초로 상업적 목적으로 판매가 허용된 것은 1994년 미국 칼젠사가 개발한 Flavr Savr라는 상표의 토마토입니다. 토마토는 숙성과정에서 물러지게 되는데, 칼젠사는 이 과정에 관여하는 유전자 중의 하나를 변형하여 수확 후에도 상당 기간 단단한 상태를 유지하도록 하였습니다.","P","칼젠사가 개발한 GMO토마토에 대해 설명해 주세요."
"1","GMO에 대해 설명해 주세요.","GMO란 유전자 변형 농산물로서 농산물의 유전자를 인위적으로 변형하여 상품성을 높이는 것을 말합니다. 그러나 국제적인 실험을 통해서 GMO가 인체적으로 유해할 수 있다는 연구결과가 나오면서 GMO의 생산이 원천적으로 금지되었습니다.","F",""
"1","GMO에 대해 설명해 주세요.","유전자 변형 생물로 불리웁니다. 기존의 생물체 속 유전자에 인위적인 유전자를 주입시켜 기존의 생물체에 존재하지 않던 새로운 성질을 갖도록 하는 것을 말합니다. 이때 주입시키는 유전자가 다른 생물체에 의해 만들어진 경우 돌연변이가 발생하여 상품성이 떨어집니다","F",""
"1","GMO에 대해 설명해 주세요.","현재 농산물 시장에서 판매되고 있는 대부분의 식품은 GMO입니다. 또한 GMO가 아닌 식물의 경우 수확이 어렵고 도박성이 짙기 때문에 GMO를 통해서 대량적으로 생산이 가능하게 되었으며, 농산물의 가격이 싸지게 되었습니다. GMO가 아닌 농산물을 현재는 유기농식품으로 부르고 있습니다.","F",""
"1","GMO에 대해 설명해 주세요.","우리나라에서도 용어에 대한 정의뿐만 아니라 용어 자체도 아직 통일되어 있지 않고, 다양한 용어가 사용되고 있습니다. 식품의약품안전청은 GMO를 ‘유전자 재조합식품’으로 명명하고 ‘식량 증산, 영양성분의 개선, 저장성 향상 및 병충해 내성 향상 등을 위하여 생물공학기법으로 처리한 생물체로부터 유래한 식품’으로 정의하고 있습니다.","P","병충해 내성 향상이 식품의 질에 미치는 영향을 설명해 주세요."
"1","숙주에 대해 설명해 주세요.","기생 또는 공생을 하는 생명체에게 영양분과 서식지를 제공하는 동식물 개체를 숙주라 합니다. 예를 들어, 동물은 선충과 같은 기생충의 숙주가 되고, 바이러스는 세포가 숙주가 되며, 균근은 곰팡이가 식물의 뿌리를 숙주로 공생하며 서로에게 필요한 영양소를 주고 받는 대표적인 상리공생 관계입니다.","P","공생에 대해 설명해 주세요."
"1","숙주에 대해 설명해 주세요.","서로 다른 종의 생명체가 상호 영향을 주며 함께 살아가는 관계를 공생이라 합니다. 공생 관계의 두 생명체가 크기의 차이가 매우 클 경우, 일반적으로 크기가 큰 생명체를 다른 생물체의 숙주라 부릅니다. 공생 관계의 두 생명체는 서로 간의 상호작용에 따라, 한쪽만이 이익이 되고 다른 한쪽에는 해가 가는 관계인 기생입니다.","P","기생에 대해 설명해 주세요."
"1","숙주에 대해 설명해 주세요.","숙주란 기생충 혹은 바이러스가 생존을 위해서 거주하는 유기체를 뜻합니다. 보통의 경우 숙주가 사망하게 되면 바이러스와 기생충 혹은 세균은 동시에 사멸하게 되며 해당 사멸이 진행되면 다른 숙주로 옮거더라도 활성화되지 않습니다","F",""
"1","숙주에 대해 설명해 주세요.","숙주와 기생충은 공생관계로 발생합니다. 주로 숙주에게 영양분과 서식지를 제공받으며 동물에서 많이 나타나는 현상이고, 식물에서는 식물의 체내 구조가 미흡하며, 이동하지 않고, 영양분을 자체적으로 생성하기 때문에 존재하지 않습니다","F",""
"1","숙주에 대해 설명해 주세요.","어떠한 작은 세포 혹은 유기체와 기생 또는 공생을 하는 생명체를 숙주라고 부릅니다. 숙주는 기생하는 생물에게 악의적인 행동을 할 수 없기 때문에 해당 계약은 쌍무적이지 않고 일방적이며, 모든 기생충은 결국 숙주를 사망에 이르게 합니다.","F",""
"1","숙주에 대해 설명해 주세요.","숙주범위란 병원체가 감염될 수 있는 모든 생명체를 말합니다. 질병을 유발하는 병원체의 숙주범위는 감염성 질병의 역학에 중요한 영향을 미칩니다. 예를 들어, 사람이나 조류로부터 만들어진 A형인플루엔자 바이러스가 동시에 돼지에 감염됨으로써 돼지 내부에서 바이러스 유전자들의 재조합이 발생하여 새로운 조합의 유전자를 가진 신종인플루엔자 바이러스가 만들어질 수 있는데, 이를 항원대변이라고 합니다.","P","A형인플루엔자에 대해 설명해 주세요."
"1","코로나바이러스감염증-19에 대해 설명해 주세요.","2019년 12월 중국 우한에서 처음 발생한 이후 중국 전역과 전 세계로 확산된, 새로운 유형의 코로나바이러스에 의한 호흡기 감염질환입니다. 코로나바이러스감염증-19는 감염자의 비말이 호흡기나 눈·코·입의 점막으로 침투될 때 전염됩니다. 감염되면 약 2~14일의 잠복기를 거친 뒤 발열 및 기침이나 호흡곤란 등 호흡기 증상, 폐렴이 주증상으로 나타나지만 무증상 감염 사례 빈도도 높게 나오고 있습니다. ","P","코로나바이러스에 대해 설명해 주세요."
"1","코로나바이러스감염증-19에 대해 설명해 주세요.","코로나바이러스감염증-19의 병원체는 ‘사스-코로나바이러스-2’입니다. 국제바이러스분류위원회는 2020년 2월 11일 코로나19의 병원체에 SARS-CoV-2라는 이름을 제안한 논문을 발표했는데, 위원회는 이 바이러스가 2003년 유행한 사스와 비슷하다는 점을 강조한 것이라고 밝혔습니다.","P","사스 바이러스에 대해 설명해 주세요."
"1","코로나바이러스감염증-19에 대해 설명해 주세요.","2019년 말 중국의 우한에서 발생한 전세계로 확산된 바이러스입니다. 주로 복통과 같은 소화장애를 일으켜 체내의 영양분 흡수를 막는 병으로 심각한 영양실조나 설사, 복통, 장염 등이 유발하는 감염 증상이 나타나는 질병입니다.","F",""
"1","코로나바이러스감염증-19에 대해 설명해 주세요.","코로나바이러스감염증의 예방법은 마스크를 제대로 착용하는 것입니다. 호흡기 질환의 일부이기 때문에, 감염자의 비말만을 막으면 되며, 예방법을 제대로 지키면 전염성이 높지 않아 감염을 최대한 억제할 수 있습니다.","F",""
"1","코로나바이러스감염증-19에 대해 설명해 주세요.","코로나바이러스는 발열 및 기침이나 호흡곤란 등 호흡기 증상, 폐렴을 유발하는 전염병이지만, 아직까지 세계적으로 사망자가 등장하지 않을 정도로, 전염성이 강하지만 치사율이 약한 전염병으로 여겨지고 있습니다.","F",""
"1","코로나바이러스감염증-19에 대해 설명해 주세요.","세계보건기구는 코로나19 바이러스를 유전자와 해당 유전자가 만드는 단백질에서의 아미노산 종류에 따라 기존 S, V, G 등 3개 그룹으로 분류했습니다. 여기에 WHO가 운영하는 유전자 정보사이트는 약 3만 개에 이르는 사스코로나바이러스-2의 게놈 염기서열 중 9개를 ‘마커’로 삼고, 이 염기서열의 종류 조합을 기반으로 하여 S, V, L, G, GH, GR, 기타 등 7개로 코로나19 바이러스를 분류하고 있습니다.","P","아미노산의 종류의 따른 코로나19바이러스의 3개 그룹에 대해 설명해 주세요."
